home_away,team_id,team_abbrev,player_id,player_name,sweater_number,even_strength_shots_against,power_play_shots_against,shorthanded_shots_against,save_shots_against,save_pctg,even_strength_goals_against,power_play_goals_against,shorthanded_goals_against,pim,goals_against,toi,starter,decision,shots_against,saves,game_id,season,game_date
away,16,CHI,8481519,S. Knight,30,29/31,4/5,1/1,34/37,0.9189,2,1,0,0,3,59:04,True,L,37,34,2025020001,20252026,2025-10-07
away,16,CHI,8482821,A. Soderblom,40,0/0,0/0,0/0,0/0,,0,0,0,0,0,00:00,False,,0,0,2025020001,20252026,2025-10-07
home,13,FLA,8480193,D. Tarasov,40,0/0,0/0,0/0,0/0,,0,0,0,0,0,00:00,False,,0,0,2025020001,20252026,2025-10-07
home,13,FLA,8475683,S. Bobrovsky,72,15/17,2/2,0/0,17/19,0.8947,2,0,0,0,2,60:00,True,W,19,17,2025020001,20252026,2025-10-07
away,5,PIT,8477465,T. Jarry,35,0/0,0/0,0/0,0/0,,0,0,0,0,0,00:00,False,,0,0,2025020002,20252026,2025-10-07
away,5,PIT,8481668,A. Silovs,37,22/22,3/3,0/0,25/25,1.0,0,0,0,0,0,60:00,True,W,25,25,2025020002,20252026,2025-10-07
home,3,NYR,8478048,I. Shesterkin,31,28/29,0/0,0/0,28/29,0.9655,1,0,0,0,1,59:37,True,L,29,28,2025020002,20252026,2025-10-07
home,3,NYR,8471734,J. Quick,32,0/0,0/0,0/0,0/0,,0,0,0,0,0,00:00,False,,0,0,2025020002,20252026,2025-10-07
away,21,COL,8475809,S. Wedgewood,41,17/17,7/8,0/0,24/25,0.96,0,1,0,0,1,59:53,True,W,25,24,2025020003,20252026,2025-10-07
away,21,COL,8481529,T. Miner,50,0/0,0/0,0/0,0/0,,0,0,0,0,0,00:00,False,,0,0,2025020003,20252026,2025-10-07
home,26,LAK,8476341,A. Forsberg,31,0/0,0/0,0/0,0/0,,0,0,0,0,0,00:00,False,,0,0,2025020003,20252026,2025-10-07
home,26,LAK,8475311,D. Kuemper,35,15/18,4/5,0/0,19/23,0.8261,3,1,0,0,4,57:26,True,L,23,19,2025020003,20252026,2025-10-07
away,8,MTL,8478470,S. Montembeault,35,21/24,1/1,0/0,22/25,0.88,3,0,0,0,3,58:33,True,L,25,22,2025020004,20252026,2025-10-08
away,8,MTL,8482487,J. Dobes,75,0/0,0/0,0/0,0/0,,0,0,0,0,0,00:00,False,,0,0,2025020004,20252026,2025-10-08
home,10,TOR,8480051,C. Primeau,30,0/0,0/0,0/0,0/0,,0,0,0,0,0,00:00,False,,0,0,2025020004,20252026,2025-10-08
home,10,TOR,8476932,A. Stolarz,41,22/23,4/4,3/4,29/31,0.9355,1,0,1,0,2,59:42,True,W,31,29,2025020004,20252026,2025-10-08
away,6,BOS,8480280,J. Swayman,1,24/25,11/11,0/0,35/36,0.9722,1,0,0,0,1,60:00,True,W,36,35,2025020005,20252026,2025-10-08
away,6,BOS,8476914,J. Korpisalo,70,0/0,0/0,0/0,0/0,,0,0,0,0,0,00:00,False,,0,0,2025020005,20252026,2025-10-08
home,15,WSH,8480313,L. Thompson,48,17/18,0/1,2/2,19/21,0.9048,1,1,0,0,2,58:27,True,L,21,19,2025020005,20252026,2025-10-08
home,15,WSH,8479292,C. Lindgren,79,0/0,0/0,0/0,0/0,,0,0,0,0,0,00:00,False,,0,0,2025020005,20252026,2025-10-08
away,20,CGY,8482445,D. Cooley,1,0/0,0/0,0/0,0/0,,0,0,0,0,0,00:00,False,,0,0,2025020006,20252026,2025-10-08
away,20,CGY,8481692,D. Wolf,32,24/25,7/9,1/1,32/35,0.9143,1,2,0,0,3,64:25,True,W,35,32,2025020006,20252026,2025-10-08
home,22,EDM,8475717,C. Pickard,30,0/0,0/0,0/0,0/0,,0,0,0,0,0,00:00,False,,0,0,2025020006,20252026,2025-10-08
home,22,EDM,8479973,S. Skinner,74,14/16,4/5,1/1,19/22,0.8636,2,1,0,0,3,65:00,True,O,22,19,2025020006,20252026,2025-10-08
away,26,LAK,8476341,A. Forsberg,31,26/29,4/6,0/0,30/35,0.8571,3,2,0,0,5,64:23,True,W,35,30,2025020007,20252026,2025-10-08
away,26,LAK,8475311,D. Kuemper,35,0/0,0/0,0/0,0/0,,0,0,0,0,0,00:00,False,,0,0,2025020007,20252026,2025-10-08
home,54,VGK,8478499,A. Hill,33,20/23,0/1,1/2,21/26,0.8077,3,1,1,0,5,64:53,True,O,26,21,2025020007,20252026,2025-10-08
home,54,VGK,8481033,A. Schmid,40,0/0,0/0,0/0,0/0,,0,0,0,0,0,00:00,False,,0,0,2025020007,20252026,2025-10-08
away,16,CHI,8481519,S. Knight,30,0/0,0/0,0/0,0/0,,0,0,0,0,0,00:00,False,,0,0,2025020008,20252026,2025-10-09
away,16,CHI,8482821,A. Soderblom,40,25/28,3/4,1/1,29/33,0.8788,3,1,0,0,4,61:18,True,O,33,29,2025020008,20252026,2025-10-09
home,6,BOS,8480280,J. Swayman,1,0/0,0/0,0/0,0/0,,0,0,0,0,0,00:00,False,,0,0,2025020008,20252026,2025-10-09
home,6,BOS,8476914,J. Korpisalo,70,19/22,2/2,0/0,21/24,0.875,3,0,0,0,3,62:00,True,W,24,21,2025020008,20252026,2025-10-09
away,3,NYR,8478048,I. Shesterkin,31,28/28,9/9,0/0,37/37,1.0,0,0,0,0,0,60:00,True,W,37,37,2025020009,20252026,2025-10-09
away,3,NYR,8471734,J. Quick,32,0/0,0/0,0/0,0/0,,0,0,0,0,0,00:00,False,,0,0,2025020009,20252026,2025-10-09
home,7,BUF,8479312,A. Lyon,34,22/25,6/6,1/1,29/32,0.9062,3,0,0,0,3,59:51,True,L,32,29,2025020009,20252026,2025-10-09
home,7,BUF,8481551,C. Ellis,92,0/0,0/0,0/0,0/0,,0,0,0,0,0,00:00,False,,0,0,2025020009,20252026,2025-10-09
away,8,MTL,8478470,S. Montembeault,35,0/0,0/0,0/0,0/0,,0,0,0,0,0,00:00,False,,0,0,2025020010,20252026,2025-10-09
away,8,MTL,8482487,J. Dobes,75,22/22,7/8,1/1,30/31,0.9677,0,1,0,0,1,60:00,True,W,31,30,2025020010,20252026,2025-10-09
home,17,DET,8476434,J. Gibson,36,5/9,3/4,0/0,8/13,0.6154,4,1,0,0,5,37:12,True,L,13,8,2025020010,20252026,2025-10-09
home,17,DET,8475660,C. Talbot,39,3/3,0/0,1/1,4/4,1.0,0,0,0,0,0,22:37,False,,4,4,2025020010,20252026,2025-10-09
away,9,OTT,8482447,L. Meriläinen,1,0/0,0/0,0/0,0/0,,0,0,0,0,0,00:00,False,,0,0,2025020011,20252026,2025-10-09
away,9,OTT,8476999,L. Ullmark,35,18/20,3/5,0/0,21/25,0.84,2,2,0,0,4,59:53,True,W,25,21,2025020011,20252026,2025-10-09
home,14,TBL,8477992,J. Johansson,31,0/0,0/0,0/0,0/0,,0,0,0,0,0,00:00,False,,0,0,2025020011,20252026,2025-10-09
home,14,TBL,8476883,A. Vasilevskiy,88,24/27,5/6,0/0,29/33,0.8788,3,1,0,0,4,58:56,True,L,33,29,2025020011,20252026,2025-10-09
away,4,PHI,8481035,S. Ersson,33,0/0,0/0,0/0,0/0,,0,0,0,0,0,00:00,False,,0,0,2025020012,20252026,2025-10-09
away,4,PHI,8478435,D. Vladar,80,24/25,8/9,0/0,32/34,0.9412,1,1,0,0,2,58:46,True,L,34,32,2025020012,20252026,2025-10-09
home,13,FLA,8480193,D. Tarasov,40,0/0,0/0,0/0,0/0,,0,0,0,0,0,00:00,False,,0,0,2025020012,20252026,2025-10-09
home,13,FLA,8475683,S. Bobrovsky,72,18/19,0/0,1/1,19/20,0.95,1,0,0,0,1,59:24,True,W,20,19,2025020012,20252026,2025-10-09
away,2,NYI,8478009,I. Sorokin,30,21/23,3/5,0/0,24/28,0.8571,2,2,0,0,4,57:45,True,L,28,24,2025020013,20252026,2025-10-09
away,2,NYI,8479496,D. Rittich,33,0/0,0/0,0/0,0/0,,0,0,0,0,0,00:00,False,,0,0,2025020013,20252026,2025-10-09
home,5,PIT,8477465,T. Jarry,35,24/27,7/7,3/3,34/37,0.9189,3,0,0,0,3,59:24,True,W,37,34,2025020013,20252026,2025-10-09
home,5,PIT,8481668,A. Silovs,37,0/0,0/0,0/0,0/0,,0,0,0,0,0,00:00,False,,0,0,2025020013,20252026,2025-10-09
away,1,NJD,8474593,J. Markstrom,25,21/25,5/6,1/1,27/32,0.8438,4,1,0,0,5,59:05,True,L,32,27,2025020014,20252026,2025-10-09
away,1,NJD,8474596,J. Allen,34,0/0,0/0,0/0,0/0,,0,0,0,0,0,00:00,False,,0,0,2025020014,20252026,2025-10-09
home,12,CAR,8475883,F. Andersen,31,15/18,2/2,2/2,19/22,0.8636,3,0,0,0,3,59:59,True,W,22,19,2025020014,20252026,2025-10-09
home,12,CAR,8483548,B. Bussi,32,0/0,0/0,0/0,0/0,,0,0,0,0,0,00:00,False,,0,0,2025020014,20252026,2025-10-09
away,30,MIN,8482661,J. Wallstedt,30,0/0,0/0,0/0,0/0,,0,0,0,0,0,00:00,False,,0,0,2025020015,20252026,2025-10-09
away,30,MIN,8479406,F. Gustavsson,32,22/22,4/4,0/0,26/26,1.0,0,0,0,0,0,60:00,True,W,26,26,2025020015,20252026,2025-10-09
home,19,STL,8480981,J. Hofer,30,0/0,0/0,0/0,0/0,,0,0,0,0,0,00:00,False,,0,0,2025020015,20252026,2025-10-09
home,19,STL,8476412,J. Binnington,50,16/20,0/1,0/0,16/21,0.7619,4,1,0,0,5,60:00,True,L,21,16,2025020015,20252026,2025-10-09
away,29,CBJ,8482982,J. Greaves,73,24/25,6/7,0/0,30/32,0.9375,1,1,0,0,2,58:48,True,L,32,30,2025020016,20252026,2025-10-09
away,29,CBJ,8478007,E. Merzlikins,90,0/0,0/0,0/0,0/0,,0,0,0,0,0,00:00,False,,0,0,2025020016,20252026,2025-10-09
home,18,NSH,8481020,J. Annunen,29,0/0,0/0,0/0,0/0,,0,0,0,0,0,00:00,False,,0,0,2025020016,20252026,2025-10-09
home,18,NSH,8477424,J. Saros,74,38/39,0/0,0/0,38/39,0.9744,1,0,0,0,1,60:00,True,W,39,38,2025020016,20252026,2025-10-09
away,25,DAL,8479193,C. DeSmith,1,0/0,0/0,0/0,0/0,,0,0,0,0,0,00:00,False,,0,0,2025020017,20252026,2025-10-09
away,25,DAL,8479979,J. Oettinger,29,13/15,3/3,5/7,21/25,0.84,2,0,2,0,4,60:00,True,W,25,21,2025020017,20252026,2025-10-09
home,52,WPG,8477480,E. Comrie,1,0/0,0/0,0/0,0/0,,0,0,0,0,0,00:00,False,,0,0,2025020017,20252026,2025-10-09
home,52,WPG,8476945,C. Hellebuyck,37,21/25,10/11,1/1,32/37,0.8649,4,1,0,0,5,58:44,True,L,37,32,2025020017,20252026,2025-10-09
away,68,UTA,8477970,V. Vanecek,41,0/0,0/0,0/0,0/0,,0,0,0,0,0,00:00,False,,0,0,2025020018,20252026,2025-10-09
away,68,UTA,8478872,K. Vejmelka,70,22/23,3/4,0/0,25/27,0.9259,1,1,0,0,2,58:10,True,L,27,25,2025020018,20252026,2025-10-09
home,21,COL,8475809,S. Wedgewood,41,26/26,4/5,2/2,32/33,0.9697,0,1,0,0,1,59:55,True,W,33,32,2025020018,20252026,2025-10-09
home,21,COL,8481529,T. Miner,50,0/0,0/0,0/0,0/0,,0,0,0,0,0,00:00,False,,0,0,2025020018,20252026,2025-10-09
away,20,CGY,8482445,D. Cooley,1,0/0,0/0,0/0,0/0,,0,0,0,0,0,00:00,False,,0,0,2025020019,20252026,2025-10-09
away,20,CGY,8481692,D. Wolf,32,13/18,6/6,2/2,21/26,0.8077,5,0,0,0,5,59:28,True,L,26,21,2025020019,20252026,2025-10-09
home,23,VAN,8480947,K. Lankinen,32,0/0,0/0,0/0,0/0,,0,0,0,0,0,00:00,False,,0,0,2025020019,20252026,2025-10-09
home,23,VAN,8477967,T. Demko,35,12/13,3/3,2/2,17/18,0.9444,1,0,0,0,1,59:17,True,W,18,17,2025020019,20252026,2025-10-09
away,54,VGK,8478499,A. Hill,33,0/0,0/0,0/0,0/0,,0,0,0,0,0,00:00,False,,0,0,2025020020,20252026,2025-10-09
away,54,VGK,8481033,A. Schmid,40,17/19,3/4,0/0,20/23,0.8696,2,1,0,0,3,60:15,True,W,23,20,2025020020,20252026,2025-10-09
home,28,SJS,8482137,Y. Askarov,30,0/0,0/0,0/0,0/0,,0,0,0,0,0,00:00,False,,0,0,2025020020,20252026,2025-10-09
home,28,SJS,8477968,A. Nedeljkovic,33,24/27,3/4,0/0,27/31,0.871,3,1,0,0,4,61:24,True,O,31,27,2025020020,20252026,2025-10-09
away,24,ANA,8480843,L. Dostal,1,27/30,1/1,0/0,28/31,0.9032,3,0,0,0,3,57:01,True,L,31,28,2025020021,20252026,2025-10-09
away,24,ANA,8475852,P. Mrazek,34,0/0,0/0,0/0,0/0,,0,0,0,0,0,00:00,False,,0,0,2025020021,20252026,2025-10-09
home,55,SEA,8475831,P. Grubauer,31,0/0,0/0,0/0,0/0,,0,0,0,0,0,00:00,False,,0,0,2025020021,20252026,2025-10-09
home,55,SEA,8478916,J. Daccord,35,31/32,3/3,1/1,35/36,0.9722,1,0,0,0,1,60:00,True,W,36,35,2025020021,20252026,2025-10-09
away,26,LAK,8476341,A. Forsberg,31,0/0,0/0,0/0,0/0,,0,0,0,0,0,00:00,False,,0,0,2025020022,20252026,2025-10-11
away,26,LAK,8475311,D. Kuemper,35,16/18,7/8,1/1,24/27,0.8889,2,1,0,0,3,58:21,True,L,27,24,2025020022,20252026,2025-10-11
home,52,WPG,8477480,E. Comrie,1,0/0,0/0,0/0,0/0,,0,0,0,0,0,00:00,False,,0,0,2025020022,20252026,2025-10-11
home,52,WPG,8476945,C. Hellebuyck,37,18/20,9/9,3/3,30/32,0.9375,2,0,0,0,2,60:00,True,W,32,30,2025020022,20252026,2025-10-11
away,19,STL,8480981,J. Hofer,30,19/20,8/9,0/0,27/29,0.931,1,1,0,0,2,59:58,True,W,29,27,2025020023,20252026,2025-10-11
away,19,STL,8476412,J. Binnington,50,0/0,0/0,0/0,0/0,,0,0,0,0,0,00:00,False,,0,0,2025020023,20252026,2025-10-11
home,20,CGY,8482445,D. Cooley,1,0/0,0/0,0/0,0/0,,0,0,0,0,0,00:00,False,,0,0,2025020023,20252026,2025-10-11
home,20,CGY,8481692,D. Wolf,32,16/19,4/5,4/4,24/28,0.8571,3,1,0,0,4,56:45,True,L,28,24,2025020023,20252026,2025-10-11
away,7,BUF,8479312,A. Lyon,34,18/20,8/8,2/2,28/30,0.9333,2,0,0,0,2,57:45,True,L,30,28,2025020024,20252026,2025-10-11
away,7,BUF,8481551,C. Ellis,92,0/0,0/0,0/0,0/0,,0,0,0,0,0,00:00,False,,0,0,2025020024,20252026,2025-10-11
home,6,BOS,8480280,J. Swayman,1,15/16,5/5,1/1,21/22,0.9545,1,0,0,0,1,60:00,True,W,22,21,2025020024,20252026,2025-10-11
home,6,BOS,8476914,J. Korpisalo,70,0/0,0/0,0/0,0/0,,0,0,0,0,0,00:00,False,,0,0,2025020024,20252026,2025-10-11
away,10,TOR,8480051,C. Primeau,30,0/0,0/0,0/0,0/0,,0,0,0,0,0,00:00,False,,0,0,2025020025,20252026,2025-10-11
away,10,TOR,8476932,A. Stolarz,41,28/31,1/2,0/0,29/33,0.8788,3,1,0,0,4,58:24,True,L,33,29,2025020025,20252026,2025-10-11
home,17,DET,8476434,J. Gibson,36,0/0,0/0,0/0,0/0,,0,0,0,0,0,00:00,False,,0,0,2025020025,20252026,2025-10-11
home,17,DET,8475660,C. Talbot,39,15/18,3/3,2/2,20/23,0.8696,3,0,0,0,3,60:00,True,W,23,20,2025020025,20252026,2025-10-11
away,1,NJD,8474593,J. Markstrom,25,10/13,3/3,1/1,14/17,0.8235,3,0,0,2,3,59:48,True,W,17,14,2025020026,20252026,2025-10-11
away,1,NJD,8474596,J. Allen,34,0/0,0/0,0/0,0/0,,0,0,0,0,0,00:00,False,,0,0,2025020026,20252026,2025-10-11
home,14,TBL,8477992,J. Johansson,31,0/0,0/0,0/0,0/0,,0,0,0,0,0,00:00,False,,0,0,2025020026,20252026,2025-10-11
home,14,TBL,8476883,A. Vasilevskiy,88,20/24,6/6,0/1,26/31,0.8387,4,0,1,0,5,56:43,True,L,31,26,2025020026,20252026,2025-10-11
away,9,OTT,8482447,L. Meriläinen,1,0/0,0/0,0/0,0/0,,0,0,0,0,0,00:00,False,,0,0,2025020027,20252026,2025-10-11
away,9,OTT,8476999,L. Ullmark,35,16/19,5/8,0/0,21/27,0.7778,3,3,0,0,6,59:59,True,L,27,21,2025020027,20252026,2025-10-11
home,13,FLA,8480193,D. Tarasov,40,0/0,0/0,0/0,0/0,,0,0,0,0,0,00:00,False,,0,0,2025020027,20252026,2025-10-11
home,13,FLA,8475683,S. Bobrovsky,72,21/23,5/5,0/0,26/28,0.9286,2,0,0,0,2,60:00,True,W,28,26,2025020027,20252026,2025-10-11
away,15,WSH,8480313,L. Thompson,48,27/27,6/8,1/1,34/36,0.9444,0,2,0,0,2,59:44,True,W,36,34,2025020028,20252026,2025-10-11
away,15,WSH,8479292,C. Lindgren,79,0/0,0/0,0/0,0/0,,0,0,0,0,0,00:00,False,,0,0,2025020028,20252026,2025-10-11
home,2,NYI,8478009,I. Sorokin,30,21/25,4/4,0/0,25/29,0.8621,4,0,0,0,4,56:09,True,L,29,25,2025020028,20252026,2025-10-11
home,2,NYI,8479496,D. Rittich,33,0/0,0/0,0/0,0/0,,0,0,0,0,0,00:00,False,,0,0,2025020028,20252026,2025-10-11
away,3,NYR,8478048,I. Shesterkin,31,14/15,3/3,1/1,18/19,0.9474,1,0,0,0,1,59:40,True,W,19,18,2025020029,20252026,2025-10-11
away,3,NYR,8471734,J. Quick,32,0/0,0/0,0/0,0/0,,0,0,0,0,0,00:00,False,,0,0,2025020029,20252026,2025-10-11
home,5,PIT,8477465,T. Jarry,35,0/0,0/0,0/0,0/0,,0,0,0,0,0,00:00,False,,0,0,2025020029,20252026,2025-10-11
home,5,PIT,8481668,A. Silovs,37,19/22,4/6,1/2,24/30,0.8,3,2,1,0,6,59:37,True,L,30,24,2025020029,20252026,2025-10-11
away,4,PHI,8481035,S. Ersson,33,25/29,10/10,0/0,35/39,0.8974,4,0,0,0,4,64:43,True,O,39,35,2025020030,20252026,2025-10-11
away,4,PHI,8478435,D. Vladar,80,0/0,0/0,0/0,0/0,,0,0,0,0,0,00:00,False,,0,0,2025020030,20252026,2025-10-11
home,12,CAR,8475883,F. Andersen,31,17/19,2/3,1/1,20/23,0.8696,2,1,0,0,3,64:41,True,W,23,20,2025020030,20252026,2025-10-11
home,12,CAR,8483548,B. Bussi,32,0/0,0/0,0/0,0/0,,0,0,0,0,0,00:00,False,,0,0,2025020030,20252026,2025-10-11
away,8,MTL,8478470,S. Montembeault,35,16/17,4/5,0/0,20/22,0.9091,1,1,0,0,2,59:46,True,W,22,20,2025020031,20252026,2025-10-11
away,8,MTL,8482487,J. Dobes,75,0/0,0/0,0/0,0/0,,0,0,0,0,0,00:00,False,,0,0,2025020031,20252026,2025-10-11
home,16,CHI,8481519,S. Knight,30,14/15,10/12,1/1,25/28,0.8929,1,2,0,0,3,59:45,True,L,28,25,2025020031,20252026,2025-10-11
home,16,CHI,8482821,A. Soderblom,40,0/0,0/0,0/0,0/0,,0,0,0,0,0,00:00,False,,0,0,2025020031,20252026,2025-10-11
away,68,UTA,8477970,V. Vanecek,41,0/0,0/0,0/0,0/0,,0,0,0,0,0,00:00,False,,0,0,2025020032,20252026,2025-10-11
away,68,UTA,8478872,K. Vejmelka,70,13/15,8/8,0/0,21/23,0.913,2,0,0,0,2,62:16,True,W,23,21,2025020032,20252026,2025-10-11
home,18,NSH,8481020,J. Annunen,29,0/0,0/0,0/0,0/0,,0,0,0,0,0,00:00,False,,0,0,2025020032,20252026,2025-10-11
home,18,NSH,8477424,J. Saros,74,11/14,8/8,1/1,20/23,0.8696,3,0,0,0,3,62:40,True,O,23,20,2025020032,20252026,2025-10-11
away,29,CBJ,8482982,J. Greaves,73,0/0,0/0,0/0,0/0,,0,0,0,0,0,00:00,False,,0,0,2025020033,20252026,2025-10-11
away,29,CBJ,8478007,E. Merzlikins,90,35/35,12/16,1/1,48/52,0.9231,0,4,0,0,4,60:00,True,W,52,48,2025020033,20252026,2025-10-11
home,30,MIN,8482661,J. Wallstedt,30,0/0,0/0,0/0,0/0,,0,0,0,0,0,00:00,False,,0,0,2025020033,20252026,2025-10-11
home,30,MIN,8479406,F. Gustavsson,32,12/17,10/11,3/3,25/31,0.8065,5,1,0,0,6,58:40,True,L,31,25,2025020033,20252026,2025-10-11
away,25,DAL,8479193,C. DeSmith,1,0/0,0/0,0/0,0/0,,0,0,0,0,0,00:00,False,,0,0,2025020034,20252026,2025-10-11
away,25,DAL,8479979,J. Oettinger,29,25/28,10/11,0/0,35/39,0.8974,3,1,0,0,4,65:00,True,W,39,35,2025020034,20252026,2025-10-11
home,21,COL,8475809,S. Wedgewood,41,13/17,3/3,2/2,18/22,0.8182,4,0,0,0,4,65:00,True,O,22,18,2025020034,20252026,2025-10-11
home,21,COL,8481529,T. Miner,50,0/0,0/0,0/0,0/0,,0,0,0,0,0,00:00,False,,0,0,2025020034,20252026,2025-10-11
away,23,VAN,8480947,K. Lankinen,32,0/0,0/0,0/0,0/0,,0,0,0,0,0,00:00,False,,0,0,2025020035,20252026,2025-10-11
away,23,VAN,8477967,T. Demko,35,25/27,9/9,0/0,34/36,0.9444,2,0,0,0,2,57:41,True,L,36,34,2025020035,20252026,2025-10-11
home,22,EDM,8475717,C. Pickard,30,14/15,0/0,0/0,14/15,0.9333,1,0,0,0,1,60:00,True,W,15,14,2025020035,20252026,2025-10-11
home,22,EDM,8479973,S. Skinner,74,0/0,0/0,0/0,0/0,,0,0,0,0,0,00:00,False,,0,0,2025020035,20252026,2025-10-11
away,24,ANA,8480843,L. Dostal,1,0/0,0/0,0/0,0/0,,0,0,0,0,0,00:00,False,,0,0,2025020036,20252026,2025-10-11
away,24,ANA,8475852,P. Mrazek,34,14/18,3/5,0/0,17/23,0.7391,4,2,0,0,6,59:49,True,W,23,17,2025020036,20252026,2025-10-11
home,28,SJS,8482137,Y. Askarov,30,29/34,6/8,2/2,37/44,0.8409,5,2,0,0,7,60:37,True,O,44,37,2025020036,20252026,2025-10-11
home,28,SJS,8477968,A. Nedeljkovic,33,0/0,0/0,0/0,0/0,,0,0,0,0,0,00:00,False,,0,0,2025020036,20252026,2025-10-11
away,54,VGK,8478499,A. Hill,33,17/18,2/3,1/1,20/22,0.9091,1,1,0,0,2,64:56,True,O,22,20,2025020037,20252026,2025-10-11
away,54,VGK,8481033,A. Schmid,40,0/0,0/0,0/0,0/0,,0,0,0,0,0,00:00,False,,0,0,2025020037,20252026,2025-10-11
home,55,SEA,8476899,M. Murray,30,0/0,0/0,0/0,0/0,,0,0,0,0,0,00:00,False,,0,0,2025020037,20252026,2025-10-11
home,55,SEA,8478916,J. Daccord,35,21/21,4/5,1/1,26/27,0.963,0,1,0,0,1,64:56,True,W,27,26,2025020037,20252026,2025-10-11
away,15,WSH,8480313,L. Thompson,48,0/0,0/0,0/0,0/0,,0,0,0,0,0,00:00,False,,0,0,2025020038,20252026,2025-10-12
away,15,WSH,8479292,C. Lindgren,79,31/31,4/4,0/0,35/35,1.0,0,0,0,0,0,60:00,True,W,35,35,2025020038,20252026,2025-10-12
home,3,NYR,8478048,I. Shesterkin,31,0/0,0/0,0/0,0/0,,0,0,0,0,0,00:00,False,,0,0,2025020038,20252026,2025-10-12
home,3,NYR,8471734,J. Quick,32,19/20,1/1,0/0,20/21,0.9524,1,0,0,0,1,58:06,True,L,21,20,2025020038,20252026,2025-10-12
away,21,COL,8475809,S. Wedgewood,41,23/24,3/3,1/1,27/28,0.9643,1,0,0,0,1,59:57,True,W,28,27,2025020039,20252026,2025-10-13
away,21,COL,8481529,T. Miner,50,0/0,0/0,0/0,0/0,,0,0,0,0,0,00:00,False,,0,0,2025020039,20252026,2025-10-13
home,7,BUF,8479312,A. Lyon,34,23/26,10/10,1/1,34/37,0.9189,3,0,0,0,3,58:20,True,L,37,34,2025020039,20252026,2025-10-13
home,7,BUF,8481551,C. Ellis,92,0/0,0/0,0/0,0/0,,0,0,0,0,0,00:00,False,,0,0,2025020039,20252026,2025-10-13
away,14,TBL,8477992,J. Johansson,31,23/26,6/6,1/1,30/33,0.9091,3,0,0,0,3,59:38,True,W,33,30,2025020040,20252026,2025-10-13
away,14,TBL,8476883,A. Vasilevskiy,88,0/0,0/0,0/0,0/0,,0,0,0,0,0,00:00,False,,0,0,2025020040,20252026,2025-10-13
home,6,BOS,8480280,J. Swayman,1,0/0,0/0,0/0,0/0,,0,0,0,0,0,00:00,False,,0,0,2025020040,20252026,2025-10-13
home,6,BOS,8476914,J. Korpisalo,70,15/19,2/2,2/2,19/23,0.8261,4,0,0,0,4,57:59,True,L,23,19,2025020040,20252026,2025-10-13
away,18,NSH,8481020,J. Annunen,29,0/0,0/0,0/0,0/0,,0,0,0,0,0,00:00,False,,0,0,2025020041,20252026,2025-10-13
away,18,NSH,8477424,J. Saros,74,25/25,6/7,0/0,31/32,0.9688,0,1,0,0,1,60:00,True,W,32,31,2025020041,20252026,2025-10-13
home,9,OTT,8482447,L. Meriläinen,1,0/0,0/0,0/0,0/0,,0,0,0,0,0,00:00,False,,0,0,2025020041,20252026,2025-10-13
home,9,OTT,8476999,L. Ullmark,35,16/18,5/5,1/1,22/24,0.9167,2,0,0,0,2,57:07,True,L,24,22,2025020041,20252026,2025-10-13
away,52,WPG,8477480,E. Comrie,1,25/27,8/8,0/0,33/35,0.9429,2,0,0,0,2,59:56,True,W,35,33,2025020042,20252026,2025-10-13
away,52,WPG,8476945,C. Hellebuyck,37,0/0,0/0,0/0,0/0,,0,0,0,0,0,00:00,False,,0,0,2025020042,20252026,2025-10-13
home,2,NYI,8478009,I. Sorokin,30,10/13,8/9,3/3,21/25,0.84,3,1,0,0,4,58:18,True,L,25,21,2025020042,20252026,2025-10-13
home,2,NYI,8479496,D. Rittich,33,0/0,0/0,0/0,0/0,,0,0,0,0,0,00:00,False,,0,0,2025020042,20252026,2025-10-13
away,17,DET,8476434,J. Gibson,36,0/0,0/0,0/0,0/0,,0,0,0,0,0,00:00,False,,0,0,2025020043,20252026,2025-10-13
away,17,DET,8475660,C. Talbot,39,35/37,0/0,3/3,38/40,0.95,2,0,0,0,2,59:47,True,W,40,38,2025020043,20252026,2025-10-13
home,10,TOR,8480051,C. Primeau,30,0/0,0/0,0/0,0/0,,0,0,0,0,0,00:00,False,,0,0,2025020043,20252026,2025-10-13
home,10,TOR,8476932,A. Stolarz,41,9/11,3/4,0/0,12/15,0.8,2,1,0,0,3,59:04,True,L,15,12,2025020043,20252026,2025-10-13
away,13,FLA,8480193,D. Tarasov,40,6/9,10/10,1/1,17/20,0.85,3,0,0,0,3,57:58,True,L,20,17,2025020044,20252026,2025-10-13
away,13,FLA,8475683,S. Bobrovsky,72,0/0,0/0,0/0,0/0,,0,0,0,0,0,00:00,False,,0,0,2025020044,20252026,2025-10-13
home,4,PHI,8481035,S. Ersson,33,0/0,0/0,0/0,0/0,,0,0,0,0,0,00:00,False,,0,0,2025020044,20252026,2025-10-13
home,4,PHI,8478435,D. Vladar,80,17/17,4/5,3/4,24/26,0.9231,0,1,1,0,2,60:00,True,W,26,24,2025020044,20252026,2025-10-13
away,1,NJD,8474593,J. Markstrom,25,5/6,3/3,0/0,8/9,0.8889,1,0,0,0,1,20:00,False,W,9,8,2025020045,20252026,2025-10-13
away,1,NJD,8474596,J. Allen,34,17/18,5/5,1/1,23/24,0.9583,1,0,0,0,1,40:00,True,,24,23,2025020045,20252026,2025-10-13
home,29,CBJ,8482982,J. Greaves,73,23/23,2/4,0/0,25/27,0.9259,0,2,0,0,2,57:52,True,L,27,25,2025020045,20252026,2025-10-13
home,29,CBJ,8478007,E. Merzlikins,90,0/0,0/0,0/0,0/0,,0,0,0,0,0,00:00,False,,0,0,2025020045,20252026,2025-10-13
away,19,STL,8480981,J. Hofer,30,0/0,0/0,0/0,0/0,,0,0,0,0,0,00:00,False,,0,0,2025020046,20252026,2025-10-13
away,19,STL,8476412,J. Binnington,50,23/24,2/2,2/3,27/29,0.931,1,0,1,0,2,60:00,True,W,29,27,2025020046,20252026,2025-10-13
home,23,VAN,8480947,K. Lankinen,32,28/31,3/4,0/0,31/35,0.8857,3,1,0,0,4,58:39,True,L,35,31,2025020046,20252026,2025-10-13
home,23,VAN,8477967,T. Demko,35,0/0,0/0,0/0,0/0,,0,0,0,0,0,00:00,False,,0,0,2025020046,20252026,2025-10-13
away,26,LAK,8476341,A. Forsberg,31,0/0,0/0,0/0,0/0,,0,0,0,0,0,00:00,False,,0,0,2025020047,20252026,2025-10-13
away,26,LAK,8475311,D. Kuemper,35,13/13,10/13,0/0,23/26,0.8846,0,3,0,0,3,63:14,True,O,26,23,2025020047,20252026,2025-10-13
home,30,MIN,8482661,J. Wallstedt,30,24/26,6/7,1/1,31/34,0.9118,2,1,0,0,3,65:00,True,W,34,31,2025020047,20252026,2025-10-13
home,30,MIN,8479406,F. Gustavsson,32,0/0,0/0,0/0,0/0,,0,0,0,0,0,00:00,False,,0,0,2025020047,20252026,2025-10-13
away,68,UTA,8477970,V. Vanecek,41,9/10,2/3,0/0,11/13,0.8462,1,1,0,0,2,59:40,True,L,13,11,2025020048,20252026,2025-10-13
away,68,UTA,8478872,K. Vejmelka,70,0/0,0/0,0/0,0/0,,0,0,0,0,0,00:00,False,,0,0,2025020048,20252026,2025-10-13
home,16,CHI,8481519,S. Knight,30,18/19,3/3,0/0,21/22,0.9545,1,0,0,0,1,59:50,True,W,22,21,2025020048,20252026,2025-10-13
home,16,CHI,8482821,A. Soderblom,40,0/0,0/0,0/0,0/0,,0,0,0,0,0,00:00,False,,0,0,2025020048,20252026,2025-10-13
away,18,NSH,8481020,J. Annunen,29,17/22,4/4,0/0,21/26,0.8077,5,0,0,0,5,59:10,True,L,26,21,2025020049,20252026,2025-10-14
away,18,NSH,8477424,J. Saros,74,0/0,0/0,0/0,0/0,,0,0,0,0,0,00:00,False,,0,0,2025020049,20252026,2025-10-14
home,10,TOR,8480051,C. Primeau,30,21/25,5/5,0/0,26/30,0.8667,4,0,0,0,4,60:00,True,W,30,26,2025020049,20252026,2025-10-14
home,10,TOR,8476932,A. Stolarz,41,0/0,0/0,0/0,0/0,,0,0,0,0,0,00:00,False,,0,0,2025020049,20252026,2025-10-14
away,55,SEA,8475831,P. Grubauer,31,0/0,0/0,0/0,0/0,,0,0,0,0,0,00:00,False,,0,0,2025020050,20252026,2025-10-14
away,55,SEA,8478916,J. Daccord,35,16/21,1/1,0/0,17/22,0.7727,5,0,0,0,5,63:25,True,O,22,17,2025020050,20252026,2025-10-14
home,8,MTL,8478470,S. Montembeault,35,14/17,4/5,0/0,18/22,0.8182,3,1,0,0,4,63:13,True,W,22,18,2025020050,20252026,2025-10-14
home,8,MTL,8482487,J. Dobes,75,0/0,0/0,0/0,0/0,,0,0,0,0,0,00:00,False,,0,0,2025020050,20252026,2025-10-14
away,22,EDM,8475717,C. Pickard,30,0/0,0/0,0/0,0/0,,0,0,0,0,0,00:00,False,,0,0,2025020051,20252026,2025-10-14
away,22,EDM,8479973,S. Skinner,74,21/21,9/9,0/0,30/30,1.0,0,0,0,0,0,60:00,True,W,30,30,2025020051,20252026,2025-10-14
home,3,NYR,8478048,I. Shesterkin,31,20/21,0/0,0/0,20/21,0.9524,1,0,0,0,1,59:07,True,L,21,20,2025020051,20252026,2025-10-14
home,3,NYR,8471734,J. Quick,32,0/0,0/0,0/0,0/0,,0,0,0,0,0,00:00,False,,0,0,2025020051,20252026,2025-10-14
away,14,TBL,8477992,J. Johansson,31,0/0,0/0,0/0,0/0,,0,0,0,0,0,00:00,False,,0,0,2025020052,20252026,2025-10-14
away,14,TBL,8476883,A. Vasilevskiy,88,23/25,2/3,0/0,25/28,0.8929,2,1,0,0,3,61:01,True,O,28,25,2025020052,20252026,2025-10-14
home,15,WSH,8480313,L. Thompson,48,16/17,1/2,0/0,17/19,0.8947,1,1,0,0,2,61:19,True,W,19,17,2025020052,20252026,2025-10-14
home,15,WSH,8479292,C. Lindgren,79,0/0,0/0,0/0,0/0,,0,0,0,0,0,00:00,False,,0,0,2025020052,20252026,2025-10-14
away,54,VGK,8478499,A. Hill,33,8/10,0/0,0/0,8/10,0.8,2,0,0,0,2,20:00,True,,10,8,2025020053,20252026,2025-10-14
away,54,VGK,8481033,A. Schmid,40,18/18,1/1,0/0,19/19,1.0,0,0,0,0,0,39:37,False,W,19,19,2025020053,20252026,2025-10-14
home,20,CGY,8482445,D. Cooley,1,0/0,0/0,0/0,0/0,,0,0,0,0,0,00:00,False,,0,0,2025020053,20252026,2025-10-14
home,20,CGY,8481692,D. Wolf,32,22/25,4/4,0/0,26/29,0.8966,3,0,0,0,3,58:16,True,L,29,26,2025020053,20252026,2025-10-14
away,30,MIN,8482661,J. Wallstedt,30,0/0,0/0,0/0,0/0,,0,0,0,0,0,00:00,False,,0,0,2025020054,20252026,2025-10-14
away,30,MIN,8479406,F. Gustavsson,32,16/17,3/5,1/1,20/23,0.8696,1,2,0,0,3,57:33,True,L,23,20,2025020054,20252026,2025-10-14
home,25,DAL,8479193,C. DeSmith,1,0/0,0/0,0/0,0/0,,0,0,0,0,0,00:00,False,,0,0,2025020054,20252026,2025-10-14
home,25,DAL,8479979,J. Oettinger,29,34/34,4/6,1/1,39/41,0.9512,0,2,0,0,2,60:00,True,W,41,39,2025020054,20252026,2025-10-14
away,12,CAR,8475883,F. Andersen,31,0/0,0/0,0/0,0/0,,0,0,0,0,0,00:00,False,,0,0,2025020055,20252026,2025-10-14
away,12,CAR,8483548,B. Bussi,32,10/11,4/4,2/2,16/17,0.9412,1,0,0,0,1,60:00,True,W,17,16,2025020055,20252026,2025-10-14
home,28,SJS,8482137,Y. Askarov,30,0/0,0/0,0/0,0/0,,0,0,0,0,0,00:00,False,,0,0,2025020055,20252026,2025-10-14
home,28,SJS,8477968,A. Nedeljkovic,33,32/37,2/2,4/4,38/43,0.8837,5,0,0,0,5,60:00,True,L,43,38,2025020055,20252026,2025-10-14
away,5,PIT,8477465,T. Jarry,35,12/14,6/8,0/0,18/22,0.8182,2,2,0,0,4,59:01,True,L,22,18,2025020056,20252026,2025-10-14
away,5,PIT,8481668,A. Silovs,37,0/0,0/0,0/0,0/0,,0,0,0,0,0,00:00,False,,0,0,2025020056,20252026,2025-10-14
home,24,ANA,8480843,L. Dostal,1,21/24,1/1,0/0,22/25,0.88,3,0,0,0,3,60:00,True,W,25,22,2025020056,20252026,2025-10-14
home,24,ANA,8475852,P. Mrazek,34,0/0,0/0,0/0,0/0,,0,0,0,0,0,00:00,False,,0,0,2025020056,20252026,2025-10-14
away,9,OTT,8482447,L. Meriläinen,1,14/17,3/6,2/3,19/26,0.7308,3,3,1,0,7,58:06,True,L,26,19,2025020057,20252026,2025-10-15
away,9,OTT,8476999,L. Ullmark,35,0/0,0/0,0/0,0/0,,0,0,0,0,0,00:00,False,,0,0,2025020057,20252026,2025-10-15
home,7,BUF,8479312,A. Lyon,34,23/26,9/10,1/1,33/37,0.8919,3,1,0,0,4,60:00,True,W,37,33,2025020057,20252026,2025-10-15
home,7,BUF,8481551,C. Ellis,92,0/0,0/0,0/0,0/0,,0,0,0,0,0,00:00,False,,0,0,2025020057,20252026,2025-10-15
away,13,FLA,8480193,D. Tarasov,40,0/0,0/0,0/0,0/0,,0,0,0,0,0,00:00,False,,0,0,2025020058,20252026,2025-10-15
away,13,FLA,8475683,S. Bobrovsky,72,19/20,2/3,0/0,21/23,0.913,1,1,0,0,2,57:43,True,L,23,21,2025020058,20252026,2025-10-15
home,17,DET,8476434,J. Gibson,36,0/0,0/0,0/0,0/0,,0,0,0,0,0,00:00,False,,0,0,2025020058,20252026,2025-10-15
home,17,DET,8475660,C. Talbot,39,17/18,3/3,0/0,20/21,0.9524,1,0,0,0,1,59:58,True,W,21,20,2025020058,20252026,2025-10-15
away,16,CHI,8481519,S. Knight,30,0/0,0/0,0/0,0/0,,0,0,0,0,0,00:00,False,,0,0,2025020059,20252026,2025-10-15
away,16,CHI,8482821,A. Soderblom,40,23/26,0/0,0/0,23/26,0.8846,3,0,0,0,3,60:00,True,W,26,23,2025020059,20252026,2025-10-15
home,19,STL,8480981,J. Hofer,30,13/19,2/3,0/0,15/22,0.6818,6,1,0,0,7,47:45,True,L,22,15,2025020059,20252026,2025-10-15
home,19,STL,8476412,J. Binnington,50,6/7,0/0,0/0,6/7,0.8571,1,0,0,0,1,12:15,False,,7,6,2025020059,20252026,2025-10-15
away,20,CGY,8482445,D. Cooley,1,19/21,9/9,1/1,29/31,0.9355,2,0,0,0,2,58:42,True,L,31,29,2025020060,20252026,2025-10-15
away,20,CGY,8481692,D. Wolf,32,0/0,0/0,0/0,0/0,,0,0,0,0,0,00:00,False,,0,0,2025020060,20252026,2025-10-15
home,68,UTA,8477970,V. Vanecek,41,0/0,0/0,0/0,0/0,,0,0,0,0,0,00:00,False,,0,0,2025020060,20252026,2025-10-15
home,68,UTA,8478872,K. Vejmelka,70,17/17,2/3,0/0,19/20,0.95,0,1,0,2,1,59:42,True,W,20,19,2025020060,20252026,2025-10-15
away,3,NYR,8478048,I. Shesterkin,31,17/18,5/6,0/0,22/24,0.9167,1,1,0,0,2,60:51,True,O,24,22,2025020061,20252026,2025-10-16
away,3,NYR,8471734,J. Quick,32,0/0,0/0,0/0,0/0,,0,0,0,0,0,00:00,False,,0,0,2025020061,20252026,2025-10-16
home,10,TOR,8480051,C. Primeau,30,0/0,0/0,0/0,0/0,,0,0,0,0,0,00:00,False,,0,0,2025020061,20252026,2025-10-16
home,10,TOR,8476932,A. Stolarz,41,20/21,8/8,0/0,28/29,0.9655,1,0,0,0,1,60:48,True,W,29,28,2025020061,20252026,2025-10-16
away,18,NSH,8481020,J. Annunen,29,0/0,0/0,0/0,0/0,,0,0,0,0,0,00:00,False,,0,0,2025020062,20252026,2025-10-16
away,18,NSH,8477424,J. Saros,74,24/27,3/3,0/0,27/30,0.9,3,0,0,0,3,64:30,True,O,30,27,2025020062,20252026,2025-10-16
home,8,MTL,8478470,S. Montembeault,35,0/0,0/0,0/0,0/0,,0,0,0,0,0,00:00,False,,0,0,2025020062,20252026,2025-10-16
home,8,MTL,8482487,J. Dobes,75,14/15,2/3,1/1,17/19,0.8947,1,1,0,0,2,63:35,True,W,19,17,2025020062,20252026,2025-10-16
away,55,SEA,8476899,M. Murray,30,0/0,0/0,0/0,0/0,,0,0,0,0,0,00:00,False,,0,0,2025020063,20252026,2025-10-16
away,55,SEA,8475831,P. Grubauer,31,19/21,1/2,0/0,20/23,0.8696,2,1,0,0,3,65:00,True,O,23,20,2025020063,20252026,2025-10-16
home,9,OTT,8482447,L. Meriläinen,1,0/0,0/0,0/0,0/0,,0,0,0,0,0,00:00,False,,0,0,2025020063,20252026,2025-10-16
home,9,OTT,8476999,L. Ullmark,35,23/25,6/7,1/1,30/33,0.9091,2,1,0,0,3,64:44,True,W,33,30,2025020063,20252026,2025-10-16
away,13,FLA,8480193,D. Tarasov,40,25/27,5/6,0/0,30/33,0.9091,2,1,0,0,3,59:05,True,L,33,30,2025020064,20252026,2025-10-16
away,13,FLA,8475683,S. Bobrovsky,72,0/0,0/0,0/0,0/0,,0,0,0,0,0,00:00,False,,0,0,2025020064,20252026,2025-10-16
home,1,NJD,8474596,J. Allen,34,16/17,4/4,1/1,21/22,0.9545,1,0,0,0,1,60:00,True,W,22,21,2025020064,20252026,2025-10-16
home,1,NJD,8482076,N. Daws,50,0/0,0/0,0/0,0/0,,0,0,0,0,0,00:00,False,,0,0,2025020064,20252026,2025-10-16
away,22,EDM,8475717,C. Pickard,30,0/0,0/0,0/0,0/0,,0,0,0,0,0,00:00,False,,0,0,2025020065,20252026,2025-10-16
away,22,EDM,8479973,S. Skinner,74,18/19,3/4,0/1,21/24,0.875,1,1,1,0,3,57:36,True,L,24,21,2025020065,20252026,2025-10-16
home,2,NYI,8478009,I. Sorokin,30,0/0,0/0,0/0,0/0,,0,0,0,0,0,00:00,False,,0,0,2025020065,20252026,2025-10-16
home,2,NYI,8479496,D. Rittich,33,24/25,5/6,2/2,31/33,0.9394,1,1,0,0,2,59:58,True,W,33,31,2025020065,20252026,2025-10-16
away,52,WPG,8477480,E. Comrie,1,0/0,0/0,0/0,0/0,,0,0,0,0,0,00:00,False,,0,0,2025020066,20252026,2025-10-16
away,52,WPG,8476945,C. Hellebuyck,37,11/13,4/4,0/0,15/17,0.8824,2,0,0,0,2,60:00,True,W,17,15,2025020066,20252026,2025-10-16
home,4,PHI,8481035,S. Ersson,33,8/11,1/2,1/1,10/14,0.7143,3,1,0,0,4,58:58,True,L,14,10,2025020066,20252026,2025-10-16
home,4,PHI,8478435,D. Vladar,80,0/0,0/0,0/0,0/0,,0,0,0,0,0,00:00,False,,0,0,2025020066,20252026,2025-10-16
away,21,COL,8475809,S. Wedgewood,41,19/20,3/3,0/0,22/23,0.9565,1,0,0,0,1,60:00,True,W,23,22,2025020067,20252026,2025-10-16
away,21,COL,8481529,T. Miner,50,0/0,0/0,0/0,0/0,,0,0,0,0,0,00:00,False,,0,0,2025020067,20252026,2025-10-16
home,29,CBJ,8482982,J. Greaves,73,0/0,0/0,0/0,0/0,,0,0,0,0,0,00:00,False,,0,0,2025020067,20252026,2025-10-16
home,29,CBJ,8478007,E. Merzlikins,90,31/34,1/1,0/0,32/35,0.9143,3,0,0,0,3,58:30,True,L,35,32,2025020067,20252026,2025-10-16
away,23,VAN,8480947,K. Lankinen,32,0/0,0/0,0/0,0/0,,0,0,0,0,0,00:00,False,,0,0,2025020068,20252026,2025-10-16
away,23,VAN,8477967,T. Demko,35,21/22,7/9,0/0,28/31,0.9032,1,2,0,0,3,60:00,True,W,31,28,2025020068,20252026,2025-10-16
home,25,DAL,8479193,C. DeSmith,1,19/22,2/4,0/0,21/26,0.8077,3,2,0,0,5,58:15,True,L,26,21,2025020068,20252026,2025-10-16
home,25,DAL,8479979,J. Oettinger,29,0/0,0/0,0/0,0/0,,0,0,0,0,0,00:00,False,,0,0,2025020068,20252026,2025-10-16
away,6,BOS,8480280,J. Swayman,1,22/25,8/10,1/2,31/37,0.8378,3,2,1,0,6,59:01,True,L,37,31,2025020069,20252026,2025-10-16
away,6,BOS,8476914,J. Korpisalo,70,0/0,0/0,0/0,0/0,,0,0,0,0,0,00:00,False,,0,0,2025020069,20252026,2025-10-16
home,54,VGK,8478499,A. Hill,33,0/0,0/0,0/0,0/0,,0,0,0,0,0,00:00,False,,0,0,2025020069,20252026,2025-10-16
home,54,VGK,8481033,A. Schmid,40,16/20,3/4,0/0,19/24,0.7917,4,1,0,0,5,60:00,True,W,24,19,2025020069,20252026,2025-10-16
away,12,CAR,8475883,F. Andersen,31,19/20,2/2,2/2,23/24,0.9583,1,0,0,2,1,60:00,True,W,24,23,2025020070,20252026,2025-10-16
away,12,CAR,8483548,B. Bussi,32,0/0,0/0,0/0,0/0,,0,0,0,0,0,00:00,False,,0,0,2025020070,20252026,2025-10-16
home,24,ANA,8480843,L. Dostal,1,25/28,2/3,1/1,28/32,0.875,3,1,0,2,4,59:31,True,L,32,28,2025020070,20252026,2025-10-16
home,24,ANA,8475852,P. Mrazek,34,0/0,0/0,0/0,0/0,,0,0,0,0,0,00:00,False,,0,0,2025020070,20252026,2025-10-16
away,5,PIT,8477465,T. Jarry,35,0/0,0/0,0/0,0/0,,0,0,0,0,0,00:00,False,,0,0,2025020071,20252026,2025-10-16
away,5,PIT,8481668,A. Silovs,37,29/31,0/0,1/1,30/32,0.9375,2,0,0,0,2,60:00,True,W,32,30,2025020071,20252026,2025-10-16
home,26,LAK,8477831,P. Copley,29,0/0,0/0,0/0,0/0,,0,0,0,0,0,00:00,False,,0,0,2025020071,20252026,2025-10-16
home,26,LAK,8476341,A. Forsberg,31,19/20,0/1,3/4,22/25,0.88,1,1,1,0,3,58:53,True,L,25,22,2025020071,20252026,2025-10-16
away,14,TBL,8477992,J. Johansson,31,0/0,0/0,0/0,0/0,,0,0,0,0,0,00:00,False,,0,0,2025020072,20252026,2025-10-17
away,14,TBL,8476883,A. Vasilevskiy,88,26/28,3/3,0/0,29/31,0.9355,2,0,0,0,2,63:36,True,O,31,29,2025020072,20252026,2025-10-17
home,17,DET,8476434,J. Gibson,36,31/32,0/0,0/0,31/32,0.9688,1,0,0,0,1,63:36,True,W,32,31,2025020072,20252026,2025-10-17
home,17,DET,8475660,C. Talbot,39,0/0,0/0,0/0,0/0,,0,0,0,0,0,00:00,False,,0,0,2025020072,20252026,2025-10-17
away,30,MIN,8482661,J. Wallstedt,30,0/0,0/0,0/0,0/0,,0,0,0,0,0,00:00,False,,0,0,2025020073,20252026,2025-10-17
away,30,MIN,8479406,F. Gustavsson,32,30/34,10/11,0/0,40/45,0.8889,4,1,0,0,5,59:53,True,L,45,40,2025020073,20252026,2025-10-17
home,15,WSH,8480313,L. Thompson,48,10/11,2/2,1/1,13/14,0.9286,1,0,0,0,1,59:51,True,W,14,13,2025020073,20252026,2025-10-17
home,15,WSH,8479292,C. Lindgren,79,0/0,0/0,0/0,0/0,,0,0,0,0,0,00:00,False,,0,0,2025020073,20252026,2025-10-17
away,23,VAN,8480947,K. Lankinen,32,30/31,0/1,1/1,31/33,0.9394,1,1,0,0,2,65:00,True,W,33,31,2025020074,20252026,2025-10-17
away,23,VAN,8477967,T. Demko,35,0/0,0/0,0/0,0/0,,0,0,0,0,0,00:00,False,,0,0,2025020074,20252026,2025-10-17
home,16,CHI,8481519,S. Knight,30,19/20,9/10,2/2,30/32,0.9375,1,1,0,0,2,65:00,True,O,32,30,2025020074,20252026,2025-10-17
home,16,CHI,8482821,A. Soderblom,40,0/0,0/0,0/0,0/0,,0,0,0,0,0,00:00,False,,0,0,2025020074,20252026,2025-10-17
away,28,SJS,8482137,Y. Askarov,30,20/25,8/9,0/0,28/34,0.8235,5,1,0,0,6,60:00,True,L,34,28,2025020075,20252026,2025-10-17
away,28,SJS,8477968,A. Nedeljkovic,33,0/0,0/0,0/0,0/0,,0,0,0,0,0,00:00,False,,0,0,2025020075,20252026,2025-10-17
home,68,UTA,8477970,V. Vanecek,41,0/0,0/0,0/0,0/0,,0,0,0,0,0,00:00,False,,0,0,2025020075,20252026,2025-10-17
home,68,UTA,8478872,K. Vejmelka,70,14/15,3/5,1/1,18/21,0.8571,1,2,0,0,3,59:55,True,W,21,18,2025020075,20252026,2025-10-17
away,13,FLA,8480193,D. Tarasov,40,0/0,0/0,0/0,0/0,,0,0,0,0,0,00:00,False,,0,0,2025020076,20252026,2025-10-18
away,13,FLA,8475683,S. Bobrovsky,72,23/24,4/6,1/1,28/31,0.9032,1,2,0,0,3,59:51,True,L,31,28,2025020076,20252026,2025-10-18
home,7,BUF,8479312,A. Lyon,34,16/16,15/15,1/1,32/32,1.0,0,0,0,0,0,59:48,True,W,32,32,2025020076,20252026,2025-10-18
home,7,BUF,8481551,C. Ellis,92,0/0,0/0,0/0,0/0,,0,0,0,0,0,00:00,False,,0,0,2025020076,20252026,2025-10-18
away,2,NYI,8478009,I. Sorokin,30,22/25,5/6,1/1,28/32,0.875,3,1,0,0,4,60:00,True,W,32,28,2025020077,20252026,2025-10-18
away,2,NYI,8479496,D. Rittich,33,0/0,0/0,0/0,0/0,,0,0,0,0,0,00:00,False,,0,0,2025020077,20252026,2025-10-18
home,9,OTT,8482447,L. Meriläinen,1,0/0,0/0,0/0,0/0,,0,0,0,0,0,00:00,False,,0,0,2025020077,20252026,2025-10-18
home,9,OTT,8476999,L. Ullmark,35,16/21,1/1,1/1,18/23,0.7826,5,0,0,0,5,58:50,True,L,23,18,2025020077,20252026,2025-10-18
away,22,EDM,8475717,C. Pickard,30,16/18,1/2,1/2,18/22,0.8182,2,1,1,0,4,58:03,True,L,22,18,2025020078,20252026,2025-10-18
away,22,EDM,8479973,S. Skinner,74,0/0,0/0,0/0,0/0,,0,0,0,0,0,00:00,False,,0,0,2025020078,20252026,2025-10-18
home,1,NJD,8474596,J. Allen,34,24/27,3/3,0/0,27/30,0.9,3,0,0,0,3,60:00,True,W,30,27,2025020078,20252026,2025-10-18
home,1,NJD,8482076,N. Daws,50,0/0,0/0,0/0,0/0,,0,0,0,0,0,00:00,False,,0,0,2025020078,20252026,2025-10-18
away,55,SEA,8476899,M. Murray,30,0/0,0/0,0/0,0/0,,0,0,0,0,0,00:00,False,,0,0,2025020079,20252026,2025-10-18
away,55,SEA,8478916,J. Daccord,35,21/23,6/7,0/0,27/30,0.9,2,1,0,0,3,63:06,True,W,30,27,2025020079,20252026,2025-10-18
home,10,TOR,8480051,C. Primeau,30,0/0,0/0,0/0,0/0,,0,0,0,0,0,00:00,False,,0,0,2025020079,20252026,2025-10-18
home,10,TOR,8476932,A. Stolarz,41,22/25,2/3,0/0,24/28,0.8571,3,1,0,0,4,63:06,True,O,28,24,2025020079,20252026,2025-10-18
away,3,NYR,8478048,I. Shesterkin,31,0/0,0/0,0/0,0/0,,0,0,0,0,0,00:00,False,,0,0,2025020080,20252026,2025-10-18
away,3,NYR,8471734,J. Quick,32,19/21,2/3,0/0,21/24,0.875,2,1,0,0,3,59:52,True,W,24,21,2025020080,20252026,2025-10-18
home,8,MTL,8478470,S. Montembeault,35,16/19,2/3,0/0,18/22,0.8182,3,1,0,0,4,57:33,True,L,22,18,2025020080,20252026,2025-10-18
home,8,MTL,8482487,J. Dobes,75,0/0,0/0,0/0,0/0,,0,0,0,0,0,00:00,False,,0,0,2025020080,20252026,2025-10-18
away,30,MIN,8482661,J. Wallstedt,30,18/20,1/1,0/0,19/21,0.9048,2,0,0,0,2,62:37,True,O,21,19,2025020081,20252026,2025-10-18
away,30,MIN,8479406,F. Gustavsson,32,0/0,0/0,0/0,0/0,,0,0,0,0,0,00:00,False,,0,0,2025020081,20252026,2025-10-18
home,4,PHI,8481035,S. Ersson,33,0/0,0/0,0/0,0/0,,0,0,0,0,0,00:00,False,,0,0,2025020081,20252026,2025-10-18
home,4,PHI,8478435,D. Vladar,80,12/13,3/3,0/0,15/16,0.9375,1,0,0,0,1,62:37,True,W,16,15,2025020081,20252026,2025-10-18
away,14,TBL,8477992,J. Johansson,31,25/28,3/3,0/0,28/31,0.9032,3,0,0,0,3,57:57,True,L,31,28,2025020082,20252026,2025-10-18
away,14,TBL,8476883,A. Vasilevskiy,88,0/0,0/0,0/0,0/0,,0,0,0,0,0,00:00,False,,0,0,2025020082,20252026,2025-10-18
home,29,CBJ,8482982,J. Greaves,73,20/21,1/2,1/1,22/24,0.9167,1,1,0,0,2,59:53,True,W,24,22,2025020082,20252026,2025-10-18
home,29,CBJ,8478007,E. Merzlikins,90,0/0,0/0,0/0,0/0,,0,0,0,0,0,00:00,False,,0,0,2025020082,20252026,2025-10-18
away,25,DAL,8479193,C. DeSmith,1,0/0,0/0,0/0,0/0,,0,0,0,0,0,00:00,False,,0,0,2025020083,20252026,2025-10-18
away,25,DAL,8479979,J. Oettinger,29,16/18,1/1,2/2,19/21,0.9048,2,0,0,0,2,58:50,True,L,21,19,2025020083,20252026,2025-10-18
home,19,STL,8480981,J. Hofer,30,0/0,0/0,0/0,0/0,,0,0,0,0,0,00:00,False,,0,0,2025020083,20252026,2025-10-18
home,19,STL,8476412,J. Binnington,50,17/18,1/1,0/0,18/19,0.9474,1,0,0,0,1,60:00,True,W,19,18,2025020083,20252026,2025-10-18
away,18,NSH,8481020,J. Annunen,29,0/0,0/0,0/0,0/0,,0,0,0,0,0,00:00,False,,0,0,2025020084,20252026,2025-10-18
away,18,NSH,8477424,J. Saros,74,19/21,1/3,0/0,20/24,0.8333,2,2,0,0,4,59:30,True,L,24,20,2025020084,20252026,2025-10-18
home,52,WPG,8477480,E. Comrie,1,0/0,0/0,0/0,0/0,,0,0,0,0,0,00:00,False,,0,0,2025020084,20252026,2025-10-18
home,52,WPG,8476945,C. Hellebuyck,37,23/24,7/7,0/0,30/31,0.9677,1,0,0,0,1,59:51,True,W,31,30,2025020084,20252026,2025-10-18
away,6,BOS,8480280,J. Swayman,1,26/29,7/7,1/1,34/37,0.9189,3,0,0,0,3,59:44,True,L,37,34,2025020085,20252026,2025-10-18
away,6,BOS,8476914,J. Korpisalo,70,0/0,0/0,0/0,0/0,,0,0,0,0,0,00:00,False,,0,0,2025020085,20252026,2025-10-18
home,21,COL,8475809,S. Wedgewood,41,11/12,2/2,0/0,13/14,0.9286,1,0,0,0,1,59:33,True,W,14,13,2025020085,20252026,2025-10-18
home,21,COL,8481529,T. Miner,50,0/0,0/0,0/0,0/0,,0,0,0,0,0,00:00,False,,0,0,2025020085,20252026,2025-10-18
away,12,CAR,8475883,F. Andersen,31,0/0,0/0,0/0,0/0,,0,0,0,0,0,00:00,False,,0,0,2025020086,20252026,2025-10-18
away,12,CAR,8483548,B. Bussi,32,24/26,0/1,1/1,25/28,0.8929,2,1,0,0,3,61:45,True,W,28,25,2025020086,20252026,2025-10-18
home,26,LAK,8477831,P. Copley,29,0/0,0/0,0/0,0/0,,0,0,0,0,0,00:00,False,,0,0,2025020086,20252026,2025-10-18
home,26,LAK,8476341,A. Forsberg,31,30/34,6/6,0/0,36/40,0.9,4,0,0,0,4,61:45,True,O,40,36,2025020086,20252026,2025-10-18
away,20,CGY,8482445,D. Cooley,1,7/7,1/2,0/0,8/9,0.8889,0,1,0,0,1,20:00,False,,9,8,2025020087,20252026,2025-10-18
away,20,CGY,8481692,D. Wolf,32,12/15,0/2,2/2,14/19,0.7368,3,2,0,0,5,40:00,True,L,19,14,2025020087,20252026,2025-10-18
home,54,VGK,8478499,A. Hill,33,22/22,4/5,0/0,26/27,0.963,0,1,0,0,1,59:58,True,W,27,26,2025020087,20252026,2025-10-18
home,54,VGK,8481033,A. Schmid,40,0/0,0/0,0/0,0/0,,0,0,0,0,0,00:00,False,,0,0,2025020087,20252026,2025-10-18
away,5,PIT,8477465,T. Jarry,35,30/30,1/1,0/0,31/31,1.0,0,0,0,0,0,60:00,True,W,31,31,2025020088,20252026,2025-10-18
away,5,PIT,8481668,A. Silovs,37,0/0,0/0,0/0,0/0,,0,0,0,0,0,00:00,False,,0,0,2025020088,20252026,2025-10-18
home,28,SJS,8482137,Y. Askarov,30,0/0,0/0,0/0,0/0,,0,0,0,0,0,00:00,False,,0,0,2025020088,20252026,2025-10-18
home,28,SJS,8477968,A. Nedeljkovic,33,23/25,1/1,0/0,24/26,0.9231,2,0,0,0,2,57:32,True,L,26,24,2025020088,20252026,2025-10-18
away,23,VAN,8480947,K. Lankinen,32,0/0,0/0,0/0,0/0,,0,0,0,0,0,00:00,False,,0,0,2025020089,20252026,2025-10-19
away,23,VAN,8477967,T. Demko,35,25/27,3/4,0/0,28/31,0.9032,2,1,0,0,3,60:00,True,W,31,28,2025020089,20252026,2025-10-19
home,15,WSH,8480313,L. Thompson,48,0/0,0/0,0/0,0/0,,0,0,0,0,0,00:00,False,,0,0,2025020089,20252026,2025-10-19
home,15,WSH,8479292,C. Lindgren,79,13/16,5/6,2/2,20/24,0.8333,3,1,0,0,4,57:40,True,L,24,20,2025020089,20252026,2025-10-19
away,22,EDM,8475717,C. Pickard,30,0/0,0/0,0/0,0/0,,0,0,0,0,0,00:00,False,,0,0,2025020090,20252026,2025-10-19
away,22,EDM,8479973,S. Skinner,74,21/24,0/0,0/0,21/24,0.875,3,0,0,0,3,59:44,True,L,24,21,2025020090,20252026,2025-10-19
home,17,DET,8476434,J. Gibson,36,14/16,2/2,0/0,16/18,0.8889,2,0,0,0,2,60:00,True,W,18,16,2025020090,20252026,2025-10-19
home,17,DET,8475660,C. Talbot,39,0/0,0/0,0/0,0/0,,0,0,0,0,0,00:00,False,,0,0,2025020090,20252026,2025-10-19
away,24,ANA,8480843,L. Dostal,1,23/25,3/3,2/2,28/30,0.9333,2,0,0,0,2,61:47,True,O,30,28,2025020091,20252026,2025-10-19
away,24,ANA,8475852,P. Mrazek,34,0/0,0/0,0/0,0/0,,0,0,0,0,0,00:00,False,,0,0,2025020091,20252026,2025-10-19
home,16,CHI,8481519,S. Knight,30,32/32,5/6,1/1,38/39,0.9744,0,1,0,0,1,62:38,True,W,39,38,2025020091,20252026,2025-10-19
home,16,CHI,8482821,A. Soderblom,40,0/0,0/0,0/0,0/0,,0,0,0,0,0,00:00,False,,0,0,2025020091,20252026,2025-10-19
away,6,BOS,8480280,J. Swayman,1,0/0,0/0,0/0,0/0,,0,0,0,0,0,00:00,False,,0,0,2025020092,20252026,2025-10-19
away,6,BOS,8476914,J. Korpisalo,70,21/23,3/4,0/0,24/27,0.8889,2,1,0,0,3,58:49,True,L,27,24,2025020092,20252026,2025-10-19
home,68,UTA,8477970,V. Vanecek,41,15/16,7/8,2/2,24/26,0.9231,1,1,0,0,2,59:55,True,W,26,24,2025020092,20252026,2025-10-19
home,68,UTA,8478872,K. Vejmelka,70,0/0,0/0,0/0,0/0,,0,0,0,0,0,00:00,False,,0,0,2025020092,20252026,2025-10-19
away,30,MIN,8482661,J. Wallstedt,30,0/0,0/0,0/0,0/0,,0,0,0,0,0,00:00,False,,0,0,2025020093,20252026,2025-10-20
away,30,MIN,8479406,F. Gustavsson,32,19/20,2/2,2/2,23/24,0.9583,1,0,0,0,1,60:00,True,W,24,23,2025020093,20252026,2025-10-20
home,3,NYR,8478048,I. Shesterkin,31,26/28,3/3,0/0,29/31,0.9355,2,0,0,0,2,58:27,True,L,31,29,2025020093,20252026,2025-10-20
home,3,NYR,8471734,J. Quick,32,0/0,0/0,0/0,0/0,,0,0,0,0,0,00:00,False,,0,0,2025020093,20252026,2025-10-20
away,55,SEA,8475831,P. Grubauer,31,6/6,0/0,0/0,6/6,1.0,0,0,0,0,0,20:00,False,,6,6,2025020094,20252026,2025-10-20
away,55,SEA,8478916,J. Daccord,35,16/19,0/2,0/0,16/21,0.7619,3,2,0,0,5,39:30,True,L,21,16,2025020094,20252026,2025-10-20
home,4,PHI,8481035,S. Ersson,33,0/0,0/0,0/0,0/0,,0,0,0,0,0,00:00,False,,0,0,2025020094,20252026,2025-10-20
home,4,PHI,8478435,D. Vladar,80,13/14,6/7,2/2,21/23,0.913,1,1,0,0,2,58:59,True,W,23,21,2025020094,20252026,2025-10-20
away,7,BUF,8479312,A. Lyon,34,26/29,2/2,0/0,28/31,0.9032,3,0,0,0,3,57:52,True,L,31,28,2025020095,20252026,2025-10-20
away,7,BUF,8481551,C. Ellis,92,0/0,0/0,0/0,0/0,,0,0,0,0,0,00:00,False,,0,0,2025020095,20252026,2025-10-20
home,8,MTL,8478470,S. Montembeault,35,0/0,0/0,0/0,0/0,,0,0,0,0,0,00:00,False,,0,0,2025020095,20252026,2025-10-20
home,8,MTL,8482487,J. Dobes,75,26/28,4/4,0/0,30/32,0.9375,2,0,0,0,2,59:57,True,W,32,30,2025020095,20252026,2025-10-20
away,52,WPG,8477480,E. Comrie,1,0/0,0/0,0/0,0/0,,0,0,0,0,0,00:00,False,,0,0,2025020096,20252026,2025-10-20
away,52,WPG,8476945,C. Hellebuyck,37,24/25,8/8,0/0,32/33,0.9697,1,0,0,0,1,60:00,True,W,33,32,2025020096,20252026,2025-10-20
home,20,CGY,8482445,D. Cooley,1,0/0,0/0,0/0,0/0,,0,0,0,0,0,00:00,False,,0,0,2025020096,20252026,2025-10-20
home,20,CGY,8481692,D. Wolf,32,6/7,18/19,1/1,25/27,0.9259,1,1,0,0,2,58:37,True,L,27,25,2025020096,20252026,2025-10-20
away,12,CAR,8475883,F. Andersen,31,19/22,1/1,2/2,22/25,0.88,3,0,0,0,3,58:52,True,L,25,22,2025020097,20252026,2025-10-20
away,12,CAR,8483548,B. Bussi,32,0/0,0/0,0/0,0/0,,0,0,0,0,0,00:00,False,,0,0,2025020097,20252026,2025-10-20
home,54,VGK,8478499,A. Hill,33,4/4,0/0,0/0,4/4,1.0,0,0,0,0,0,09:54,True,,4,4,2025020097,20252026,2025-10-20
home,54,VGK,8481033,A. Schmid,40,15/16,5/5,2/2,22/23,0.9565,1,0,0,0,1,50:06,False,W,23,22,2025020097,20252026,2025-10-20
away,1,NJD,8474596,J. Allen,34,19/21,3/3,1/1,23/25,0.92,2,0,0,0,2,60:00,True,W,25,23,2025020098,20252026,2025-10-21
away,1,NJD,8482076,N. Daws,50,0/0,0/0,0/0,0/0,,0,0,0,0,0,00:00,False,,0,0,2025020098,20252026,2025-10-21
home,10,TOR,8480051,C. Primeau,30,0/0,0/0,0/0,0/0,,0,0,0,0,0,00:00,False,,0,0,2025020098,20252026,2025-10-21
home,10,TOR,8476932,A. Stolarz,41,21/24,7/8,2/2,30/34,0.8824,3,1,0,0,4,58:19,True,L,34,30,2025020098,20252026,2025-10-21
away,22,EDM,8475717,C. Pickard,30,0/0,0/0,0/0,0/0,,0,0,0,0,0,00:00,False,,0,0,2025020099,20252026,2025-10-21
away,22,EDM,8479973,S. Skinner,74,17/18,2/3,0/0,19/21,0.9048,1,1,0,0,2,62:24,True,W,21,19,2025020099,20252026,2025-10-21
home,9,OTT,8476999,L. Ullmark,35,17/18,2/4,3/3,22/25,0.88,1,2,0,0,3,62:24,True,O,25,22,2025020099,20252026,2025-10-21
home,9,OTT,8481544,M. Sogaard,40,0/0,0/0,0/0,0/0,,0,0,0,0,0,00:00,False,,0,0,2025020099,20252026,2025-10-21
away,28,SJS,8482137,Y. Askarov,30,16/18,5/7,2/2,23/27,0.8519,2,2,0,0,4,57:49,True,L,27,23,2025020100,20252026,2025-10-21
away,28,SJS,8477968,A. Nedeljkovic,33,0/0,0/0,0/0,0/0,,0,0,0,0,0,00:00,False,,0,0,2025020100,20252026,2025-10-21
home,2,NYI,8478009,I. Sorokin,30,29/31,3/3,1/2,33/36,0.9167,2,0,1,0,3,59:49,True,W,36,33,2025020100,20252026,2025-10-21
home,2,NYI,8479496,D. Rittich,33,0/0,0/0,0/0,0/0,,0,0,0,0,0,00:00,False,,0,0,2025020100,20252026,2025-10-21
away,23,VAN,8480947,K. Lankinen,32,14/17,6/8,1/1,21/26,0.8077,3,2,0,0,5,59:48,True,L,26,21,2025020101,20252026,2025-10-21
away,23,VAN,8477967,T. Demko,35,0/0,0/0,0/0,0/0,,0,0,0,0,0,00:00,False,,0,0,2025020101,20252026,2025-10-21
home,5,PIT,8477465,T. Jarry,35,0/0,0/0,0/0,0/0,,0,0,0,0,0,00:00,False,,0,0,2025020101,20252026,2025-10-21
home,5,PIT,8481668,A. Silovs,37,15/16,7/7,1/1,23/24,0.9583,1,0,0,0,1,59:52,True,W,24,23,2025020101,20252026,2025-10-21
away,55,SEA,8476899,M. Murray,30,26/28,3/4,1/1,30/33,0.9091,2,1,0,0,3,57:34,True,L,33,30,2025020102,20252026,2025-10-21
away,55,SEA,8475831,P. Grubauer,31,0/0,0/0,0/0,0/0,,0,0,0,0,0,00:00,False,,0,0,2025020102,20252026,2025-10-21
home,15,WSH,8480313,L. Thompson,48,16/17,2/2,0/0,18/19,0.9474,1,0,0,0,1,60:00,True,W,19,18,2025020102,20252026,2025-10-21
home,15,WSH,8479292,C. Lindgren,79,0/0,0/0,0/0,0/0,,0,0,0,0,0,00:00,False,,0,0,2025020102,20252026,2025-10-21
away,13,FLA,8480193,D. Tarasov,40,0/0,0/0,0/0,0/0,,0,0,0,0,0,00:00,False,,0,0,2025020103,20252026,2025-10-21
away,13,FLA,8475683,S. Bobrovsky,72,25/27,2/3,1/1,28/31,0.9032,2,1,0,2,3,60:00,True,W,31,28,2025020103,20252026,2025-10-21
home,6,BOS,8480280,J. Swayman,1,15/18,2/3,2/2,19/23,0.8261,3,1,0,0,4,59:16,True,L,23,19,2025020103,20252026,2025-10-21
home,6,BOS,8476914,J. Korpisalo,70,0/0,0/0,0/0,0/0,,0,0,0,0,0,00:00,False,,0,0,2025020103,20252026,2025-10-21
away,26,LAK,8476341,A. Forsberg,31,0/0,0/0,0/0,0/0,,0,0,0,0,0,00:00,False,,0,0,2025020104,20252026,2025-10-21
away,26,LAK,8475311,D. Kuemper,35,15/15,2/3,0/0,17/18,0.9444,0,1,0,2,1,61:50,True,W,18,17,2025020104,20252026,2025-10-21
home,19,STL,8480981,J. Hofer,30,0/0,0/0,0/0,0/0,,0,0,0,0,0,00:00,False,,0,0,2025020104,20252026,2025-10-21
home,19,STL,8476412,J. Binnington,50,24/25,2/3,0/0,26/28,0.9286,1,1,0,0,2,61:50,True,O,28,26,2025020104,20252026,2025-10-21
away,24,ANA,8480843,L. Dostal,1,25/27,1/1,0/0,26/28,0.9286,2,0,0,0,2,59:29,True,W,28,26,2025020105,20252026,2025-10-21
away,24,ANA,8475852,P. Mrazek,34,0/0,0/0,0/0,0/0,,0,0,0,0,0,00:00,False,,0,0,2025020105,20252026,2025-10-21
home,18,NSH,8481020,J. Annunen,29,0/0,0/0,0/0,0/0,,0,0,0,0,0,00:00,False,,0,0,2025020105,20252026,2025-10-21
home,18,NSH,8477424,J. Saros,74,19/24,8/8,0/0,27/32,0.8438,5,0,0,0,5,60:00,True,L,32,27,2025020105,20252026,2025-10-21
away,29,CBJ,8482982,J. Greaves,73,0/0,0/0,0/0,0/0,,0,0,0,0,0,00:00,False,,0,0,2025020106,20252026,2025-10-21
away,29,CBJ,8478007,E. Merzlikins,90,17/18,5/5,0/0,22/23,0.9565,1,0,0,0,1,60:00,True,W,23,22,2025020106,20252026,2025-10-21
home,25,DAL,8479193,C. DeSmith,1,0/0,0/0,0/0,0/0,,0,0,0,0,0,00:00,False,,0,0,2025020106,20252026,2025-10-21
home,25,DAL,8479979,J. Oettinger,29,23/25,1/3,0/0,24/28,0.8571,2,2,0,0,4,58:16,True,L,28,24,2025020106,20252026,2025-10-21
away,21,COL,8475809,S. Wedgewood,41,23/26,3/4,3/3,29/33,0.8788,3,1,0,0,4,60:33,True,O,33,29,2025020107,20252026,2025-10-21
away,21,COL,8481529,T. Miner,50,0/0,0/0,0/0,0/0,,0,0,0,0,0,00:00,False,,0,0,2025020107,20252026,2025-10-21
home,68,UTA,8477970,V. Vanecek,41,0/0,0/0,0/0,0/0,,0,0,0,0,0,00:00,False,,0,0,2025020107,20252026,2025-10-21
home,68,UTA,8478872,K. Vejmelka,70,30/33,0/0,0/0,30/33,0.9091,3,0,0,0,3,60:33,True,W,33,30,2025020107,20252026,2025-10-21
away,30,MIN,8482661,J. Wallstedt,30,0/0,0/0,0/0,0/0,,0,0,0,0,0,00:00,False,,0,0,2025020108,20252026,2025-10-22
away,30,MIN,8479406,F. Gustavsson,32,27/29,3/4,1/1,31/34,0.9118,2,1,0,0,3,59:29,True,L,34,31,2025020108,20252026,2025-10-22
home,1,NJD,8474596,J. Allen,34,0/0,0/0,0/0,0/0,,0,0,0,0,0,00:00,False,,0,0,2025020108,20252026,2025-10-22
home,1,NJD,8482076,N. Daws,50,25/26,5/5,0/0,30/31,0.9677,1,0,0,0,1,60:00,True,W,31,30,2025020108,20252026,2025-10-22
away,17,DET,8476434,J. Gibson,36,17/20,8/9,2/2,27/31,0.871,3,1,0,0,4,56:49,True,L,31,27,2025020109,20252026,2025-10-22
away,17,DET,8475660,C. Talbot,39,0/0,0/0,0/0,0/0,,0,0,0,0,0,00:00,False,,0,0,2025020109,20252026,2025-10-22
home,7,BUF,8479312,A. Lyon,34,0/0,0/0,0/0,0/0,,0,0,0,0,0,00:00,False,,0,0,2025020109,20252026,2025-10-22
home,7,BUF,8481551,C. Ellis,92,28/30,1/1,0/0,29/31,0.9355,2,0,0,0,2,59:54,True,W,31,29,2025020109,20252026,2025-10-22
away,8,MTL,8478470,S. Montembeault,35,0/0,0/0,0/0,0/0,,0,0,0,0,0,00:00,False,,0,0,2025020110,20252026,2025-10-22
away,8,MTL,8482487,J. Dobes,75,31/32,3/3,2/2,36/37,0.973,1,0,0,2,1,61:00,True,W,37,36,2025020110,20252026,2025-10-22
home,20,CGY,8482445,D. Cooley,1,0/0,0/0,0/0,0/0,,0,0,0,0,0,00:00,False,,0,0,2025020110,20252026,2025-10-22
home,20,CGY,8481692,D. Wolf,32,23/24,1/2,2/2,26/28,0.9286,1,1,0,0,2,61:00,True,O,28,26,2025020110,20252026,2025-10-22
away,24,ANA,8480843,L. Dostal,1,0/0,0/0,0/0,0/0,,0,0,0,0,0,00:00,False,,0,0,2025020111,20252026,2025-10-23
away,24,ANA,8475852,P. Mrazek,34,36/39,0/2,1/1,37/42,0.881,3,2,0,0,5,59:48,True,W,42,37,2025020111,20252026,2025-10-23
home,6,BOS,8480280,J. Swayman,1,0/0,0/0,0/0,0/0,,0,0,0,0,0,00:00,False,,0,0,2025020111,20252026,2025-10-23
home,6,BOS,8476914,J. Korpisalo,70,18/23,5/6,0/0,23/29,0.7931,5,1,0,0,6,59:41,True,L,29,23,2025020111,20252026,2025-10-23
away,4,PHI,8481035,S. Ersson,33,0/0,0/0,0/0,0/0,,0,0,0,0,0,00:00,False,,0,0,2025020112,20252026,2025-10-23
away,4,PHI,8478435,D. Vladar,80,22/24,9/9,0/0,31/33,0.9394,2,0,0,0,2,58:12,True,L,33,31,2025020112,20252026,2025-10-23
home,9,OTT,8482447,L. Meriläinen,1,0/0,0/0,0/0,0/0,,0,0,0,0,0,00:00,False,,0,0,2025020112,20252026,2025-10-23
home,9,OTT,8476999,L. Ullmark,35,16/17,4/4,2/2,22/23,0.9565,1,0,0,0,1,60:00,True,W,23,22,2025020112,20252026,2025-10-23
away,16,CHI,8481519,S. Knight,30,26/28,3/3,0/0,29/31,0.9355,2,0,0,0,2,60:00,True,W,31,29,2025020113,20252026,2025-10-23
away,16,CHI,8482821,A. Soderblom,40,0/0,0/0,0/0,0/0,,0,0,0,0,0,00:00,False,,0,0,2025020113,20252026,2025-10-23
home,14,TBL,8477992,J. Johansson,31,0/0,0/0,0/0,0/0,,0,0,0,0,0,00:00,False,,0,0,2025020113,20252026,2025-10-23
home,14,TBL,8476883,A. Vasilevskiy,88,15/17,6/7,1/1,22/25,0.88,2,1,0,0,3,59:13,True,L,25,22,2025020113,20252026,2025-10-23
away,5,PIT,8477465,T. Jarry,35,31/32,3/5,0/0,34/37,0.9189,1,2,0,0,3,60:00,True,W,37,34,2025020114,20252026,2025-10-23
away,5,PIT,8481668,A. Silovs,37,0/0,0/0,0/0,0/0,,0,0,0,0,0,00:00,False,,0,0,2025020114,20252026,2025-10-23
home,13,FLA,8480193,D. Tarasov,40,0/0,0/0,0/0,0/0,,0,0,0,0,0,00:00,False,,0,0,2025020114,20252026,2025-10-23
home,13,FLA,8475683,S. Bobrovsky,72,11/14,1/3,0/0,12/17,0.7059,3,2,0,0,5,56:18,True,L,17,12,2025020114,20252026,2025-10-23
away,17,DET,8476434,J. Gibson,36,0/0,0/0,0/0,0/0,,0,0,0,0,0,00:00,False,,0,0,2025020115,20252026,2025-10-23
away,17,DET,8475660,C. Talbot,39,16/23,6/6,1/1,23/30,0.7667,7,0,0,0,7,59:36,True,L,30,23,2025020115,20252026,2025-10-23
home,2,NYI,8478009,I. Sorokin,30,0/0,0/0,0/0,0/0,,0,0,0,0,0,00:00,False,,0,0,2025020115,20252026,2025-10-23
home,2,NYI,8479496,D. Rittich,33,23/24,9/10,0/0,32/34,0.9412,1,1,0,0,2,59:44,True,W,34,32,2025020115,20252026,2025-10-23
away,28,SJS,8482137,Y. Askarov,30,0/0,0/0,0/0,0/0,,0,0,0,0,0,00:00,False,,0,0,2025020116,20252026,2025-10-23
away,28,SJS,8477968,A. Nedeljkovic,33,17/20,5/6,1/2,23/28,0.8214,3,1,1,0,5,61:14,True,W,28,23,2025020116,20252026,2025-10-23
home,3,NYR,8478048,I. Shesterkin,31,13/18,5/6,0/0,18/24,0.75,5,1,0,0,6,61:38,True,O,24,18,2025020116,20252026,2025-10-23
home,3,NYR,8471734,J. Quick,32,0/0,0/0,0/0,0/0,,0,0,0,0,0,00:00,False,,0,0,2025020116,20252026,2025-10-23
away,68,UTA,8477970,V. Vanecek,41,0/0,0/0,0/0,0/0,,0,0,0,0,0,00:00,False,,0,0,2025020117,20252026,2025-10-23
away,68,UTA,8478872,K. Vejmelka,70,13/16,3/4,0/0,16/20,0.8,3,1,0,0,4,60:00,True,W,20,16,2025020117,20252026,2025-10-23
home,19,STL,8480981,J. Hofer,30,3/6,0/0,0/0,3/6,0.5,3,0,0,0,3,07:57,True,,6,3,2025020117,20252026,2025-10-23
home,19,STL,8476412,J. Binnington,50,9/10,3/5,3/3,15/18,0.8333,1,2,0,0,3,51:05,False,L,18,15,2025020117,20252026,2025-10-23
away,23,VAN,8480947,K. Lankinen,32,0/0,0/0,0/0,0/0,,0,0,0,0,0,00:00,False,,0,0,2025020118,20252026,2025-10-23
away,23,VAN,8477967,T. Demko,35,29/30,3/3,1/2,33/35,0.9429,1,0,1,0,2,57:42,True,L,35,33,2025020118,20252026,2025-10-23
home,18,NSH,8481020,J. Annunen,29,0/0,0/0,0/0,0/0,,0,0,0,0,0,00:00,False,,0,0,2025020118,20252026,2025-10-23
home,18,NSH,8477424,J. Saros,74,15/16,4/4,2/2,21/22,0.9545,1,0,0,0,1,60:00,True,W,22,21,2025020118,20252026,2025-10-23
away,26,LAK,8476341,A. Forsberg,31,0/0,0/0,0/0,0/0,,0,0,0,0,0,00:00,False,,0,0,2025020119,20252026,2025-10-23
away,26,LAK,8475311,D. Kuemper,35,23/23,4/6,2/2,29/31,0.9355,0,2,0,2,2,60:37,True,W,31,29,2025020119,20252026,2025-10-23
home,25,DAL,8479193,C. DeSmith,1,0/0,0/0,0/0,0/0,,0,0,0,0,0,00:00,False,,0,0,2025020119,20252026,2025-10-23
home,25,DAL,8479979,J. Oettinger,29,17/19,4/5,1/1,22/25,0.88,2,1,0,0,3,60:04,True,O,25,22,2025020119,20252026,2025-10-23
away,55,SEA,8476899,M. Murray,30,0/0,0/0,0/0,0/0,,0,0,0,0,0,00:00,False,,0,0,2025020120,20252026,2025-10-23
away,55,SEA,8478916,J. Daccord,35,31/31,1/1,0/0,32/32,1.0,0,0,0,0,0,60:00,True,W,32,32,2025020120,20252026,2025-10-23
home,52,WPG,8477480,E. Comrie,1,0/0,0/0,0/0,0/0,,0,0,0,0,0,00:00,False,,0,0,2025020120,20252026,2025-10-23
home,52,WPG,8476945,C. Hellebuyck,37,25/26,0/0,0/0,25/26,0.9615,1,0,0,0,1,59:36,True,L,26,25,2025020120,20252026,2025-10-23
away,12,CAR,8475883,F. Andersen,31,29/32,11/12,4/4,44/48,0.9167,3,1,0,0,4,65:00,True,W,48,44,2025020121,20252026,2025-10-23
away,12,CAR,8483548,B. Bussi,32,0/0,0/0,0/0,0/0,,0,0,0,0,0,00:00,False,,0,0,2025020121,20252026,2025-10-23
home,21,COL,8475809,S. Wedgewood,41,7/10,0/0,0/1,7/11,0.6364,3,0,1,0,4,13:40,True,,11,7,2025020121,20252026,2025-10-23
home,21,COL,8481529,T. Miner,50,11/11,8/8,1/1,20/20,1.0,0,0,0,0,0,51:20,False,O,20,20,2025020121,20252026,2025-10-23
away,8,MTL,8478470,S. Montembeault,35,18/22,5/7,0/0,23/29,0.7931,4,2,0,0,6,59:33,True,L,29,23,2025020122,20252026,2025-10-23
away,8,MTL,8482487,J. Dobes,75,0/0,0/0,0/0,0/0,,0,0,0,0,0,00:00,False,,0,0,2025020122,20252026,2025-10-23
home,22,EDM,8475717,C. Pickard,30,21/26,1/1,0/0,22/27,0.8148,5,0,0,0,5,60:00,True,W,27,22,2025020122,20252026,2025-10-23
home,22,EDM,8479973,S. Skinner,74,0/0,0/0,0/0,0/0,,0,0,0,0,0,00:00,False,,0,0,2025020122,20252026,2025-10-23
away,10,TOR,8480051,C. Primeau,30,0/0,0/0,0/0,0/0,,0,0,0,0,0,00:00,False,,0,0,2025020123,20252026,2025-10-24
away,10,TOR,8476932,A. Stolarz,41,22/26,0/0,3/4,25/30,0.8333,4,0,1,0,5,57:09,True,L,30,25,2025020123,20252026,2025-10-24
home,7,BUF,8480045,U. Luukkonen,1,0/0,0/0,0/0,0/0,,0,0,0,0,0,00:00,False,,0,0,2025020123,20252026,2025-10-24
home,7,BUF,8479312,A. Lyon,34,24/26,6/7,1/1,31/34,0.9118,2,1,0,0,3,60:00,True,W,34,31,2025020123,20252026,2025-10-24
away,28,SJS,8482137,Y. Askarov,30,15/15,11/13,0/0,26/28,0.9286,0,2,0,0,2,58:15,True,L,28,26,2025020124,20252026,2025-10-24
away,28,SJS,8477968,A. Nedeljkovic,33,0/0,0/0,0/0,0/0,,0,0,0,0,0,00:00,False,,0,0,2025020124,20252026,2025-10-24
home,1,NJD,8474596,J. Allen,34,9/9,7/8,0/0,16/17,0.9412,0,1,0,0,1,59:51,True,W,17,16,2025020124,20252026,2025-10-24
home,1,NJD,8482076,N. Daws,50,0/0,0/0,0/0,0/0,,0,0,0,0,0,00:00,False,,0,0,2025020124,20252026,2025-10-24
away,15,WSH,8480313,L. Thompson,48,29/30,4/4,1/1,34/35,0.9714,1,0,0,0,1,60:00,True,W,35,34,2025020125,20252026,2025-10-24
away,15,WSH,8479292,C. Lindgren,79,0/0,0/0,0/0,0/0,,0,0,0,0,0,00:00,False,,0,0,2025020125,20252026,2025-10-24
home,29,CBJ,8482982,J. Greaves,73,17/20,8/10,0/0,25/30,0.8333,3,2,0,0,5,59:37,True,L,30,25,2025020125,20252026,2025-10-24
home,29,CBJ,8478007,E. Merzlikins,90,0/0,0/0,0/0,0/0,,0,0,0,0,0,00:00,False,,0,0,2025020125,20252026,2025-10-24
away,20,CGY,8482445,D. Cooley,1,0/0,0/0,0/0,0/0,,0,0,0,0,0,00:00,False,,0,0,2025020126,20252026,2025-10-24
away,20,CGY,8481692,D. Wolf,32,17/19,8/10,2/2,27/31,0.871,2,2,0,0,4,58:29,True,L,31,27,2025020126,20252026,2025-10-24
home,52,WPG,8477480,E. Comrie,1,22/24,7/8,1/1,30/33,0.9091,2,1,0,0,3,60:00,True,W,33,30,2025020126,20252026,2025-10-24
home,52,WPG,8476945,C. Hellebuyck,37,0/0,0/0,0/0,0/0,,0,0,0,0,0,00:00,False,,0,0,2025020126,20252026,2025-10-24
away,2,NYI,8478009,I. Sorokin,30,19/21,4/5,0/0,23/26,0.8846,2,1,0,0,3,65:00,True,O,26,23,2025020127,20252026,2025-10-25
away,2,NYI,8479496,D. Rittich,33,0/0,0/0,0/0,0/0,,0,0,0,0,0,00:00,False,,0,0,2025020127,20252026,2025-10-25
home,4,PHI,8481035,S. Ersson,33,20/22,3/3,0/1,23/26,0.8846,2,0,1,0,3,65:00,True,W,26,23,2025020127,20252026,2025-10-25
home,4,PHI,8478435,D. Vladar,80,0/0,0/0,0/0,0/0,,0,0,0,0,0,00:00,False,,0,0,2025020127,20252026,2025-10-25
away,21,COL,8475809,S. Wedgewood,41,10/13,6/6,0/0,16/19,0.8421,3,0,0,0,3,57:30,True,L,19,16,2025020128,20252026,2025-10-25
away,21,COL,8481529,T. Miner,50,0/0,0/0,0/0,0/0,,0,0,0,0,0,00:00,False,,0,0,2025020128,20252026,2025-10-25
home,6,BOS,8480280,J. Swayman,1,24/26,5/5,2/2,31/33,0.9394,2,0,0,0,2,59:30,True,W,33,31,2025020128,20252026,2025-10-25
home,6,BOS,8476914,J. Korpisalo,70,0/0,0/0,0/0,0/0,,0,0,0,0,0,00:00,False,,0,0,2025020128,20252026,2025-10-25
away,24,ANA,8480843,L. Dostal,1,20/23,9/10,0/0,29/33,0.8788,3,1,0,0,4,60:00,True,L,33,29,2025020129,20252026,2025-10-25
away,24,ANA,8475852,P. Mrazek,34,0/0,0/0,0/0,0/0,,0,0,0,0,0,00:00,False,,0,0,2025020129,20252026,2025-10-25
home,14,TBL,8477992,J. Johansson,31,29/32,5/5,3/3,37/40,0.925,3,0,0,0,3,60:00,True,W,40,37,2025020129,20252026,2025-10-25
home,14,TBL,8476883,A. Vasilevskiy,88,0/0,0/0,0/0,0/0,,0,0,0,0,0,00:00,False,,0,0,2025020129,20252026,2025-10-25
away,54,VGK,8482761,C. Lindbom,30,0/0,0/0,0/0,0/0,,0,0,0,0,0,00:00,False,,0,0,2025020130,20252026,2025-10-25
away,54,VGK,8481033,A. Schmid,40,21/24,2/2,0/0,23/26,0.8846,3,0,0,0,3,60:00,True,L,26,23,2025020130,20252026,2025-10-25
home,13,FLA,8480193,D. Tarasov,40,0/0,0/0,0/0,0/0,,0,0,0,0,0,00:00,False,,0,0,2025020130,20252026,2025-10-25
home,13,FLA,8475683,S. Bobrovsky,72,17/17,0/0,0/0,17/17,1.0,0,0,0,0,0,59:48,True,W,17,17,2025020130,20252026,2025-10-25
away,68,UTA,8477970,V. Vanecek,41,0/0,0/0,0/0,0/0,,0,0,0,0,0,00:00,False,,0,0,2025020131,20252026,2025-10-25
away,68,UTA,8478872,K. Vejmelka,70,21/22,12/13,0/0,33/35,0.9429,1,1,0,0,2,60:00,True,W,35,33,2025020131,20252026,2025-10-25
home,30,MIN,8482661,J. Wallstedt,30,0/0,0/0,0/0,0/0,,0,0,0,0,0,00:00,False,,0,0,2025020131,20252026,2025-10-25
home,30,MIN,8479406,F. Gustavsson,32,33/37,2/3,0/0,35/40,0.875,4,1,0,0,5,57:54,True,L,40,35,2025020131,20252026,2025-10-25
away,7,BUF,8480045,U. Luukkonen,1,14/18,4/4,1/1,19/23,0.8261,4,0,0,0,4,61:28,True,O,23,19,2025020132,20252026,2025-10-25
away,7,BUF,8479312,A. Lyon,34,0/0,0/0,0/0,0/0,,0,0,0,0,0,00:00,False,,0,0,2025020132,20252026,2025-10-25
home,10,TOR,8480051,C. Primeau,30,17/19,6/7,0/0,23/26,0.8846,2,1,0,0,3,61:28,True,W,26,23,2025020132,20252026,2025-10-25
home,10,TOR,8483710,D. Hildeby,35,0/0,0/0,0/0,0/0,,0,0,0,0,0,00:00,False,,0,0,2025020132,20252026,2025-10-25
away,19,STL,8480981,J. Hofer,30,0/0,0/0,0/0,0/0,,0,0,0,0,0,00:00,False,,0,0,2025020133,20252026,2025-10-25
away,19,STL,8476412,J. Binnington,50,20/24,2/3,0/0,22/27,0.8148,4,1,0,0,5,59:43,True,L,27,22,2025020133,20252026,2025-10-25
home,17,DET,8476434,J. Gibson,36,20/22,5/7,0/0,25/29,0.8621,2,2,0,0,4,60:00,True,W,29,25,2025020133,20252026,2025-10-25
home,17,DET,8475660,C. Talbot,39,0/0,0/0,0/0,0/0,,0,0,0,0,0,00:00,False,,0,0,2025020133,20252026,2025-10-25
away,29,CBJ,8482982,J. Greaves,73,0/0,0/0,0/0,0/0,,0,0,0,0,0,00:00,False,,0,0,2025020134,20252026,2025-10-25
away,29,CBJ,8478007,E. Merzlikins,90,16/19,11/12,0/0,27/31,0.871,3,1,0,0,4,64:38,True,W,31,27,2025020134,20252026,2025-10-25
home,5,PIT,8477465,T. Jarry,35,0/0,0/0,0/0,0/0,,0,0,0,0,0,00:00,False,,0,0,2025020134,20252026,2025-10-25
home,5,PIT,8481668,A. Silovs,37,36/40,1/1,0/0,37/41,0.9024,4,0,0,0,4,64:57,True,O,41,37,2025020134,20252026,2025-10-25
away,9,OTT,8482447,L. Meriläinen,1,0/0,0/0,0/0,0/0,,0,0,0,0,0,00:00,False,,0,0,2025020135,20252026,2025-10-25
away,9,OTT,8476999,L. Ullmark,35,11/12,0/0,1/1,12/13,0.9231,1,0,0,2,1,59:15,True,W,13,12,2025020135,20252026,2025-10-25
home,15,WSH,8480313,L. Thompson,48,0/0,0/0,0/0,0/0,,0,0,0,0,0,00:00,False,,0,0,2025020135,20252026,2025-10-25
home,15,WSH,8479292,C. Lindgren,79,22/26,4/7,1/1,27/34,0.7941,4,3,0,2,7,59:55,True,L,34,27,2025020135,20252026,2025-10-25
away,8,MTL,8478470,S. Montembeault,35,0/0,0/0,0/0,0/0,,0,0,0,0,0,00:00,False,,0,0,2025020136,20252026,2025-10-25
away,8,MTL,8482487,J. Dobes,75,26/28,2/3,0/0,28/31,0.9032,2,1,0,0,3,60:00,True,W,31,28,2025020136,20252026,2025-10-25
home,23,VAN,8480947,K. Lankinen,32,18/20,1/3,1/1,20/24,0.8333,2,2,0,0,4,57:13,True,L,24,20,2025020136,20252026,2025-10-25
home,23,VAN,8477967,T. Demko,35,0/0,0/0,0/0,0/0,,0,0,0,0,0,00:00,False,,0,0,2025020136,20252026,2025-10-25
away,26,LAK,8476341,A. Forsberg,31,0/0,0/0,0/0,0/0,,0,0,0,0,0,00:00,False,,0,0,2025020137,20252026,2025-10-25
away,26,LAK,8475311,D. Kuemper,35,15/19,6/6,0/0,21/25,0.84,4,0,0,0,4,65:00,True,O,25,21,2025020137,20252026,2025-10-25
home,18,NSH,8481020,J. Annunen,29,0/0,0/0,0/0,0/0,,0,0,0,0,0,00:00,False,,0,0,2025020137,20252026,2025-10-25
home,18,NSH,8477424,J. Saros,74,32/36,3/3,1/1,36/40,0.9,4,0,0,0,4,65:00,True,W,40,36,2025020137,20252026,2025-10-25
away,12,CAR,8475883,F. Andersen,31,0/0,0/0,0/0,0/0,,0,0,0,0,0,00:00,False,,0,0,2025020138,20252026,2025-10-25
away,12,CAR,8483548,B. Bussi,32,26/27,5/7,0/0,31/34,0.9118,1,2,0,0,3,58:08,True,L,34,31,2025020138,20252026,2025-10-25
home,25,DAL,8479193,C. DeSmith,1,0/0,0/0,0/0,0/0,,0,0,0,0,0,00:00,False,,0,0,2025020138,20252026,2025-10-25
home,25,DAL,8479979,J. Oettinger,29,21/23,5/5,0/0,26/28,0.9286,2,0,0,0,2,60:00,True,W,28,26,2025020138,20252026,2025-10-25
away,22,EDM,8475717,C. Pickard,30,0/0,0/0,0/0,0/0,,0,0,0,0,0,00:00,False,,0,0,2025020139,20252026,2025-10-25
away,22,EDM,8479973,S. Skinner,74,16/19,4/4,0/0,20/23,0.8696,3,0,0,0,3,58:21,True,L,23,20,2025020139,20252026,2025-10-25
home,55,SEA,8476899,M. Murray,30,0/0,0/0,0/0,0/0,,0,0,0,0,0,00:00,False,,0,0,2025020139,20252026,2025-10-25
home,55,SEA,8478916,J. Daccord,35,30/31,1/2,0/0,31/33,0.9394,1,1,0,0,2,60:00,True,W,33,31,2025020139,20252026,2025-10-25
away,21,COL,8475809,S. Wedgewood,41,0/0,0/0,0/0,0/0,,0,0,0,0,0,00:00,False,,0,0,2025020140,20252026,2025-10-26
away,21,COL,8481529,T. Miner,50,20/24,0/0,0/0,20/24,0.8333,4,0,0,0,4,61:53,True,O,24,20,2025020140,20252026,2025-10-26
home,1,NJD,8474593,J. Markstrom,25,0/0,0/0,0/0,0/0,,0,0,0,0,0,00:00,False,,0,0,2025020140,20252026,2025-10-26
home,1,NJD,8474596,J. Allen,34,18/21,3/3,0/0,21/24,0.875,3,0,0,0,3,61:53,True,W,24,21,2025020140,20252026,2025-10-26
away,54,VGK,8482761,C. Lindbom,30,17/19,9/9,0/0,26/28,0.9286,2,0,0,0,2,60:32,True,O,28,26,2025020141,20252026,2025-10-26
away,54,VGK,8481033,A. Schmid,40,0/0,0/0,0/0,0/0,,0,0,0,0,0,00:00,False,,0,0,2025020141,20252026,2025-10-26
home,14,TBL,8477992,J. Johansson,31,0/0,0/0,0/0,0/0,,0,0,0,0,0,00:00,False,,0,0,2025020141,20252026,2025-10-26
home,14,TBL,8476883,A. Vasilevskiy,88,12/13,5/5,1/1,18/19,0.9474,1,0,0,0,1,60:32,True,W,19,18,2025020141,20252026,2025-10-26
away,28,SJS,8482137,Y. Askarov,30,22/25,6/8,0/0,28/33,0.8485,3,2,0,0,5,63:47,True,W,33,28,2025020142,20252026,2025-10-26
away,28,SJS,8477968,A. Nedeljkovic,33,0/0,0/0,0/0,0/0,,0,0,0,0,0,00:00,False,,0,0,2025020142,20252026,2025-10-26
home,30,MIN,8482661,J. Wallstedt,30,15/19,3/5,1/1,19/25,0.76,4,2,0,0,6,63:25,True,O,25,19,2025020142,20252026,2025-10-26
home,30,MIN,8479406,F. Gustavsson,32,0/0,0/0,0/0,0/0,,0,0,0,0,0,00:00,False,,0,0,2025020142,20252026,2025-10-26
away,68,UTA,8477970,V. Vanecek,41,24/25,3/4,1/1,28/30,0.9333,1,1,0,0,2,60:00,True,W,30,28,2025020143,20252026,2025-10-26
away,68,UTA,8478872,K. Vejmelka,70,0/0,0/0,0/0,0/0,,0,0,0,0,0,00:00,False,,0,0,2025020143,20252026,2025-10-26
home,52,WPG,8477480,E. Comrie,1,0/0,0/0,0/0,0/0,,0,0,0,0,0,00:00,False,,0,0,2025020143,20252026,2025-10-26
home,52,WPG,8476945,C. Hellebuyck,37,24/26,4/5,1/1,29/32,0.9062,2,1,0,0,3,59:07,True,L,32,29,2025020143,20252026,2025-10-26
away,26,LAK,8476341,A. Forsberg,31,17/18,4/4,1/1,22/23,0.9565,1,0,0,2,1,59:43,True,W,23,22,2025020144,20252026,2025-10-26
away,26,LAK,8475311,D. Kuemper,35,0/0,0/0,0/0,0/0,,0,0,0,0,0,00:00,False,,0,0,2025020144,20252026,2025-10-26
home,16,CHI,8481519,S. Knight,30,0/0,0/0,0/0,0/0,,0,0,0,0,0,00:00,False,,0,0,2025020144,20252026,2025-10-26
home,16,CHI,8482821,A. Soderblom,40,17/19,1/1,1/1,19/21,0.9048,2,0,0,0,2,58:10,True,L,21,19,2025020144,20252026,2025-10-26
away,25,DAL,8479193,C. DeSmith,1,19/20,3/4,1/1,23/25,0.92,1,1,0,0,2,60:00,True,W,25,23,2025020145,20252026,2025-10-26
away,25,DAL,8479979,J. Oettinger,29,0/0,0/0,0/0,0/0,,0,0,0,0,0,00:00,False,,0,0,2025020145,20252026,2025-10-26
home,18,NSH,8481020,J. Annunen,29,18/20,7/8,0/0,25/28,0.8929,2,1,0,0,3,58:03,True,L,28,25,2025020145,20252026,2025-10-26
home,18,NSH,8477424,J. Saros,74,0/0,0/0,0/0,0/0,,0,0,0,0,0,00:00,False,,0,0,2025020145,20252026,2025-10-26
away,3,NYR,8478048,I. Shesterkin,31,20/24,5/5,0/1,25/30,0.8333,4,0,1,0,5,60:00,True,L,30,25,2025020146,20252026,2025-10-26
away,3,NYR,8471734,J. Quick,32,0/0,0/0,0/0,0/0,,0,0,0,0,0,00:00,False,,0,0,2025020146,20252026,2025-10-26
home,20,CGY,8482445,D. Cooley,1,0/0,0/0,0/0,0/0,,0,0,0,0,0,00:00,False,,0,0,2025020146,20252026,2025-10-26
home,20,CGY,8481692,D. Wolf,32,27/28,2/2,1/1,30/31,0.9677,1,0,0,0,1,60:00,True,W,31,30,2025020146,20252026,2025-10-26
away,22,EDM,8475717,C. Pickard,30,18/21,3/4,2/2,23/27,0.8519,3,1,0,0,4,61:43,True,O,27,23,2025020147,20252026,2025-10-26
away,22,EDM,8479973,S. Skinner,74,0/0,0/0,0/0,0/0,,0,0,0,0,0,00:00,False,,0,0,2025020147,20252026,2025-10-26
home,23,VAN,8480947,K. Lankinen,32,0/0,0/0,0/0,0/0,,0,0,0,0,0,00:00,False,,0,0,2025020147,20252026,2025-10-26
home,23,VAN,8477967,T. Demko,35,25/27,1/2,0/0,26/29,0.8966,2,1,0,0,3,61:43,True,W,29,26,2025020147,20252026,2025-10-26
away,19,STL,8480981,J. Hofer,30,20/25,0/0,0/0,20/25,0.8,5,0,0,0,5,59:53,True,L,25,20,2025020148,20252026,2025-10-27
away,19,STL,8476412,J. Binnington,50,0/0,0/0,0/0,0/0,,0,0,0,0,0,00:00,False,,0,0,2025020148,20252026,2025-10-27
home,5,PIT,8477465,T. Jarry,35,21/24,4/4,0/0,25/28,0.8929,3,0,0,0,3,59:15,True,W,28,25,2025020148,20252026,2025-10-27
home,5,PIT,8481668,A. Silovs,37,0/0,0/0,0/0,0/0,,0,0,0,0,0,00:00,False,,0,0,2025020148,20252026,2025-10-27
away,6,BOS,8480280,J. Swayman,1,14/17,1/5,1/1,16/23,0.6957,3,4,0,0,7,59:57,True,L,23,16,2025020149,20252026,2025-10-27
away,6,BOS,8476914,J. Korpisalo,70,0/0,0/0,0/0,0/0,,0,0,0,0,0,00:00,False,,0,0,2025020149,20252026,2025-10-27
home,9,OTT,8482447,L. Meriläinen,1,23/25,1/1,2/2,26/28,0.9286,2,0,0,0,2,60:00,True,W,28,26,2025020149,20252026,2025-10-27
home,9,OTT,8482411,H. Shepard,31,0/0,0/0,0/0,0/0,,0,0,0,0,0,00:00,False,,0,0,2025020149,20252026,2025-10-27
away,5,PIT,8477465,T. Jarry,35,0/0,0/0,0/0,0/0,,0,0,0,0,0,00:00,False,,0,0,2025020150,20252026,2025-10-28
away,5,PIT,8481668,A. Silovs,37,26/27,2/3,4/4,32/34,0.9412,1,1,0,0,2,65:00,True,O,34,32,2025020150,20252026,2025-10-28
home,4,PHI,8481035,S. Ersson,33,17/19,7/7,0/0,24/26,0.9231,2,0,0,0,2,64:44,True,W,26,24,2025020150,20252026,2025-10-28
home,4,PHI,8478435,D. Vladar,80,0/0,0/0,0/0,0/0,,0,0,0,0,0,00:00,False,,0,0,2025020150,20252026,2025-10-28
away,20,CGY,8482445,D. Cooley,1,0/0,0/0,0/0,0/0,,0,0,0,0,0,00:00,False,,0,0,2025020151,20252026,2025-10-28
away,20,CGY,8481692,D. Wolf,32,23/26,9/10,1/1,33/37,0.8919,3,1,0,0,4,58:34,True,L,37,33,2025020151,20252026,2025-10-28
home,10,TOR,8480051,C. Primeau,30,0/0,0/0,0/0,0/0,,0,0,0,0,0,00:00,False,,0,0,2025020151,20252026,2025-10-28
home,10,TOR,8476932,A. Stolarz,41,22/25,4/4,0/0,26/29,0.8966,3,0,0,0,3,60:00,True,W,29,26,2025020151,20252026,2025-10-28
away,29,CBJ,8482982,J. Greaves,73,32/35,3/3,0/0,35/38,0.9211,3,0,0,0,3,62:53,True,W,38,35,2025020152,20252026,2025-10-28
away,29,CBJ,8478007,E. Merzlikins,90,0/0,0/0,0/0,0/0,,0,0,0,0,0,00:00,False,,0,0,2025020152,20252026,2025-10-28
home,7,BUF,8480045,U. Luukkonen,1,0/0,0/0,0/0,0/0,,0,0,0,0,0,00:00,False,,0,0,2025020152,20252026,2025-10-28
home,7,BUF,8479312,A. Lyon,34,35/38,0/1,0/0,35/39,0.8974,3,1,0,0,4,62:53,True,O,39,35,2025020152,20252026,2025-10-28
away,24,ANA,8480843,L. Dostal,1,20/22,10/10,1/1,31/33,0.9394,2,0,0,0,2,64:21,True,W,33,31,2025020153,20252026,2025-10-28
away,24,ANA,8475852,P. Mrazek,34,0/0,0/0,0/0,0/0,,0,0,0,0,0,00:00,False,,0,0,2025020153,20252026,2025-10-28
home,13,FLA,8480193,D. Tarasov,40,7/7,6/7,2/3,15/17,0.8824,0,1,1,0,2,64:44,True,O,17,15,2025020153,20252026,2025-10-28
home,13,FLA,8475683,S. Bobrovsky,72,0/0,0/0,0/0,0/0,,0,0,0,0,0,00:00,False,,0,0,2025020153,20252026,2025-10-28
away,2,NYI,8478009,I. Sorokin,30,13/15,4/6,0/0,17/21,0.8095,2,2,0,0,4,58:58,True,L,21,17,2025020154,20252026,2025-10-28
away,2,NYI,8479496,D. Rittich,33,0/0,0/0,0/0,0/0,,0,0,0,0,0,00:00,False,,0,0,2025020154,20252026,2025-10-28
home,6,BOS,8480280,J. Swayman,1,0/0,0/0,0/0,0/0,,0,0,0,0,0,00:00,False,,0,0,2025020154,20252026,2025-10-28
home,6,BOS,8476914,J. Korpisalo,70,19/21,12/12,2/2,33/35,0.9429,2,0,0,0,2,60:00,True,W,35,33,2025020154,20252026,2025-10-28
away,54,VGK,8482761,C. Lindbom,30,0/0,0/0,0/0,0/0,,0,0,0,0,0,00:00,False,,0,0,2025020155,20252026,2025-10-28
away,54,VGK,8481033,A. Schmid,40,19/21,0/1,2/2,21/24,0.875,2,1,0,0,3,59:49,True,W,24,21,2025020155,20252026,2025-10-28
home,12,CAR,8475883,F. Andersen,31,25/29,4/5,0/0,29/34,0.8529,4,1,0,0,5,58:29,True,L,34,29,2025020155,20252026,2025-10-28
home,12,CAR,8483548,B. Bussi,32,0/0,0/0,0/0,0/0,,0,0,0,0,0,00:00,False,,0,0,2025020155,20252026,2025-10-28
away,14,TBL,8477992,J. Johansson,31,0/0,0/0,0/0,0/0,,0,0,0,0,0,00:00,False,,0,0,2025020156,20252026,2025-10-28
away,14,TBL,8476883,A. Vasilevskiy,88,9/10,7/8,2/2,18/20,0.9,1,1,0,0,2,59:49,True,W,20,18,2025020156,20252026,2025-10-28
home,18,NSH,8481020,J. Annunen,29,0/0,0/0,0/0,0/0,,0,0,0,0,0,00:00,False,,0,0,2025020156,20252026,2025-10-28
home,18,NSH,8477424,J. Saros,74,22/26,5/5,0/0,27/31,0.871,4,0,0,0,4,57:30,True,L,31,27,2025020156,20252026,2025-10-28
away,52,WPG,8477480,E. Comrie,1,0/0,0/0,0/0,0/0,,0,0,0,0,0,00:00,False,,0,0,2025020157,20252026,2025-10-28
away,52,WPG,8476945,C. Hellebuyck,37,30/32,2/3,0/0,32/35,0.9143,2,1,0,0,3,60:45,True,W,35,32,2025020157,20252026,2025-10-28
home,30,MIN,8482661,J. Wallstedt,30,0/0,0/0,0/0,0/0,,0,0,0,0,0,00:00,False,,0,0,2025020157,20252026,2025-10-28
home,30,MIN,8479406,F. Gustavsson,32,17/21,0/0,0/0,17/21,0.8095,4,0,0,0,4,60:46,True,O,21,17,2025020157,20252026,2025-10-28
away,17,DET,8476434,J. Gibson,36,17/19,3/3,0/0,20/22,0.9091,2,0,0,0,2,60:00,True,W,22,20,2025020158,20252026,2025-10-28
away,17,DET,8475660,C. Talbot,39,0/0,0/0,0/0,0/0,,0,0,0,0,0,00:00,False,,0,0,2025020158,20252026,2025-10-28
home,19,STL,8480981,J. Hofer,30,0/0,0/0,0/0,0/0,,0,0,0,0,0,00:00,False,,0,0,2025020158,20252026,2025-10-28
home,19,STL,8476412,J. Binnington,50,13/16,0/1,2/2,15/19,0.7895,3,1,0,0,4,56:43,True,L,19,15,2025020158,20252026,2025-10-28
away,15,WSH,8480313,L. Thompson,48,11/11,7/8,0/0,18/19,0.9474,0,1,0,0,1,58:14,True,L,19,18,2025020159,20252026,2025-10-28
away,15,WSH,8479292,C. Lindgren,79,0/0,0/0,0/0,0/0,,0,0,0,0,0,00:00,False,,0,0,2025020159,20252026,2025-10-28
home,25,DAL,8479193,C. DeSmith,1,0/0,0/0,0/0,0/0,,0,0,0,0,0,00:00,False,,0,0,2025020159,20252026,2025-10-28
home,25,DAL,8479979,J. Oettinger,29,21/21,2/2,1/1,24/24,1.0,0,0,0,0,0,60:00,True,W,24,24,2025020159,20252026,2025-10-28
away,9,OTT,8482447,L. Meriläinen,1,0/0,0/0,0/0,0/0,,0,0,0,0,0,00:00,False,,0,0,2025020160,20252026,2025-10-28
away,9,OTT,8476999,L. Ullmark,35,19/24,0/1,0/0,19/25,0.76,5,1,0,0,6,59:09,True,L,25,19,2025020160,20252026,2025-10-28
home,16,CHI,8481519,S. Knight,30,16/19,5/5,0/0,21/24,0.875,3,0,0,0,3,60:00,True,W,24,21,2025020160,20252026,2025-10-28
home,16,CHI,8482821,A. Soderblom,40,0/0,0/0,0/0,0/0,,0,0,0,0,0,00:00,False,,0,0,2025020160,20252026,2025-10-28
away,1,NJD,8474593,J. Markstrom,25,27/31,6/10,1/1,34/42,0.8095,4,4,0,2,8,59:48,True,L,42,34,2025020161,20252026,2025-10-28
away,1,NJD,8474596,J. Allen,34,0/0,0/0,0/0,0/0,,0,0,0,0,0,00:00,False,,0,0,2025020161,20252026,2025-10-28
home,21,COL,8478406,M. Blackwood,39,0/0,0/0,0/0,0/0,,0,0,0,0,0,00:00,False,,0,0,2025020161,20252026,2025-10-28
home,21,COL,8475809,S. Wedgewood,41,20/24,6/6,0/0,26/30,0.8667,4,0,0,0,4,59:39,True,W,30,26,2025020161,20252026,2025-10-28
away,68,UTA,8477970,V. Vanecek,41,0/0,0/0,0/0,0/0,,0,0,0,0,0,00:00,False,,0,0,2025020162,20252026,2025-10-28
away,68,UTA,8478872,K. Vejmelka,70,16/21,2/2,0/0,18/23,0.7826,5,0,0,0,5,58:55,True,L,23,18,2025020162,20252026,2025-10-28
home,22,EDM,8475717,C. Pickard,30,0/0,0/0,0/0,0/0,,0,0,0,0,0,00:00,False,,0,0,2025020162,20252026,2025-10-28
home,22,EDM,8479973,S. Skinner,74,16/19,4/4,0/0,20/23,0.8696,3,0,0,0,3,59:59,True,W,23,20,2025020162,20252026,2025-10-28
away,3,NYR,8478048,I. Shesterkin,31,0/0,0/0,0/0,0/0,,0,0,0,0,0,00:00,False,,0,0,2025020163,20252026,2025-10-28
away,3,NYR,8471734,J. Quick,32,18/18,3/3,2/2,23/23,1.0,0,0,0,0,0,60:00,True,W,23,23,2025020163,20252026,2025-10-28
home,23,VAN,8480947,K. Lankinen,32,0/0,0/0,0/0,0/0,,0,0,0,0,0,00:00,False,,0,0,2025020163,20252026,2025-10-28
home,23,VAN,8477967,T. Demko,35,19/20,3/3,1/1,23/24,0.9583,1,0,0,0,1,57:19,True,L,24,23,2025020163,20252026,2025-10-28
away,8,MTL,8478470,S. Montembeault,35,0/0,0/0,0/0,0/0,,0,0,0,0,0,00:00,False,,0,0,2025020164,20252026,2025-10-28
away,8,MTL,8482487,J. Dobes,75,14/16,4/5,0/0,18/21,0.8571,2,1,0,0,3,60:44,True,W,21,18,2025020164,20252026,2025-10-28
home,55,SEA,8475831,P. Grubauer,31,0/0,0/0,0/0,0/0,,0,0,0,0,0,00:00,False,,0,0,2025020164,20252026,2025-10-28
home,55,SEA,8478916,J. Daccord,35,17/19,0/2,0/0,17/21,0.8095,2,2,0,0,4,59:46,True,O,21,17,2025020164,20252026,2025-10-28
away,26,LAK,8476341,A. Forsberg,31,0/0,0/0,0/0,0/0,,0,0,0,0,0,00:00,False,,0,0,2025020165,20252026,2025-10-28
away,26,LAK,8475311,D. Kuemper,35,23/26,14/14,0/0,37/40,0.925,3,0,0,0,3,60:00,True,W,40,37,2025020165,20252026,2025-10-28
home,28,SJS,8482137,Y. Askarov,30,8/12,2/2,0/0,10/14,0.7143,4,0,0,0,4,57:28,True,L,14,10,2025020165,20252026,2025-10-28
home,28,SJS,8477968,A. Nedeljkovic,33,0/0,0/0,0/0,0/0,,0,0,0,0,0,00:00,False,,0,0,2025020165,20252026,2025-10-28
away,10,TOR,8480051,C. Primeau,30,18/24,0/0,0/0,18/24,0.75,6,0,0,0,6,60:00,True,L,24,18,2025020166,20252026,2025-10-29
away,10,TOR,8476932,A. Stolarz,41,0/0,0/0,0/0,0/0,,0,0,0,0,0,00:00,False,,0,0,2025020166,20252026,2025-10-29
home,29,CBJ,8482982,J. Greaves,73,0/0,0/0,0/0,0/0,,0,0,0,0,0,00:00,False,,0,0,2025020166,20252026,2025-10-29
home,29,CBJ,8478007,E. Merzlikins,90,32/35,1/1,0/0,33/36,0.9167,3,0,0,0,3,60:00,True,W,36,33,2025020166,20252026,2025-10-29
away,7,BUF,8480045,U. Luukkonen,1,0/0,0/0,0/0,0/0,,0,0,0,0,0,00:00,False,,0,0,2025020167,20252026,2025-10-30
away,7,BUF,8479312,A. Lyon,34,16/19,2/3,0/0,18/22,0.8182,3,1,0,0,4,61:33,True,O,22,18,2025020167,20252026,2025-10-30
home,6,BOS,8480280,J. Swayman,1,0/0,0/0,0/0,0/0,,0,0,0,0,0,00:00,False,,0,0,2025020167,20252026,2025-10-30
home,6,BOS,8476914,J. Korpisalo,70,27/29,10/11,0/0,37/40,0.925,2,1,0,0,3,62:07,True,W,40,37,2025020167,20252026,2025-10-30
away,20,CGY,8482445,D. Cooley,1,22/24,11/11,2/3,35/38,0.9211,2,0,1,0,3,64:12,True,O,38,35,2025020168,20252026,2025-10-30
away,20,CGY,8481692,D. Wolf,32,0/0,0/0,0/0,0/0,,0,0,0,0,0,00:00,False,,0,0,2025020168,20252026,2025-10-30
home,9,OTT,8482447,L. Meriläinen,1,0/0,0/0,0/0,0/0,,0,0,0,0,0,00:00,False,,0,0,2025020168,20252026,2025-10-30
home,9,OTT,8476999,L. Ullmark,35,19/20,5/7,2/2,26/29,0.8966,1,2,0,0,3,65:00,True,W,29,26,2025020168,20252026,2025-10-30
away,25,DAL,8479193,C. DeSmith,1,0/0,0/0,0/0,0/0,,0,0,0,0,0,00:00,False,,0,0,2025020169,20252026,2025-10-30
away,25,DAL,8479979,J. Oettinger,29,25/26,6/7,0/0,31/33,0.9394,1,1,0,0,2,62:16,True,O,33,31,2025020169,20252026,2025-10-30
home,14,TBL,8477992,J. Johansson,31,0/0,0/0,0/0,0/0,,0,0,0,0,0,00:00,False,,0,0,2025020169,20252026,2025-10-30
home,14,TBL,8476883,A. Vasilevskiy,88,13/14,5/5,2/2,20/21,0.9524,1,0,0,0,1,62:36,True,W,21,20,2025020169,20252026,2025-10-30
away,18,NSH,8481020,J. Annunen,29,0/0,0/0,0/0,0/0,,0,0,0,0,0,00:00,False,,0,0,2025020170,20252026,2025-10-30
away,18,NSH,8477424,J. Saros,74,14/16,0/1,0/0,14/17,0.8235,2,1,0,0,3,58:31,True,L,17,14,2025020170,20252026,2025-10-30
home,4,PHI,8482783,A. Kolosov,35,0/0,0/0,0/0,0/0,,0,0,0,0,0,00:00,False,,0,0,2025020170,20252026,2025-10-30
home,4,PHI,8478435,D. Vladar,80,30/31,2/2,0/0,32/33,0.9697,1,0,0,0,1,59:52,True,W,33,32,2025020170,20252026,2025-10-30
away,2,NYI,8478009,I. Sorokin,30,0/0,0/0,0/0,0/0,,0,0,0,0,0,00:00,False,,0,0,2025020171,20252026,2025-10-30
away,2,NYI,8479496,D. Rittich,33,21/26,6/6,1/2,28/34,0.8235,5,0,1,0,6,60:00,True,L,34,28,2025020171,20252026,2025-10-30
home,12,CAR,8475883,F. Andersen,31,0/0,0/0,0/0,0/0,,0,0,0,0,0,00:00,False,,0,0,2025020171,20252026,2025-10-30
home,12,CAR,8483548,B. Bussi,32,21/22,5/6,0/0,26/28,0.9286,1,1,0,2,2,60:00,True,W,28,26,2025020171,20252026,2025-10-30
away,23,VAN,8480947,K. Lankinen,32,28/29,6/8,2/2,36/39,0.9231,1,2,0,2,3,65:00,True,W,39,36,2025020172,20252026,2025-10-30
away,23,VAN,8477967,T. Demko,35,0/0,0/0,0/0,0/0,,0,0,0,0,0,00:00,False,,0,0,2025020172,20252026,2025-10-30
home,19,STL,8480981,J. Hofer,30,0/0,0/0,0/0,0/0,,0,0,0,0,0,00:00,False,,0,0,2025020172,20252026,2025-10-30
home,19,STL,8476412,J. Binnington,50,13/15,2/3,0/0,15/18,0.8333,2,1,0,0,3,64:09,True,O,18,15,2025020172,20252026,2025-10-30
away,5,PIT,8477465,T. Jarry,35,23/24,3/3,0/0,26/27,0.963,1,0,0,0,1,60:00,True,W,27,26,2025020173,20252026,2025-10-30
away,5,PIT,8481668,A. Silovs,37,0/0,0/0,0/0,0/0,,0,0,0,0,0,00:00,False,,0,0,2025020173,20252026,2025-10-30
home,30,MIN,8482661,J. Wallstedt,30,0/0,0/0,0/0,0/0,,0,0,0,0,0,00:00,False,,0,0,2025020173,20252026,2025-10-30
home,30,MIN,8479406,F. Gustavsson,32,28/30,0/1,2/2,30/33,0.9091,2,1,0,0,3,59:49,True,L,33,30,2025020173,20252026,2025-10-30
away,16,CHI,8481519,S. Knight,30,18/23,5/6,3/3,26/32,0.8125,5,1,0,0,6,59:39,True,L,32,26,2025020174,20252026,2025-10-30
away,16,CHI,8482821,A. Soderblom,40,0/0,0/0,0/0,0/0,,0,0,0,0,0,00:00,False,,0,0,2025020174,20252026,2025-10-30
home,52,WPG,8477480,E. Comrie,1,0/0,0/0,0/0,0/0,,0,0,0,0,0,00:00,False,,0,0,2025020174,20252026,2025-10-30
home,52,WPG,8476945,C. Hellebuyck,37,17/20,4/4,0/0,21/24,0.875,3,0,0,0,3,60:00,True,W,24,21,2025020174,20252026,2025-10-30
away,3,NYR,8478048,I. Shesterkin,31,26/28,5/6,2/2,33/36,0.9167,2,1,0,0,3,62:49,True,W,36,33,2025020175,20252026,2025-10-30
away,3,NYR,8471734,J. Quick,32,0/0,0/0,0/0,0/0,,0,0,0,0,0,00:00,False,,0,0,2025020175,20252026,2025-10-30
home,22,EDM,8475717,C. Pickard,30,0/0,0/0,0/0,0/0,,0,0,0,0,0,00:00,False,,0,0,2025020175,20252026,2025-10-30
home,22,EDM,8479973,S. Skinner,74,27/31,3/3,1/1,31/35,0.8857,4,0,0,0,4,62:36,True,O,35,31,2025020175,20252026,2025-10-30
away,1,NJD,8474593,J. Markstrom,25,0/0,0/0,0/0,0/0,,0,0,0,0,0,00:00,False,,0,0,2025020176,20252026,2025-10-30
away,1,NJD,8474596,J. Allen,34,19/24,4/4,0/0,23/28,0.8214,5,0,0,0,5,60:00,True,L,28,23,2025020176,20252026,2025-10-30
home,28,SJS,8482137,Y. Askarov,30,0/0,0/0,0/0,0/0,,0,0,0,0,0,00:00,False,,0,0,2025020176,20252026,2025-10-30
home,28,SJS,8477968,A. Nedeljkovic,33,27/27,2/4,0/0,29/31,0.9355,0,2,0,0,2,60:00,True,W,31,29,2025020176,20252026,2025-10-30
away,17,DET,8476434,J. Gibson,36,0/0,0/0,0/0,0/0,,0,0,0,0,0,00:00,False,,0,0,2025020177,20252026,2025-10-30
away,17,DET,8475660,C. Talbot,39,23/25,10/10,3/4,36/39,0.9231,2,0,1,0,3,64:48,True,W,39,36,2025020177,20252026,2025-10-30
home,26,LAK,8476341,A. Forsberg,31,0/0,0/0,0/0,0/0,,0,0,0,0,0,00:00,False,,0,0,2025020177,20252026,2025-10-30
home,26,LAK,8475311,D. Kuemper,35,23/24,1/3,0/0,24/27,0.8889,1,2,0,0,3,63:36,True,O,27,24,2025020177,20252026,2025-10-30
away,21,COL,8478406,M. Blackwood,39,0/0,0/0,0/0,0/0,,0,0,0,0,0,00:00,False,,0,0,2025020178,20252026,2025-10-31
away,21,COL,8475809,S. Wedgewood,41,17/18,4/5,0/0,21/23,0.913,1,1,0,0,2,60:00,True,W,23,21,2025020178,20252026,2025-10-31
home,54,VGK,8482761,C. Lindbom,30,19/22,1/1,2/2,22/25,0.88,3,0,0,0,3,59:39,True,L,25,22,2025020178,20252026,2025-10-31
home,54,VGK,8481033,A. Schmid,40,0/0,0/0,0/0,0/0,,0,0,0,0,0,00:00,False,,0,0,2025020178,20252026,2025-10-31
away,2,NYI,8478009,I. Sorokin,30,17/18,3/3,2/2,22/23,0.9565,1,0,0,0,1,60:00,True,W,23,22,2025020179,20252026,2025-10-31
away,2,NYI,8479496,D. Rittich,33,0/0,0/0,0/0,0/0,,0,0,0,0,0,00:00,False,,0,0,2025020179,20252026,2025-10-31
home,15,WSH,8480313,L. Thompson,48,14/15,5/5,1/2,20/22,0.9091,1,0,1,0,2,59:32,True,L,22,20,2025020179,20252026,2025-10-31
home,15,WSH,8479292,C. Lindgren,79,0/0,0/0,0/0,0/0,,0,0,0,0,0,00:00,False,,0,0,2025020179,20252026,2025-10-31
away,17,DET,8476434,J. Gibson,36,20/22,5/6,2/3,27/31,0.871,2,1,1,0,4,59:45,True,L,31,27,2025020180,20252026,2025-10-31
away,17,DET,8475660,C. Talbot,39,0/0,0/0,0/0,0/0,,0,0,0,0,0,00:00,False,,0,0,2025020180,20252026,2025-10-31
home,24,ANA,8480843,L. Dostal,1,17/18,10/11,1/1,28/30,0.9333,1,1,0,0,2,59:50,True,W,30,28,2025020180,20252026,2025-10-31
home,24,ANA,8475852,P. Mrazek,34,0/0,0/0,0/0,0/0,,0,0,0,0,0,00:00,False,,0,0,2025020180,20252026,2025-10-31
away,12,CAR,8475883,F. Andersen,31,19/21,0/0,1/1,20/22,0.9091,2,0,0,0,2,58:37,True,L,22,20,2025020181,20252026,2025-11-01
away,12,CAR,8483548,B. Bussi,32,0/0,0/0,0/0,0/0,,0,0,0,0,0,00:00,False,,0,0,2025020181,20252026,2025-11-01
home,6,BOS,8480280,J. Swayman,1,25/26,2/2,1/1,28/29,0.9655,1,0,0,0,1,59:34,True,W,29,28,2025020181,20252026,2025-11-01
home,6,BOS,8476914,J. Korpisalo,70,0/0,0/0,0/0,0/0,,0,0,0,0,0,00:00,False,,0,0,2025020181,20252026,2025-11-01
away,5,PIT,8477465,T. Jarry,35,0/0,0/0,0/0,0/0,,0,0,0,0,0,00:00,False,,0,0,2025020182,20252026,2025-11-01
away,5,PIT,8481668,A. Silovs,37,26/29,3/3,0/1,29/33,0.8788,3,0,1,0,4,59:13,True,L,33,29,2025020182,20252026,2025-11-01
home,52,WPG,8477480,E. Comrie,1,27/28,1/2,0/0,28/30,0.9333,1,1,0,0,2,60:00,True,W,30,28,2025020182,20252026,2025-11-01
home,52,WPG,8476945,C. Hellebuyck,37,0/0,0/0,0/0,0/0,,0,0,0,0,0,00:00,False,,0,0,2025020182,20252026,2025-11-01
away,20,CGY,8482445,D. Cooley,1,11/11,0/0,1/1,12/12,1.0,0,0,0,0,0,39:04,False,,12,12,2025020183,20252026,2025-11-01
away,20,CGY,8481692,D. Wolf,32,5/7,3/4,0/0,8/11,0.7273,2,1,0,0,3,20:00,True,L,11,8,2025020183,20252026,2025-11-01
home,18,NSH,8481020,J. Annunen,29,0/0,0/0,0/0,0/0,,0,0,0,0,0,00:00,False,,0,0,2025020183,20252026,2025-11-01
home,18,NSH,8477424,J. Saros,74,29/31,2/2,2/2,33/35,0.9429,2,0,0,0,2,60:00,True,W,35,33,2025020183,20252026,2025-11-01
away,21,COL,8478406,M. Blackwood,39,16/19,4/4,0/0,20/23,0.8696,3,0,0,0,3,61:48,True,O,23,20,2025020184,20252026,2025-11-01
away,21,COL,8475809,S. Wedgewood,41,0/0,0/0,0/0,0/0,,0,0,0,0,0,00:00,False,,0,0,2025020184,20252026,2025-11-01
home,28,SJS,8482137,Y. Askarov,30,33/34,2/2,2/2,37/38,0.9737,2,0,0,0,2,61:48,True,W,38,37,2025020184,20252026,2025-11-01
home,28,SJS,8477968,A. Nedeljkovic,33,0/0,0/0,0/0,0/0,,0,0,0,0,0,00:00,False,,0,0,2025020184,20252026,2025-11-01
away,25,DAL,8479193,C. DeSmith,1,21/24,3/3,1/1,25/28,0.8929,3,0,0,0,3,64:36,True,O,28,25,2025020185,20252026,2025-11-01
away,25,DAL,8479979,J. Oettinger,29,0/0,0/0,0/0,0/0,,0,0,0,0,0,00:00,False,,0,0,2025020185,20252026,2025-11-01
home,13,FLA,8480193,D. Tarasov,40,0/0,0/0,0/0,0/0,,0,0,0,0,0,00:00,False,,0,0,2025020185,20252026,2025-11-01
home,13,FLA,8475683,S. Bobrovsky,72,19/20,0/2,0/0,19/22,0.8636,1,2,0,0,3,65:00,True,W,22,19,2025020185,20252026,2025-11-01
away,15,WSH,8480313,L. Thompson,48,0/0,0/0,0/0,0/0,,0,0,0,0,0,00:00,False,,0,0,2025020186,20252026,2025-11-01
away,15,WSH,8479292,C. Lindgren,79,14/17,5/5,2/2,21/24,0.875,3,0,0,0,3,64:52,True,O,24,21,2025020186,20252026,2025-11-01
home,7,BUF,8480045,U. Luukkonen,1,27/30,3/3,1/1,31/34,0.9118,3,0,0,0,3,64:28,True,W,34,31,2025020186,20252026,2025-11-01
home,7,BUF,8479312,A. Lyon,34,0/0,0/0,0/0,0/0,,0,0,0,0,0,00:00,False,,0,0,2025020186,20252026,2025-11-01
away,9,OTT,8482411,H. Shepard,31,0/0,0/0,0/0,0/0,,0,0,0,0,0,00:00,False,,0,0,2025020187,20252026,2025-11-01
away,9,OTT,8476999,L. Ullmark,35,21/24,2/3,0/0,23/27,0.8519,3,1,0,0,4,61:40,True,O,27,23,2025020187,20252026,2025-11-01
home,8,MTL,8478470,S. Montembeault,35,12/15,2/2,0/0,14/17,0.8235,3,0,0,0,3,61:40,True,W,17,14,2025020187,20252026,2025-11-01
home,8,MTL,8482487,J. Dobes,75,0/0,0/0,0/0,0/0,,0,0,0,0,0,00:00,False,,0,0,2025020187,20252026,2025-11-01
away,10,TOR,8480051,C. Primeau,30,0/0,0/0,0/0,0/0,,0,0,0,0,0,00:00,False,,0,0,2025020188,20252026,2025-11-01
away,10,TOR,8476932,A. Stolarz,41,19/20,12/13,0/0,31/33,0.9394,1,1,0,0,2,60:00,True,W,33,31,2025020188,20252026,2025-11-01
home,4,PHI,8482783,A. Kolosov,35,4/4,2/2,1/1,7/7,1.0,0,0,0,0,0,15:41,False,,7,7,2025020188,20252026,2025-11-01
home,4,PHI,8478435,D. Vladar,80,14/18,1/1,0/0,15/19,0.7895,4,0,0,0,4,40:33,True,L,19,15,2025020188,20252026,2025-11-01
away,19,STL,8480981,J. Hofer,30,26/28,4/5,2/2,32/35,0.9143,2,1,0,0,3,57:04,True,L,35,32,2025020189,20252026,2025-11-01
away,19,STL,8476412,J. Binnington,50,0/0,0/0,0/0,0/0,,0,0,0,0,0,00:00,False,,0,0,2025020189,20252026,2025-11-01
home,29,CBJ,8482982,J. Greaves,73,31/33,6/6,0/0,37/39,0.9487,2,0,0,0,2,59:50,True,W,39,37,2025020189,20252026,2025-11-01
home,29,CBJ,8478007,E. Merzlikins,90,0/0,0/0,0/0,0/0,,0,0,0,0,0,00:00,False,,0,0,2025020189,20252026,2025-11-01
away,23,VAN,8480947,K. Lankinen,32,0/0,0/0,0/0,0/0,,0,0,0,0,0,00:00,False,,0,0,2025020190,20252026,2025-11-01
away,23,VAN,8477967,T. Demko,35,20/23,3/4,0/0,23/27,0.8519,3,1,0,0,4,58:54,True,L,27,23,2025020190,20252026,2025-11-01
home,30,MIN,8482661,J. Wallstedt,30,0/0,0/0,0/0,0/0,,0,0,0,0,0,00:00,False,,0,0,2025020190,20252026,2025-11-01
home,30,MIN,8479406,F. Gustavsson,32,21/23,5/5,0/0,26/28,0.9286,2,0,0,0,2,59:45,True,W,28,26,2025020190,20252026,2025-11-01
away,1,NJD,8474593,J. Markstrom,25,36/37,7/7,0/0,43/44,0.9773,1,0,0,0,1,60:00,True,W,44,43,2025020191,20252026,2025-11-01
away,1,NJD,8474596,J. Allen,34,0/0,0/0,0/0,0/0,,0,0,0,0,0,00:00,False,,0,0,2025020191,20252026,2025-11-01
home,26,LAK,8476341,A. Forsberg,31,0/0,0/0,0/0,0/0,,0,0,0,0,0,00:00,False,,0,0,2025020191,20252026,2025-11-01
home,26,LAK,8475311,D. Kuemper,35,17/19,0/0,1/2,18/21,0.8571,2,0,1,0,3,57:01,True,L,21,18,2025020191,20252026,2025-11-01
away,16,CHI,8481519,S. Knight,30,23/24,4/6,0/0,27/30,0.9,1,2,0,0,3,62:43,True,O,30,27,2025020192,20252026,2025-11-01
away,16,CHI,8482821,A. Soderblom,40,0/0,0/0,0/0,0/0,,0,0,0,0,0,00:00,False,,0,0,2025020192,20252026,2025-11-01
home,22,EDM,8475717,C. Pickard,30,0/0,0/0,0/0,0/0,,0,0,0,0,0,00:00,False,,0,0,2025020192,20252026,2025-11-01
home,22,EDM,8479973,S. Skinner,74,25/26,0/1,2/2,27/29,0.931,1,1,0,0,2,62:42,True,W,29,27,2025020192,20252026,2025-11-01
away,3,NYR,8478048,I. Shesterkin,31,10/11,1/2,0/0,11/13,0.8462,1,1,0,0,2,62:42,True,W,13,11,2025020193,20252026,2025-11-01
away,3,NYR,8471734,J. Quick,32,0/0,0/0,0/0,0/0,,0,0,0,0,0,00:00,False,,0,0,2025020193,20252026,2025-11-01
home,55,SEA,8476899,M. Murray,30,0/0,0/0,0/0,0/0,,0,0,0,0,0,00:00,False,,0,0,2025020193,20252026,2025-11-01
home,55,SEA,8478916,J. Daccord,35,15/18,9/9,0/0,24/27,0.8889,3,0,0,0,3,62:42,True,O,27,24,2025020193,20252026,2025-11-01
away,14,TBL,8477992,J. Johansson,31,20/22,5/5,0/0,25/27,0.9259,2,0,0,0,2,60:00,True,W,27,25,2025020194,20252026,2025-11-02
away,14,TBL,8476883,A. Vasilevskiy,88,0/0,0/0,0/0,0/0,,0,0,0,0,0,00:00,False,,0,0,2025020194,20252026,2025-11-02
home,68,UTA,8477970,V. Vanecek,41,0/0,0/0,0/0,0/0,,0,0,0,0,0,00:00,False,,0,0,2025020194,20252026,2025-11-02
home,68,UTA,8478872,K. Vejmelka,70,17/20,4/4,1/1,22/25,0.88,3,0,0,0,3,58:47,True,L,25,22,2025020194,20252026,2025-11-02
away,29,CBJ,8482982,J. Greaves,73,0/0,0/0,0/0,0/0,,0,0,0,0,0,00:00,False,,0,0,2025020195,20252026,2025-11-02
away,29,CBJ,8478007,E. Merzlikins,90,33/35,1/2,2/2,36/39,0.9231,2,1,0,0,3,59:22,True,L,39,36,2025020195,20252026,2025-11-02
home,2,NYI,8478009,I. Sorokin,30,0/0,0/0,0/0,0/0,,0,0,0,0,0,00:00,False,,0,0,2025020195,20252026,2025-11-02
home,2,NYI,8479496,D. Rittich,33,15/17,5/5,0/0,20/22,0.9091,2,0,0,0,2,59:46,True,W,22,20,2025020195,20252026,2025-11-02
away,20,CGY,8482445,D. Cooley,1,0/0,0/0,0/0,0/0,,0,0,0,0,0,00:00,False,,0,0,2025020196,20252026,2025-11-02
away,20,CGY,8481692,D. Wolf,32,17/18,0/0,0/0,17/18,0.9444,1,0,0,0,1,59:20,True,W,18,17,2025020196,20252026,2025-11-02
home,4,PHI,8482783,A. Kolosov,35,17/19,2/2,0/0,19/21,0.9048,2,0,0,0,2,58:12,True,L,21,19,2025020196,20252026,2025-11-02
home,4,PHI,8478435,D. Vladar,80,0/0,0/0,0/0,0/0,,0,0,0,0,0,00:00,False,,0,0,2025020196,20252026,2025-11-02
away,1,NJD,8474593,J. Markstrom,25,0/0,0/0,0/0,0/0,,0,0,0,0,0,00:00,False,,0,0,2025020197,20252026,2025-11-02
away,1,NJD,8474596,J. Allen,34,22/25,1/1,2/2,25/28,0.8929,3,0,0,0,3,58:22,True,L,28,25,2025020197,20252026,2025-11-02
home,24,ANA,8480843,L. Dostal,1,31/32,1/1,0/0,32/33,0.9697,1,0,0,0,1,60:00,True,W,33,32,2025020197,20252026,2025-11-02
home,24,ANA,8475852,P. Mrazek,34,0/0,0/0,0/0,0/0,,0,0,0,0,0,00:00,False,,0,0,2025020197,20252026,2025-11-02
away,17,DET,8476434,J. Gibson,36,0/0,0/0,0/0,0/0,,0,0,0,0,0,00:00,False,,0,0,2025020198,20252026,2025-11-02
away,17,DET,8475660,C. Talbot,39,14/16,2/2,0/0,16/18,0.8889,2,0,0,0,2,64:52,True,W,18,16,2025020198,20252026,2025-11-02
home,28,SJS,8482137,Y. Askarov,30,0/0,0/0,0/0,0/0,,0,0,0,0,0,00:00,False,,0,0,2025020198,20252026,2025-11-02
home,28,SJS,8477968,A. Nedeljkovic,33,26/28,3/3,1/1,30/32,0.9375,2,0,0,0,2,65:00,True,O,32,30,2025020198,20252026,2025-11-02
away,5,PIT,8477465,T. Jarry,35,14/18,1/1,1/1,16/20,0.8,4,0,0,0,4,57:32,True,L,20,16,2025020199,20252026,2025-11-03
away,5,PIT,8481668,A. Silovs,37,0/0,0/0,0/0,0/0,,0,0,0,0,0,00:00,False,,0,0,2025020199,20252026,2025-11-03
home,10,TOR,8480051,C. Primeau,30,0/0,0/0,0/0,0/0,,0,0,0,0,0,00:00,False,,0,0,2025020199,20252026,2025-11-03
home,10,TOR,8476932,A. Stolarz,41,25/27,9/10,0/0,34/37,0.9189,2,1,0,0,3,60:00,True,W,37,34,2025020199,20252026,2025-11-03
away,22,EDM,8475717,C. Pickard,30,18/20,1/2,0/0,19/22,0.8636,2,1,0,0,3,58:18,True,L,22,19,2025020200,20252026,2025-11-03
away,22,EDM,8479973,S. Skinner,74,0/0,0/0,0/0,0/0,,0,0,0,0,0,00:00,False,,0,0,2025020200,20252026,2025-11-03
home,19,STL,8480981,J. Hofer,30,0/0,0/0,0/0,0/0,,0,0,0,0,0,00:00,False,,0,0,2025020200,20252026,2025-11-03
home,19,STL,8476412,J. Binnington,50,24/25,0/1,0/0,24/26,0.9231,1,1,0,0,2,60:00,True,W,26,24,2025020200,20252026,2025-11-03
away,23,VAN,8480947,K. Lankinen,32,0/0,0/0,0/0,0/0,,0,0,0,0,0,00:00,False,,0,0,2025020201,20252026,2025-11-03
away,23,VAN,8477967,T. Demko,35,21/23,4/6,0/0,25/29,0.8621,2,2,0,0,4,64:14,True,W,29,25,2025020201,20252026,2025-11-03
home,18,NSH,8481020,J. Annunen,29,0/0,0/0,0/0,0/0,,0,0,0,0,0,00:00,False,,0,0,2025020201,20252026,2025-11-03
home,18,NSH,8477424,J. Saros,74,23/26,6/8,2/2,31/36,0.8611,3,2,0,0,5,64:49,True,O,36,31,2025020201,20252026,2025-11-03
away,16,CHI,8481519,S. Knight,30,0/0,0/0,0/0,0/0,,0,0,0,0,0,00:00,False,,0,0,2025020202,20252026,2025-11-03
away,16,CHI,8482821,A. Soderblom,40,18/20,3/4,0/0,21/24,0.875,2,1,0,0,3,57:05,True,L,24,21,2025020202,20252026,2025-11-03
home,55,SEA,8475831,P. Grubauer,31,0/0,0/0,0/0,0/0,,0,0,0,0,0,00:00,False,,0,0,2025020202,20252026,2025-11-03
home,55,SEA,8478916,J. Daccord,35,25/26,4/4,0/0,29/30,0.9667,1,0,0,0,1,60:00,True,W,30,29,2025020202,20252026,2025-11-03
away,68,UTA,8477970,V. Vanecek,41,0/0,0/0,0/0,0/0,,0,0,0,0,0,00:00,False,,0,0,2025020203,20252026,2025-11-04
away,68,UTA,8478872,K. Vejmelka,70,16/17,1/1,0/0,17/18,0.9444,1,0,0,0,1,60:41,True,W,18,17,2025020203,20252026,2025-11-04
home,7,BUF,8480045,U. Luukkonen,1,0/0,0/0,0/0,0/0,,0,0,0,0,0,00:00,False,,0,0,2025020203,20252026,2025-11-04
home,7,BUF,8479312,A. Lyon,34,27/29,6/6,0/0,33/35,0.9429,2,0,0,0,2,60:47,True,O,35,33,2025020203,20252026,2025-11-04
away,4,PHI,8482783,A. Kolosov,35,0/0,0/0,0/0,0/0,,0,0,0,0,0,00:00,False,,0,0,2025020204,20252026,2025-11-04
away,4,PHI,8478435,D. Vladar,80,13/15,1/3,2/2,16/20,0.8,2,2,0,0,4,64:55,True,W,20,16,2025020204,20252026,2025-11-04
home,8,MTL,8478470,S. Montembeault,35,28/30,8/10,2/2,38/42,0.9048,2,2,0,0,4,65:00,True,O,42,38,2025020204,20252026,2025-11-04
home,8,MTL,8482487,J. Dobes,75,0/0,0/0,0/0,0/0,,0,0,0,0,0,00:00,False,,0,0,2025020204,20252026,2025-11-04
away,6,BOS,8480280,J. Swayman,1,22/25,6/6,2/2,30/33,0.9091,3,0,0,0,3,65:00,True,W,33,30,2025020205,20252026,2025-11-04
away,6,BOS,8476914,J. Korpisalo,70,0/0,0/0,0/0,0/0,,0,0,0,0,0,00:00,False,,0,0,2025020205,20252026,2025-11-04
home,2,NYI,8478009,I. Sorokin,30,19/21,5/6,0/0,24/27,0.8889,2,1,0,0,3,65:00,True,O,27,24,2025020205,20252026,2025-11-04
home,2,NYI,8479496,D. Rittich,33,0/0,0/0,0/0,0/0,,0,0,0,0,0,00:00,False,,0,0,2025020205,20252026,2025-11-04
away,12,CAR,8483548,B. Bussi,32,0/0,0/0,0/0,0/0,,0,0,0,0,0,00:00,False,,0,0,2025020206,20252026,2025-11-04
away,12,CAR,8481611,P. Kochetkov,52,15/15,10/10,1/1,26/26,1.0,0,0,0,0,0,60:00,True,W,26,26,2025020206,20252026,2025-11-04
home,3,NYR,8478048,I. Shesterkin,31,23/24,6/7,0/0,29/31,0.9355,1,1,0,0,2,58:44,True,L,31,29,2025020206,20252026,2025-11-04
home,3,NYR,8471734,J. Quick,32,0/0,0/0,0/0,0/0,,0,0,0,0,0,00:00,False,,0,0,2025020206,20252026,2025-11-04
away,22,EDM,8475717,C. Pickard,30,0/0,0/0,0/0,0/0,,0,0,0,0,0,00:00,False,,0,0,2025020207,20252026,2025-11-04
away,22,EDM,8479973,S. Skinner,74,19/21,5/6,0/0,24/27,0.8889,2,1,0,0,3,65:00,True,O,27,24,2025020207,20252026,2025-11-04
home,25,DAL,8479193,C. DeSmith,1,21/23,1/2,1/1,23/26,0.8846,2,1,0,0,3,65:00,True,W,26,23,2025020207,20252026,2025-11-04
home,25,DAL,8479979,J. Oettinger,29,0/0,0/0,0/0,0/0,,0,0,0,0,0,00:00,False,,0,0,2025020207,20252026,2025-11-04
away,18,NSH,8481020,J. Annunen,29,21/21,1/3,0/0,22/24,0.9167,1,2,0,0,3,61:12,True,O,24,22,2025020208,20252026,2025-11-04
away,18,NSH,8477424,J. Saros,74,0/0,0/0,0/0,0/0,,0,0,0,0,0,00:00,False,,0,0,2025020208,20252026,2025-11-04
home,30,MIN,8482661,J. Wallstedt,30,0/0,0/0,0/0,0/0,,0,0,0,0,0,00:00,False,,0,0,2025020208,20252026,2025-11-04
home,30,MIN,8479406,F. Gustavsson,32,25/27,5/5,2/2,32/34,0.9412,2,0,0,0,2,63:03,True,W,34,32,2025020208,20252026,2025-11-04
away,14,TBL,8477992,J. Johansson,31,0/0,0/0,0/0,0/0,,0,0,0,0,0,00:00,False,,0,0,2025020209,20252026,2025-11-04
away,14,TBL,8476883,A. Vasilevskiy,88,20/22,8/9,2/2,30/33,0.9091,2,1,0,0,3,57:00,True,L,33,30,2025020209,20252026,2025-11-04
home,21,COL,8478406,M. Blackwood,39,0/0,0/0,0/0,0/0,,0,0,0,0,0,00:00,False,,0,0,2025020209,20252026,2025-11-04
home,21,COL,8475809,S. Wedgewood,41,19/21,2/2,1/1,22/24,0.9167,2,0,0,0,2,60:00,True,W,24,22,2025020209,20252026,2025-11-04
away,17,DET,8476434,J. Gibson,36,32/33,0/0,1/1,33/34,0.9706,1,0,0,0,1,57:55,True,L,34,33,2025020210,20252026,2025-11-04
away,17,DET,8475660,C. Talbot,39,0/0,0/0,0/0,0/0,,0,0,0,0,0,00:00,False,,0,0,2025020210,20252026,2025-11-04
home,54,VGK,8482761,C. Lindbom,30,0/0,0/0,0/0,0/0,,0,0,0,0,0,00:00,False,,0,0,2025020210,20252026,2025-11-04
home,54,VGK,8481033,A. Schmid,40,24/24,0/0,0/0,24/24,1.0,0,0,0,0,0,60:00,True,W,24,24,2025020210,20252026,2025-11-04
away,13,FLA,8480193,D. Tarasov,40,0/0,0/0,0/0,0/0,,0,0,0,0,0,00:00,False,,0,0,2025020211,20252026,2025-11-04
away,13,FLA,8475683,S. Bobrovsky,72,18/23,5/7,2/2,25/32,0.7812,5,2,0,0,7,58:44,True,L,32,25,2025020211,20252026,2025-11-04
home,24,ANA,8480843,L. Dostal,1,16/18,2/3,0/0,18/21,0.8571,2,1,0,0,3,59:45,True,W,21,18,2025020211,20252026,2025-11-04
home,24,ANA,8475852,P. Mrazek,34,0/0,0/0,0/0,0/0,,0,0,0,0,0,00:00,False,,0,0,2025020211,20252026,2025-11-04
away,52,WPG,8477480,E. Comrie,1,0/0,0/0,0/0,0/0,,0,0,0,0,0,00:00,False,,0,0,2025020212,20252026,2025-11-04
away,52,WPG,8476945,C. Hellebuyck,37,18/19,4/5,1/1,23/25,0.92,1,1,0,0,2,58:12,True,L,25,23,2025020212,20252026,2025-11-04
home,26,LAK,8476341,A. Forsberg,31,0/0,0/0,0/0,0/0,,0,0,0,0,0,00:00,False,,0,0,2025020212,20252026,2025-11-04
home,26,LAK,8475311,D. Kuemper,35,15/15,6/6,2/2,23/23,1.0,0,0,0,0,0,59:35,True,W,23,23,2025020212,20252026,2025-11-04
away,68,UTA,8477970,V. Vanecek,41,13/17,0/0,1/1,14/18,0.7778,4,0,0,0,4,58:19,True,L,18,14,2025020213,20252026,2025-11-05
away,68,UTA,8478872,K. Vejmelka,70,0/0,0/0,0/0,0/0,,0,0,0,0,0,00:00,False,,0,0,2025020213,20252026,2025-11-05
home,10,TOR,8480051,C. Primeau,30,0/0,0/0,0/0,0/0,,0,0,0,0,0,00:00,False,,0,0,2025020213,20252026,2025-11-05
home,10,TOR,8476932,A. Stolarz,41,18/21,3/3,0/0,21/24,0.875,3,0,0,0,3,60:00,True,W,24,21,2025020213,20252026,2025-11-05
away,19,STL,8480981,J. Hofer,30,12/14,3/3,0/0,15/17,0.8824,2,0,0,0,2,30:32,False,,17,15,2025020214,20252026,2025-11-05
away,19,STL,8476412,J. Binnington,50,11/14,0/1,0/0,11/15,0.7333,3,1,0,0,4,29:28,True,L,15,11,2025020214,20252026,2025-11-05
home,15,WSH,8480313,L. Thompson,48,17/17,4/4,2/3,23/24,0.9583,0,0,1,0,1,59:51,True,W,24,23,2025020214,20252026,2025-11-05
home,15,WSH,8479292,C. Lindgren,79,0/0,0/0,0/0,0/0,,0,0,0,0,0,00:00,False,,0,0,2025020214,20252026,2025-11-05
away,29,CBJ,8482982,J. Greaves,73,17/21,3/3,1/1,21/25,0.84,4,0,0,0,4,55:40,True,L,25,21,2025020215,20252026,2025-11-05
away,29,CBJ,8478007,E. Merzlikins,90,0/0,0/0,0/0,0/0,,0,0,0,0,0,00:00,False,,0,0,2025020215,20252026,2025-11-05
home,20,CGY,8482445,D. Cooley,1,0/0,0/0,0/0,0/0,,0,0,0,0,0,00:00,False,,0,0,2025020215,20252026,2025-11-05
home,20,CGY,8481692,D. Wolf,32,36/36,5/5,1/2,42/43,0.9767,0,0,1,0,1,59:48,True,W,43,42,2025020215,20252026,2025-11-05
away,16,CHI,8481519,S. Knight,30,37/39,6/6,0/0,43/45,0.9556,2,0,0,0,2,60:00,True,W,45,43,2025020216,20252026,2025-11-05
away,16,CHI,8482821,A. Soderblom,40,0/0,0/0,0/0,0/0,,0,0,0,0,0,00:00,False,,0,0,2025020216,20252026,2025-11-05
home,23,VAN,8480947,K. Lankinen,32,23/26,0/1,0/0,23/27,0.8519,3,1,0,0,4,58:47,True,L,27,23,2025020216,20252026,2025-11-05
home,23,VAN,8477967,T. Demko,35,0/0,0/0,0/0,0/0,,0,0,0,0,0,00:00,False,,0,0,2025020216,20252026,2025-11-05
away,28,SJS,8482137,Y. Askarov,30,16/17,13/13,0/0,29/30,0.9667,1,0,0,0,1,60:00,True,W,30,29,2025020217,20252026,2025-11-05
away,28,SJS,8477968,A. Nedeljkovic,33,0/0,0/0,0/0,0/0,,0,0,0,0,0,00:00,False,,0,0,2025020217,20252026,2025-11-05
home,55,SEA,8476899,M. Murray,30,1/2,0/0,1/1,2/3,0.6667,1,0,0,0,1,16:36,False,,3,2,2025020217,20252026,2025-11-05
home,55,SEA,8478916,J. Daccord,35,10/13,3/4,2/3,15/20,0.75,3,1,1,0,5,43:14,True,L,20,15,2025020217,20252026,2025-11-05
away,9,OTT,8482447,L. Meriläinen,1,0/0,0/0,0/0,0/0,,0,0,0,0,0,00:00,False,,0,0,2025020218,20252026,2025-11-06
away,9,OTT,8476999,L. Ullmark,35,21/24,1/1,0/0,22/25,0.88,3,0,0,0,3,64:54,True,O,25,22,2025020218,20252026,2025-11-06
home,6,BOS,8480280,J. Swayman,1,0/0,0/0,0/0,0/0,,0,0,0,0,0,00:00,False,,0,0,2025020218,20252026,2025-11-06
home,6,BOS,8476914,J. Korpisalo,70,15/17,2/2,3/3,20/22,0.9091,2,0,0,0,2,64:54,True,W,22,20,2025020218,20252026,2025-11-06
away,19,STL,8480981,J. Hofer,30,23/23,5/5,0/0,28/28,1.0,0,0,0,0,0,60:00,True,W,28,28,2025020219,20252026,2025-11-06
away,19,STL,8476412,J. Binnington,50,0/0,0/0,0/0,0/0,,0,0,0,0,0,00:00,False,,0,0,2025020219,20252026,2025-11-06
home,7,BUF,8480045,U. Luukkonen,1,10/11,3/3,1/2,14/16,0.875,1,0,1,2,2,59:50,True,L,16,14,2025020219,20252026,2025-11-06
home,7,BUF,8481551,C. Ellis,92,0/0,0/0,0/0,0/0,,0,0,0,0,0,00:00,False,,0,0,2025020219,20252026,2025-11-06
away,8,MTL,8478470,S. Montembeault,35,0/0,0/0,0/0,0/0,,0,0,0,0,0,00:00,False,,0,0,2025020220,20252026,2025-11-06
away,8,MTL,8482487,J. Dobes,75,19/23,4/4,1/1,24/28,0.8571,4,0,0,0,4,61:29,True,O,28,24,2025020220,20252026,2025-11-06
home,1,NJD,8474593,J. Markstrom,25,15/18,1/1,0/0,16/19,0.8421,3,0,0,0,3,60:18,True,W,19,16,2025020220,20252026,2025-11-06
home,1,NJD,8474596,J. Allen,34,0/0,0/0,0/0,0/0,,0,0,0,0,0,00:00,False,,0,0,2025020220,20252026,2025-11-06
away,15,WSH,8480313,L. Thompson,48,0/0,0/0,0/0,0/0,,0,0,0,0,0,00:00,False,,0,0,2025020221,20252026,2025-11-06
away,15,WSH,8479292,C. Lindgren,79,19/20,5/8,2/2,26/30,0.8667,1,3,0,0,4,58:01,True,L,30,26,2025020221,20252026,2025-11-06
home,5,PIT,8483703,S. Murashov,1,0/0,0/0,0/0,0/0,,0,0,0,0,0,00:00,False,,0,0,2025020221,20252026,2025-11-06
home,5,PIT,8481668,A. Silovs,37,23/26,3/3,1/1,27/30,0.9,3,0,0,0,3,59:37,True,W,30,27,2025020221,20252026,2025-11-06
away,30,MIN,8482661,J. Wallstedt,30,0/0,0/0,0/0,0/0,,0,0,0,0,0,00:00,False,,0,0,2025020222,20252026,2025-11-06
away,30,MIN,8479406,F. Gustavsson,32,20/24,2/2,1/1,23/27,0.8519,4,0,0,0,4,58:12,True,L,27,23,2025020222,20252026,2025-11-06
home,12,CAR,8475883,F. Andersen,31,21/23,0/1,0/0,21/24,0.875,2,1,0,0,3,60:00,True,W,24,21,2025020222,20252026,2025-11-06
home,12,CAR,8483548,B. Bussi,32,0/0,0/0,0/0,0/0,,0,0,0,0,0,00:00,False,,0,0,2025020222,20252026,2025-11-06
away,4,PHI,8481035,S. Ersson,33,0/0,0/0,0/0,0/0,,0,0,0,0,0,00:00,False,,0,0,2025020223,20252026,2025-11-06
away,4,PHI,8478435,D. Vladar,80,22/23,1/1,0/0,23/24,0.9583,1,0,0,0,1,60:00,True,W,24,23,2025020223,20252026,2025-11-06
home,18,NSH,8481020,J. Annunen,29,0/0,0/0,0/0,0/0,,0,0,0,0,0,00:00,False,,0,0,2025020223,20252026,2025-11-06
home,18,NSH,8477424,J. Saros,74,21/23,1/1,1/1,23/25,0.92,2,0,0,0,2,58:06,True,L,25,23,2025020223,20252026,2025-11-06
away,24,ANA,8480843,L. Dostal,1,17/19,4/7,0/0,21/26,0.8077,2,3,0,0,5,59:49,True,W,26,21,2025020224,20252026,2025-11-06
away,24,ANA,8475852,P. Mrazek,34,0/0,0/0,0/0,0/0,,0,0,0,0,0,00:00,False,,0,0,2025020224,20252026,2025-11-06
home,25,DAL,8479193,C. DeSmith,1,0/0,0/0,0/0,0/0,,0,0,0,0,0,00:00,False,,0,0,2025020224,20252026,2025-11-06
home,25,DAL,8479979,J. Oettinger,29,11/14,7/9,0/1,18/24,0.75,3,2,1,0,6,58:15,True,L,24,18,2025020224,20252026,2025-11-06
away,14,TBL,8477992,J. Johansson,31,0/0,0/0,0/0,0/0,,0,0,0,0,0,00:00,False,,0,0,2025020225,20252026,2025-11-06
away,14,TBL,8476883,A. Vasilevskiy,88,26/29,2/2,1/1,29/32,0.9062,3,0,0,4,3,60:00,True,W,32,29,2025020225,20252026,2025-11-06
home,54,VGK,8482761,C. Lindbom,30,11/14,10/12,0/0,21/26,0.8077,3,2,0,0,5,58:37,True,L,26,21,2025020225,20252026,2025-11-06
home,54,VGK,8481033,A. Schmid,40,0/0,0/0,0/0,0/0,,0,0,0,0,0,00:00,False,,0,0,2025020225,20252026,2025-11-06
away,13,FLA,8480193,D. Tarasov,40,0/0,0/0,0/0,0/0,,0,0,0,0,0,00:00,False,,0,0,2025020226,20252026,2025-11-06
away,13,FLA,8475683,S. Bobrovsky,72,18/19,4/5,2/2,24/26,0.9231,1,1,0,0,2,60:00,True,W,26,24,2025020226,20252026,2025-11-06
home,26,LAK,8476341,A. Forsberg,31,15/19,1/1,3/4,19/24,0.7917,4,0,1,0,5,60:00,True,L,24,19,2025020226,20252026,2025-11-06
home,26,LAK,8475311,D. Kuemper,35,0/0,0/0,0/0,0/0,,0,0,0,0,0,00:00,False,,0,0,2025020226,20252026,2025-11-06
away,3,NYR,8478048,I. Shesterkin,31,0/0,0/0,0/0,0/0,,0,0,0,0,0,00:00,False,,0,0,2025020227,20252026,2025-11-07
away,3,NYR,8471734,J. Quick,32,23/24,8/8,1/1,32/33,0.9697,1,0,0,0,1,59:29,True,W,33,32,2025020227,20252026,2025-11-07
home,17,DET,8476434,J. Gibson,36,0/0,0/0,0/0,0/0,,0,0,0,0,0,00:00,False,,0,0,2025020227,20252026,2025-11-07
home,17,DET,8475660,C. Talbot,39,18/21,1/2,3/3,22/26,0.8462,3,1,0,0,4,59:59,True,L,26,22,2025020227,20252026,2025-11-07
away,30,MIN,8482661,J. Wallstedt,30,20/22,5/5,0/0,25/27,0.9259,2,0,0,0,2,60:00,True,W,27,25,2025020228,20252026,2025-11-07
away,30,MIN,8479406,F. Gustavsson,32,0/0,0/0,0/0,0/0,,0,0,0,0,0,00:00,False,,0,0,2025020228,20252026,2025-11-07
home,2,NYI,8478009,I. Sorokin,30,0/0,0/0,0/0,0/0,,0,0,0,0,0,00:00,False,,0,0,2025020228,20252026,2025-11-07
home,2,NYI,8479496,D. Rittich,33,18/23,2/2,1/1,21/26,0.8077,5,0,0,0,5,60:00,True,L,26,21,2025020228,20252026,2025-11-07
away,16,CHI,8481519,S. Knight,30,31/31,1/1,1/1,33/33,1.0,0,0,0,0,0,60:00,True,W,33,33,2025020229,20252026,2025-11-07
away,16,CHI,8482821,A. Soderblom,40,0/0,0/0,0/0,0/0,,0,0,0,0,0,00:00,False,,0,0,2025020229,20252026,2025-11-07
home,20,CGY,8482445,D. Cooley,1,0/0,0/0,0/0,0/0,,0,0,0,0,0,00:00,False,,0,0,2025020229,20252026,2025-11-07
home,20,CGY,8481692,D. Wolf,32,20/23,3/4,0/0,23/27,0.8519,3,1,0,0,4,59:07,True,L,27,23,2025020229,20252026,2025-11-07
away,52,WPG,8477480,E. Comrie,1,0/0,0/0,0/0,0/0,,0,0,0,0,0,00:00,False,,0,0,2025020230,20252026,2025-11-07
away,52,WPG,8476945,C. Hellebuyck,37,20/22,4/4,2/2,26/28,0.9286,2,0,0,0,2,57:13,True,L,28,26,2025020230,20252026,2025-11-07
home,28,SJS,8482137,Y. Askarov,30,0/0,0/0,0/0,0/0,,0,0,0,0,0,00:00,False,,0,0,2025020230,20252026,2025-11-07
home,28,SJS,8477968,A. Nedeljkovic,33,24/25,4/4,4/4,32/33,0.9697,1,0,0,2,1,60:00,True,W,33,32,2025020230,20252026,2025-11-07
away,5,PIT,8483703,S. Murashov,1,0/0,0/0,0/0,0/0,,0,0,0,0,0,00:00,False,,0,0,2025020231,20252026,2025-11-08
away,5,PIT,8481668,A. Silovs,37,19/20,4/4,0/0,23/24,0.9583,1,0,0,0,1,65:00,True,O,24,23,2025020231,20252026,2025-11-08
home,1,NJD,8474593,J. Markstrom,25,0/0,0/0,0/0,0/0,,0,0,0,0,0,00:00,False,,0,0,2025020231,20252026,2025-11-08
home,1,NJD,8474596,J. Allen,34,28/29,3/3,2/2,33/34,0.9706,1,0,0,0,1,65:00,True,W,34,33,2025020231,20252026,2025-11-08
away,9,OTT,8482447,L. Meriläinen,1,0/0,0/0,0/0,0/0,,0,0,0,0,0,00:00,False,,0,0,2025020232,20252026,2025-11-08
away,9,OTT,8476999,L. Ullmark,35,17/19,3/3,0/0,20/22,0.9091,2,0,0,0,2,63:19,True,W,22,20,2025020232,20252026,2025-11-08
home,4,PHI,8481035,S. Ersson,33,10/13,1/1,0/0,11/14,0.7857,3,0,0,0,3,63:19,True,O,14,11,2025020232,20252026,2025-11-08
home,4,PHI,8478435,D. Vladar,80,0/0,0/0,0/0,0/0,,0,0,0,0,0,00:00,False,,0,0,2025020232,20252026,2025-11-08
away,25,DAL,8479193,C. DeSmith,1,0/0,0/0,0/0,0/0,,0,0,0,0,0,00:00,False,,0,0,2025020233,20252026,2025-11-08
away,25,DAL,8479979,J. Oettinger,29,14/17,3/4,0/0,17/21,0.8095,3,1,0,0,4,60:00,True,W,21,17,2025020233,20252026,2025-11-08
home,18,NSH,8481020,J. Annunen,29,13/17,4/5,0/0,17/22,0.7727,4,1,0,0,5,57:53,True,L,22,17,2025020233,20252026,2025-11-08
home,18,NSH,8477424,J. Saros,74,0/0,0/0,0/0,0/0,,0,0,0,0,0,00:00,False,,0,0,2025020233,20252026,2025-11-08
away,6,BOS,8480280,J. Swayman,1,24/25,5/7,1/1,30/33,0.9091,1,2,0,0,3,60:00,True,W,33,30,2025020234,20252026,2025-11-08
away,6,BOS,8476914,J. Korpisalo,70,0/0,0/0,0/0,0/0,,0,0,0,0,0,00:00,False,,0,0,2025020234,20252026,2025-11-08
home,10,TOR,8483710,D. Hildeby,35,19/20,0/0,0/0,19/20,0.95,1,0,0,0,1,32:30,False,,20,19,2025020234,20252026,2025-11-08
home,10,TOR,8476932,A. Stolarz,41,12/15,3/4,0/0,15/19,0.7895,3,1,0,0,4,24:41,True,L,19,15,2025020234,20252026,2025-11-08
away,68,UTA,8477970,V. Vanecek,41,0/0,0/0,0/0,0/0,,0,0,0,0,0,00:00,False,,0,0,2025020235,20252026,2025-11-08
away,68,UTA,8478872,K. Vejmelka,70,13/19,3/3,1/1,17/23,0.7391,6,0,0,0,6,60:00,True,L,23,17,2025020235,20252026,2025-11-08
home,8,MTL,8478470,S. Montembeault,35,19/21,6/6,0/0,25/27,0.9259,2,0,0,0,2,60:00,True,W,27,25,2025020235,20252026,2025-11-08
home,8,MTL,8482487,J. Dobes,75,0/0,0/0,0/0,0/0,,0,0,0,0,0,00:00,False,,0,0,2025020235,20252026,2025-11-08
away,15,WSH,8480313,L. Thompson,48,17/19,0/1,0/0,17/20,0.85,2,1,0,0,3,57:54,True,L,20,17,2025020236,20252026,2025-11-08
away,15,WSH,8479292,C. Lindgren,79,0/0,0/0,0/0,0/0,,0,0,0,0,0,00:00,False,,0,0,2025020236,20252026,2025-11-08
home,14,TBL,8477992,J. Johansson,31,0/0,0/0,0/0,0/0,,0,0,0,0,0,00:00,False,,0,0,2025020236,20252026,2025-11-08
home,14,TBL,8476883,A. Vasilevskiy,88,24/25,2/2,3/3,29/30,0.9667,2,0,0,0,2,59:34,True,W,30,29,2025020236,20252026,2025-11-08
away,2,NYI,8478009,I. Sorokin,30,29/29,4/4,0/0,33/33,1.0,0,0,0,0,0,60:00,True,W,33,33,2025020237,20252026,2025-11-08
away,2,NYI,8479496,D. Rittich,33,0/0,0/0,0/0,0/0,,0,0,0,0,0,00:00,False,,0,0,2025020237,20252026,2025-11-08
home,3,NYR,8478048,I. Shesterkin,31,17/20,3/4,1/1,21/25,0.84,3,1,0,0,4,56:56,True,L,25,21,2025020237,20252026,2025-11-08
home,3,NYR,8471734,J. Quick,32,0/0,0/0,0/0,0/0,,0,0,0,0,0,00:00,False,,0,0,2025020237,20252026,2025-11-08
away,7,BUF,8480045,U. Luukkonen,1,0/0,0/0,0/0,0/0,,0,0,0,0,0,00:00,False,,0,0,2025020238,20252026,2025-11-08
away,7,BUF,8479312,A. Lyon,34,27/30,2/3,0/0,29/33,0.8788,3,1,0,0,4,58:47,True,L,33,29,2025020238,20252026,2025-11-08
home,12,CAR,8475883,F. Andersen,31,0/0,0/0,0/0,0/0,,0,0,0,0,0,00:00,False,,0,0,2025020238,20252026,2025-11-08
home,12,CAR,8481611,P. Kochetkov,52,18/21,0/0,1/1,19/22,0.8636,3,0,0,0,3,59:01,True,W,22,19,2025020238,20252026,2025-11-08
away,55,SEA,8476899,M. Murray,30,0/0,0/0,0/0,0/0,,0,0,0,0,0,00:00,False,,0,0,2025020239,20252026,2025-11-08
away,55,SEA,8475831,P. Grubauer,31,16/18,0/1,0/0,16/19,0.8421,2,1,0,0,3,59:33,True,W,19,16,2025020239,20252026,2025-11-08
home,19,STL,8480981,J. Hofer,30,23/26,3/4,0/0,26/30,0.8667,3,1,0,0,4,61:57,True,O,30,26,2025020239,20252026,2025-11-08
home,19,STL,8476412,J. Binnington,50,0/0,0/0,0/0,0/0,,0,0,0,0,0,00:00,False,,0,0,2025020239,20252026,2025-11-08
away,21,COL,8478406,M. Blackwood,39,0/0,0/0,0/0,0/0,,0,0,0,0,0,00:00,False,,0,0,2025020240,20252026,2025-11-08
away,21,COL,8475809,S. Wedgewood,41,16/16,3/4,4/4,23/24,0.9583,0,1,0,0,1,60:00,True,W,24,23,2025020240,20252026,2025-11-08
home,22,EDM,8475717,C. Pickard,30,7/11,8/8,1/2,16/21,0.7619,4,0,1,0,5,32:07,False,,21,16,2025020240,20252026,2025-11-08
home,22,EDM,8479973,S. Skinner,74,7/11,2/2,0/0,9/13,0.6923,4,0,0,0,4,27:28,True,L,13,9,2025020240,20252026,2025-11-08
away,29,CBJ,8482982,J. Greaves,73,0/0,0/0,0/0,0/0,,0,0,0,0,0,00:00,False,,0,0,2025020241,20252026,2025-11-08
away,29,CBJ,8478007,E. Merzlikins,90,17/21,3/3,0/0,20/24,0.8333,4,0,0,0,4,58:03,True,L,24,20,2025020241,20252026,2025-11-08
home,23,VAN,8480238,J. Patera,30,0/0,0/0,0/0,0/0,,0,0,0,0,0,00:00,False,,0,0,2025020241,20252026,2025-11-08
home,23,VAN,8480947,K. Lankinen,32,21/24,6/6,2/2,29/32,0.9062,3,0,0,0,3,59:51,True,W,32,29,2025020241,20252026,2025-11-08
away,24,ANA,8480843,L. Dostal,1,0/0,0/0,0/0,0/0,,0,0,0,0,0,00:00,False,,0,0,2025020242,20252026,2025-11-08
away,24,ANA,8475852,P. Mrazek,34,31/33,4/5,1/1,36/39,0.9231,2,1,0,0,3,64:28,True,W,39,36,2025020242,20252026,2025-11-08
home,54,VGK,8482761,C. Lindbom,30,0/0,0/0,0/0,0/0,,0,0,0,0,0,00:00,False,,0,0,2025020242,20252026,2025-11-08
home,54,VGK,8481033,A. Schmid,40,24/28,1/1,0/0,25/29,0.8621,4,0,0,0,4,64:10,True,O,29,25,2025020242,20252026,2025-11-08
away,13,FLA,8480193,D. Tarasov,40,15/17,4/4,1/1,20/22,0.9091,2,0,0,0,2,58:08,True,L,22,20,2025020243,20252026,2025-11-08
away,13,FLA,8475683,S. Bobrovsky,72,0/0,0/0,0/0,0/0,,0,0,0,0,0,00:00,False,,0,0,2025020243,20252026,2025-11-08
home,28,SJS,8482137,Y. Askarov,30,29/30,9/9,0/0,38/39,0.9744,1,0,0,0,1,60:00,True,W,39,38,2025020243,20252026,2025-11-08
home,28,SJS,8477968,A. Nedeljkovic,33,0/0,0/0,0/0,0/0,,0,0,0,0,0,00:00,False,,0,0,2025020243,20252026,2025-11-08
away,16,CHI,8481519,S. Knight,30,0/0,0/0,0/0,0/0,,0,0,0,0,0,00:00,False,,0,0,2025020244,20252026,2025-11-09
away,16,CHI,8482821,A. Soderblom,40,34/35,11/11,0/0,45/46,0.9783,1,0,0,0,1,60:00,True,W,46,45,2025020244,20252026,2025-11-09
home,17,DET,8476434,J. Gibson,36,15/16,0/3,0/0,15/19,0.7895,1,3,0,0,4,59:37,True,L,19,15,2025020244,20252026,2025-11-09
home,17,DET,8475660,C. Talbot,39,0/0,0/0,0/0,0/0,,0,0,0,0,0,00:00,False,,0,0,2025020244,20252026,2025-11-09
away,26,LAK,8476341,A. Forsberg,31,0/0,0/0,0/0,0/0,,0,0,0,0,0,00:00,False,,0,0,2025020245,20252026,2025-11-09
away,26,LAK,8475311,D. Kuemper,35,27/28,3/4,1/1,31/33,0.9394,1,1,0,0,2,60:00,True,W,33,31,2025020245,20252026,2025-11-09
home,5,PIT,8483703,S. Murashov,1,18/20,5/6,1/1,24/27,0.8889,2,1,0,0,3,58:10,True,L,27,24,2025020245,20252026,2025-11-09
home,5,PIT,8481668,A. Silovs,37,0/0,0/0,0/0,0/0,,0,0,0,0,0,00:00,False,,0,0,2025020245,20252026,2025-11-09
away,12,CAR,8483548,B. Bussi,32,12/15,4/5,0/0,16/20,0.8,3,1,0,0,4,60:00,True,W,20,16,2025020246,20252026,2025-11-09
away,12,CAR,8481611,P. Kochetkov,52,0/0,0/0,0/0,0/0,,0,0,0,0,0,00:00,False,,0,0,2025020246,20252026,2025-11-09
home,10,TOR,8483710,D. Hildeby,35,28/32,13/14,1/1,42/47,0.8936,4,1,0,0,5,58:30,True,L,47,42,2025020246,20252026,2025-11-09
home,10,TOR,8476932,A. Stolarz,41,0/0,0/0,0/0,0/0,,0,0,0,0,0,00:00,False,,0,0,2025020246,20252026,2025-11-09
away,68,UTA,8477970,V. Vanecek,41,19/23,2/2,0/0,21/25,0.84,4,0,0,0,4,57:14,True,L,25,21,2025020247,20252026,2025-11-09
away,68,UTA,8478872,K. Vejmelka,70,0/0,0/0,0/0,0/0,,0,0,0,0,0,00:00,False,,0,0,2025020247,20252026,2025-11-09
home,9,OTT,8482447,L. Meriläinen,1,27/29,2/2,0/0,29/31,0.9355,2,0,0,0,2,60:00,True,W,31,29,2025020247,20252026,2025-11-09
home,9,OTT,8476999,L. Ullmark,35,0/0,0/0,0/0,0/0,,0,0,0,0,0,00:00,False,,0,0,2025020247,20252026,2025-11-09
away,55,SEA,8476899,M. Murray,30,21/22,1/2,1/1,23/25,0.92,1,1,0,0,2,58:07,True,L,25,23,2025020248,20252026,2025-11-09
away,55,SEA,8475831,P. Grubauer,31,0/0,0/0,0/0,0/0,,0,0,0,0,0,00:00,False,,0,0,2025020248,20252026,2025-11-09
home,25,DAL,8479193,C. DeSmith,1,21/22,9/9,0/0,30/31,0.9677,1,0,0,0,1,60:00,True,W,31,30,2025020248,20252026,2025-11-09
home,25,DAL,8479979,J. Oettinger,29,0/0,0/0,0/0,0/0,,0,0,0,0,0,00:00,False,,0,0,2025020248,20252026,2025-11-09
away,20,CGY,8482445,D. Cooley,1,13/14,3/3,1/1,17/18,0.9444,1,0,0,0,1,57:41,True,L,18,17,2025020249,20252026,2025-11-09
away,20,CGY,8481692,D. Wolf,32,0/0,0/0,0/0,0/0,,0,0,0,0,0,00:00,False,,0,0,2025020249,20252026,2025-11-09
home,30,MIN,8482661,J. Wallstedt,30,35/35,1/1,0/0,36/36,1.0,0,0,0,0,0,60:00,True,W,36,36,2025020249,20252026,2025-11-09
home,30,MIN,8479406,F. Gustavsson,32,0/0,0/0,0/0,0/0,,0,0,0,0,0,00:00,False,,0,0,2025020249,20252026,2025-11-09
away,21,COL,8478406,M. Blackwood,39,21/23,8/9,0/1,29/33,0.8788,2,1,1,0,4,61:08,True,W,33,29,2025020250,20252026,2025-11-09
away,21,COL,8475809,S. Wedgewood,41,0/0,0/0,0/0,0/0,,0,0,0,0,0,00:00,False,,0,0,2025020250,20252026,2025-11-09
home,23,VAN,8480238,J. Patera,30,0/0,0/0,0/0,0/0,,0,0,0,0,0,00:00,False,,0,0,2025020250,20252026,2025-11-09
home,23,VAN,8480947,K. Lankinen,32,25/28,1/3,1/1,27/32,0.8438,3,2,0,0,5,60:38,True,O,32,27,2025020250,20252026,2025-11-09
away,52,WPG,8477480,E. Comrie,1,14/16,1/3,2/2,17/21,0.8095,2,2,0,0,4,60:00,True,L,21,17,2025020251,20252026,2025-11-09
away,52,WPG,8476945,C. Hellebuyck,37,0/0,0/0,0/0,0/0,,0,0,0,0,0,00:00,False,,0,0,2025020251,20252026,2025-11-09
home,24,ANA,8480843,L. Dostal,1,20/21,3/3,0/0,23/24,0.9583,1,0,0,0,1,60:00,True,W,24,23,2025020251,20252026,2025-11-09
home,24,ANA,8475852,P. Mrazek,34,0/0,0/0,0/0,0/0,,0,0,0,0,0,00:00,False,,0,0,2025020251,20252026,2025-11-09
away,2,NYI,8478009,I. Sorokin,30,24/25,9/10,0/0,33/35,0.9429,1,1,0,0,2,61:17,True,W,35,33,2025020252,20252026,2025-11-10
away,2,NYI,8479496,D. Rittich,33,0/0,0/0,0/0,0/0,,0,0,0,0,0,00:00,False,,0,0,2025020252,20252026,2025-11-10
home,1,NJD,8474593,J. Markstrom,25,20/22,1/2,0/0,21/24,0.875,2,1,0,0,3,58:23,True,O,24,21,2025020252,20252026,2025-11-10
home,1,NJD,8474596,J. Allen,34,0/0,0/0,0/0,0/0,,0,0,0,0,0,00:00,False,,0,0,2025020252,20252026,2025-11-10
away,18,NSH,8481020,J. Annunen,29,4/5,1/1,0/0,5/6,0.8333,1,0,0,0,1,19:53,False,,6,5,2025020253,20252026,2025-11-10
away,18,NSH,8477424,J. Saros,74,7/11,0/1,0/0,7/12,0.5833,4,1,0,0,5,39:57,True,L,12,7,2025020253,20252026,2025-11-10
home,3,NYR,8478048,I. Shesterkin,31,17/18,10/12,0/0,27/30,0.9,1,2,0,0,3,59:57,True,W,30,27,2025020253,20252026,2025-11-10
home,3,NYR,8471734,J. Quick,32,0/0,0/0,0/0,0/0,,0,0,0,0,0,00:00,False,,0,0,2025020253,20252026,2025-11-10
away,29,CBJ,8482982,J. Greaves,73,17/21,1/1,1/2,19/24,0.7917,4,0,1,0,5,60:56,True,O,24,19,2025020254,20252026,2025-11-10
away,29,CBJ,8478007,E. Merzlikins,90,0/0,0/0,0/0,0/0,,0,0,0,0,0,00:00,False,,0,0,2025020254,20252026,2025-11-10
home,22,EDM,8475717,C. Pickard,30,0/0,0/0,0/0,0/0,,0,0,0,0,0,00:00,False,,0,0,2025020254,20252026,2025-11-10
home,22,EDM,8479973,S. Skinner,74,16/20,1/1,1/1,18/22,0.8182,4,0,0,0,4,60:49,True,W,22,18,2025020254,20252026,2025-11-10
away,13,FLA,8480193,D. Tarasov,40,0/0,0/0,0/0,0/0,,0,0,0,0,0,00:00,False,,0,0,2025020255,20252026,2025-11-10
away,13,FLA,8475683,S. Bobrovsky,72,27/29,3/3,0/0,30/32,0.9375,2,0,0,0,2,60:00,True,W,32,30,2025020255,20252026,2025-11-10
home,54,VGK,8482761,C. Lindbom,30,16/18,1/2,0/0,17/20,0.85,2,1,0,0,3,58:29,True,L,20,17,2025020255,20252026,2025-11-10
home,54,VGK,8481033,A. Schmid,40,0/0,0/0,0/0,0/0,,0,0,0,0,0,00:00,False,,0,0,2025020255,20252026,2025-11-10
away,10,TOR,8483710,D. Hildeby,35,13/14,4/5,2/2,19/21,0.9048,1,1,0,0,2,37:20,False,L,21,19,2025020256,20252026,2025-11-11
away,10,TOR,8476932,A. Stolarz,41,6/7,2/4,0/0,8/11,0.7273,1,2,0,0,3,20:00,True,,11,8,2025020256,20252026,2025-11-11
home,6,BOS,8480280,J. Swayman,1,23/24,7/8,0/1,30/33,0.9091,1,1,1,0,3,59:53,True,W,33,30,2025020256,20252026,2025-11-11
home,6,BOS,8476914,J. Korpisalo,70,0/0,0/0,0/0,0/0,,0,0,0,0,0,00:00,False,,0,0,2025020256,20252026,2025-11-11
away,26,LAK,8476341,A. Forsberg,31,0/0,0/0,0/0,0/0,,0,0,0,0,0,00:00,False,,0,0,2025020257,20252026,2025-11-11
away,26,LAK,8475311,D. Kuemper,35,16/17,3/3,2/2,21/22,0.9545,1,0,0,0,1,59:02,True,W,22,21,2025020257,20252026,2025-11-11
home,8,MTL,8478470,S. Montembeault,35,18/22,3/3,0/0,21/25,0.84,4,0,0,0,4,59:39,True,L,25,21,2025020257,20252026,2025-11-11
home,8,MTL,8482487,J. Dobes,75,0/0,0/0,0/0,0/0,,0,0,0,0,0,00:00,False,,0,0,2025020257,20252026,2025-11-11
away,25,DAL,8479193,C. DeSmith,1,0/0,0/0,0/0,0/0,,0,0,0,0,0,00:00,False,,0,0,2025020258,20252026,2025-11-11
away,25,DAL,8479979,J. Oettinger,29,25/27,2/2,0/0,27/29,0.931,2,0,0,0,2,63:04,True,W,29,27,2025020258,20252026,2025-11-11
home,9,OTT,8482447,L. Meriläinen,1,0/0,0/0,0/0,0/0,,0,0,0,0,0,00:00,False,,0,0,2025020258,20252026,2025-11-11
home,9,OTT,8476999,L. Ullmark,35,25/27,4/5,1/1,30/33,0.9091,2,1,0,0,3,63:04,True,O,33,30,2025020258,20252026,2025-11-11
away,15,WSH,8480313,L. Thompson,48,22/23,6/6,2/2,30/31,0.9677,1,0,0,0,1,60:00,True,W,31,30,2025020259,20252026,2025-11-11
away,15,WSH,8479292,C. Lindgren,79,0/0,0/0,0/0,0/0,,0,0,0,0,0,00:00,False,,0,0,2025020259,20252026,2025-11-11
home,12,CAR,8475883,F. Andersen,31,14/16,9/10,1/1,24/27,0.8889,2,1,0,2,3,54:50,True,L,27,24,2025020259,20252026,2025-11-11
home,12,CAR,8481611,P. Kochetkov,52,0/0,0/0,0/0,0/0,,0,0,0,0,0,03:36,False,,0,0,2025020259,20252026,2025-11-11
away,20,CGY,8482445,D. Cooley,1,0/0,0/0,0/0,0/0,,0,0,0,0,0,00:00,False,,0,0,2025020260,20252026,2025-11-11
away,20,CGY,8481692,D. Wolf,32,22/24,6/7,0/0,28/31,0.9032,2,1,0,0,3,58:16,True,L,31,28,2025020260,20252026,2025-11-11
home,19,STL,8480981,J. Hofer,30,0/0,0/0,0/0,0/0,,0,0,0,0,0,00:00,False,,0,0,2025020260,20252026,2025-11-11
home,19,STL,8476412,J. Binnington,50,32/34,4/4,2/2,38/40,0.95,2,0,0,0,2,60:00,True,W,40,38,2025020260,20252026,2025-11-11
away,28,SJS,8482137,Y. Askarov,30,21/21,5/6,2/2,28/29,0.9655,0,1,0,0,1,62:14,True,W,29,28,2025020261,20252026,2025-11-11
away,28,SJS,8477968,A. Nedeljkovic,33,0/0,0/0,0/0,0/0,,0,0,0,0,0,00:00,False,,0,0,2025020261,20252026,2025-11-11
home,30,MIN,8482661,J. Wallstedt,30,0/0,0/0,0/0,0/0,,0,0,0,0,0,00:00,False,,0,0,2025020261,20252026,2025-11-11
home,30,MIN,8479406,F. Gustavsson,32,15/16,1/2,0/0,16/18,0.8889,1,1,0,0,2,62:41,True,O,18,16,2025020261,20252026,2025-11-11
away,24,ANA,8480843,L. Dostal,1,27/29,4/5,1/1,32/35,0.9143,2,1,0,0,3,58:46,True,L,35,32,2025020262,20252026,2025-11-11
away,24,ANA,8475852,P. Mrazek,34,0/0,0/0,0/0,0/0,,0,0,0,0,0,00:00,False,,0,0,2025020262,20252026,2025-11-11
home,21,COL,8478406,M. Blackwood,39,0/0,0/0,0/0,0/0,,0,0,0,0,0,00:00,False,,0,0,2025020262,20252026,2025-11-11
home,21,COL,8475809,S. Wedgewood,41,32/33,2/2,1/1,35/36,0.9722,1,0,0,0,1,60:00,True,W,36,35,2025020262,20252026,2025-11-11
away,52,WPG,8477480,E. Comrie,1,0/0,0/0,0/0,0/0,,0,0,0,0,0,00:00,False,,0,0,2025020263,20252026,2025-11-11
away,52,WPG,8476945,C. Hellebuyck,37,28/30,2/3,0/0,30/33,0.9091,2,1,0,0,3,60:00,True,W,33,30,2025020263,20252026,2025-11-11
home,23,VAN,8480947,K. Lankinen,32,15/15,5/6,0/0,20/21,0.9524,0,1,0,0,1,36:44,False,L,21,20,2025020263,20252026,2025-11-11
home,23,VAN,8477967,T. Demko,35,5/7,0/1,0/0,5/8,0.625,2,1,0,0,3,20:00,True,,8,5,2025020263,20252026,2025-11-11
away,29,CBJ,8482982,J. Greaves,73,19/20,3/3,0/0,22/23,0.9565,1,0,0,0,1,65:00,True,W,23,22,2025020264,20252026,2025-11-11
away,29,CBJ,8478007,E. Merzlikins,90,0/0,0/0,0/0,0/0,,0,0,0,0,0,00:00,False,,0,0,2025020264,20252026,2025-11-11
home,55,SEA,8476899,M. Murray,30,25/25,7/8,1/1,33/34,0.9706,0,1,0,0,1,64:54,True,O,34,33,2025020264,20252026,2025-11-11
home,55,SEA,8475831,P. Grubauer,31,0/0,0/0,0/0,0/0,,0,0,0,0,0,00:00,False,,0,0,2025020264,20252026,2025-11-11
away,3,NYR,8478048,I. Shesterkin,31,25/27,6/6,2/3,33/36,0.9167,2,0,1,2,3,60:00,True,W,36,33,2025020265,20252026,2025-11-12
away,3,NYR,8471734,J. Quick,32,0/0,0/0,0/0,0/0,,0,0,0,0,0,00:00,False,,0,0,2025020265,20252026,2025-11-12
home,14,TBL,8477992,J. Johansson,31,5/6,1/1,0/0,6/7,0.8571,1,0,0,0,1,16:33,False,,7,6,2025020265,20252026,2025-11-12
home,14,TBL,8476883,A. Vasilevskiy,88,8/12,0/1,0/0,8/13,0.6154,4,1,0,0,5,40:00,True,L,13,8,2025020265,20252026,2025-11-12
away,22,EDM,8475717,C. Pickard,30,0/0,0/0,0/0,0/0,,0,0,0,0,0,00:00,False,,0,0,2025020266,20252026,2025-11-12
away,22,EDM,8479973,S. Skinner,74,15/15,4/5,1/1,20/21,0.9524,0,1,0,0,1,61:19,True,W,21,20,2025020266,20252026,2025-11-12
home,4,PHI,8481035,S. Ersson,33,0/0,0/0,0/0,0/0,,0,0,0,0,0,00:00,False,,0,0,2025020266,20252026,2025-11-12
home,4,PHI,8478435,D. Vladar,80,26/28,2/2,1/1,29/31,0.9355,2,0,0,2,2,61:19,True,O,31,29,2025020266,20252026,2025-11-12
away,7,BUF,8480045,U. Luukkonen,1,0/0,0/0,0/0,0/0,,0,0,0,0,0,00:00,False,,0,0,2025020267,20252026,2025-11-12
away,7,BUF,8481551,C. Ellis,92,28/32,3/3,1/1,32/36,0.8889,4,0,0,0,4,57:50,True,L,36,32,2025020267,20252026,2025-11-12
home,68,UTA,8477970,V. Vanecek,41,0/0,0/0,0/0,0/0,,0,0,0,0,0,00:00,False,,0,0,2025020267,20252026,2025-11-12
home,68,UTA,8478872,K. Vejmelka,70,14/16,3/3,0/0,17/19,0.8947,2,0,0,0,2,60:00,True,W,19,17,2025020267,20252026,2025-11-12
away,1,NJD,8474593,J. Markstrom,25,9/11,8/9,0/0,17/20,0.85,2,1,0,0,3,63:28,True,W,20,17,2025020268,20252026,2025-11-12
away,1,NJD,8474596,J. Allen,34,0/0,0/0,0/0,0/0,,0,0,0,0,0,00:00,False,,0,0,2025020268,20252026,2025-11-12
home,16,CHI,8481519,S. Knight,30,30/34,1/1,2/2,33/37,0.8919,4,0,0,0,4,63:28,True,O,37,33,2025020268,20252026,2025-11-12
home,16,CHI,8482821,A. Soderblom,40,0/0,0/0,0/0,0/0,,0,0,0,0,0,00:00,False,,0,0,2025020268,20252026,2025-11-12
away,26,LAK,8476341,A. Forsberg,31,0/0,0/0,0/0,0/0,,0,0,0,0,0,00:00,False,,0,0,2025020269,20252026,2025-11-13
away,26,LAK,8475311,D. Kuemper,35,10/13,2/2,0/0,12/15,0.8,3,0,0,0,3,60:35,True,W,15,12,2025020269,20252026,2025-11-13
home,10,TOR,8483710,D. Hildeby,35,25/29,7/7,1/1,33/37,0.8919,4,0,0,0,4,60:35,True,O,37,33,2025020269,20252026,2025-11-13
home,10,TOR,8482515,A. Akhtyamov,70,0/0,0/0,0/0,0/0,,0,0,0,0,0,00:00,False,,0,0,2025020269,20252026,2025-11-13
away,25,DAL,8479193,C. DeSmith,1,19/19,3/3,2/2,24/24,1.0,0,0,0,0,0,59:26,True,W,24,24,2025020270,20252026,2025-11-13
away,25,DAL,8479979,J. Oettinger,29,0/0,0/0,0/0,0/0,,0,0,0,0,0,00:00,False,,0,0,2025020270,20252026,2025-11-13
home,8,MTL,8478470,S. Montembeault,35,4/6,0/0,0/0,4/6,0.6667,2,0,0,0,2,20:00,False,,6,4,2025020270,20252026,2025-11-13
home,8,MTL,8482487,J. Dobes,75,5/9,2/3,1/1,8/13,0.6154,4,1,0,0,5,40:00,True,L,13,8,2025020270,20252026,2025-11-13
away,6,BOS,8480280,J. Swayman,1,0/0,0/0,0/0,0/0,,0,0,0,0,0,00:00,False,,0,0,2025020271,20252026,2025-11-13
away,6,BOS,8476914,J. Korpisalo,70,14/17,3/4,0/0,17/21,0.8095,3,1,0,0,4,58:10,True,L,21,17,2025020271,20252026,2025-11-13
home,9,OTT,8482447,L. Meriläinen,1,12/14,6/7,0/0,18/21,0.8571,2,1,0,0,3,60:00,True,W,21,18,2025020271,20252026,2025-11-13
home,9,OTT,8476999,L. Ullmark,35,0/0,0/0,0/0,0/0,,0,0,0,0,0,00:00,False,,0,0,2025020271,20252026,2025-11-13
away,24,ANA,8480843,L. Dostal,1,24/27,2/4,1/1,27/32,0.8438,3,2,0,0,5,59:21,True,L,32,27,2025020272,20252026,2025-11-13
away,24,ANA,8475852,P. Mrazek,34,0/0,0/0,0/0,0/0,,0,0,0,0,0,00:00,False,,0,0,2025020272,20252026,2025-11-13
home,17,DET,8476434,J. Gibson,36,12/14,0/0,3/3,15/17,0.8824,2,0,0,0,2,40:00,True,,17,15,2025020272,20252026,2025-11-13
home,17,DET,8475660,C. Talbot,39,9/10,1/1,0/0,10/11,0.9091,1,0,0,0,1,20:00,False,W,11,10,2025020272,20252026,2025-11-13
away,15,WSH,8480313,L. Thompson,48,16/19,6/8,0/0,22/27,0.8148,3,2,0,0,5,59:23,True,L,27,22,2025020273,20252026,2025-11-13
away,15,WSH,8479292,C. Lindgren,79,0/0,0/0,0/0,0/0,,0,0,0,0,0,00:00,False,,0,0,2025020273,20252026,2025-11-13
home,13,FLA,8480193,D. Tarasov,40,35/38,1/1,1/1,37/40,0.925,3,0,0,0,3,60:00,True,W,40,37,2025020273,20252026,2025-11-13
home,13,FLA,8475683,S. Bobrovsky,72,0/0,0/0,0/0,0/0,,0,0,0,0,0,00:00,False,,0,0,2025020273,20252026,2025-11-13
away,22,EDM,8475717,C. Pickard,30,18/23,2/2,0/0,20/25,0.8,5,0,0,0,5,57:58,True,L,25,20,2025020274,20252026,2025-11-13
away,22,EDM,8479973,S. Skinner,74,0/0,0/0,0/0,0/0,,0,0,0,0,0,00:00,False,,0,0,2025020274,20252026,2025-11-13
home,29,CBJ,8482982,J. Greaves,73,21/25,4/4,0/0,25/29,0.8621,4,0,0,0,4,60:00,True,W,29,25,2025020274,20252026,2025-11-13
home,29,CBJ,8478007,E. Merzlikins,90,0/0,0/0,0/0,0/0,,0,0,0,0,0,00:00,False,,0,0,2025020274,20252026,2025-11-13
away,7,BUF,8480045,U. Luukkonen,1,19/22,8/8,0/0,27/30,0.9,3,0,0,0,3,52:55,False,L,30,27,2025020275,20252026,2025-11-13
away,7,BUF,8479312,A. Lyon,34,1/3,0/0,0/0,1/3,0.3333,2,0,0,0,2,06:10,True,,3,1,2025020275,20252026,2025-11-13
home,21,COL,8478406,M. Blackwood,39,13/15,5/6,0/0,18/21,0.8571,2,1,0,0,3,60:00,True,W,21,18,2025020275,20252026,2025-11-13
home,21,COL,8475809,S. Wedgewood,41,0/0,0/0,0/0,0/0,,0,0,0,0,0,00:00,False,,0,0,2025020275,20252026,2025-11-13
away,28,SJS,8482137,Y. Askarov,30,28/29,4/4,2/2,34/35,0.9714,1,0,0,0,1,58:23,True,L,35,34,2025020276,20252026,2025-11-13
away,28,SJS,8480819,J. Skarek,36,0/0,0/0,0/0,0/0,,0,0,0,0,0,00:00,False,,0,0,2025020276,20252026,2025-11-13
home,20,CGY,8482445,D. Cooley,1,0/0,0/0,0/0,0/0,,0,0,0,0,0,00:00,False,,0,0,2025020276,20252026,2025-11-13
home,20,CGY,8481692,D. Wolf,32,13/13,3/3,1/1,17/17,1.0,0,0,0,0,0,60:00,True,W,17,17,2025020276,20252026,2025-11-13
away,2,NYI,8478009,I. Sorokin,30,18/21,8/8,0/0,26/29,0.8966,3,0,0,0,3,61:46,True,W,29,26,2025020277,20252026,2025-11-13
away,2,NYI,8479496,D. Rittich,33,0/0,0/0,0/0,0/0,,0,0,0,0,0,00:00,False,,0,0,2025020277,20252026,2025-11-13
home,54,VGK,8482761,C. Lindbom,30,0/0,0/0,0/0,0/0,,0,0,0,0,0,00:00,False,,0,0,2025020277,20252026,2025-11-13
home,54,VGK,8481033,A. Schmid,40,14/16,5/6,1/2,20/24,0.8333,2,1,1,0,4,62:31,True,O,24,20,2025020277,20252026,2025-11-13
away,52,WPG,8477480,E. Comrie,1,0/0,0/0,0/0,0/0,,0,0,0,0,0,00:00,False,,0,0,2025020278,20252026,2025-11-13
away,52,WPG,8476945,C. Hellebuyck,37,11/14,2/3,0/0,13/17,0.7647,3,1,0,2,4,58:04,True,L,17,13,2025020278,20252026,2025-11-13
home,55,SEA,8476899,M. Murray,30,0/0,0/0,0/0,0/0,,0,0,0,0,0,00:00,False,,0,0,2025020278,20252026,2025-11-13
home,55,SEA,8475831,P. Grubauer,31,21/23,1/2,1/1,23/26,0.8846,2,1,0,0,3,60:00,True,W,26,23,2025020278,20252026,2025-11-13
away,23,VAN,8480238,J. Patera,30,0/0,0/0,0/0,0/0,,0,0,0,0,0,00:00,False,,0,0,2025020279,20252026,2025-11-14
away,23,VAN,8480947,K. Lankinen,32,34/37,0/1,0/0,34/38,0.8947,3,1,0,0,4,64:29,True,O,38,34,2025020279,20252026,2025-11-14
home,12,CAR,8483548,B. Bussi,32,0/0,0/0,0/0,0/0,,0,0,0,0,0,00:00,False,,0,0,2025020279,20252026,2025-11-14
home,12,CAR,8481611,P. Kochetkov,52,12/13,1/2,1/2,14/17,0.8235,1,1,1,0,3,64:29,True,W,17,14,2025020279,20252026,2025-11-14
away,4,PHI,8481035,S. Ersson,33,10/15,2/2,0/0,12/17,0.7059,5,0,0,0,5,65:00,True,W,17,12,2025020280,20252026,2025-11-14
away,4,PHI,8478435,D. Vladar,80,0/0,0/0,0/0,0/0,,0,0,0,0,0,00:00,False,,0,0,2025020280,20252026,2025-11-14
home,19,STL,8480981,J. Hofer,30,0/0,0/0,0/0,0/0,,0,0,0,0,0,00:00,False,,0,0,2025020280,20252026,2025-11-14
home,19,STL,8476412,J. Binnington,50,25/30,1/1,0/0,26/31,0.8387,5,0,0,0,5,65:00,True,O,31,26,2025020280,20252026,2025-11-14
away,5,PIT,8483703,S. Murashov,1,0/0,0/0,0/0,0/0,,0,0,0,0,0,00:00,False,,0,0,2025020281,20252026,2025-11-14
away,5,PIT,8481668,A. Silovs,37,25/27,2/2,1/1,28/30,0.9333,2,0,0,0,2,60:44,True,O,30,28,2025020281,20252026,2025-11-14
home,18,NSH,8481020,J. Annunen,29,0/0,0/0,0/0,0/0,,0,0,0,0,0,00:00,False,,0,0,2025020281,20252026,2025-11-14
home,18,NSH,8477424,J. Saros,74,16/17,0/0,0/0,16/17,0.9412,1,0,0,0,1,60:37,True,W,17,16,2025020281,20252026,2025-11-14
away,2,NYI,8478009,I. Sorokin,30,0/0,0/0,0/0,0/0,,0,0,0,0,0,00:00,False,,0,0,2025020282,20252026,2025-11-14
away,2,NYI,8479496,D. Rittich,33,20/21,7/8,1/1,28/30,0.9333,1,1,0,0,2,62:06,True,W,30,28,2025020282,20252026,2025-11-14
home,68,UTA,8477970,V. Vanecek,41,0/0,0/0,0/0,0/0,,0,0,0,0,0,00:00,False,,0,0,2025020282,20252026,2025-11-14
home,68,UTA,8478872,K. Vejmelka,70,10/12,6/6,3/3,19/21,0.9048,3,0,0,0,3,61:33,True,O,21,19,2025020282,20252026,2025-11-14
away,14,TBL,8477992,J. Johansson,31,0/0,0/0,0/0,0/0,,0,0,0,0,0,00:00,False,,0,0,2025020283,20252026,2025-11-15
away,14,TBL,8476883,A. Vasilevskiy,88,16/16,5/6,1/1,22/23,0.9565,0,1,0,0,1,60:00,True,W,23,22,2025020283,20252026,2025-11-15
home,13,FLA,8480193,D. Tarasov,40,0/0,0/0,0/0,0/0,,0,0,0,0,0,00:00,False,,0,0,2025020283,20252026,2025-11-15
home,13,FLA,8475683,S. Bobrovsky,72,13/15,4/4,0/0,17/19,0.8947,2,0,0,0,2,57:45,True,L,19,17,2025020283,20252026,2025-11-15
away,24,ANA,8480843,L. Dostal,1,0/0,0/0,0/0,0/0,,0,0,0,0,0,00:00,False,,0,0,2025020284,20252026,2025-11-15
away,24,ANA,8475852,P. Mrazek,34,17/18,10/10,1/1,28/29,0.9655,1,0,0,0,1,58:05,True,L,29,28,2025020284,20252026,2025-11-15
home,30,MIN,8482661,J. Wallstedt,30,23/23,2/2,3/3,28/28,1.0,0,0,0,0,0,60:00,True,W,28,28,2025020284,20252026,2025-11-15
home,30,MIN,8479406,F. Gustavsson,32,0/0,0/0,0/0,0/0,,0,0,0,0,0,00:00,False,,0,0,2025020284,20252026,2025-11-15
away,6,BOS,8480280,J. Swayman,1,19/20,6/6,1/2,26/28,0.9286,1,0,1,0,2,59:48,True,W,28,26,2025020285,20252026,2025-11-15
away,6,BOS,8476914,J. Korpisalo,70,0/0,0/0,0/0,0/0,,0,0,0,0,0,00:00,False,,0,0,2025020285,20252026,2025-11-15
home,8,MTL,8478470,S. Montembeault,35,10/12,10/11,0/0,20/23,0.8696,2,1,0,0,3,58:16,True,L,23,20,2025020285,20252026,2025-11-15
home,8,MTL,8482487,J. Dobes,75,0/0,0/0,0/0,0/0,,0,0,0,0,0,00:00,False,,0,0,2025020285,20252026,2025-11-15
away,26,LAK,8476341,A. Forsberg,31,17/17,0/0,0/0,17/17,1.0,0,0,0,0,0,59:59,True,W,17,17,2025020286,20252026,2025-11-15
away,26,LAK,8475311,D. Kuemper,35,0/0,0/0,0/0,0/0,,0,0,0,0,0,00:00,False,,0,0,2025020286,20252026,2025-11-15
home,9,OTT,8482447,L. Meriläinen,1,0/0,0/0,0/0,0/0,,0,0,0,0,0,00:00,False,,0,0,2025020286,20252026,2025-11-15
home,9,OTT,8476999,L. Ullmark,35,12/13,5/5,0/0,17/18,0.9444,1,0,0,0,1,57:39,True,L,18,17,2025020286,20252026,2025-11-15
away,7,BUF,8480045,U. Luukkonen,1,0/0,0/0,0/0,0/0,,0,0,0,0,0,00:00,False,,0,0,2025020287,20252026,2025-11-15
away,7,BUF,8481551,C. Ellis,92,17/20,7/8,0/0,24/28,0.8571,3,1,0,0,4,61:02,True,W,28,24,2025020287,20252026,2025-11-15
home,17,DET,8476434,J. Gibson,36,16/20,6/6,0/1,22/27,0.8148,4,0,1,0,5,60:30,True,O,27,22,2025020287,20252026,2025-11-15
home,17,DET,8475660,C. Talbot,39,0/0,0/0,0/0,0/0,,0,0,0,0,0,00:00,False,,0,0,2025020287,20252026,2025-11-15
away,1,NJD,8474593,J. Markstrom,25,0/0,0/0,0/0,0/0,,0,0,0,0,0,00:00,False,,0,0,2025020288,20252026,2025-11-15
away,1,NJD,8474596,J. Allen,34,26/28,2/2,1/1,29/31,0.9355,2,0,0,0,2,65:00,True,W,31,29,2025020288,20252026,2025-11-15
home,15,WSH,8480313,L. Thompson,48,24/25,5/6,0/0,29/31,0.9355,1,1,0,0,2,65:00,True,O,31,29,2025020288,20252026,2025-11-15
home,15,WSH,8479292,C. Lindgren,79,0/0,0/0,0/0,0/0,,0,0,0,0,0,00:00,False,,0,0,2025020288,20252026,2025-11-15
away,22,EDM,8475717,C. Pickard,30,0/0,0/0,0/0,0/0,,0,0,0,0,0,00:00,False,,0,0,2025020289,20252026,2025-11-15
away,22,EDM,8479973,S. Skinner,74,26/29,5/5,2/2,33/36,0.9167,3,0,0,0,3,60:19,True,W,36,33,2025020289,20252026,2025-11-15
home,12,CAR,8475883,F. Andersen,31,19/22,0/1,0/0,19/23,0.8261,3,1,0,0,4,60:19,True,O,23,19,2025020289,20252026,2025-11-15
home,12,CAR,8483548,B. Bussi,32,0/0,0/0,0/0,0/0,,0,0,0,0,0,00:00,False,,0,0,2025020289,20252026,2025-11-15
away,3,NYR,8478048,I. Shesterkin,31,25/25,1/2,0/0,26/27,0.963,0,1,0,0,1,64:39,True,W,27,26,2025020290,20252026,2025-11-15
away,3,NYR,8471734,J. Quick,32,0/0,0/0,0/0,0/0,,0,0,0,0,0,00:00,False,,0,0,2025020290,20252026,2025-11-15
home,29,CBJ,8482982,J. Greaves,73,29/29,3/4,0/0,32/33,0.9697,0,1,0,0,1,65:00,True,O,33,32,2025020290,20252026,2025-11-15
home,29,CBJ,8478007,E. Merzlikins,90,0/0,0/0,0/0,0/0,,0,0,0,0,0,00:00,False,,0,0,2025020290,20252026,2025-11-15
away,10,TOR,8483710,D. Hildeby,35,0/0,0/0,0/0,0/0,,0,0,0,0,0,00:00,False,,0,0,2025020291,20252026,2025-11-15
away,10,TOR,8479361,J. Woll,60,21/24,6/6,2/2,29/32,0.9062,3,0,0,0,3,58:36,True,L,32,29,2025020291,20252026,2025-11-15
home,16,CHI,8481519,S. Knight,30,26/28,5/5,0/0,31/33,0.9394,2,0,0,0,2,60:00,True,W,33,31,2025020291,20252026,2025-11-15
home,16,CHI,8482821,A. Soderblom,40,0/0,0/0,0/0,0/0,,0,0,0,0,0,00:00,False,,0,0,2025020291,20252026,2025-11-15
away,54,VGK,8482761,C. Lindbom,30,0/0,0/0,0/0,0/0,,0,0,0,0,0,00:00,False,,0,0,2025020292,20252026,2025-11-15
away,54,VGK,8481033,A. Schmid,40,21/22,1/1,0/0,22/23,0.9565,1,0,0,0,1,60:00,True,W,23,22,2025020292,20252026,2025-11-15
home,19,STL,8480981,J. Hofer,30,22/25,8/9,0/0,30/34,0.8824,3,1,0,0,4,60:00,True,L,34,30,2025020292,20252026,2025-11-15
home,19,STL,8476412,J. Binnington,50,0/0,0/0,0/0,0/0,,0,0,0,0,0,00:00,False,,0,0,2025020292,20252026,2025-11-15
away,4,PHI,8481035,S. Ersson,33,0/0,0/0,0/0,0/0,,0,0,0,0,0,00:00,False,,0,0,2025020293,20252026,2025-11-15
away,4,PHI,8478435,D. Vladar,80,20/24,3/4,0/0,23/28,0.8214,4,1,0,0,5,59:56,True,L,28,23,2025020293,20252026,2025-11-15
home,25,DAL,8479193,C. DeSmith,1,0/0,0/0,0/0,0/0,,0,0,0,0,0,00:00,False,,0,0,2025020293,20252026,2025-11-15
home,25,DAL,8479979,J. Oettinger,29,19/20,1/1,0/0,20/21,0.9524,1,0,0,0,1,60:00,True,W,21,20,2025020293,20252026,2025-11-15
away,52,WPG,8477480,E. Comrie,1,0/0,0/0,0/0,0/0,,0,0,0,0,0,00:00,False,,0,0,2025020294,20252026,2025-11-15
away,52,WPG,8476945,C. Hellebuyck,37,25/27,6/7,0/0,31/34,0.9118,2,1,0,0,3,64:56,True,W,34,31,2025020294,20252026,2025-11-15
home,20,CGY,8482445,D. Cooley,1,0/0,0/0,0/0,0/0,,0,0,0,0,0,00:00,False,,0,0,2025020294,20252026,2025-11-15
home,20,CGY,8481692,D. Wolf,32,19/21,1/2,0/0,20/23,0.8696,2,1,0,0,3,64:29,True,O,23,20,2025020294,20252026,2025-11-15
away,28,SJS,8482137,Y. Askarov,30,0/0,0/0,0/0,0/0,,0,0,0,0,0,00:00,False,,0,0,2025020295,20252026,2025-11-15
away,28,SJS,8477968,A. Nedeljkovic,33,16/19,0/0,3/3,19/22,0.8636,3,0,0,0,3,59:07,True,L,22,19,2025020295,20252026,2025-11-15
home,55,SEA,8476899,M. Murray,30,6/6,0/1,0/0,6/7,0.8571,0,1,0,0,1,19:42,True,,7,6,2025020295,20252026,2025-11-15
home,55,SEA,8475831,P. Grubauer,31,14/14,5/5,0/0,19/19,1.0,0,0,0,0,0,40:18,False,W,19,19,2025020295,20252026,2025-11-15
away,18,NSH,8481020,J. Annunen,29,0/0,0/0,0/0,0/0,,0,0,0,0,0,00:00,False,,0,0,2025020296,20252026,2025-11-16
away,18,NSH,8477424,J. Saros,74,15/18,0/0,3/3,18/21,0.8571,3,0,0,0,3,59:22,True,L,21,18,2025020296,20252026,2025-11-16
home,5,PIT,8483703,S. Murashov,1,16/16,5/5,0/0,21/21,1.0,0,0,0,0,0,60:00,True,W,21,21,2025020296,20252026,2025-11-16
home,5,PIT,8481668,A. Silovs,37,0/0,0/0,0/0,0/0,,0,0,0,0,0,00:00,False,,0,0,2025020296,20252026,2025-11-16
away,23,VAN,8480238,J. Patera,30,0/0,0/0,0/0,0/0,,0,0,0,0,0,00:00,False,,0,0,2025020297,20252026,2025-11-16
away,23,VAN,8480947,K. Lankinen,32,26/28,2/2,0/0,28/30,0.9333,2,0,0,0,2,60:00,True,W,30,28,2025020297,20252026,2025-11-16
home,14,TBL,8477992,J. Johansson,31,10/13,2/4,0/0,12/17,0.7059,3,2,0,0,5,58:17,True,L,17,12,2025020297,20252026,2025-11-16
home,14,TBL,8476883,A. Vasilevskiy,88,0/0,0/0,0/0,0/0,,0,0,0,0,0,00:00,False,,0,0,2025020297,20252026,2025-11-16
away,54,VGK,8482761,C. Lindbom,30,20/22,3/4,2/2,25/28,0.8929,2,1,0,0,3,64:50,True,O,28,25,2025020298,20252026,2025-11-16
away,54,VGK,8481033,A. Schmid,40,0/0,0/0,0/0,0/0,,0,0,0,0,0,00:00,False,,0,0,2025020298,20252026,2025-11-16
home,30,MIN,8482661,J. Wallstedt,30,0/0,0/0,0/0,0/0,,0,0,0,0,0,00:00,False,,0,0,2025020298,20252026,2025-11-16
home,30,MIN,8479406,F. Gustavsson,32,19/19,4/6,0/0,23/25,0.92,0,2,0,0,2,64:50,True,W,25,23,2025020298,20252026,2025-11-16
away,17,DET,8476434,J. Gibson,36,0/0,0/0,0/0,0/0,,0,0,0,0,0,00:00,False,,0,0,2025020299,20252026,2025-11-16
away,17,DET,8475660,C. Talbot,39,17/17,1/2,0/0,18/19,0.9474,0,1,0,0,1,59:39,True,W,19,18,2025020299,20252026,2025-11-16
home,3,NYR,8478048,I. Shesterkin,31,0/0,0/0,0/0,0/0,,0,0,0,0,0,00:00,False,,0,0,2025020299,20252026,2025-11-16
home,3,NYR,8471734,J. Quick,32,23/24,15/16,2/2,40/42,0.9524,1,1,0,12,2,58:30,True,L,42,40,2025020299,20252026,2025-11-16
away,2,NYI,8478009,I. Sorokin,30,19/22,4/4,1/1,24/27,0.8889,3,0,0,0,3,58:26,True,L,27,24,2025020300,20252026,2025-11-16
away,2,NYI,8479496,D. Rittich,33,0/0,0/0,0/0,0/0,,0,0,0,0,0,00:00,False,,0,0,2025020300,20252026,2025-11-16
home,21,COL,8478406,M. Blackwood,39,0/0,0/0,0/0,0/0,,0,0,0,0,0,00:00,False,,0,0,2025020300,20252026,2025-11-16
home,21,COL,8475809,S. Wedgewood,41,19/20,9/9,0/0,28/29,0.9655,1,0,0,0,1,60:00,True,W,29,28,2025020300,20252026,2025-11-16
away,12,CAR,8475883,F. Andersen,31,0/0,0/0,0/0,0/0,,0,0,0,0,0,00:00,False,,0,0,2025020301,20252026,2025-11-17
away,12,CAR,8481611,P. Kochetkov,52,24/24,5/6,0/0,29/30,0.9667,0,1,0,0,1,60:00,True,W,30,29,2025020301,20252026,2025-11-17
home,6,BOS,8480280,J. Swayman,1,22/25,6/6,1/1,29/32,0.9062,3,0,0,0,3,60:00,True,L,32,29,2025020301,20252026,2025-11-17
home,6,BOS,8476914,J. Korpisalo,70,0/0,0/0,0/0,0/0,,0,0,0,0,0,00:00,False,,0,0,2025020301,20252026,2025-11-17
away,22,EDM,8475717,C. Pickard,30,0/0,0/0,0/0,0/0,,0,0,0,0,0,00:00,False,,0,0,2025020302,20252026,2025-11-17
away,22,EDM,8479973,S. Skinner,74,21/24,2/3,0/0,23/27,0.8519,3,1,0,0,4,58:06,True,L,27,23,2025020302,20252026,2025-11-17
home,7,BUF,8480045,U. Luukkonen,1,0/0,0/0,0/0,0/0,,0,0,0,0,0,00:00,False,,0,0,2025020302,20252026,2025-11-17
home,7,BUF,8481551,C. Ellis,92,30/31,2/2,0/0,32/33,0.9697,1,0,0,0,1,60:00,True,W,33,32,2025020302,20252026,2025-11-17
away,23,VAN,8480238,J. Patera,30,27/32,6/8,0/0,33/40,0.825,5,2,0,0,7,56:49,True,L,40,33,2025020303,20252026,2025-11-17
away,23,VAN,8480947,K. Lankinen,32,0/0,0/0,0/0,0/0,,0,0,0,0,0,00:00,False,,0,0,2025020303,20252026,2025-11-17
home,13,FLA,8480193,D. Tarasov,40,0/0,0/0,0/0,0/0,,0,0,0,0,0,00:00,False,,0,0,2025020303,20252026,2025-11-17
home,13,FLA,8475683,S. Bobrovsky,72,6/9,4/6,0/0,10/15,0.6667,3,2,0,0,5,59:51,True,W,15,10,2025020303,20252026,2025-11-17
away,26,LAK,8476341,A. Forsberg,31,0/0,0/0,0/0,0/0,,0,0,0,0,0,00:00,False,,0,0,2025020304,20252026,2025-11-17
away,26,LAK,8475311,D. Kuemper,35,19/21,3/3,1/1,23/25,0.92,2,0,0,0,2,58:07,True,L,25,23,2025020304,20252026,2025-11-17
home,15,WSH,8480313,L. Thompson,48,0/0,0/0,0/0,0/0,,0,0,0,0,0,00:00,False,,0,0,2025020304,20252026,2025-11-17
home,15,WSH,8479292,C. Lindgren,79,24/24,5/6,1/1,30/31,0.9677,0,1,0,0,1,60:00,True,W,31,30,2025020304,20252026,2025-11-17
away,8,MTL,8478470,S. Montembeault,35,0/0,0/0,0/0,0/0,,0,0,0,0,0,00:00,False,,0,0,2025020305,20252026,2025-11-17
away,8,MTL,8482487,J. Dobes,75,19/21,1/2,0/0,20/23,0.8696,2,1,0,0,3,64:28,True,O,23,20,2025020305,20252026,2025-11-17
home,29,CBJ,8482982,J. Greaves,73,29/32,0/0,0/0,29/32,0.9062,3,0,0,0,3,65:00,True,W,32,29,2025020305,20252026,2025-11-17
home,29,CBJ,8478007,E. Merzlikins,90,0/0,0/0,0/0,0/0,,0,0,0,0,0,00:00,False,,0,0,2025020305,20252026,2025-11-17
away,68,UTA,8477970,V. Vanecek,41,0/0,0/0,0/0,0/0,,0,0,0,0,0,00:00,False,,0,0,2025020306,20252026,2025-11-17
away,68,UTA,8478872,K. Vejmelka,70,20/23,3/3,0/0,23/26,0.8846,3,0,0,0,3,61:38,True,O,26,23,2025020306,20252026,2025-11-17
home,24,ANA,8480843,L. Dostal,1,15/17,1/1,0/0,16/18,0.8889,2,0,0,0,2,60:02,True,W,18,16,2025020306,20252026,2025-11-17
home,24,ANA,8475852,P. Mrazek,34,0/0,0/0,0/0,0/0,,0,0,0,0,0,00:00,False,,0,0,2025020306,20252026,2025-11-17
away,19,STL,8480981,J. Hofer,30,0/0,0/0,0/0,0/0,,0,0,0,0,0,00:00,False,,0,0,2025020307,20252026,2025-11-18
away,19,STL,8476412,J. Binnington,50,23/26,2/2,1/1,26/29,0.8966,3,0,0,0,3,64:06,True,O,29,26,2025020307,20252026,2025-11-18
home,10,TOR,8483710,D. Hildeby,35,0/0,0/0,0/0,0/0,,0,0,0,0,0,00:00,False,,0,0,2025020307,20252026,2025-11-18
home,10,TOR,8479361,J. Woll,60,23/23,5/6,0/0,28/29,0.9655,1,1,0,0,2,64:06,True,W,29,28,2025020307,20252026,2025-11-18
away,55,SEA,8475831,P. Grubauer,31,0/0,0/0,0/0,0/0,,0,0,0,0,0,00:00,False,,0,0,2025020308,20252026,2025-11-18
away,55,SEA,8478916,J. Daccord,35,21/23,2/3,0/0,23/26,0.8846,2,1,0,0,3,58:36,True,L,26,23,2025020308,20252026,2025-11-18
home,17,DET,8476434,J. Gibson,36,0/0,0/0,0/0,0/0,,0,0,0,0,0,00:00,False,,0,0,2025020308,20252026,2025-11-18
home,17,DET,8475660,C. Talbot,39,18/19,2/3,0/0,20/22,0.9091,1,1,0,0,2,60:00,True,W,22,20,2025020308,20252026,2025-11-18
away,1,NJD,8474593,J. Markstrom,25,17/20,6/8,1/1,24/29,0.8276,3,2,0,0,5,60:00,True,L,29,24,2025020309,20252026,2025-11-18
away,1,NJD,8474596,J. Allen,34,0/0,0/0,0/0,0/0,,0,0,0,0,0,00:00,False,,0,0,2025020309,20252026,2025-11-18
home,14,TBL,8477992,J. Johansson,31,0/0,0/0,0/0,0/0,,0,0,0,0,0,00:00,False,,0,0,2025020309,20252026,2025-11-18
home,14,TBL,8476883,A. Vasilevskiy,88,25/26,6/6,0/0,31/32,0.9688,1,0,0,0,1,60:00,True,W,32,31,2025020309,20252026,2025-11-18
away,2,NYI,8478009,I. Sorokin,30,0/0,0/0,0/0,0/0,,0,0,0,0,0,00:00,False,,0,0,2025020310,20252026,2025-11-18
away,2,NYI,8479496,D. Rittich,33,19/21,1/1,2/2,22/24,0.9167,2,0,0,0,2,60:00,True,W,24,22,2025020310,20252026,2025-11-18
home,25,DAL,8479193,C. DeSmith,1,0/0,0/0,0/0,0/0,,0,0,0,0,0,00:00,False,,0,0,2025020310,20252026,2025-11-18
home,25,DAL,8479979,J. Oettinger,29,17/19,0/0,2/3,19/22,0.8636,2,0,1,0,3,57:42,True,L,22,19,2025020310,20252026,2025-11-18
away,29,CBJ,8482982,J. Greaves,73,0/0,0/0,0/0,0/0,,0,0,0,0,0,00:00,False,,0,0,2025020311,20252026,2025-11-18
away,29,CBJ,8478007,E. Merzlikins,90,21/25,4/5,0/0,25/30,0.8333,4,1,0,0,5,60:00,True,L,30,25,2025020311,20252026,2025-11-18
home,52,WPG,8477480,E. Comrie,1,18/20,1/1,1/1,20/22,0.9091,2,0,0,0,2,60:00,True,W,22,20,2025020311,20252026,2025-11-18
home,52,WPG,8476945,C. Hellebuyck,37,0/0,0/0,0/0,0/0,,0,0,0,0,0,00:00,False,,0,0,2025020311,20252026,2025-11-18
away,20,CGY,8482445,D. Cooley,1,0/0,0/0,0/0,0/0,,0,0,0,0,0,00:00,False,,0,0,2025020312,20252026,2025-11-18
away,20,CGY,8481692,D. Wolf,32,13/17,3/3,2/2,18/22,0.8182,4,0,0,0,4,57:59,True,L,22,18,2025020312,20252026,2025-11-18
home,16,CHI,8481519,S. Knight,30,0/0,0/0,0/0,0/0,,0,0,0,0,0,00:00,False,,0,0,2025020312,20252026,2025-11-18
home,16,CHI,8482821,A. Soderblom,40,15/16,3/4,1/1,19/21,0.9048,1,1,0,0,2,60:00,True,W,21,19,2025020312,20252026,2025-11-18
away,3,NYR,8478048,I. Shesterkin,31,17/18,5/7,1/1,23/26,0.8846,1,2,0,0,3,57:38,True,L,26,23,2025020313,20252026,2025-11-18
away,3,NYR,8471734,J. Quick,32,0/0,0/0,0/0,0/0,,0,0,0,0,0,00:00,False,,0,0,2025020313,20252026,2025-11-18
home,54,VGK,8482761,C. Lindbom,30,0/0,0/0,0/0,0/0,,0,0,0,0,0,00:00,False,,0,0,2025020313,20252026,2025-11-18
home,54,VGK,8481033,A. Schmid,40,14/16,2/2,1/1,17/19,0.8947,2,0,0,0,2,59:48,True,W,19,17,2025020313,20252026,2025-11-18
away,68,UTA,8477970,V. Vanecek,41,15/17,4/5,0/0,19/22,0.8636,2,1,0,0,3,62:52,True,O,22,19,2025020314,20252026,2025-11-18
away,68,UTA,8478872,K. Vejmelka,70,0/0,0/0,0/0,0/0,,0,0,0,0,0,00:00,False,,0,0,2025020314,20252026,2025-11-18
home,28,SJS,8482137,Y. Askarov,30,21/23,2/2,1/1,24/26,0.9231,2,0,0,0,2,62:52,True,W,26,24,2025020314,20252026,2025-11-18
home,28,SJS,8477968,A. Nedeljkovic,33,0/0,0/0,0/0,0/0,,0,0,0,0,0,00:00,False,,0,0,2025020314,20252026,2025-11-18
away,22,EDM,8475717,C. Pickard,30,0/0,0/0,0/0,0/0,,0,0,0,0,0,00:00,False,,0,0,2025020315,20252026,2025-11-19
away,22,EDM,8479973,S. Skinner,74,15/20,0/0,0/0,15/20,0.75,5,0,0,0,5,58:07,True,L,20,15,2025020315,20252026,2025-11-19
home,15,WSH,8480313,L. Thompson,48,24/27,2/3,0/0,26/30,0.8667,3,1,0,0,4,60:00,True,W,30,26,2025020315,20252026,2025-11-19
home,15,WSH,8479292,C. Lindgren,79,0/0,0/0,0/0,0/0,,0,0,0,0,0,00:00,False,,0,0,2025020315,20252026,2025-11-19
away,20,CGY,8482445,D. Cooley,1,25/27,3/3,0/0,28/30,0.9333,2,0,0,0,2,60:00,True,W,30,28,2025020316,20252026,2025-11-19
away,20,CGY,8481692,D. Wolf,32,0/0,0/0,0/0,0/0,,0,0,0,0,0,00:00,False,,0,0,2025020316,20252026,2025-11-19
home,7,BUF,8479312,A. Lyon,34,0/0,0/0,0/0,0/0,,0,0,0,0,0,00:00,False,,0,0,2025020316,20252026,2025-11-19
home,7,BUF,8481551,C. Ellis,92,24/30,4/4,1/1,29/35,0.8286,6,0,0,0,6,60:00,True,L,35,29,2025020316,20252026,2025-11-19
away,12,CAR,8475883,F. Andersen,31,14/16,1/1,1/2,16/19,0.8421,2,0,1,0,3,64:15,True,O,19,16,2025020317,20252026,2025-11-19
away,12,CAR,8483548,B. Bussi,32,0/0,0/0,0/0,0/0,,0,0,0,0,0,00:00,False,,0,0,2025020317,20252026,2025-11-19
home,30,MIN,8482661,J. Wallstedt,30,40/43,2/2,0/0,42/45,0.9333,3,0,0,0,3,65:00,True,W,45,42,2025020317,20252026,2025-11-19
home,30,MIN,8479406,F. Gustavsson,32,0/0,0/0,0/0,0/0,,0,0,0,0,0,00:00,False,,0,0,2025020317,20252026,2025-11-19
away,6,BOS,8480280,J. Swayman,1,0/0,0/0,0/0,0/0,,0,0,0,0,0,00:00,False,,0,0,2025020318,20252026,2025-11-19
away,6,BOS,8476914,J. Korpisalo,70,25/28,4/5,0/0,29/33,0.8788,3,1,0,0,4,58:32,True,L,33,29,2025020318,20252026,2025-11-19
home,24,ANA,8480843,L. Dostal,1,34/35,1/3,1/1,36/39,0.9231,1,2,0,0,3,59:57,True,W,39,36,2025020318,20252026,2025-11-19
home,24,ANA,8475852,P. Mrazek,34,0/0,0/0,0/0,0/0,,0,0,0,0,0,00:00,False,,0,0,2025020318,20252026,2025-11-19
away,29,CBJ,8482982,J. Greaves,73,20/22,6/6,1/1,27/29,0.931,2,0,0,0,2,64:21,True,W,29,27,2025020319,20252026,2025-11-20
away,29,CBJ,8478007,E. Merzlikins,90,0/0,0/0,0/0,0/0,,0,0,0,0,0,00:00,False,,0,0,2025020319,20252026,2025-11-20
home,10,TOR,8483710,D. Hildeby,35,0/0,0/0,0/0,0/0,,0,0,0,0,0,00:00,False,,0,0,2025020319,20252026,2025-11-20
home,10,TOR,8479361,J. Woll,60,24/27,2/2,1/1,27/30,0.9,3,0,0,0,3,64:21,True,O,30,27,2025020319,20252026,2025-11-20
away,15,WSH,8480313,L. Thompson,48,0/0,0/0,0/0,0/0,,0,0,0,0,0,00:00,False,,0,0,2025020320,20252026,2025-11-20
away,15,WSH,8479292,C. Lindgren,79,21/24,3/4,0/0,24/28,0.8571,3,1,0,0,4,60:00,True,W,28,24,2025020320,20252026,2025-11-20
home,8,MTL,8478470,S. Montembeault,35,5/6,2/4,0/0,7/10,0.7,1,2,0,0,3,22:50,True,,10,7,2025020320,20252026,2025-11-20
home,8,MTL,8482487,J. Dobes,75,21/25,0/0,0/0,21/25,0.84,4,0,0,0,4,35:48,False,L,25,21,2025020320,20252026,2025-11-20
away,2,NYI,8478009,I. Sorokin,30,25/25,2/2,2/2,29/29,1.0,0,0,0,0,0,60:00,True,W,29,29,2025020321,20252026,2025-11-20
away,2,NYI,8479496,D. Rittich,33,0/0,0/0,0/0,0/0,,0,0,0,0,0,00:00,False,,0,0,2025020321,20252026,2025-11-20
home,17,DET,8476434,J. Gibson,36,13/18,8/8,0/0,21/26,0.8077,5,0,0,0,5,60:00,True,L,26,21,2025020321,20252026,2025-11-20
home,17,DET,8475660,C. Talbot,39,0/0,0/0,0/0,0/0,,0,0,0,0,0,00:00,False,,0,0,2025020321,20252026,2025-11-20
away,22,EDM,8475717,C. Pickard,30,27/29,5/5,1/1,33/35,0.9429,2,0,0,0,2,61:43,True,O,35,33,2025020322,20252026,2025-11-20
away,22,EDM,8479973,S. Skinner,74,0/0,0/0,0/0,0/0,,0,0,0,0,0,00:00,False,,0,0,2025020322,20252026,2025-11-20
home,14,TBL,8477992,J. Johansson,31,0/0,0/0,0/0,0/0,,0,0,0,0,0,00:00,False,,0,0,2025020322,20252026,2025-11-20
home,14,TBL,8476883,A. Vasilevskiy,88,19/20,4/4,1/1,24/25,0.96,1,0,0,0,1,61:43,True,W,25,24,2025020322,20252026,2025-11-20
away,1,NJD,8474593,J. Markstrom,25,0/0,0/0,0/0,0/0,,0,0,0,0,0,00:00,False,,0,0,2025020323,20252026,2025-11-20
away,1,NJD,8474596,J. Allen,34,23/24,0/0,0/0,23/24,0.9583,1,0,0,0,1,58:27,True,L,24,23,2025020323,20252026,2025-11-20
home,13,FLA,8480193,D. Tarasov,40,0/0,0/0,0/0,0/0,,0,0,0,0,0,00:00,False,,0,0,2025020323,20252026,2025-11-20
home,13,FLA,8475683,S. Bobrovsky,72,30/30,2/2,0/0,32/32,1.0,0,0,0,0,0,59:43,True,W,32,32,2025020323,20252026,2025-11-20
away,19,STL,8480981,J. Hofer,30,22/25,2/2,1/1,25/28,0.8929,3,0,0,0,3,63:51,True,O,28,25,2025020324,20252026,2025-11-20
away,19,STL,8476412,J. Binnington,50,0/0,0/0,0/0,0/0,,0,0,0,0,0,00:00,False,,0,0,2025020324,20252026,2025-11-20
home,4,PHI,8481035,S. Ersson,33,0/0,0/0,0/0,0/0,,0,0,0,0,0,00:00,False,,0,0,2025020324,20252026,2025-11-20
home,4,PHI,8478435,D. Vladar,80,26/27,1/2,0/0,27/29,0.931,1,1,0,0,2,63:46,True,W,29,27,2025020324,20252026,2025-11-20
away,55,SEA,8475831,P. Grubauer,31,0/0,0/0,0/0,0/0,,0,0,0,0,0,00:00,False,,0,0,2025020325,20252026,2025-11-20
away,55,SEA,8478916,J. Daccord,35,21/22,1/2,0/0,22/24,0.9167,1,1,0,2,2,60:00,True,W,24,22,2025020325,20252026,2025-11-20
home,16,CHI,8481519,S. Knight,30,19/21,4/5,1/1,24/27,0.8889,2,1,0,0,3,58:27,True,L,27,24,2025020325,20252026,2025-11-20
home,16,CHI,8482821,A. Soderblom,40,0/0,0/0,0/0,0/0,,0,0,0,0,0,00:00,False,,0,0,2025020325,20252026,2025-11-20
away,3,NYR,8478048,I. Shesterkin,31,21/24,8/9,0/0,29/33,0.8788,3,1,0,0,4,58:49,True,L,33,29,2025020326,20252026,2025-11-20
away,3,NYR,8471734,J. Quick,32,0/0,0/0,0/0,0/0,,0,0,0,0,0,00:00,False,,0,0,2025020326,20252026,2025-11-20
home,21,COL,8478406,M. Blackwood,39,0/0,0/0,0/0,0/0,,0,0,0,0,0,00:00,False,,0,0,2025020326,20252026,2025-11-20
home,21,COL,8475809,S. Wedgewood,41,11/12,1/3,4/4,16/19,0.8421,1,2,0,0,3,60:00,True,W,19,16,2025020326,20252026,2025-11-20
away,54,VGK,8482761,C. Lindbom,30,0/0,0/0,0/0,0/0,,0,0,0,0,0,00:00,False,,0,0,2025020327,20252026,2025-11-20
away,54,VGK,8481033,A. Schmid,40,23/24,2/2,0/0,25/26,0.9615,1,0,0,0,1,60:00,True,W,26,25,2025020327,20252026,2025-11-20
home,68,UTA,8477970,V. Vanecek,41,0/0,0/0,0/0,0/0,,0,0,0,0,0,00:00,False,,0,0,2025020327,20252026,2025-11-20
home,68,UTA,8478872,K. Vejmelka,70,27/31,1/1,1/1,29/33,0.8788,4,0,0,0,4,60:00,True,L,33,29,2025020327,20252026,2025-11-20
away,25,DAL,8479193,C. DeSmith,1,0/0,0/0,0/0,0/0,,0,0,0,0,0,00:00,False,,0,0,2025020328,20252026,2025-11-20
away,25,DAL,8479979,J. Oettinger,29,23/24,11/12,0/0,34/36,0.9444,1,1,0,0,2,60:00,True,W,36,34,2025020328,20252026,2025-11-20
home,23,VAN,8480238,J. Patera,30,0/0,0/0,0/0,0/0,,0,0,0,0,0,00:00,False,,0,0,2025020328,20252026,2025-11-20
home,23,VAN,8480947,K. Lankinen,32,18/22,2/2,0/0,20/24,0.8333,4,0,0,0,4,58:32,True,L,24,20,2025020328,20252026,2025-11-20
away,9,OTT,8482447,L. Meriläinen,1,0/0,0/0,0/0,0/0,,0,0,0,0,0,00:00,False,,0,0,2025020329,20252026,2025-11-20
away,9,OTT,8476999,L. Ullmark,35,19/21,4/4,0/0,23/25,0.92,2,0,0,0,2,59:57,True,W,25,23,2025020329,20252026,2025-11-20
home,24,ANA,8480843,L. Dostal,1,0/0,0/0,0/0,0/0,,0,0,0,0,0,00:00,False,,0,0,2025020329,20252026,2025-11-20
home,24,ANA,8475852,P. Mrazek,34,16/18,6/7,0/0,22/25,0.88,2,1,0,0,3,57:26,True,L,25,22,2025020329,20252026,2025-11-20
away,26,LAK,8477831,P. Copley,29,0/0,0/0,0/0,0/0,,0,0,0,0,0,00:00,False,,0,0,2025020330,20252026,2025-11-20
away,26,LAK,8476341,A. Forsberg,31,18/21,2/2,1/1,21/24,0.875,3,0,0,0,3,63:24,True,O,24,21,2025020330,20252026,2025-11-20
home,28,SJS,8482137,Y. Askarov,30,19/21,11/11,1/2,31/34,0.9118,2,0,1,0,3,64:42,True,W,34,31,2025020330,20252026,2025-11-20
home,28,SJS,8477968,A. Nedeljkovic,33,0/0,0/0,0/0,0/0,,0,0,0,0,0,00:00,False,,0,0,2025020330,20252026,2025-11-20
away,16,CHI,8481519,S. Knight,30,0/0,0/0,0/0,0/0,,0,0,0,0,0,00:00,False,,0,0,2025020331,20252026,2025-11-21
away,16,CHI,8482821,A. Soderblom,40,18/26,4/5,0/0,22/31,0.7097,8,1,0,0,9,60:00,True,L,31,22,2025020331,20252026,2025-11-21
home,7,BUF,8480045,U. Luukkonen,1,18/20,2/3,0/0,20/23,0.8696,2,1,0,0,3,60:00,True,W,23,20,2025020331,20252026,2025-11-21
home,7,BUF,8479312,A. Lyon,34,0/0,0/0,0/0,0/0,,0,0,0,0,0,00:00,False,,0,0,2025020331,20252026,2025-11-21
away,30,MIN,8482661,J. Wallstedt,30,0/0,0/0,0/0,0/0,,0,0,0,0,0,00:00,False,,0,0,2025020332,20252026,2025-11-21
away,30,MIN,8479406,F. Gustavsson,32,18/18,1/1,0/0,19/19,1.0,0,0,0,0,0,60:00,True,W,19,19,2025020332,20252026,2025-11-21
home,5,PIT,8483703,S. Murashov,1,9/10,1/1,0/0,10/11,0.9091,1,0,0,0,1,38:51,False,,11,10,2025020332,20252026,2025-11-21
home,5,PIT,8481668,A. Silovs,37,5/8,1/2,0/0,6/10,0.6,3,1,0,0,4,21:06,True,L,10,6,2025020332,20252026,2025-11-21
away,12,CAR,8475883,F. Andersen,31,0/0,0/0,0/0,0/0,,0,0,0,0,0,00:00,False,,0,0,2025020333,20252026,2025-11-21
away,12,CAR,8483548,B. Bussi,32,24/26,1/2,0/0,25/28,0.8929,2,1,0,0,3,60:00,True,W,28,25,2025020333,20252026,2025-11-21
home,52,WPG,8477480,E. Comrie,1,19/21,4/5,1/2,24/28,0.8571,2,1,1,0,4,58:47,True,L,28,24,2025020333,20252026,2025-11-21
home,52,WPG,8483114,T. Milic,32,0/0,0/0,0/0,0/0,,0,0,0,0,0,00:00,False,,0,0,2025020333,20252026,2025-11-21
away,6,BOS,8480280,J. Swayman,1,25/25,4/4,2/3,31/32,0.9688,0,0,1,0,1,62:27,True,W,32,31,2025020334,20252026,2025-11-21
away,6,BOS,8476914,J. Korpisalo,70,0/0,0/0,0/0,0/0,,0,0,0,0,0,00:00,False,,0,0,2025020334,20252026,2025-11-21
home,26,LAK,8476341,A. Forsberg,31,0/0,0/0,0/0,0/0,,0,0,0,0,0,00:00,False,,0,0,2025020334,20252026,2025-11-21
home,26,LAK,8475311,D. Kuemper,35,19/21,3/3,2/2,24/26,0.9231,2,0,0,0,2,62:27,True,O,26,24,2025020334,20252026,2025-11-21
away,29,CBJ,8482982,J. Greaves,73,28/32,1/1,0/0,29/33,0.8788,4,0,0,0,4,61:50,True,O,33,29,2025020335,20252026,2025-11-22
away,29,CBJ,8478007,E. Merzlikins,90,0/0,0/0,0/0,0/0,,0,0,0,0,0,00:00,False,,0,0,2025020335,20252026,2025-11-22
home,17,DET,8476434,J. Gibson,36,0/0,0/0,0/0,0/0,,0,0,0,0,0,00:00,False,,0,0,2025020335,20252026,2025-11-22
home,17,DET,8475660,C. Talbot,39,26/28,4/5,2/2,32/35,0.9143,2,1,0,0,3,61:50,True,W,35,32,2025020335,20252026,2025-11-22
away,19,STL,8480981,J. Hofer,30,0/0,0/0,0/0,0/0,,0,0,0,0,0,00:00,False,,0,0,2025020336,20252026,2025-11-22
away,19,STL,8476412,J. Binnington,50,23/24,5/5,1/1,29/30,0.9667,1,0,0,0,1,59:59,True,W,30,29,2025020336,20252026,2025-11-22
home,2,NYI,8478009,I. Sorokin,30,18/20,2/2,0/0,20/22,0.9091,2,0,0,0,2,56:49,True,L,22,20,2025020336,20252026,2025-11-22
home,2,NYI,8479496,D. Rittich,33,0/0,0/0,0/0,0/0,,0,0,0,0,0,00:00,False,,0,0,2025020336,20252026,2025-11-22
away,10,TOR,8483710,D. Hildeby,35,3/3,0/0,0/0,3/3,1.0,0,0,0,0,0,24:37,False,,3,3,2025020337,20252026,2025-11-22
away,10,TOR,8479361,J. Woll,60,12/16,8/8,1/1,21/25,0.84,4,0,0,0,4,33:11,True,L,25,21,2025020337,20252026,2025-11-22
home,8,MTL,8478470,S. Montembeault,35,0/0,0/0,0/0,0/0,,0,0,0,0,0,00:00,False,,0,0,2025020337,20252026,2025-11-22
home,8,MTL,8482487,J. Dobes,75,21/22,3/4,0/0,24/26,0.9231,1,1,0,0,2,58:14,True,W,26,24,2025020337,20252026,2025-11-22
away,22,EDM,8475717,C. Pickard,30,0/0,0/0,0/0,0/0,,0,0,0,0,0,00:00,False,,0,0,2025020338,20252026,2025-11-22
away,22,EDM,8479973,S. Skinner,74,29/31,6/7,0/0,35/38,0.9211,2,1,0,0,3,60:00,True,W,38,35,2025020338,20252026,2025-11-22
home,13,FLA,8480193,D. Tarasov,40,10/10,2/2,0/0,12/12,1.0,0,0,0,0,0,32:48,False,,12,12,2025020338,20252026,2025-11-22
home,13,FLA,8475683,S. Bobrovsky,72,13/17,0/0,0/0,13/17,0.7647,4,0,0,0,4,26:45,True,L,17,13,2025020338,20252026,2025-11-22
away,1,NJD,8474593,J. Markstrom,25,0/0,0/0,0/0,0/0,,0,0,0,0,0,00:00,False,,0,0,2025020339,20252026,2025-11-22
away,1,NJD,8474596,J. Allen,34,17/23,6/6,0/0,23/29,0.7931,6,0,0,0,6,59:32,True,L,29,23,2025020339,20252026,2025-11-22
home,4,PHI,8481035,S. Ersson,33,0/0,0/0,0/0,0/0,,0,0,0,0,0,00:00,False,,0,0,2025020339,20252026,2025-11-22
home,4,PHI,8478435,D. Vladar,80,25/27,5/6,2/2,32/35,0.9143,2,1,0,0,3,59:58,True,W,35,32,2025020339,20252026,2025-11-22
away,55,SEA,8475831,P. Grubauer,31,24/25,6/7,0/0,30/32,0.9375,1,1,0,0,2,64:10,True,W,32,30,2025020340,20252026,2025-11-22
away,55,SEA,8478916,J. Daccord,35,0/0,0/0,0/0,0/0,,0,0,0,0,0,00:00,False,,0,0,2025020340,20252026,2025-11-22
home,5,PIT,8483703,S. Murashov,1,15/18,3/3,0/0,18/21,0.8571,3,0,0,0,3,64:10,True,O,21,18,2025020340,20252026,2025-11-22
home,5,PIT,8481668,A. Silovs,37,0/0,0/0,0/0,0/0,,0,0,0,0,0,00:00,False,,0,0,2025020340,20252026,2025-11-22
away,14,TBL,8477992,J. Johansson,31,24/27,4/4,1/1,29/32,0.9062,3,0,0,0,3,60:00,True,W,32,29,2025020341,20252026,2025-11-22
away,14,TBL,8476883,A. Vasilevskiy,88,0/0,0/0,0/0,0/0,,0,0,0,0,0,00:00,False,,0,0,2025020341,20252026,2025-11-22
home,15,WSH,8480313,L. Thompson,48,1/3,1/2,0/1,2/6,0.3333,2,1,1,0,4,18:19,True,L,6,2,2025020341,20252026,2025-11-22
home,15,WSH,8479292,C. Lindgren,79,6/7,3/3,0/0,9/10,0.9,1,0,0,0,1,38:50,False,,10,9,2025020341,20252026,2025-11-22
away,9,OTT,8482447,L. Meriläinen,1,0/0,0/0,0/0,0/0,,0,0,0,0,0,00:00,False,,0,0,2025020342,20252026,2025-11-22
away,9,OTT,8476999,L. Ullmark,35,13/14,4/5,0/0,17/19,0.8947,1,1,0,0,2,59:45,True,W,19,17,2025020342,20252026,2025-11-22
home,28,SJS,8482137,Y. Askarov,30,0/0,0/0,0/0,0/0,,0,0,0,0,0,00:00,False,,0,0,2025020342,20252026,2025-11-22
home,28,SJS,8477968,A. Nedeljkovic,33,20/22,3/4,1/1,24/27,0.8889,2,1,0,0,3,57:29,True,L,27,24,2025020342,20252026,2025-11-22
away,21,COL,8478406,M. Blackwood,39,34/34,1/1,0/0,35/35,1.0,0,0,0,0,0,60:00,True,W,35,35,2025020343,20252026,2025-11-22
away,21,COL,8475809,S. Wedgewood,41,0/0,0/0,0/0,0/0,,0,0,0,0,0,00:00,False,,0,0,2025020343,20252026,2025-11-22
home,18,NSH,8481020,J. Annunen,29,0/0,0/0,0/0,0/0,,0,0,0,0,0,00:00,False,,0,0,2025020343,20252026,2025-11-22
home,18,NSH,8477424,J. Saros,74,20/21,0/0,3/3,23/24,0.9583,1,0,0,0,1,58:58,True,L,24,23,2025020343,20252026,2025-11-22
away,3,NYR,8478048,I. Shesterkin,31,0/0,0/0,0/0,0/0,,0,0,0,0,0,00:00,False,,0,0,2025020344,20252026,2025-11-22
away,3,NYR,8471734,J. Quick,32,30/33,1/1,0/0,31/34,0.9118,3,0,0,0,3,59:05,True,L,34,31,2025020344,20252026,2025-11-22
home,68,UTA,8477970,V. Vanecek,41,0/0,0/0,0/0,0/0,,0,0,0,0,0,00:00,False,,0,0,2025020344,20252026,2025-11-22
home,68,UTA,8478872,K. Vejmelka,70,15/17,5/5,0/0,20/22,0.9091,2,0,0,0,2,60:00,True,W,22,20,2025020344,20252026,2025-11-22
away,25,DAL,8479193,C. DeSmith,1,25/25,4/6,2/2,31/33,0.9394,0,2,0,0,2,64:35,True,O,33,31,2025020345,20252026,2025-11-22
away,25,DAL,8479979,J. Oettinger,29,0/0,0/0,0/0,0/0,,0,0,0,0,0,00:00,False,,0,0,2025020345,20252026,2025-11-22
home,20,CGY,8482445,D. Cooley,1,19/21,8/8,1/1,28/30,0.9333,2,0,0,0,2,65:00,True,W,30,28,2025020345,20252026,2025-11-22
home,20,CGY,8481692,D. Wolf,32,0/0,0/0,0/0,0/0,,0,0,0,0,0,00:00,False,,0,0,2025020345,20252026,2025-11-22
away,54,VGK,8482761,C. Lindbom,30,0/0,0/0,0/0,0/0,,0,0,0,0,0,00:00,False,,0,0,2025020346,20252026,2025-11-22
away,54,VGK,8481033,A. Schmid,40,26/30,3/3,0/0,29/33,0.8788,4,0,0,0,4,63:49,True,O,33,29,2025020346,20252026,2025-11-22
home,24,ANA,8480843,L. Dostal,1,26/28,3/4,0/0,29/32,0.9062,2,1,0,0,3,63:57,True,W,32,29,2025020346,20252026,2025-11-22
home,24,ANA,8475852,P. Mrazek,34,0/0,0/0,0/0,0/0,,0,0,0,0,0,00:00,False,,0,0,2025020346,20252026,2025-11-22
away,12,CAR,8475883,F. Andersen,31,14/16,3/4,0/0,17/20,0.85,2,1,0,0,3,57:24,True,L,20,17,2025020347,20252026,2025-11-23
away,12,CAR,8483548,B. Bussi,32,0/0,0/0,0/0,0/0,,0,0,0,0,0,00:00,False,,0,0,2025020347,20252026,2025-11-23
home,7,BUF,8480045,U. Luukkonen,1,22/22,6/7,1/1,29/30,0.9667,0,1,0,0,1,60:00,True,W,30,29,2025020347,20252026,2025-11-23
home,7,BUF,8479312,A. Lyon,34,0/0,0/0,0/0,0/0,,0,0,0,0,0,00:00,False,,0,0,2025020347,20252026,2025-11-23
away,30,MIN,8482661,J. Wallstedt,30,28/28,4/4,0/0,32/32,1.0,0,0,0,0,0,59:18,True,W,32,32,2025020348,20252026,2025-11-23
away,30,MIN,8479406,F. Gustavsson,32,0/0,0/0,0/0,0/0,,0,0,0,0,0,00:00,False,,0,0,2025020348,20252026,2025-11-23
home,52,WPG,8477480,E. Comrie,1,23/25,2/2,2/3,27/30,0.9,2,0,1,0,3,60:00,True,L,30,27,2025020348,20252026,2025-11-23
home,52,WPG,8483114,T. Milic,32,0/0,0/0,0/0,0/0,,0,0,0,0,0,00:00,False,,0,0,2025020348,20252026,2025-11-23
away,55,SEA,8475831,P. Grubauer,31,0/0,0/0,0/0,0/0,,0,0,0,0,0,00:00,False,,0,0,2025020349,20252026,2025-11-23
away,55,SEA,8478916,J. Daccord,35,32/32,2/2,0/0,34/34,1.0,0,0,0,0,0,65:00,True,O,34,34,2025020349,20252026,2025-11-23
home,2,NYI,8478009,I. Sorokin,30,0/0,0/0,0/0,0/0,,0,0,0,0,0,00:00,False,,0,0,2025020349,20252026,2025-11-23
home,2,NYI,8479496,D. Rittich,33,19/19,0/0,0/0,19/19,1.0,0,0,0,0,0,65:00,True,W,19,19,2025020349,20252026,2025-11-23
away,21,COL,8478406,M. Blackwood,39,0/0,0/0,0/0,0/0,,0,0,0,0,0,00:00,False,,0,0,2025020350,20252026,2025-11-23
away,21,COL,8475809,S. Wedgewood,41,19/19,3/3,0/0,22/22,1.0,0,0,0,0,0,60:00,True,W,22,22,2025020350,20252026,2025-11-23
home,16,CHI,8481519,S. Knight,30,22/23,3/3,0/0,25/26,0.9615,1,0,0,0,1,57:32,True,L,26,25,2025020350,20252026,2025-11-23
home,16,CHI,8482821,A. Soderblom,40,0/0,0/0,0/0,0/0,,0,0,0,0,0,00:00,False,,0,0,2025020350,20252026,2025-11-23
away,6,BOS,8480280,J. Swayman,1,18/19,10/11,0/0,28/30,0.9333,1,1,0,0,2,59:48,True,L,30,28,2025020351,20252026,2025-11-23
away,6,BOS,8476914,J. Korpisalo,70,0/0,0/0,0/0,0/0,,0,0,0,0,0,00:00,False,,0,0,2025020351,20252026,2025-11-23
home,28,SJS,8482137,Y. Askarov,30,26/27,6/6,2/2,34/35,0.9714,1,0,0,0,1,59:50,True,W,35,34,2025020351,20252026,2025-11-23
home,28,SJS,8477968,A. Nedeljkovic,33,0/0,0/0,0/0,0/0,,0,0,0,0,0,00:00,False,,0,0,2025020351,20252026,2025-11-23
away,20,CGY,8482445,D. Cooley,1,0/0,0/0,0/0,0/0,,0,0,0,0,0,00:00,False,,0,0,2025020352,20252026,2025-11-23
away,20,CGY,8481692,D. Wolf,32,22/23,7/8,0/0,29/31,0.9355,1,1,0,0,2,60:00,True,W,31,29,2025020352,20252026,2025-11-23
home,23,VAN,8480238,J. Patera,30,0/0,0/0,0/0,0/0,,0,0,0,0,0,00:00,False,,0,0,2025020352,20252026,2025-11-23
home,23,VAN,8480947,K. Lankinen,32,13/17,2/2,1/2,16/21,0.7619,4,0,1,0,5,55:11,True,L,21,16,2025020352,20252026,2025-11-23
away,4,PHI,8481035,S. Ersson,33,14/16,1/1,0/0,15/17,0.8824,2,0,0,0,2,58:32,True,L,17,15,2025020353,20252026,2025-11-24
away,4,PHI,8478435,D. Vladar,80,0/0,0/0,0/0,0/0,,0,0,0,0,0,00:00,False,,0,0,2025020353,20252026,2025-11-24
home,14,TBL,8477992,J. Johansson,31,0/0,0/0,0/0,0/0,,0,0,0,0,0,00:00,False,,0,0,2025020353,20252026,2025-11-24
home,14,TBL,8476883,A. Vasilevskiy,88,20/20,0/0,0/0,20/20,1.0,0,0,0,0,0,60:00,True,W,20,20,2025020353,20252026,2025-11-24
away,17,DET,8476434,J. Gibson,36,0/0,0/0,0/0,0/0,,0,0,0,0,0,00:00,False,,0,0,2025020354,20252026,2025-11-24
away,17,DET,8475660,C. Talbot,39,16/20,0/0,0/0,16/20,0.8,4,0,0,0,4,57:50,True,L,20,16,2025020354,20252026,2025-11-24
home,1,NJD,8474593,J. Markstrom,25,29/31,3/4,0/0,32/35,0.9143,2,1,0,2,3,59:42,True,W,35,32,2025020354,20252026,2025-11-24
home,1,NJD,8474596,J. Allen,34,0/0,0/0,0/0,0/0,,0,0,0,0,0,00:00,False,,0,0,2025020354,20252026,2025-11-24
away,19,STL,8480981,J. Hofer,30,18/21,0/0,0/0,18/21,0.8571,3,0,0,0,3,57:00,True,L,21,18,2025020355,20252026,2025-11-24
away,19,STL,8476412,J. Binnington,50,0/0,0/0,0/0,0/0,,0,0,0,0,0,00:00,False,,0,0,2025020355,20252026,2025-11-24
home,3,NYR,8478048,I. Shesterkin,31,16/18,3/3,0/0,19/21,0.9048,2,0,0,0,2,60:00,True,W,21,19,2025020355,20252026,2025-11-24
home,3,NYR,8482193,D. Garand,33,0/0,0/0,0/0,0/0,,0,0,0,0,0,00:00,False,,0,0,2025020355,20252026,2025-11-24
away,29,CBJ,8482982,J. Greaves,73,0/0,0/0,0/0,0/0,,0,0,0,0,0,00:00,False,,0,0,2025020356,20252026,2025-11-24
away,29,CBJ,8478007,E. Merzlikins,90,21/25,3/4,2/2,26/31,0.8387,4,1,0,0,5,60:00,True,L,31,26,2025020356,20252026,2025-11-24
home,15,WSH,8480313,L. Thompson,48,20/21,2/2,0/0,22/23,0.9565,1,0,0,0,1,60:00,True,W,23,22,2025020356,20252026,2025-11-24
home,15,WSH,8479292,C. Lindgren,79,0/0,0/0,0/0,0/0,,0,0,0,0,0,00:00,False,,0,0,2025020356,20252026,2025-11-24
away,13,FLA,8480193,D. Tarasov,40,30/32,4/5,2/2,36/39,0.9231,2,1,0,0,3,59:38,True,W,39,36,2025020357,20252026,2025-11-24
away,13,FLA,8475683,S. Bobrovsky,72,0/0,0/0,0/0,0/0,,0,0,0,0,0,00:00,False,,0,0,2025020357,20252026,2025-11-24
home,18,NSH,8481020,J. Annunen,29,6/9,0/0,1/1,7/10,0.7,3,0,0,0,3,38:36,False,,10,7,2025020357,20252026,2025-11-24
home,18,NSH,8477424,J. Saros,74,9/14,2/2,0/0,11/16,0.6875,5,0,0,0,5,21:24,True,L,16,11,2025020357,20252026,2025-11-24
away,54,VGK,8482761,C. Lindbom,30,15/18,3/3,0/0,18/21,0.8571,3,0,0,0,3,58:36,True,L,21,18,2025020358,20252026,2025-11-24
away,54,VGK,8481033,A. Schmid,40,0/0,0/0,0/0,0/0,,0,0,0,0,0,00:00,False,,0,0,2025020358,20252026,2025-11-24
home,68,UTA,8477970,V. Vanecek,41,0/0,0/0,0/0,0/0,,0,0,0,0,0,00:00,False,,0,0,2025020358,20252026,2025-11-24
home,68,UTA,8478872,K. Vejmelka,70,24/25,8/8,1/1,33/34,0.9706,1,0,0,0,1,59:54,True,W,34,33,2025020358,20252026,2025-11-24
away,9,OTT,8482447,L. Meriläinen,1,18/19,2/3,0/0,20/22,0.9091,1,1,0,0,2,57:34,True,L,22,20,2025020359,20252026,2025-11-24
away,9,OTT,8476999,L. Ullmark,35,0/0,0/0,0/0,0/0,,0,0,0,0,0,00:00,False,,0,0,2025020359,20252026,2025-11-24
home,26,LAK,8476341,A. Forsberg,31,0/0,0/0,0/0,0/0,,0,0,0,0,0,00:00,False,,0,0,2025020359,20252026,2025-11-24
home,26,LAK,8475311,D. Kuemper,35,24/25,3/3,0/0,27/28,0.9643,1,0,0,0,1,59:40,True,W,28,27,2025020359,20252026,2025-11-24
away,25,DAL,8479193,C. DeSmith,1,0/0,0/0,0/0,0/0,,0,0,0,0,0,00:00,False,,0,0,2025020360,20252026,2025-11-25
away,25,DAL,8479979,J. Oettinger,29,19/22,2/2,1/1,22/25,0.88,3,0,0,0,3,59:43,True,W,25,22,2025020360,20252026,2025-11-25
home,22,EDM,8475717,C. Pickard,30,14/16,4/6,0/0,18/22,0.8182,2,2,0,0,4,40:00,False,,22,18,2025020360,20252026,2025-11-25
home,22,EDM,8479973,S. Skinner,74,3/6,1/2,0/0,4/8,0.5,3,1,0,0,4,19:46,True,L,8,4,2025020360,20252026,2025-11-25
away,18,NSH,8481020,J. Annunen,29,23/24,2/4,3/3,28/31,0.9032,1,2,0,0,3,60:00,True,W,31,28,2025020361,20252026,2025-11-26
away,18,NSH,8477424,J. Saros,74,0/0,0/0,0/0,0/0,,0,0,0,0,0,00:00,False,,0,0,2025020361,20252026,2025-11-26
home,17,DET,8476434,J. Gibson,36,0/0,0/0,0/0,0/0,,0,0,0,0,0,00:00,False,,0,0,2025020361,20252026,2025-11-26
home,17,DET,8475660,C. Talbot,39,20/24,3/4,0/0,23/28,0.8214,4,1,0,0,5,57:13,True,L,28,23,2025020361,20252026,2025-11-26
away,20,CGY,8482445,D. Cooley,1,11/13,5/5,1/1,17/19,0.8947,2,0,0,0,2,54:08,False,,19,17,2025020362,20252026,2025-11-26
away,20,CGY,8481692,D. Wolf,32,1/4,0/0,0/0,1/4,0.25,3,0,0,0,3,05:52,True,L,4,1,2025020362,20252026,2025-11-26
home,14,TBL,8477992,J. Johansson,31,0/0,0/0,0/0,0/0,,0,0,0,0,0,00:00,False,,0,0,2025020362,20252026,2025-11-26
home,14,TBL,8476883,A. Vasilevskiy,88,26/26,5/5,0/1,31/32,0.9688,0,0,1,0,1,60:00,True,W,32,31,2025020362,20252026,2025-11-26
away,4,PHI,8481035,S. Ersson,33,0/0,0/0,0/0,0/0,,0,0,0,0,0,00:00,False,,0,0,2025020363,20252026,2025-11-26
away,4,PHI,8478435,D. Vladar,80,21/23,4/4,0/0,25/27,0.9259,2,0,0,0,2,60:00,True,W,27,25,2025020363,20252026,2025-11-26
home,13,FLA,8480193,D. Tarasov,40,0/0,0/0,0/0,0/0,,0,0,0,0,0,00:00,False,,0,0,2025020363,20252026,2025-11-26
home,13,FLA,8475683,S. Bobrovsky,72,14/18,0/0,0/0,14/18,0.7778,4,0,0,0,4,60:00,True,L,18,14,2025020363,20252026,2025-11-26
away,19,STL,8480981,J. Hofer,30,0/0,0/0,0/0,0/0,,0,0,0,0,0,00:00,False,,0,0,2025020364,20252026,2025-11-26
away,19,STL,8476412,J. Binnington,50,24/26,1/2,1/1,26/29,0.8966,2,1,0,0,3,62:31,True,O,29,26,2025020364,20252026,2025-11-26
home,1,NJD,8474593,J. Markstrom,25,14/15,6/7,1/1,21/23,0.913,1,1,0,0,2,62:58,True,W,23,21,2025020364,20252026,2025-11-26
home,1,NJD,8474596,J. Allen,34,0/0,0/0,0/0,0/0,,0,0,0,0,0,00:00,False,,0,0,2025020364,20252026,2025-11-26
away,6,BOS,8480280,J. Swayman,1,39/40,4/4,0/0,43/44,0.9773,1,0,0,0,1,60:00,True,W,44,43,2025020365,20252026,2025-11-26
away,6,BOS,8476914,J. Korpisalo,70,0/0,0/0,0/0,0/0,,0,0,0,0,0,00:00,False,,0,0,2025020365,20252026,2025-11-26
home,2,NYI,8478009,I. Sorokin,30,9/11,1/1,1/2,11/14,0.7857,2,0,1,0,3,55:26,True,L,14,11,2025020365,20252026,2025-11-26
home,2,NYI,8479496,D. Rittich,33,0/0,0/0,0/0,0/0,,0,0,0,0,0,00:00,False,,0,0,2025020365,20252026,2025-11-26
away,7,BUF,8480045,U. Luukkonen,1,14/17,1/1,0/0,15/18,0.8333,3,0,0,0,3,59:23,True,L,18,15,2025020366,20252026,2025-11-26
away,7,BUF,8479312,A. Lyon,34,0/0,0/0,0/0,0/0,,0,0,0,0,0,00:00,False,,0,0,2025020366,20252026,2025-11-26
home,5,PIT,8477465,T. Jarry,35,28/30,0/0,1/1,29/31,0.9355,2,0,0,0,2,60:00,True,W,31,29,2025020366,20252026,2025-11-26
home,5,PIT,8481668,A. Silovs,37,0/0,0/0,0/0,0/0,,0,0,0,0,0,00:00,False,,0,0,2025020366,20252026,2025-11-26
away,52,WPG,8477480,E. Comrie,1,28/32,3/3,0/0,31/35,0.8857,4,0,0,0,4,58:19,True,L,35,31,2025020367,20252026,2025-11-26
away,52,WPG,8483114,T. Milic,32,0/0,0/0,0/0,0/0,,0,0,0,0,0,00:00,False,,0,0,2025020367,20252026,2025-11-26
home,15,WSH,8480313,L. Thompson,48,0/0,0/0,0/0,0/0,,0,0,0,0,0,00:00,False,,0,0,2025020367,20252026,2025-11-26
home,15,WSH,8479292,C. Lindgren,79,16/18,1/2,1/1,18/21,0.8571,2,1,0,0,3,60:00,True,W,21,18,2025020367,20252026,2025-11-26
away,3,NYR,8478048,I. Shesterkin,31,25/26,10/11,1/1,36/38,0.9474,1,1,0,0,2,60:00,True,W,38,36,2025020368,20252026,2025-11-26
away,3,NYR,8482193,D. Garand,33,0/0,0/0,0/0,0/0,,0,0,0,0,0,00:00,False,,0,0,2025020368,20252026,2025-11-26
home,12,CAR,8475883,F. Andersen,31,13/16,1/1,0/0,14/17,0.8235,3,0,0,0,3,58:05,True,L,17,14,2025020368,20252026,2025-11-26
home,12,CAR,8483548,B. Bussi,32,0/0,0/0,0/0,0/0,,0,0,0,0,0,00:00,False,,0,0,2025020368,20252026,2025-11-26
away,10,TOR,8483710,D. Hildeby,35,0/0,0/0,0/0,0/0,,0,0,0,0,0,00:00,False,,0,0,2025020369,20252026,2025-11-26
away,10,TOR,8479361,J. Woll,60,30/31,4/4,1/1,35/36,0.9722,1,0,0,0,1,64:28,True,W,36,35,2025020369,20252026,2025-11-26
home,29,CBJ,8482982,J. Greaves,73,19/21,2/2,1/1,22/24,0.9167,2,0,0,0,2,64:40,True,O,24,22,2025020369,20252026,2025-11-26
home,29,CBJ,8478007,E. Merzlikins,90,0/0,0/0,0/0,0/0,,0,0,0,0,0,00:00,False,,0,0,2025020369,20252026,2025-11-26
away,30,MIN,8482661,J. Wallstedt,30,0/0,0/0,0/0,0/0,,0,0,0,0,0,00:00,False,,0,0,2025020370,20252026,2025-11-26
away,30,MIN,8479406,F. Gustavsson,32,27/30,6/6,1/1,34/37,0.9189,3,0,0,0,3,61:31,True,W,37,34,2025020370,20252026,2025-11-26
home,16,CHI,8481519,S. Knight,30,17/20,3/4,0/0,20/24,0.8333,3,1,0,0,4,61:38,True,O,24,20,2025020370,20252026,2025-11-26
home,16,CHI,8482821,A. Soderblom,40,0/0,0/0,0/0,0/0,,0,0,0,0,0,00:00,False,,0,0,2025020370,20252026,2025-11-26
away,28,SJS,8482137,Y. Askarov,30,9/12,6/7,0/0,15/19,0.7895,3,1,0,0,4,24:51,True,L,19,15,2025020371,20252026,2025-11-26
away,28,SJS,8477968,A. Nedeljkovic,33,17/19,3/3,1/1,21/23,0.913,2,0,0,0,2,35:06,False,,23,21,2025020371,20252026,2025-11-26
home,21,COL,8478406,M. Blackwood,39,18/18,8/8,0/0,26/26,1.0,0,0,0,0,0,60:00,True,W,26,26,2025020371,20252026,2025-11-26
home,21,COL,8475809,S. Wedgewood,41,0/0,0/0,0/0,0/0,,0,0,0,0,0,00:00,False,,0,0,2025020371,20252026,2025-11-26
away,8,MTL,8478470,S. Montembeault,35,0/0,0/0,0/0,0/0,,0,0,0,0,0,00:00,False,,0,0,2025020372,20252026,2025-11-26
away,8,MTL,8482487,J. Dobes,75,29/31,2/3,0/0,31/34,0.9118,2,1,0,0,3,60:00,True,W,34,31,2025020372,20252026,2025-11-26
home,68,UTA,8477970,V. Vanecek,41,0/0,0/0,0/0,0/0,,0,0,0,0,0,00:00,False,,0,0,2025020372,20252026,2025-11-26
home,68,UTA,8478872,K. Vejmelka,70,10/12,3/5,0/0,13/17,0.7647,2,2,0,0,4,57:15,True,L,17,13,2025020372,20252026,2025-11-26
away,9,OTT,8482447,L. Meriläinen,1,0/0,0/0,0/0,0/0,,0,0,0,0,0,00:00,False,,0,0,2025020373,20252026,2025-11-26
away,9,OTT,8476999,L. Ullmark,35,27/29,5/6,0/0,32/35,0.9143,2,1,0,0,3,64:48,True,W,35,32,2025020373,20252026,2025-11-26
home,54,VGK,8482761,C. Lindbom,30,0/0,0/0,0/0,0/0,,0,0,0,0,0,00:00,False,,0,0,2025020373,20252026,2025-11-26
home,54,VGK,8481033,A. Schmid,40,18/20,1/2,0/0,19/22,0.8636,2,1,0,0,3,64:35,True,O,22,19,2025020373,20252026,2025-11-26
away,23,VAN,8480238,J. Patera,30,0/0,0/0,0/0,0/0,,0,0,0,0,0,00:00,False,,0,0,2025020374,20252026,2025-11-26
away,23,VAN,8484268,N. Tolopilo,60,29/32,7/8,1/1,37/41,0.9024,3,1,0,0,4,59:52,True,W,41,37,2025020374,20252026,2025-11-26
home,24,ANA,8478024,V. Husso,33,0/0,0/0,0/0,0/0,,0,0,0,0,0,00:00,False,,0,0,2025020374,20252026,2025-11-26
home,24,ANA,8475852,P. Mrazek,34,17/20,3/4,3/3,23/27,0.8519,3,1,0,0,4,58:13,True,L,27,23,2025020374,20252026,2025-11-26
away,25,DAL,8479193,C. DeSmith,1,22/24,4/4,0/0,26/28,0.9286,2,0,0,0,2,59:52,True,W,28,26,2025020375,20252026,2025-11-26
away,25,DAL,8479979,J. Oettinger,29,0/0,0/0,0/0,0/0,,0,0,0,0,0,00:00,False,,0,0,2025020375,20252026,2025-11-26
home,55,SEA,8475831,P. Grubauer,31,0/0,0/0,0/0,0/0,,0,0,0,0,0,00:00,False,,0,0,2025020375,20252026,2025-11-26
home,55,SEA,8478916,J. Daccord,35,15/18,3/3,0/0,18/21,0.8571,3,0,0,0,3,58:29,True,L,21,18,2025020375,20252026,2025-11-26
away,3,NYR,8478048,I. Shesterkin,31,15/17,4/4,0/0,19/21,0.9048,2,0,0,0,2,60:00,True,W,21,19,2025020376,20252026,2025-11-28
away,3,NYR,8482193,D. Garand,33,0/0,0/0,0/0,0/0,,0,0,0,0,0,00:00,False,,0,0,2025020376,20252026,2025-11-28
home,6,BOS,8480280,J. Swayman,1,0/0,0/0,0/0,0/0,,0,0,0,0,0,00:00,False,,0,0,2025020376,20252026,2025-11-28
home,6,BOS,8476914,J. Korpisalo,70,26/29,5/7,0/0,31/36,0.8611,3,2,0,0,5,59:26,True,L,36,31,2025020376,20252026,2025-11-28
away,14,TBL,8477992,J. Johansson,31,0/0,0/0,0/0,0/0,,0,0,0,0,0,00:00,False,,0,0,2025020377,20252026,2025-11-28
away,14,TBL,8476883,A. Vasilevskiy,88,31/34,3/3,0/0,34/37,0.9189,3,0,0,0,3,60:00,True,W,37,34,2025020377,20252026,2025-11-28
home,17,DET,8476434,J. Gibson,36,21/25,0/1,0/0,21/26,0.8077,4,1,0,0,5,59:22,True,L,26,21,2025020377,20252026,2025-11-28
home,17,DET,8475660,C. Talbot,39,0/0,0/0,0/0,0/0,,0,0,0,0,0,00:00,False,,0,0,2025020377,20252026,2025-11-28
away,21,COL,8478406,M. Blackwood,39,0/0,0/0,0/0,0/0,,0,0,0,0,0,00:00,False,,0,0,2025020378,20252026,2025-11-28
away,21,COL,8475809,S. Wedgewood,41,35/37,2/2,0/0,37/39,0.9487,2,0,0,0,2,64:37,True,O,39,37,2025020378,20252026,2025-11-28
home,30,MIN,8482661,J. Wallstedt,30,34/36,4/4,1/1,39/41,0.9512,2,0,0,0,2,65:00,True,W,41,39,2025020378,20252026,2025-11-28
home,30,MIN,8479406,F. Gustavsson,32,0/0,0/0,0/0,0/0,,0,0,0,0,0,00:00,False,,0,0,2025020378,20252026,2025-11-28
away,1,NJD,8474593,J. Markstrom,25,0/0,0/0,0/0,0/0,,0,0,0,0,0,00:00,False,,0,0,2025020379,20252026,2025-11-28
away,1,NJD,8474596,J. Allen,34,38/38,4/4,0/0,42/42,1.0,0,0,0,0,0,60:00,True,W,42,42,2025020379,20252026,2025-11-28
home,7,BUF,8480045,U. Luukkonen,1,0/0,0/0,0/0,0/0,,0,0,0,0,0,00:00,False,,0,0,2025020379,20252026,2025-11-28
home,7,BUF,8479312,A. Lyon,34,17/22,1/1,0/0,18/23,0.7826,5,0,0,0,5,60:00,True,L,23,18,2025020379,20252026,2025-11-28
away,20,CGY,8482445,D. Cooley,1,32/35,6/6,0/0,38/41,0.9268,3,0,0,0,3,60:00,True,W,41,38,2025020380,20252026,2025-11-28
away,20,CGY,8481692,D. Wolf,32,0/0,0/0,0/0,0/0,,0,0,0,0,0,00:00,False,,0,0,2025020380,20252026,2025-11-28
home,13,FLA,8480193,D. Tarasov,40,27/30,2/3,0/0,29/33,0.8788,3,1,0,0,4,57:21,True,L,33,29,2025020380,20252026,2025-11-28
home,13,FLA,8475683,S. Bobrovsky,72,0/0,0/0,0/0,0/0,,0,0,0,0,0,00:00,False,,0,0,2025020380,20252026,2025-11-28
away,4,PHI,8481035,S. Ersson,33,22/24,5/6,1/1,28/31,0.9032,2,1,0,0,3,65:00,True,W,31,28,2025020381,20252026,2025-11-28
away,4,PHI,8478435,D. Vladar,80,0/0,0/0,0/0,0/0,,0,0,0,0,0,00:00,False,,0,0,2025020381,20252026,2025-11-28
home,2,NYI,8478009,I. Sorokin,30,0/0,0/0,0/0,0/0,,0,0,0,0,0,00:00,False,,0,0,2025020381,20252026,2025-11-28
home,2,NYI,8479496,D. Rittich,33,12/14,5/6,1/1,18/21,0.8571,2,1,0,0,3,65:00,True,O,21,18,2025020381,20252026,2025-11-28
away,9,OTT,8482447,L. Meriläinen,1,22/26,5/5,0/0,27/31,0.871,4,0,0,0,4,57:13,True,L,31,27,2025020382,20252026,2025-11-28
away,9,OTT,8476999,L. Ullmark,35,0/0,0/0,0/0,0/0,,0,0,0,0,0,00:00,False,,0,0,2025020382,20252026,2025-11-28
home,19,STL,8480981,J. Hofer,30,0/0,0/0,0/0,0/0,,0,0,0,0,0,00:00,False,,0,0,2025020382,20252026,2025-11-28
home,19,STL,8476412,J. Binnington,50,24/27,1/1,0/0,25/28,0.8929,3,0,0,0,3,59:33,True,W,28,25,2025020382,20252026,2025-11-28
away,8,MTL,8478470,S. Montembeault,35,25/26,5/5,0/0,30/31,0.9677,1,0,0,0,1,59:28,True,W,31,30,2025020383,20252026,2025-11-28
away,8,MTL,8482487,J. Dobes,75,0/0,0/0,0/0,0/0,,0,0,0,0,0,00:00,False,,0,0,2025020383,20252026,2025-11-28
home,54,VGK,8482761,C. Lindbom,30,0/0,0/0,0/0,0/0,,0,0,0,0,0,00:00,False,,0,0,2025020383,20252026,2025-11-28
home,54,VGK,8481033,A. Schmid,40,15/18,0/0,0/0,15/18,0.8333,3,0,0,0,3,58:48,True,L,18,15,2025020383,20252026,2025-11-28
away,26,LAK,8476341,A. Forsberg,31,0/0,0/0,0/0,0/0,,0,0,0,0,0,00:00,False,,0,0,2025020384,20252026,2025-11-28
away,26,LAK,8475311,D. Kuemper,35,27/30,0/1,0/0,27/31,0.871,3,1,0,0,4,64:55,True,O,31,27,2025020384,20252026,2025-11-28
home,24,ANA,8478024,V. Husso,33,22/26,1/1,0/0,23/27,0.8519,4,0,0,0,4,64:11,True,W,27,23,2025020384,20252026,2025-11-28
home,24,ANA,8475852,P. Mrazek,34,0/0,0/0,0/0,0/0,,0,0,0,0,0,00:00,False,,0,0,2025020384,20252026,2025-11-28
away,23,VAN,8480238,J. Patera,30,0/0,0/0,0/0,0/0,,0,0,0,0,0,00:00,False,,0,0,2025020385,20252026,2025-11-28
away,23,VAN,8484268,N. Tolopilo,60,13/14,5/7,3/3,21/24,0.875,1,2,0,0,3,58:11,True,L,24,21,2025020385,20252026,2025-11-28
home,28,SJS,8482137,Y. Askarov,30,18/20,11/11,3/3,32/34,0.9412,2,0,0,0,2,59:42,True,W,34,32,2025020385,20252026,2025-11-28
home,28,SJS,8477968,A. Nedeljkovic,33,0/0,0/0,0/0,0/0,,0,0,0,0,0,00:00,False,,0,0,2025020385,20252026,2025-11-28
away,10,TOR,8483710,D. Hildeby,35,0/0,0/0,0/0,0/0,,0,0,0,0,0,00:00,False,,0,0,2025020386,20252026,2025-11-28
away,10,TOR,8479361,J. Woll,60,26/29,4/4,0/0,30/33,0.9091,3,0,0,0,3,58:23,True,L,33,30,2025020386,20252026,2025-11-28
home,15,WSH,8480313,L. Thompson,48,20/22,0/0,0/0,20/22,0.9091,2,0,0,0,2,60:00,True,W,22,20,2025020386,20252026,2025-11-28
home,15,WSH,8479292,C. Lindgren,79,0/0,0/0,0/0,0/0,,0,0,0,0,0,00:00,False,,0,0,2025020386,20252026,2025-11-28
away,52,WPG,8477480,E. Comrie,1,0/0,0/0,0/0,0/0,,0,0,0,0,0,00:00,False,,0,0,2025020387,20252026,2025-11-28
away,52,WPG,8483114,T. Milic,32,25/29,2/2,3/3,30/34,0.8824,4,0,0,2,4,58:38,True,L,34,30,2025020387,20252026,2025-11-28
home,12,CAR,8475883,F. Andersen,31,0/0,0/0,0/0,0/0,,0,0,0,0,0,00:00,False,,0,0,2025020387,20252026,2025-11-28
home,12,CAR,8483548,B. Bussi,32,9/10,1/1,2/2,12/13,0.9231,1,0,0,0,1,60:00,True,W,13,12,2025020387,20252026,2025-11-28
away,5,PIT,8477465,T. Jarry,35,20/22,5/5,1/2,26/29,0.8966,2,0,1,0,3,59:36,True,W,29,26,2025020388,20252026,2025-11-28
away,5,PIT,8481668,A. Silovs,37,0/0,0/0,0/0,0/0,,0,0,0,0,0,00:00,False,,0,0,2025020388,20252026,2025-11-28
home,29,CBJ,8482982,J. Greaves,73,19/23,1/1,0/0,20/24,0.8333,4,0,0,0,4,60:56,True,O,24,20,2025020388,20252026,2025-11-28
home,29,CBJ,8478007,E. Merzlikins,90,0/0,0/0,0/0,0/0,,0,0,0,0,0,00:00,False,,0,0,2025020388,20252026,2025-11-28
away,18,NSH,8481020,J. Annunen,29,0/0,0/0,0/0,0/0,,0,0,0,0,0,00:00,False,,0,0,2025020389,20252026,2025-11-28
away,18,NSH,8477424,J. Saros,74,19/21,4/5,1/1,24/27,0.8889,2,1,0,0,3,59:47,True,W,27,24,2025020389,20252026,2025-11-28
home,16,CHI,8481519,S. Knight,30,0/0,0/0,0/0,0/0,,0,0,0,0,0,00:00,False,,0,0,2025020389,20252026,2025-11-28
home,16,CHI,8482821,A. Soderblom,40,21/25,2/2,2/2,25/29,0.8621,4,0,0,0,4,58:45,True,L,29,25,2025020389,20252026,2025-11-28
away,68,UTA,8477970,V. Vanecek,41,18/20,6/8,0/0,24/28,0.8571,2,2,0,0,4,58:25,True,L,28,24,2025020390,20252026,2025-11-28
away,68,UTA,8478872,K. Vejmelka,70,0/0,0/0,0/0,0/0,,0,0,0,0,0,00:00,False,,0,0,2025020390,20252026,2025-11-28
home,25,DAL,8479193,C. DeSmith,1,0/0,0/0,0/0,0/0,,0,0,0,0,0,00:00,False,,0,0,2025020390,20252026,2025-11-28
home,25,DAL,8479979,J. Oettinger,29,25/28,2/2,0/0,27/30,0.9,3,0,0,0,3,60:00,True,W,30,27,2025020390,20252026,2025-11-28
away,14,TBL,8477992,J. Johansson,31,9/10,2/2,1/1,12/13,0.9231,1,0,0,0,1,60:00,True,W,13,12,2025020391,20252026,2025-11-29
away,14,TBL,8476883,A. Vasilevskiy,88,0/0,0/0,0/0,0/0,,0,0,0,0,0,00:00,False,,0,0,2025020391,20252026,2025-11-29
home,3,NYR,8478048,I. Shesterkin,31,27/30,4/4,0/0,31/34,0.9118,3,0,0,2,3,57:35,True,L,34,31,2025020391,20252026,2025-11-29
home,3,NYR,8482193,D. Garand,33,0/0,0/0,0/0,0/0,,0,0,0,0,0,00:00,False,,0,0,2025020391,20252026,2025-11-29
away,8,MTL,8478470,S. Montembeault,35,0/0,0/0,0/0,0/0,,0,0,0,0,0,00:00,False,,0,0,2025020392,20252026,2025-11-29
away,8,MTL,8482487,J. Dobes,75,21/27,8/9,0/0,29/36,0.8056,6,1,0,0,7,60:00,True,L,36,29,2025020392,20252026,2025-11-29
home,21,COL,8478406,M. Blackwood,39,16/17,4/5,1/1,21/23,0.913,1,1,0,0,2,59:58,True,W,23,21,2025020392,20252026,2025-11-29
home,21,COL,8475809,S. Wedgewood,41,0/0,0/0,0/0,0/0,,0,0,0,0,0,00:00,False,,0,0,2025020392,20252026,2025-11-29
away,22,EDM,8475717,C. Pickard,30,0/0,0/0,0/0,0/0,,0,0,0,0,0,00:00,False,,0,0,2025020393,20252026,2025-11-29
away,22,EDM,8479973,S. Skinner,74,14/14,12/12,0/0,26/26,1.0,0,0,0,0,0,59:40,True,W,26,26,2025020393,20252026,2025-11-29
home,55,SEA,8475831,P. Grubauer,31,0/0,0/0,0/0,0/0,,0,0,0,0,0,00:00,False,,0,0,2025020393,20252026,2025-11-29
home,55,SEA,8478916,J. Daccord,35,20/22,0/2,1/1,21/25,0.84,2,2,0,0,4,60:00,True,L,25,21,2025020393,20252026,2025-11-29
away,17,DET,8476434,J. Gibson,36,0/0,0/0,0/0,0/0,,0,0,0,0,0,00:00,False,,0,0,2025020394,20252026,2025-11-29
away,17,DET,8475660,C. Talbot,39,16/17,1/2,1/1,18/20,0.9,1,1,0,0,2,63:49,True,O,20,18,2025020394,20252026,2025-11-29
home,6,BOS,8480280,J. Swayman,1,18/20,6/6,0/0,24/26,0.9231,2,0,0,0,2,65:00,True,W,26,24,2025020394,20252026,2025-11-29
home,6,BOS,8476914,J. Korpisalo,70,0/0,0/0,0/0,0/0,,0,0,0,0,0,00:00,False,,0,0,2025020394,20252026,2025-11-29
away,4,PHI,8481035,S. Ersson,33,0/0,0/0,0/0,0/0,,0,0,0,0,0,00:00,False,,0,0,2025020395,20252026,2025-11-29
away,4,PHI,8478435,D. Vladar,80,15/17,13/14,1/1,29/32,0.9062,2,1,0,0,3,60:00,True,W,32,29,2025020395,20252026,2025-11-29
home,1,NJD,8474593,J. Markstrom,25,23/27,4/4,0/0,27/31,0.871,4,0,0,0,4,59:47,True,L,31,27,2025020395,20252026,2025-11-29
home,1,NJD,8474596,J. Allen,34,0/0,0/0,0/0,0/0,,0,0,0,0,0,00:00,False,,0,0,2025020395,20252026,2025-11-29
away,10,TOR,8483710,D. Hildeby,35,27/28,5/6,1/1,33/35,0.9429,1,1,0,0,2,59:45,True,W,35,33,2025020396,20252026,2025-11-29
away,10,TOR,8479361,J. Woll,60,0/0,0/0,0/0,0/0,,0,0,0,0,0,00:00,False,,0,0,2025020396,20252026,2025-11-29
home,5,PIT,8477465,T. Jarry,35,7/9,3/4,0/0,10/13,0.7692,2,1,0,0,3,35:07,False,,13,10,2025020396,20252026,2025-11-29
home,5,PIT,8481668,A. Silovs,37,3/7,3/3,0/0,6/10,0.6,4,0,0,0,4,24:37,True,L,10,6,2025020396,20252026,2025-11-29
away,52,WPG,8477480,E. Comrie,1,19/20,1/2,1/1,21/23,0.913,1,1,0,0,2,59:40,True,W,23,21,2025020397,20252026,2025-11-29
away,52,WPG,8483114,T. Milic,32,0/0,0/0,0/0,0/0,,0,0,0,0,0,00:00,False,,0,0,2025020397,20252026,2025-11-29
home,18,NSH,8481020,J. Annunen,29,20/24,2/2,0/0,22/26,0.8462,4,0,0,0,4,56:28,True,L,26,22,2025020397,20252026,2025-11-29
home,18,NSH,8477424,J. Saros,74,0/0,0/0,0/0,0/0,,0,0,0,0,0,00:00,False,,0,0,2025020397,20252026,2025-11-29
away,68,UTA,8477970,V. Vanecek,41,0/0,0/0,0/0,0/0,,0,0,0,0,0,00:00,False,,0,0,2025020398,20252026,2025-11-29
away,68,UTA,8478872,K. Vejmelka,70,14/15,3/3,1/1,18/19,0.9474,1,0,0,0,1,58:31,True,L,19,18,2025020398,20252026,2025-11-29
home,19,STL,8480981,J. Hofer,30,15/15,3/3,0/0,18/18,1.0,0,0,0,0,0,60:00,True,W,18,18,2025020398,20252026,2025-11-29
home,19,STL,8476412,J. Binnington,50,0/0,0/0,0/0,0/0,,0,0,0,0,0,00:00,False,,0,0,2025020398,20252026,2025-11-29
away,7,BUF,8480045,U. Luukkonen,1,0/0,0/0,0/0,0/0,,0,0,0,0,0,00:00,False,,0,0,2025020399,20252026,2025-11-29
away,7,BUF,8481551,C. Ellis,92,17/19,4/4,1/1,22/24,0.9167,2,0,0,0,2,65:00,True,W,24,22,2025020399,20252026,2025-11-29
home,30,MIN,8482661,J. Wallstedt,30,0/0,0/0,0/0,0/0,,0,0,0,0,0,00:00,False,,0,0,2025020399,20252026,2025-11-29
home,30,MIN,8479406,F. Gustavsson,32,29/31,2/2,0/0,31/33,0.9394,2,0,0,0,2,64:51,True,O,33,31,2025020399,20252026,2025-11-29
away,28,SJS,8482137,Y. Askarov,30,0/0,0/0,0/0,0/0,,0,0,0,0,0,00:00,False,,0,0,2025020400,20252026,2025-11-29
away,28,SJS,8477968,A. Nedeljkovic,33,18/21,2/3,0/0,20/24,0.8333,3,1,0,0,4,58:16,True,L,24,20,2025020400,20252026,2025-11-29
home,54,VGK,8482761,C. Lindbom,30,17/19,1/2,0/0,18/21,0.8571,2,1,0,0,3,60:00,True,W,21,18,2025020400,20252026,2025-11-29
home,54,VGK,8481033,A. Schmid,40,0/0,0/0,0/0,0/0,,0,0,0,0,0,00:00,False,,0,0,2025020400,20252026,2025-11-29
away,23,VAN,8480947,K. Lankinen,32,12/14,7/7,2/2,21/23,0.913,2,0,0,0,2,63:58,True,O,23,21,2025020401,20252026,2025-11-29
away,23,VAN,8484268,N. Tolopilo,60,0/0,0/0,0/0,0/0,,0,0,0,0,0,00:00,False,,0,0,2025020401,20252026,2025-11-29
home,26,LAK,8476341,A. Forsberg,31,15/16,4/4,0/0,19/20,0.95,1,0,0,0,1,63:17,True,W,20,19,2025020401,20252026,2025-11-29
home,26,LAK,8475311,D. Kuemper,35,0/0,0/0,0/0,0/0,,0,0,0,0,0,00:00,False,,0,0,2025020401,20252026,2025-11-29
away,15,WSH,8480313,L. Thompson,48,24/24,6/7,0/0,30/31,0.9677,0,1,0,0,1,60:00,True,W,31,30,2025020402,20252026,2025-11-30
away,15,WSH,8479292,C. Lindgren,79,0/0,0/0,0/0,0/0,,0,0,0,0,0,00:00,False,,0,0,2025020402,20252026,2025-11-30
home,2,NYI,8478009,I. Sorokin,30,15/16,0/1,0/0,15/17,0.8824,1,1,0,0,2,57:33,True,L,17,15,2025020402,20252026,2025-11-30
home,2,NYI,8479496,D. Rittich,33,0/0,0/0,0/0,0/0,,0,0,0,0,0,00:00,False,,0,0,2025020402,20252026,2025-11-30
away,24,ANA,8478024,V. Husso,33,0/1,0/0,0/0,0/1,0.0,1,0,0,0,1,09:01,False,L,1,0,2025020403,20252026,2025-11-30
away,24,ANA,8475852,P. Mrazek,34,11/12,2/4,0/0,13/16,0.8125,1,2,0,0,3,48:27,True,,16,13,2025020403,20252026,2025-11-30
home,16,CHI,8481519,S. Knight,30,18/21,3/3,2/2,23/26,0.8846,3,0,0,0,3,59:37,True,W,26,23,2025020403,20252026,2025-11-30
home,16,CHI,8482821,A. Soderblom,40,0/0,0/0,0/0,0/0,,0,0,0,0,0,00:00,False,,0,0,2025020403,20252026,2025-11-30
away,20,CGY,8482445,D. Cooley,1,16/17,0/0,0/0,16/17,0.9412,1,0,0,0,1,62:39,True,O,17,16,2025020404,20252026,2025-11-30
away,20,CGY,8481692,D. Wolf,32,0/0,0/0,0/0,0/0,,0,0,0,0,0,00:00,False,,0,0,2025020404,20252026,2025-11-30
home,12,CAR,8475883,F. Andersen,31,0/0,0/0,0/0,0/0,,0,0,0,0,0,00:00,False,,0,0,2025020404,20252026,2025-11-30
home,12,CAR,8483548,B. Bussi,32,13/13,3/3,0/0,16/16,1.0,0,0,0,0,0,62:52,True,W,16,16,2025020404,20252026,2025-11-30
away,9,OTT,8482447,L. Meriläinen,1,0/0,0/0,0/0,0/0,,0,0,0,0,0,00:00,False,,0,0,2025020405,20252026,2025-11-30
away,9,OTT,8476999,L. Ullmark,35,14/18,6/8,0/0,20/26,0.7692,4,2,0,0,6,60:00,True,L,26,20,2025020405,20252026,2025-11-30
home,25,DAL,8479193,C. DeSmith,1,14/15,1/1,0/0,15/16,0.9375,1,0,0,0,1,60:00,True,W,16,15,2025020405,20252026,2025-11-30
home,25,DAL,8479979,J. Oettinger,29,0/0,0/0,0/0,0/0,,0,0,0,0,0,00:00,False,,0,0,2025020405,20252026,2025-11-30
away,29,CBJ,8482982,J. Greaves,73,0/0,0/0,0/0,0/0,,0,0,0,0,0,00:00,False,,0,0,2025020406,20252026,2025-12-01
away,29,CBJ,8478007,E. Merzlikins,90,27/28,2/4,1/1,30/33,0.9091,1,2,0,0,3,59:56,True,W,33,30,2025020406,20252026,2025-12-01
home,1,NJD,8474593,J. Markstrom,25,0/0,0/0,0/0,0/0,,0,0,0,0,0,00:00,False,,0,0,2025020406,20252026,2025-12-01
home,1,NJD,8474596,J. Allen,34,15/19,2/3,3/3,20/25,0.8,4,1,0,0,5,54:27,True,L,25,20,2025020406,20252026,2025-12-01
away,5,PIT,8477465,T. Jarry,35,20/20,8/9,0/0,28/29,0.9655,0,1,0,0,1,60:00,True,W,29,28,2025020407,20252026,2025-12-01
away,5,PIT,8481668,A. Silovs,37,0/0,0/0,0/0,0/0,,0,0,0,0,0,00:00,False,,0,0,2025020407,20252026,2025-12-01
home,4,PHI,8481035,S. Ersson,33,0/0,0/0,0/0,0/0,,0,0,0,0,0,00:00,False,,0,0,2025020407,20252026,2025-12-01
home,4,PHI,8478435,D. Vladar,80,17/19,3/6,2/2,22/27,0.8148,2,3,0,0,5,60:00,True,L,27,22,2025020407,20252026,2025-12-01
away,52,WPG,8477480,E. Comrie,1,10/12,1/2,0/0,11/14,0.7857,2,1,0,0,3,20:00,True,L,14,11,2025020408,20252026,2025-12-01
away,52,WPG,8483114,T. Milic,32,14/16,1/1,0/0,15/17,0.8824,2,0,0,0,2,40:00,False,,17,15,2025020408,20252026,2025-12-01
home,7,BUF,8480045,U. Luukkonen,1,18/19,4/4,1/1,23/24,0.9583,1,0,0,0,1,60:00,True,W,24,23,2025020408,20252026,2025-12-01
home,7,BUF,8479312,A. Lyon,34,0/0,0/0,0/0,0/0,,0,0,0,0,0,00:00,False,,0,0,2025020408,20252026,2025-12-01
away,24,ANA,8483746,V. Buteyets,32,0/0,0/0,0/0,0/0,,0,0,0,0,0,00:00,False,,0,0,2025020409,20252026,2025-12-01
away,24,ANA,8478024,V. Husso,33,16/17,5/5,0/0,21/22,0.9545,1,0,0,0,1,60:00,True,W,22,21,2025020409,20252026,2025-12-01
home,19,STL,8480981,J. Hofer,30,17/18,0/0,2/2,19/20,0.95,1,0,0,0,1,48:16,False,,20,19,2025020409,20252026,2025-12-01
home,19,STL,8476412,J. Binnington,50,3/5,0/0,0/0,3/5,0.6,2,0,0,0,2,10:24,True,L,5,3,2025020409,20252026,2025-12-01
away,68,UTA,8477970,V. Vanecek,41,14/17,3/3,1/1,18/21,0.8571,3,0,0,0,3,46:51,False,L,21,18,2025020410,20252026,2025-12-01
away,68,UTA,8478872,K. Vejmelka,70,5/7,1/2,0/0,6/9,0.6667,2,1,0,0,3,12:59,True,,9,6,2025020410,20252026,2025-12-01
home,28,SJS,8482137,Y. Askarov,30,28/30,2/2,1/2,31/34,0.9118,2,0,1,0,3,60:00,True,W,34,31,2025020410,20252026,2025-12-01
home,28,SJS,8477968,A. Nedeljkovic,33,0/0,0/0,0/0,0/0,,0,0,0,0,0,00:00,False,,0,0,2025020410,20252026,2025-12-01
away,9,OTT,8482447,L. Meriläinen,1,0/0,0/0,0/0,0/0,,0,0,0,0,0,00:00,False,,0,0,2025020411,20252026,2025-12-02
away,9,OTT,8476999,L. Ullmark,35,19/19,1/3,0/0,20/22,0.9091,0,2,0,0,2,59:21,True,W,22,20,2025020411,20252026,2025-12-02
home,8,MTL,8478470,S. Montembeault,35,20/25,4/4,0/0,24/29,0.8276,5,0,0,0,5,59:56,True,L,29,24,2025020411,20252026,2025-12-02
home,8,MTL,8482487,J. Dobes,75,0/0,0/0,0/0,0/0,,0,0,0,0,0,00:00,False,,0,0,2025020411,20252026,2025-12-02
away,6,BOS,8480280,J. Swayman,1,18/22,0/1,0/0,18/23,0.7826,4,1,0,0,5,43:55,True,L,23,18,2025020412,20252026,2025-12-02
away,6,BOS,8476914,J. Korpisalo,70,7/7,2/2,0/0,9/9,1.0,0,0,0,0,0,12:36,False,,9,9,2025020412,20252026,2025-12-02
home,17,DET,8476434,J. Gibson,36,30/34,3/3,1/1,34/38,0.8947,4,0,0,0,4,60:00,True,W,38,34,2025020412,20252026,2025-12-02
home,17,DET,8475660,C. Talbot,39,0/0,0/0,0/0,0/0,,0,0,0,0,0,00:00,False,,0,0,2025020412,20252026,2025-12-02
away,10,TOR,8483710,D. Hildeby,35,0/0,0/0,0/0,0/0,,0,0,0,0,0,00:00,False,,0,0,2025020413,20252026,2025-12-02
away,10,TOR,8479361,J. Woll,60,22/22,2/2,1/2,25/26,0.9615,0,0,1,0,1,60:00,True,W,26,25,2025020413,20252026,2025-12-02
home,13,FLA,8480193,D. Tarasov,40,0/0,0/0,0/0,0/0,,0,0,0,0,0,00:00,False,,0,0,2025020413,20252026,2025-12-02
home,13,FLA,8475683,S. Bobrovsky,72,21/24,5/5,1/1,27/30,0.9,3,0,0,0,3,58:53,True,L,30,27,2025020413,20252026,2025-12-02
away,14,TBL,8477992,J. Johansson,31,0/0,0/0,0/0,0/0,,0,0,0,0,0,00:00,False,,0,0,2025020414,20252026,2025-12-02
away,14,TBL,8476883,A. Vasilevskiy,88,20/22,2/2,0/0,22/24,0.9167,2,0,0,0,2,56:40,True,L,24,22,2025020414,20252026,2025-12-02
home,2,NYI,8478009,I. Sorokin,30,27/28,2/2,1/1,30/31,0.9677,1,0,0,0,1,60:00,True,W,31,30,2025020414,20252026,2025-12-02
home,2,NYI,8479496,D. Rittich,33,0/0,0/0,0/0,0/0,,0,0,0,0,0,00:00,False,,0,0,2025020414,20252026,2025-12-02
away,25,DAL,8479193,C. DeSmith,1,25/28,10/10,3/3,38/41,0.9268,3,0,0,0,3,60:14,True,O,41,38,2025020415,20252026,2025-12-02
away,25,DAL,8479979,J. Oettinger,29,0/0,0/0,0/0,0/0,,0,0,0,0,0,00:00,False,,0,0,2025020415,20252026,2025-12-02
home,3,NYR,8478048,I. Shesterkin,31,18/20,3/3,3/3,24/26,0.9231,2,0,0,0,2,60:54,True,W,26,24,2025020415,20252026,2025-12-02
home,3,NYR,8477484,S. Martin,41,0/0,0/0,0/0,0/0,,0,0,0,0,0,00:00,False,,0,0,2025020415,20252026,2025-12-02
away,20,CGY,8482445,D. Cooley,1,9/13,2/2,1/1,12/16,0.75,4,0,0,0,4,40:00,True,L,16,12,2025020416,20252026,2025-12-02
away,20,CGY,8481692,D. Wolf,32,10/11,1/1,0/0,11/12,0.9167,1,0,0,0,1,20:00,False,,12,11,2025020416,20252026,2025-12-02
home,18,NSH,8481020,J. Annunen,29,0/0,0/0,0/0,0/0,,0,0,0,0,0,00:00,False,,0,0,2025020416,20252026,2025-12-02
home,18,NSH,8477424,J. Saros,74,24/24,2/3,1/1,27/28,0.9643,0,1,0,0,1,60:00,True,W,28,27,2025020416,20252026,2025-12-02
away,23,VAN,8480238,J. Patera,30,0/0,0/0,0/0,0/0,,0,0,0,0,0,00:00,False,,0,0,2025020417,20252026,2025-12-02
away,23,VAN,8480947,K. Lankinen,32,24/27,4/4,0/0,28/31,0.9032,3,0,0,0,3,56:36,True,L,31,28,2025020417,20252026,2025-12-02
home,21,COL,8478406,M. Blackwood,39,10/10,0/0,0/0,10/10,1.0,0,0,0,0,0,27:32,False,W,10,10,2025020417,20252026,2025-12-02
home,21,COL,8475809,S. Wedgewood,41,9/10,1/1,0/0,10/11,0.9091,1,0,0,0,1,32:28,True,,11,10,2025020417,20252026,2025-12-02
away,30,MIN,8482661,J. Wallstedt,30,30/30,3/3,0/0,33/33,1.0,0,0,0,0,0,60:00,True,W,33,33,2025020418,20252026,2025-12-02
away,30,MIN,8479406,F. Gustavsson,32,0/0,0/0,0/0,0/0,,0,0,0,0,0,00:00,False,,0,0,2025020418,20252026,2025-12-02
home,22,EDM,8475717,C. Pickard,30,0/0,0/0,0/0,0/0,,0,0,0,0,0,00:00,False,,0,0,2025020418,20252026,2025-12-02
home,22,EDM,8479973,S. Skinner,74,17/18,6/6,0/0,23/24,0.9583,1,0,0,0,1,58:21,True,L,24,23,2025020418,20252026,2025-12-02
away,16,CHI,8481519,S. Knight,30,23/26,1/1,1/1,25/28,0.8929,3,0,0,0,3,64:53,True,O,28,25,2025020419,20252026,2025-12-02
away,16,CHI,8482821,A. Soderblom,40,0/0,0/0,0/0,0/0,,0,0,0,0,0,00:00,False,,0,0,2025020419,20252026,2025-12-02
home,54,VGK,8481033,A. Schmid,40,0/0,0/0,0/0,0/0,,0,0,0,0,0,00:00,False,,0,0,2025020419,20252026,2025-12-02
home,54,VGK,8479394,C. Hart,79,23/26,4/4,0/0,27/30,0.9,3,0,0,2,3,65:00,True,W,30,27,2025020419,20252026,2025-12-02
away,15,WSH,8480313,L. Thompson,48,17/18,7/7,0/0,24/25,0.96,1,0,0,0,1,60:00,True,W,25,24,2025020420,20252026,2025-12-02
away,15,WSH,8479292,C. Lindgren,79,0/0,0/0,0/0,0/0,,0,0,0,0,0,00:00,False,,0,0,2025020420,20252026,2025-12-02
home,26,LAK,8476341,A. Forsberg,31,0/0,0/0,0/0,0/0,,0,0,0,0,0,00:00,False,,0,0,2025020420,20252026,2025-12-02
home,26,LAK,8475311,D. Kuemper,35,17/18,5/6,0/0,22/24,0.9167,1,1,0,0,2,57:57,True,L,24,22,2025020420,20252026,2025-12-02
away,25,DAL,8479193,C. DeSmith,1,0/0,0/0,0/0,0/0,,0,0,0,0,0,00:00,False,,0,0,2025020421,20252026,2025-12-03
away,25,DAL,8479979,J. Oettinger,29,28/28,0/0,2/2,30/30,1.0,0,0,0,0,0,60:00,True,W,30,30,2025020421,20252026,2025-12-03
home,1,NJD,8474593,J. Markstrom,25,23/26,2/2,0/0,25/28,0.8929,3,0,0,0,3,60:00,True,L,28,25,2025020421,20252026,2025-12-03
home,1,NJD,8474596,J. Allen,34,0/0,0/0,0/0,0/0,,0,0,0,0,0,00:00,False,,0,0,2025020421,20252026,2025-12-03
away,52,WPG,8477480,E. Comrie,1,29/30,0/1,0/0,29/31,0.9355,1,1,0,0,2,65:00,True,O,31,29,2025020422,20252026,2025-12-03
away,52,WPG,8483114,T. Milic,32,0/0,0/0,0/0,0/0,,0,0,0,0,0,00:00,False,,0,0,2025020422,20252026,2025-12-03
home,8,MTL,8478470,S. Montembeault,35,0/0,0/0,0/0,0/0,,0,0,0,0,0,00:00,False,,0,0,2025020422,20252026,2025-12-03
home,8,MTL,8482487,J. Dobes,75,29/31,1/1,0/0,30/32,0.9375,2,0,0,0,2,64:51,True,W,32,30,2025020422,20252026,2025-12-03
away,7,BUF,8479312,A. Lyon,34,0/0,0/0,0/0,0/0,,0,0,0,0,0,00:00,False,,0,0,2025020423,20252026,2025-12-03
away,7,BUF,8481551,C. Ellis,92,20/23,9/11,1/1,30/35,0.8571,3,2,0,0,5,60:00,True,L,35,30,2025020423,20252026,2025-12-03
home,4,PHI,8481035,S. Ersson,33,21/22,5/6,1/1,27/29,0.931,1,1,0,0,2,59:57,True,W,29,27,2025020423,20252026,2025-12-03
home,4,PHI,8478435,D. Vladar,80,0/0,0/0,0/0,0/0,,0,0,0,0,0,00:00,False,,0,0,2025020423,20252026,2025-12-03
away,68,UTA,8477970,V. Vanecek,41,0/0,0/0,0/0,0/0,,0,0,0,0,0,00:00,False,,0,0,2025020424,20252026,2025-12-03
away,68,UTA,8478872,K. Vejmelka,70,21/21,5/5,1/1,27/27,1.0,0,0,0,0,0,60:00,True,W,27,27,2025020424,20252026,2025-12-03
home,24,ANA,8483746,V. Buteyets,32,10/12,0/1,0/0,10/13,0.7692,2,1,0,0,3,20:00,False,,13,10,2025020424,20252026,2025-12-03
home,24,ANA,8478024,V. Husso,33,16/20,1/1,0/0,17/21,0.8095,4,0,0,0,4,40:00,True,L,21,17,2025020424,20252026,2025-12-03
away,15,WSH,8480313,L. Thompson,48,0/0,0/0,0/0,0/0,,0,0,0,0,0,00:00,False,,0,0,2025020425,20252026,2025-12-03
away,15,WSH,8479292,C. Lindgren,79,14/14,8/9,1/1,23/24,0.9583,0,1,0,0,1,60:00,True,W,24,23,2025020425,20252026,2025-12-03
home,28,SJS,8482137,Y. Askarov,30,7/10,0/0,1/2,8/12,0.6667,3,0,1,0,4,17:07,True,L,12,8,2025020425,20252026,2025-12-03
home,28,SJS,8477968,A. Nedeljkovic,33,13/15,2/3,1/1,16/19,0.8421,2,1,0,0,3,42:40,False,,19,16,2025020425,20252026,2025-12-03
away,19,STL,8480981,J. Hofer,30,0/0,0/0,0/0,0/0,,0,0,0,0,0,00:00,False,,0,0,2025020426,20252026,2025-12-04
away,19,STL,8476412,J. Binnington,50,19/23,2/3,1/1,22/27,0.8148,4,1,0,0,5,60:00,True,L,27,22,2025020426,20252026,2025-12-04
home,6,BOS,8480280,J. Swayman,1,0/0,0/0,0/0,0/0,,0,0,0,0,0,00:00,False,,0,0,2025020426,20252026,2025-12-04
home,6,BOS,8476914,J. Korpisalo,70,37/39,0/0,0/0,37/39,0.9487,2,0,0,0,2,60:00,True,W,39,37,2025020426,20252026,2025-12-04
away,3,NYR,8478048,I. Shesterkin,31,25/25,0/2,0/0,25/27,0.9259,0,2,0,0,2,60:00,True,W,27,25,2025020427,20252026,2025-12-04
away,3,NYR,8477484,S. Martin,41,0/0,0/0,0/0,0/0,,0,0,0,0,0,00:00,False,,0,0,2025020427,20252026,2025-12-04
home,9,OTT,8482447,L. Meriläinen,1,23/26,0/0,1/1,24/27,0.8889,3,0,0,0,3,57:57,True,L,27,24,2025020427,20252026,2025-12-04
home,9,OTT,8476999,L. Ullmark,35,0/0,0/0,0/0,0/0,,0,0,0,0,0,00:00,False,,0,0,2025020427,20252026,2025-12-04
away,5,PIT,8477465,T. Jarry,35,23/25,9/10,5/5,37/40,0.925,2,1,0,0,3,60:00,True,W,40,37,2025020428,20252026,2025-12-04
away,5,PIT,8481668,A. Silovs,37,0/0,0/0,0/0,0/0,,0,0,0,0,0,00:00,False,,0,0,2025020428,20252026,2025-12-04
home,14,TBL,8477992,J. Johansson,31,23/25,2/4,2/2,27/31,0.871,2,2,0,0,4,57:48,True,L,31,27,2025020428,20252026,2025-12-04
home,14,TBL,8477990,B. Halverson,33,0/0,0/0,0/0,0/0,,0,0,0,0,0,00:00,False,,0,0,2025020428,20252026,2025-12-04
away,18,NSH,8481020,J. Annunen,29,0/0,0/0,0/0,0/0,,0,0,0,0,0,00:00,False,,0,0,2025020429,20252026,2025-12-04
away,18,NSH,8477424,J. Saros,74,16/17,10/10,4/4,30/31,0.9677,1,0,0,0,1,64:03,True,W,31,30,2025020429,20252026,2025-12-04
home,13,FLA,8480193,D. Tarasov,40,0/0,0/0,0/0,0/0,,0,0,0,0,0,00:00,False,,0,0,2025020429,20252026,2025-12-04
home,13,FLA,8475683,S. Bobrovsky,72,20/22,6/6,1/1,27/29,0.931,2,0,0,0,2,64:03,True,O,29,27,2025020429,20252026,2025-12-04
away,21,COL,8478406,M. Blackwood,39,26/30,8/9,2/2,36/41,0.878,4,1,0,0,5,57:37,True,L,41,36,2025020430,20252026,2025-12-04
away,21,COL,8481529,T. Miner,50,0/0,0/0,0/0,0/0,,0,0,0,0,0,00:00,False,,0,0,2025020430,20252026,2025-12-04
home,2,NYI,8478009,I. Sorokin,30,32/35,3/3,0/0,35/38,0.9211,3,0,0,0,3,60:00,True,W,38,35,2025020430,20252026,2025-12-04
home,2,NYI,8479496,D. Rittich,33,0/0,0/0,0/0,0/0,,0,0,0,0,0,00:00,False,,0,0,2025020430,20252026,2025-12-04
away,10,TOR,8483710,D. Hildeby,35,6/6,1/1,2/2,9/9,1.0,0,0,0,0,0,20:00,False,,9,9,2025020431,20252026,2025-12-04
away,10,TOR,8479361,J. Woll,60,20/21,3/3,0/0,23/24,0.9583,1,0,0,0,1,40:00,True,W,24,23,2025020431,20252026,2025-12-04
home,12,CAR,8475883,F. Andersen,31,15/19,4/4,0/0,19/23,0.8261,4,0,0,0,4,57:23,True,L,23,19,2025020431,20252026,2025-12-04
home,12,CAR,8483548,B. Bussi,32,0/0,0/0,0/0,0/0,,0,0,0,0,0,00:00,False,,0,0,2025020431,20252026,2025-12-04
away,17,DET,8476434,J. Gibson,36,0/0,0/0,0/0,0/0,,0,0,0,0,0,00:00,False,,0,0,2025020432,20252026,2025-12-04
away,17,DET,8475660,C. Talbot,39,24/27,3/5,0/0,27/32,0.8438,3,2,0,0,5,65:00,True,O,32,27,2025020432,20252026,2025-12-04
home,29,CBJ,8482982,J. Greaves,73,0/0,0/0,0/0,0/0,,0,0,0,0,0,00:00,False,,0,0,2025020432,20252026,2025-12-04
home,29,CBJ,8478007,E. Merzlikins,90,19/21,8/11,1/1,28/33,0.8485,2,3,0,0,5,63:36,True,W,33,28,2025020432,20252026,2025-12-04
away,30,MIN,8482661,J. Wallstedt,30,0/0,0/0,0/0,0/0,,0,0,0,0,0,00:00,False,,0,0,2025020433,20252026,2025-12-04
away,30,MIN,8479406,F. Gustavsson,32,25/28,0/0,2/2,27/30,0.9,3,0,0,0,3,57:20,True,L,30,27,2025020433,20252026,2025-12-04
home,20,CGY,8482445,D. Cooley,1,0/0,0/0,0/0,0/0,,0,0,0,0,0,00:00,False,,0,0,2025020433,20252026,2025-12-04
home,20,CGY,8481692,D. Wolf,32,20/21,6/6,0/0,26/27,0.963,1,0,0,0,1,60:00,True,W,27,26,2025020433,20252026,2025-12-04
away,55,SEA,8475831,P. Grubauer,31,10/12,4/6,0/0,14/18,0.7778,2,2,0,0,4,33:46,False,,18,14,2025020434,20252026,2025-12-04
away,55,SEA,8478916,J. Daccord,35,8/10,1/3,0/1,9/14,0.6429,2,2,1,0,5,25:58,True,L,14,9,2025020434,20252026,2025-12-04
home,22,EDM,8475717,C. Pickard,30,26/29,2/3,0/0,28/32,0.875,3,1,0,0,4,60:00,True,W,32,28,2025020434,20252026,2025-12-04
home,22,EDM,8479973,S. Skinner,74,0/0,0/0,0/0,0/0,,0,0,0,0,0,00:00,False,,0,0,2025020434,20252026,2025-12-04
away,16,CHI,8481519,S. Knight,30,21/22,4/4,1/1,26/27,0.963,1,0,0,0,1,59:51,True,W,27,26,2025020435,20252026,2025-12-04
away,16,CHI,8482821,A. Soderblom,40,0/0,0/0,0/0,0/0,,0,0,0,0,0,00:00,False,,0,0,2025020435,20252026,2025-12-04
home,26,LAK,8476341,A. Forsberg,31,0/0,0/0,0/0,0/0,,0,0,0,0,0,00:00,False,,0,0,2025020435,20252026,2025-12-04
home,26,LAK,8475311,D. Kuemper,35,30/31,2/3,2/2,34/36,0.9444,1,1,0,0,2,57:14,True,L,36,34,2025020435,20252026,2025-12-04
away,54,VGK,8482484,J. Vikman,32,0/0,0/0,0/0,0/0,,0,0,0,0,0,00:00,False,,0,0,2025020436,20252026,2025-12-05
away,54,VGK,8481033,A. Schmid,40,22/22,1/1,1/1,24/24,1.0,0,0,0,0,0,60:00,True,W,24,24,2025020436,20252026,2025-12-05
home,1,NJD,8474593,J. Markstrom,25,21/22,1/3,0/0,22/25,0.88,1,2,0,0,3,59:14,True,L,25,22,2025020436,20252026,2025-12-05
home,1,NJD,8474596,J. Allen,34,0/0,0/0,0/0,0/0,,0,0,0,0,0,00:00,False,,0,0,2025020436,20252026,2025-12-05
away,7,BUF,8480045,U. Luukkonen,1,17/20,2/2,0/0,19/22,0.8636,3,0,0,0,3,58:30,True,L,22,19,2025020437,20252026,2025-12-05
away,7,BUF,8479312,A. Lyon,34,0/0,0/0,0/0,0/0,,0,0,0,0,0,00:00,False,,0,0,2025020437,20252026,2025-12-05
home,52,WPG,8477480,E. Comrie,1,29/29,5/6,0/0,34/35,0.9714,0,1,0,0,1,60:00,True,W,35,34,2025020437,20252026,2025-12-05
home,52,WPG,8483114,T. Milic,32,0/0,0/0,0/0,0/0,,0,0,0,0,0,00:00,False,,0,0,2025020437,20252026,2025-12-05
away,28,SJS,8482137,Y. Askarov,30,19/21,1/2,0/0,20/23,0.8696,2,1,0,0,3,59:35,True,L,23,20,2025020438,20252026,2025-12-05
away,28,SJS,8477968,A. Nedeljkovic,33,0/0,0/0,0/0,0/0,,0,0,0,0,0,00:00,False,,0,0,2025020438,20252026,2025-12-05
home,25,DAL,8479193,C. DeSmith,1,0/0,0/0,0/0,0/0,,0,0,0,0,0,00:00,False,,0,0,2025020438,20252026,2025-12-05
home,25,DAL,8479979,J. Oettinger,29,13/14,3/3,0/0,16/17,0.9412,1,0,0,0,1,60:00,True,W,17,16,2025020438,20252026,2025-12-05
away,68,UTA,8477970,V. Vanecek,41,0/0,0/0,0/0,0/0,,0,0,0,0,0,00:00,False,,0,0,2025020439,20252026,2025-12-05
away,68,UTA,8478872,K. Vejmelka,70,27/28,5/5,0/0,32/33,0.9697,1,0,0,0,1,60:00,True,W,33,32,2025020439,20252026,2025-12-05
home,23,VAN,8480947,K. Lankinen,32,14/16,0/1,0/0,14/17,0.8235,2,1,0,0,3,58:36,True,L,17,14,2025020439,20252026,2025-12-05
home,23,VAN,8484268,N. Tolopilo,60,0/0,0/0,0/0,0/0,,0,0,0,0,0,00:00,False,,0,0,2025020439,20252026,2025-12-05
away,15,WSH,8477574,P. Milner,1,0/0,0/0,0/0,0/0,,0,0,0,0,0,00:00,False,,0,0,2025020440,20252026,2025-12-05
away,15,WSH,8480313,L. Thompson,48,28/31,5/5,2/2,35/38,0.9211,3,0,0,0,3,65:00,True,O,38,35,2025020440,20252026,2025-12-05
home,24,ANA,8483746,V. Buteyets,32,0/0,0/0,0/0,0/0,,0,0,0,0,0,00:00,False,,0,0,2025020440,20252026,2025-12-05
home,24,ANA,8478024,V. Husso,33,14/17,2/2,2/2,18/21,0.8571,3,0,0,0,3,64:39,True,W,21,18,2025020440,20252026,2025-12-05
away,21,COL,8478406,M. Blackwood,39,22/24,3/3,0/0,25/27,0.9259,2,0,0,0,2,62:46,True,W,27,25,2025020441,20252026,2025-12-06
away,21,COL,8481529,T. Miner,50,0/0,0/0,0/0,0/0,,0,0,0,0,0,00:00,False,,0,0,2025020441,20252026,2025-12-06
home,3,NYR,8478048,I. Shesterkin,31,35/38,4/4,0/0,39/42,0.9286,3,0,0,0,3,61:22,True,O,42,39,2025020441,20252026,2025-12-06
home,3,NYR,8471734,J. Quick,32,0/0,0/0,0/0,0/0,,0,0,0,0,0,00:00,False,,0,0,2025020441,20252026,2025-12-06
away,29,CBJ,8482982,J. Greaves,73,0/0,0/0,0/0,0/0,,0,0,0,0,0,00:00,False,,0,0,2025020442,20252026,2025-12-06
away,29,CBJ,8478007,E. Merzlikins,90,23/28,6/8,4/4,33/40,0.825,5,2,0,0,7,64:31,True,O,40,33,2025020442,20252026,2025-12-06
home,13,FLA,8480193,D. Tarasov,40,0/0,0/0,0/0,0/0,,0,0,0,0,0,00:00,False,,0,0,2025020442,20252026,2025-12-06
home,13,FLA,8475683,S. Bobrovsky,72,21/26,4/5,0/0,25/31,0.8065,5,1,0,0,6,64:56,True,W,31,25,2025020442,20252026,2025-12-06
away,1,NJD,8474593,J. Markstrom,25,0/0,0/0,0/0,0/0,,0,0,0,0,0,00:00,False,,0,0,2025020443,20252026,2025-12-06
away,1,NJD,8474596,J. Allen,34,16/19,1/1,1/1,18/21,0.8571,3,0,0,0,3,59:32,True,L,21,18,2025020443,20252026,2025-12-06
home,6,BOS,8480280,J. Swayman,1,27/28,1/1,1/1,29/30,0.9667,1,0,0,0,1,60:00,True,W,30,29,2025020443,20252026,2025-12-06
home,6,BOS,8476914,J. Korpisalo,70,0/0,0/0,0/0,0/0,,0,0,0,0,0,00:00,False,,0,0,2025020443,20252026,2025-12-06
away,8,MTL,8478470,S. Montembeault,35,0/0,0/0,0/0,0/0,,0,0,0,0,0,00:00,False,,0,0,2025020444,20252026,2025-12-06
away,8,MTL,8482487,J. Dobes,75,21/21,1/1,0/1,22/23,0.9565,0,0,1,0,1,64:29,True,W,23,22,2025020444,20252026,2025-12-06
home,10,TOR,8483710,D. Hildeby,35,25/25,7/8,1/1,33/34,0.9706,0,1,0,0,1,64:43,True,O,34,33,2025020444,20252026,2025-12-06
home,10,TOR,8482515,A. Akhtyamov,70,0/0,0/0,0/0,0/0,,0,0,0,0,0,00:00,False,,0,0,2025020444,20252026,2025-12-06
away,19,STL,8480981,J. Hofer,30,28/28,13/14,0/0,41/42,0.9762,0,1,0,2,1,59:49,True,W,42,41,2025020445,20252026,2025-12-06
away,19,STL,8476412,J. Binnington,50,0/0,0/0,0/0,0/0,,0,0,0,0,0,00:00,False,,0,0,2025020445,20252026,2025-12-06
home,9,OTT,8482447,L. Meriläinen,1,0/0,0/0,0/0,0/0,,0,0,0,0,0,00:00,False,,0,0,2025020445,20252026,2025-12-06
home,9,OTT,8476999,L. Ullmark,35,17/19,1/1,0/0,18/20,0.9,2,0,0,0,2,57:55,True,L,20,18,2025020445,20252026,2025-12-06
away,2,NYI,8478009,I. Sorokin,30,26/26,5/5,1/1,32/32,1.0,0,0,0,0,0,59:50,True,W,32,32,2025020446,20252026,2025-12-06
away,2,NYI,8479496,D. Rittich,33,0/0,0/0,0/0,0/0,,0,0,0,0,0,00:00,False,,0,0,2025020446,20252026,2025-12-06
home,14,TBL,8477992,J. Johansson,31,16/16,1/2,0/0,17/18,0.9444,0,1,0,0,1,56:46,True,L,18,17,2025020446,20252026,2025-12-06
home,14,TBL,8477990,B. Halverson,33,0/0,0/0,0/0,0/0,,0,0,0,0,0,00:00,False,,0,0,2025020446,20252026,2025-12-06
away,18,NSH,8481020,J. Annunen,29,2/2,0/0,0/0,2/2,1.0,0,0,0,0,0,11:48,False,,2,2,2025020447,20252026,2025-12-06
away,18,NSH,8477424,J. Saros,74,19/23,11/13,2/2,32/38,0.8421,4,2,0,0,6,48:12,True,L,38,32,2025020447,20252026,2025-12-06
home,12,CAR,8475883,F. Andersen,31,0/0,0/0,0/0,0/0,,0,0,0,0,0,00:00,False,,0,0,2025020447,20252026,2025-12-06
home,12,CAR,8483548,B. Bussi,32,16/18,2/3,1/1,19/22,0.8636,2,1,0,0,3,59:56,True,W,22,19,2025020447,20252026,2025-12-06
away,68,UTA,8477970,V. Vanecek,41,17/18,4/4,0/0,21/22,0.9545,1,0,0,0,1,59:10,True,L,22,21,2025020448,20252026,2025-12-06
away,68,UTA,8478872,K. Vejmelka,70,0/0,0/0,0/0,0/0,,0,0,0,0,0,00:00,False,,0,0,2025020448,20252026,2025-12-06
home,20,CGY,8482445,D. Cooley,1,0/0,0/0,0/0,0/0,,0,0,0,0,0,00:00,False,,0,0,2025020448,20252026,2025-12-06
home,20,CGY,8481692,D. Wolf,32,28/28,0/0,0/0,28/28,1.0,0,0,0,0,0,60:00,True,W,28,28,2025020448,20252026,2025-12-06
away,16,CHI,8481519,S. Knight,30,23/28,2/3,1/1,26/32,0.8125,5,1,0,0,6,59:42,True,L,32,26,2025020449,20252026,2025-12-06
away,16,CHI,8482821,A. Soderblom,40,0/0,0/0,0/0,0/0,,0,0,0,0,0,00:00,False,,0,0,2025020449,20252026,2025-12-06
home,26,LAK,8476341,A. Forsberg,31,0/0,0/0,0/0,0/0,,0,0,0,0,0,00:00,False,,0,0,2025020449,20252026,2025-12-06
home,26,LAK,8475311,D. Kuemper,35,22/22,0/0,1/1,23/23,1.0,0,0,0,0,0,60:00,True,W,23,23,2025020449,20252026,2025-12-06
away,52,WPG,8477480,E. Comrie,1,12/15,0/1,0/0,12/16,0.75,3,1,0,0,4,19:44,True,L,16,12,2025020450,20252026,2025-12-06
away,52,WPG,8483114,T. Milic,32,9/11,0/0,0/0,9/11,0.8182,2,0,0,0,2,40:00,False,,11,9,2025020450,20252026,2025-12-06
home,22,EDM,8475717,C. Pickard,30,0/0,0/0,0/0,0/0,,0,0,0,0,0,00:00,False,,0,0,2025020450,20252026,2025-12-06
home,22,EDM,8479973,S. Skinner,74,17/19,2/2,0/0,19/21,0.9048,2,0,0,0,2,60:00,True,W,21,19,2025020450,20252026,2025-12-06
away,30,MIN,8482661,J. Wallstedt,30,16/20,0/0,1/1,17/21,0.8095,4,0,0,2,4,57:05,True,L,21,17,2025020451,20252026,2025-12-06
away,30,MIN,8479406,F. Gustavsson,32,0/0,0/0,0/0,0/0,,0,0,0,0,0,00:00,False,,0,0,2025020451,20252026,2025-12-06
home,23,VAN,8480947,K. Lankinen,32,0/0,0/0,0/0,0/0,,0,0,0,0,0,00:00,False,,0,0,2025020451,20252026,2025-12-06
home,23,VAN,8484268,N. Tolopilo,60,27/28,1/2,0/0,28/30,0.9333,1,1,0,0,2,59:32,True,W,30,28,2025020451,20252026,2025-12-06
away,17,DET,8476434,J. Gibson,36,21/24,3/3,0/0,24/27,0.8889,3,0,0,0,3,59:58,True,W,27,24,2025020452,20252026,2025-12-06
away,17,DET,8475660,C. Talbot,39,0/0,0/0,0/0,0/0,,0,0,0,0,0,00:00,False,,0,0,2025020452,20252026,2025-12-06
home,55,SEA,8475831,P. Grubauer,31,0/0,0/0,0/0,0/0,,0,0,0,0,0,00:00,False,,0,0,2025020452,20252026,2025-12-06
home,55,SEA,8478916,J. Daccord,35,19/22,2/3,0/0,21/25,0.84,3,1,0,0,4,58:48,True,L,25,21,2025020452,20252026,2025-12-06
away,21,COL,8478406,M. Blackwood,39,23/25,0/0,0/0,23/25,0.92,2,0,0,0,2,60:00,True,W,25,23,2025020453,20252026,2025-12-07
away,21,COL,8481529,T. Miner,50,0/0,0/0,0/0,0/0,,0,0,0,0,0,00:00,False,,0,0,2025020453,20252026,2025-12-07
home,4,PHI,8481035,S. Ersson,33,21/23,4/5,0/0,25/28,0.8929,2,1,0,0,3,58:09,True,L,28,25,2025020453,20252026,2025-12-07
home,4,PHI,8478435,D. Vladar,80,0/0,0/0,0/0,0/0,,0,0,0,0,0,00:00,False,,0,0,2025020453,20252026,2025-12-07
away,2,NYI,8478009,I. Sorokin,30,0/0,0/0,0/0,0/0,,0,0,0,0,0,00:00,False,,0,0,2025020454,20252026,2025-12-07
away,2,NYI,8479496,D. Rittich,33,25/28,1/1,0/0,26/29,0.8966,3,0,0,0,3,59:22,True,L,29,26,2025020454,20252026,2025-12-07
home,13,FLA,8480193,D. Tarasov,40,17/18,2/2,1/1,20/21,0.9524,1,0,0,0,1,60:00,True,W,21,20,2025020454,20252026,2025-12-07
home,13,FLA,8475683,S. Bobrovsky,72,0/0,0/0,0/0,0/0,,0,0,0,0,0,00:00,False,,0,0,2025020454,20252026,2025-12-07
away,28,SJS,8482137,Y. Askarov,30,0/0,0/0,0/0,0/0,,0,0,0,0,0,00:00,False,,0,0,2025020455,20252026,2025-12-07
away,28,SJS,8477968,A. Nedeljkovic,33,24/24,4/5,0/0,28/29,0.9655,0,1,0,0,1,60:00,True,W,29,28,2025020455,20252026,2025-12-07
home,12,CAR,8483548,B. Bussi,32,0/0,0/0,0/0,0/0,,0,0,0,0,0,00:00,False,,0,0,2025020455,20252026,2025-12-07
home,12,CAR,8481611,P. Kochetkov,52,15/17,4/5,0/0,19/22,0.8636,2,1,0,0,3,59:03,True,L,22,19,2025020455,20252026,2025-12-07
away,5,PIT,8477465,T. Jarry,35,19/21,1/1,1/1,21/23,0.913,2,0,0,0,2,64:50,True,O,23,21,2025020456,20252026,2025-12-07
away,5,PIT,8481668,A. Silovs,37,0/0,0/0,0/0,0/0,,0,0,0,0,0,00:00,False,,0,0,2025020456,20252026,2025-12-07
home,25,DAL,8479193,C. DeSmith,1,0/0,0/0,0/0,0/0,,0,0,0,0,0,00:00,False,,0,0,2025020456,20252026,2025-12-07
home,25,DAL,8479979,J. Oettinger,29,25/27,2/2,0/0,27/29,0.931,2,0,0,0,2,63:36,True,W,29,27,2025020456,20252026,2025-12-07
away,19,STL,8480981,J. Hofer,30,0/0,0/0,0/0,0/0,,0,0,0,0,0,00:00,False,,0,0,2025020457,20252026,2025-12-07
away,19,STL,8476412,J. Binnington,50,21/24,2/2,0/0,23/26,0.8846,3,0,0,0,3,60:00,True,W,26,23,2025020457,20252026,2025-12-07
home,8,MTL,8478039,K. Kahkonen,34,0/0,0/0,0/0,0/0,,0,0,0,0,0,00:00,False,,0,0,2025020457,20252026,2025-12-07
home,8,MTL,8482487,J. Dobes,75,13/16,1/2,0/0,14/18,0.7778,3,1,0,0,4,57:33,True,L,18,14,2025020457,20252026,2025-12-07
away,54,VGK,8481033,A. Schmid,40,0/0,0/0,0/0,0/0,,0,0,0,0,0,00:00,False,,0,0,2025020458,20252026,2025-12-07
away,54,VGK,8479394,C. Hart,79,21/23,0/0,1/1,22/24,0.9167,2,0,0,0,2,64:09,True,W,24,22,2025020458,20252026,2025-12-07
home,3,NYR,8478048,I. Shesterkin,31,0/0,0/0,0/0,0/0,,0,0,0,0,0,00:00,False,,0,0,2025020458,20252026,2025-12-07
home,3,NYR,8471734,J. Quick,32,22/25,3/3,0/0,25/28,0.8929,3,0,0,0,3,64:52,True,O,28,25,2025020458,20252026,2025-12-07
away,29,CBJ,8482982,J. Greaves,73,21/22,14/14,1/1,36/37,0.973,1,0,0,0,1,57:20,True,L,37,36,2025020459,20252026,2025-12-07
away,29,CBJ,8478007,E. Merzlikins,90,0/0,0/0,0/0,0/0,,0,0,0,0,0,00:00,False,,0,0,2025020459,20252026,2025-12-07
home,15,WSH,8483532,C. Stevenson,33,0/0,0/0,0/0,0/0,,0,0,0,0,0,00:00,False,,0,0,2025020459,20252026,2025-12-07
home,15,WSH,8480313,L. Thompson,48,32/32,5/5,2/2,39/39,1.0,0,0,0,0,0,59:49,True,W,39,39,2025020459,20252026,2025-12-07
away,16,CHI,8481519,S. Knight,30,0/0,0/0,0/0,0/0,,0,0,0,0,0,00:00,False,,0,0,2025020460,20252026,2025-12-07
away,16,CHI,8482821,A. Soderblom,40,37/42,9/11,0/0,46/53,0.8679,5,2,0,0,7,60:00,True,L,53,46,2025020460,20252026,2025-12-07
home,24,ANA,8483746,V. Buteyets,32,0/0,0/0,0/0,0/0,,0,0,0,0,0,00:00,False,,0,0,2025020460,20252026,2025-12-07
home,24,ANA,8478024,V. Husso,33,17/17,1/2,1/1,19/20,0.95,0,1,0,0,1,60:00,True,W,20,19,2025020460,20252026,2025-12-07
away,14,TBL,8477992,J. Johansson,31,20/21,3/3,0/0,23/24,0.9583,1,0,0,0,1,57:45,True,L,24,23,2025020461,20252026,2025-12-08
away,14,TBL,8477990,B. Halverson,33,0/0,0/0,0/0,0/0,,0,0,0,0,0,00:00,False,,0,0,2025020461,20252026,2025-12-08
home,10,TOR,8483710,D. Hildeby,35,28/28,1/1,0/0,29/29,1.0,0,0,0,0,0,59:42,True,W,29,29,2025020461,20252026,2025-12-08
home,10,TOR,8482515,A. Akhtyamov,70,0/0,0/0,0/0,0/0,,0,0,0,0,0,00:00,False,,0,0,2025020461,20252026,2025-12-08
away,26,LAK,8476341,A. Forsberg,31,0/0,0/0,0/0,0/0,,0,0,0,0,0,00:00,False,,0,0,2025020462,20252026,2025-12-08
away,26,LAK,8475311,D. Kuemper,35,17/18,2/3,0/0,19/21,0.9048,1,1,0,0,2,60:00,True,W,21,19,2025020462,20252026,2025-12-08
home,68,UTA,8477970,V. Vanecek,41,0/0,0/0,0/0,0/0,,0,0,0,0,0,00:00,False,,0,0,2025020462,20252026,2025-12-08
home,68,UTA,8478872,K. Vejmelka,70,23/26,0/0,0/0,23/26,0.8846,3,0,0,0,3,58:08,True,L,26,23,2025020462,20252026,2025-12-08
away,7,BUF,8480045,U. Luukkonen,1,15/18,2/4,0/0,17/22,0.7727,3,2,0,0,5,40:00,True,L,22,17,2025020463,20252026,2025-12-08
away,7,BUF,8479312,A. Lyon,34,4/4,0/0,0/0,4/4,1.0,0,0,0,0,0,17:29,False,,4,4,2025020463,20252026,2025-12-08
home,20,CGY,8482445,D. Cooley,1,0/0,0/0,0/0,0/0,,0,0,0,0,0,00:00,False,,0,0,2025020463,20252026,2025-12-08
home,20,CGY,8481692,D. Wolf,32,20/22,5/7,0/0,25/29,0.8621,2,2,0,2,4,60:00,True,W,29,25,2025020463,20252026,2025-12-08
away,17,DET,8476434,J. Gibson,36,34/34,5/5,0/0,39/39,1.0,0,0,0,0,0,60:00,True,W,39,39,2025020464,20252026,2025-12-08
away,17,DET,8475660,C. Talbot,39,0/0,0/0,0/0,0/0,,0,0,0,0,0,00:00,False,,0,0,2025020464,20252026,2025-12-08
home,23,VAN,8480947,K. Lankinen,32,11/14,0/0,0/0,11/14,0.7857,3,0,0,0,3,39:53,True,L,14,11,2025020464,20252026,2025-12-08
home,23,VAN,8484268,N. Tolopilo,60,5/5,1/1,0/0,6/6,1.0,0,0,0,0,0,19:12,False,,6,6,2025020464,20252026,2025-12-08
away,30,MIN,8482661,J. Wallstedt,30,0/0,0/0,0/0,0/0,,0,0,0,0,0,00:00,False,,0,0,2025020465,20252026,2025-12-08
away,30,MIN,8479406,F. Gustavsson,32,21/21,2/3,0/0,23/24,0.9583,0,1,0,0,1,59:59,True,W,24,23,2025020465,20252026,2025-12-08
home,55,SEA,8475831,P. Grubauer,31,16/18,8/8,1/1,25/27,0.9259,2,0,0,0,2,58:42,True,L,27,25,2025020465,20252026,2025-12-08
home,55,SEA,8478916,J. Daccord,35,0/0,0/0,0/0,0/0,,0,0,0,0,0,00:00,False,,0,0,2025020465,20252026,2025-12-08
away,14,TBL,8477992,J. Johansson,31,18/18,6/7,2/2,26/27,0.963,0,1,0,0,1,60:00,True,W,27,26,2025020466,20252026,2025-12-09
away,14,TBL,8477990,B. Halverson,33,0/0,0/0,0/0,0/0,,0,0,0,0,0,00:00,False,,0,0,2025020466,20252026,2025-12-09
home,8,MTL,8478470,S. Montembeault,35,8/10,2/3,0/0,10/13,0.7692,2,1,0,0,3,40:00,False,,13,10,2025020466,20252026,2025-12-09
home,8,MTL,8482487,J. Dobes,75,10/13,0/0,1/1,11/14,0.7857,3,0,0,0,3,19:50,True,L,14,11,2025020466,20252026,2025-12-09
away,1,NJD,8474593,J. Markstrom,25,34/34,1/4,0/0,35/38,0.9211,0,3,0,0,3,59:22,True,W,38,35,2025020467,20252026,2025-12-09
away,1,NJD,8474596,J. Allen,34,0/0,0/0,0/0,0/0,,0,0,0,0,0,00:00,False,,0,0,2025020467,20252026,2025-12-09
home,9,OTT,8482447,L. Meriläinen,1,0/0,0/0,0/0,0/0,,0,0,0,0,0,00:00,False,,0,0,2025020467,20252026,2025-12-09
home,9,OTT,8476999,L. Ullmark,35,21/25,6/6,1/1,28/32,0.875,4,0,0,0,4,57:41,True,L,32,28,2025020467,20252026,2025-12-09
away,54,VGK,8481033,A. Schmid,40,0/0,0/0,0/0,0/0,,0,0,0,0,0,00:00,False,,0,0,2025020468,20252026,2025-12-09
away,54,VGK,8479394,C. Hart,79,20/23,2/3,1/1,23/27,0.8519,3,1,0,0,4,63:48,True,O,27,23,2025020468,20252026,2025-12-09
home,2,NYI,8478009,I. Sorokin,30,24/28,9/9,0/0,33/37,0.8919,4,0,0,2,4,65:00,True,W,37,33,2025020468,20252026,2025-12-09
home,2,NYI,8479496,D. Rittich,33,0/0,0/0,0/0,0/0,,0,0,0,0,0,00:00,False,,0,0,2025020468,20252026,2025-12-09
away,28,SJS,8480528,J. Kowalkoski,1,0/0,0/0,0/0,0/0,,0,0,0,0,0,00:00,False,,0,0,2025020469,20252026,2025-12-09
away,28,SJS,8477968,A. Nedeljkovic,33,21/24,5/5,0/0,26/29,0.8966,3,0,0,0,3,58:06,True,L,29,26,2025020469,20252026,2025-12-09
home,4,PHI,8481035,S. Ersson,33,0/0,0/0,0/0,0/0,,0,0,0,0,0,00:00,False,,0,0,2025020469,20252026,2025-12-09
home,4,PHI,8478435,D. Vladar,80,14/15,2/2,1/1,17/18,0.9444,1,0,0,0,1,60:00,True,W,18,17,2025020469,20252026,2025-12-09
away,24,ANA,8483746,V. Buteyets,32,0/0,0/0,0/0,0/0,,0,0,0,0,0,00:00,False,,0,0,2025020470,20252026,2025-12-09
away,24,ANA,8478024,V. Husso,33,37/39,7/8,0/0,44/47,0.9362,2,1,0,2,3,62:47,True,W,47,44,2025020470,20252026,2025-12-09
home,5,PIT,8477465,T. Jarry,35,0/0,0/0,0/0,0/0,,0,0,0,0,0,00:00,False,,0,0,2025020470,20252026,2025-12-09
home,5,PIT,8481668,A. Silovs,37,22/24,2/2,2/2,26/28,0.9286,2,0,1,0,3,64:48,True,O,28,26,2025020470,20252026,2025-12-09
away,29,CBJ,8482982,J. Greaves,73,23/25,4/5,1/1,28/31,0.9032,2,1,0,0,3,57:23,True,L,31,28,2025020471,20252026,2025-12-09
away,29,CBJ,8478007,E. Merzlikins,90,0/0,0/0,0/0,0/0,,0,0,0,0,0,00:00,False,,0,0,2025020471,20252026,2025-12-09
home,12,CAR,8475883,F. Andersen,31,0/0,0/0,0/0,0/0,,0,0,0,0,0,00:00,False,,0,0,2025020471,20252026,2025-12-09
home,12,CAR,8483548,B. Bussi,32,21/21,2/3,0/0,23/24,0.9583,0,1,0,0,1,60:00,True,W,24,23,2025020471,20252026,2025-12-09
away,6,BOS,8480280,J. Swayman,1,22/23,2/3,0/0,24/26,0.9231,1,1,0,0,2,60:00,True,W,26,24,2025020472,20252026,2025-12-09
away,6,BOS,8476914,J. Korpisalo,70,0/0,0/0,0/0,0/0,,0,0,0,0,0,00:00,False,,0,0,2025020472,20252026,2025-12-09
home,19,STL,8480981,J. Hofer,30,23/27,2/2,1/1,26/30,0.8667,4,0,0,0,4,58:00,True,L,30,26,2025020472,20252026,2025-12-09
home,19,STL,8476412,J. Binnington,50,0/0,0/0,0/0,0/0,,0,0,0,0,0,00:00,False,,0,0,2025020472,20252026,2025-12-09
away,25,DAL,8479193,C. DeSmith,1,21/24,8/8,1/1,30/33,0.9091,3,0,0,0,3,59:47,True,W,33,30,2025020473,20252026,2025-12-09
away,25,DAL,8479979,J. Oettinger,29,0/0,0/0,0/0,0/0,,0,0,0,0,0,00:00,False,,0,0,2025020473,20252026,2025-12-09
home,52,WPG,8477480,E. Comrie,1,12/14,2/4,1/1,15/19,0.7895,2,2,0,0,4,57:52,True,L,19,15,2025020473,20252026,2025-12-09
home,52,WPG,8483711,D. DiVincentiis,50,0/0,0/0,0/0,0/0,,0,0,0,0,0,00:00,False,,0,0,2025020473,20252026,2025-12-09
away,7,BUF,8479312,A. Lyon,34,14/17,6/6,1/1,21/24,0.875,3,0,0,0,3,41:32,False,W,24,21,2025020474,20252026,2025-12-09
away,7,BUF,8481551,C. Ellis,92,6/6,0/0,0/0,6/6,1.0,0,0,0,0,0,19:01,True,,6,6,2025020474,20252026,2025-12-09
home,22,EDM,8475717,C. Pickard,30,0/0,0/0,0/0,0/0,,0,0,0,0,0,00:00,False,,0,0,2025020474,20252026,2025-12-09
home,22,EDM,8479973,S. Skinner,74,15/17,9/11,0/0,24/28,0.8571,2,2,0,0,4,59:22,True,O,28,24,2025020474,20252026,2025-12-09
away,21,COL,8478406,M. Blackwood,39,0/0,0/0,0/0,0/0,,0,0,0,0,0,00:01,False,,0,0,2025020475,20252026,2025-12-09
away,21,COL,8475809,S. Wedgewood,41,25/27,3/4,0/0,28/31,0.9032,2,1,0,0,3,62:20,True,O,31,28,2025020475,20252026,2025-12-09
home,18,NSH,8481020,J. Annunen,29,0/0,0/0,0/0,0/0,,0,0,0,0,0,00:00,False,,0,0,2025020475,20252026,2025-12-09
home,18,NSH,8477424,J. Saros,74,33/35,6/7,0/0,39/42,0.9286,2,1,0,0,3,64:52,True,W,42,39,2025020475,20252026,2025-12-09
away,3,NYR,8478048,I. Shesterkin,31,20/22,2/2,0/1,22/25,0.88,2,0,1,0,3,60:00,True,L,25,22,2025020476,20252026,2025-12-10
away,3,NYR,8471734,J. Quick,32,0/0,0/0,0/0,0/0,,0,0,0,0,0,00:00,False,,0,0,2025020476,20252026,2025-12-10
home,16,CHI,8481519,S. Knight,30,19/19,1/1,1/1,21/21,1.0,0,0,0,0,0,59:58,True,W,21,21,2025020476,20252026,2025-12-10
home,16,CHI,8482821,A. Soderblom,40,0/0,0/0,0/0,0/0,,0,0,0,0,0,00:00,False,,0,0,2025020476,20252026,2025-12-10
away,17,DET,8476434,J. Gibson,36,30/32,3/3,1/2,34/37,0.9189,2,0,1,2,3,60:00,True,W,37,34,2025020477,20252026,2025-12-10
away,17,DET,8475660,C. Talbot,39,0/0,0/0,0/0,0/0,,0,0,0,0,0,00:00,False,,0,0,2025020477,20252026,2025-12-10
home,20,CGY,8482445,D. Cooley,1,25/29,0/0,0/0,25/29,0.8621,4,0,0,0,4,58:11,True,L,29,25,2025020477,20252026,2025-12-10
home,20,CGY,8481692,D. Wolf,32,0/0,0/0,0/0,0/0,,0,0,0,0,0,00:00,False,,0,0,2025020477,20252026,2025-12-10
away,13,FLA,8480193,D. Tarasov,40,0/0,0/0,0/0,0/0,,0,0,0,0,0,00:00,False,,0,0,2025020478,20252026,2025-12-10
away,13,FLA,8475683,S. Bobrovsky,72,22/25,5/5,0/0,27/30,0.9,3,0,0,0,3,60:00,True,W,30,27,2025020478,20252026,2025-12-10
home,68,UTA,8477970,V. Vanecek,41,0/0,0/0,0/0,0/0,,0,0,0,0,0,00:00,False,,0,0,2025020478,20252026,2025-12-10
home,68,UTA,8478872,K. Vejmelka,70,21/25,8/8,3/3,32/36,0.8889,4,0,0,0,4,59:24,True,L,36,32,2025020478,20252026,2025-12-10
away,26,LAK,8476341,A. Forsberg,31,21/21,9/12,0/0,30/33,0.9091,0,3,0,2,3,60:48,True,O,33,30,2025020479,20252026,2025-12-10
away,26,LAK,8475311,D. Kuemper,35,0/0,0/0,0/0,0/0,,0,0,0,0,0,00:00,False,,0,0,2025020479,20252026,2025-12-10
home,55,SEA,8475831,P. Grubauer,31,0/0,0/0,0/0,0/0,,0,0,0,0,0,00:00,False,,0,0,2025020479,20252026,2025-12-10
home,55,SEA,8478916,J. Daccord,35,17/17,7/8,0/1,24/26,0.9231,0,1,1,0,2,59:50,True,W,26,24,2025020479,20252026,2025-12-10
away,28,SJS,8482137,Y. Askarov,30,0/0,0/0,0/0,0/0,,0,0,0,0,0,00:00,False,,0,0,2025020480,20252026,2025-12-11
away,28,SJS,8477968,A. Nedeljkovic,33,22/23,6/7,0/0,28/30,0.9333,1,1,0,0,2,62:00,True,W,30,28,2025020480,20252026,2025-12-11
home,10,TOR,8483710,D. Hildeby,35,26/29,3/3,0/0,29/32,0.9062,3,0,0,0,3,62:49,True,O,32,29,2025020480,20252026,2025-12-11
home,10,TOR,8482515,A. Akhtyamov,70,0/0,0/0,0/0,0/0,,0,0,0,0,0,00:00,False,,0,0,2025020480,20252026,2025-12-11
away,14,TBL,8477992,J. Johansson,31,28/31,5/6,0/0,33/37,0.8919,3,1,0,0,4,59:22,True,W,37,33,2025020481,20252026,2025-12-11
away,14,TBL,8477990,B. Halverson,33,0/0,0/0,0/0,0/0,,0,0,0,0,0,00:00,False,,0,0,2025020481,20252026,2025-12-11
home,1,NJD,8474593,J. Markstrom,25,4/7,0/0,0/0,4/7,0.5714,3,0,0,0,3,07:56,True,,7,4,2025020481,20252026,2025-12-11
home,1,NJD,8474596,J. Allen,34,20/23,3/5,0/0,23/28,0.8214,3,2,0,0,5,52:02,False,L,28,23,2025020481,20252026,2025-12-11
away,24,ANA,8483746,V. Buteyets,32,0/0,0/0,0/0,0/0,,0,0,0,0,0,00:00,False,,0,0,2025020482,20252026,2025-12-11
away,24,ANA,8478024,V. Husso,33,27/30,5/7,0/0,32/37,0.8649,3,2,0,0,5,56:30,True,L,37,32,2025020482,20252026,2025-12-11
home,2,NYI,8478009,I. Sorokin,30,0/0,0/0,0/0,0/0,,0,0,0,0,0,00:00,False,,0,0,2025020482,20252026,2025-12-11
home,2,NYI,8479496,D. Rittich,33,30/31,0/0,1/2,31/33,0.9394,1,0,1,0,2,60:00,True,W,33,31,2025020482,20252026,2025-12-11
away,54,VGK,8481033,A. Schmid,40,15/17,1/1,1/1,17/19,0.8947,2,0,0,0,2,62:47,True,W,19,17,2025020483,20252026,2025-12-11
away,54,VGK,8479394,C. Hart,79,0/0,0/0,0/0,0/0,,0,0,0,0,0,00:00,False,,0,0,2025020483,20252026,2025-12-11
home,4,PHI,8481035,S. Ersson,33,0/0,0/0,0/0,0/0,,0,0,0,0,0,00:00,False,,0,0,2025020483,20252026,2025-12-11
home,4,PHI,8478435,D. Vladar,80,17/19,2/3,0/0,19/22,0.8636,2,1,0,0,3,62:44,True,O,22,19,2025020483,20252026,2025-12-11
away,8,MTL,8484170,J. Fowler,32,21/22,15/16,0/0,36/38,0.9474,1,1,0,0,2,59:51,True,W,38,36,2025020484,20252026,2025-12-11
away,8,MTL,8478470,S. Montembeault,35,0/0,0/0,0/0,0/0,,0,0,0,0,0,00:00,False,,0,0,2025020484,20252026,2025-12-11
home,5,PIT,8477465,T. Jarry,35,24/27,1/2,0/0,25/29,0.8621,3,1,0,0,4,56:00,True,L,29,25,2025020484,20252026,2025-12-11
home,5,PIT,8481668,A. Silovs,37,0/0,0/0,0/0,0/0,,0,0,0,0,0,00:00,False,,0,0,2025020484,20252026,2025-12-11
away,12,CAR,8483548,B. Bussi,32,21/23,2/2,0/0,23/25,0.92,2,0,0,0,2,64:56,True,W,25,23,2025020485,20252026,2025-12-11
away,12,CAR,8481611,P. Kochetkov,52,0/0,0/0,0/0,0/0,,0,0,0,0,0,00:00,False,,0,0,2025020485,20252026,2025-12-11
home,15,WSH,8480313,L. Thompson,48,33/35,4/4,0/0,37/39,0.9487,2,0,0,0,2,65:00,True,O,39,37,2025020485,20252026,2025-12-11
home,15,WSH,8482188,G. Bjorklund,68,0/0,0/0,0/0,0/0,,0,0,0,0,0,00:00,False,,0,0,2025020485,20252026,2025-12-11
away,9,OTT,8482447,L. Meriläinen,1,0/0,0/0,0/0,0/0,,0,0,0,0,0,00:00,False,,0,0,2025020486,20252026,2025-12-11
away,9,OTT,8476999,L. Ullmark,35,22/24,0/1,2/2,24/27,0.8889,2,1,0,0,3,60:00,True,W,27,24,2025020486,20252026,2025-12-11
home,29,CBJ,8482982,J. Greaves,73,21/23,0/0,0/0,21/23,0.913,2,0,0,0,2,43:18,False,L,23,21,2025020486,20252026,2025-12-11
home,29,CBJ,8478007,E. Merzlikins,90,2/4,0/1,0/0,2/5,0.4,2,1,0,0,3,14:55,True,,5,2,2025020486,20252026,2025-12-11
away,19,STL,8480981,J. Hofer,30,3/3,2/3,1/1,6/7,0.8571,0,1,0,0,1,20:00,False,,7,6,2025020487,20252026,2025-12-11
away,19,STL,8476412,J. Binnington,50,15/21,4/4,0/0,19/25,0.76,6,0,0,0,6,40:00,True,L,25,19,2025020487,20252026,2025-12-11
home,18,NSH,8481020,J. Annunen,29,0/0,0/0,0/0,0/0,,0,0,0,0,0,00:00,False,,0,0,2025020487,20252026,2025-12-11
home,18,NSH,8477424,J. Saros,74,16/18,5/5,3/3,24/26,0.9231,2,0,0,0,2,58:46,True,W,26,24,2025020487,20252026,2025-12-11
away,25,DAL,8479193,C. DeSmith,1,0/0,0/0,0/0,0/0,,0,0,0,0,0,00:00,False,,0,0,2025020488,20252026,2025-12-11
away,25,DAL,8479979,J. Oettinger,29,24/27,3/3,0/0,27/30,0.9,3,0,0,0,3,58:40,True,L,30,27,2025020488,20252026,2025-12-11
home,30,MIN,8482661,J. Wallstedt,30,0/0,0/0,0/0,0/0,,0,0,0,0,0,00:00,False,,0,0,2025020488,20252026,2025-12-11
home,30,MIN,8479406,F. Gustavsson,32,15/15,0/1,1/2,16/18,0.8889,0,1,1,0,2,60:00,True,W,18,16,2025020488,20252026,2025-12-11
away,6,BOS,8480280,J. Swayman,1,0/0,0/0,0/0,0/0,,0,0,0,0,0,00:00,False,,0,0,2025020489,20252026,2025-12-11
away,6,BOS,8476914,J. Korpisalo,70,20/22,4/5,2/2,26/29,0.8966,2,1,0,0,3,60:00,True,W,29,26,2025020489,20252026,2025-12-11
home,52,WPG,8477480,E. Comrie,1,16/19,1/3,1/1,18/23,0.7826,3,2,0,0,5,58:34,True,L,23,18,2025020489,20252026,2025-12-11
home,52,WPG,8483711,D. DiVincentiis,50,0/0,0/0,0/0,0/0,,0,0,0,0,0,00:00,False,,0,0,2025020489,20252026,2025-12-11
away,13,FLA,8480193,D. Tarasov,40,35/41,1/1,0/0,36/42,0.8571,6,0,0,0,6,59:56,True,L,42,36,2025020490,20252026,2025-12-11
away,13,FLA,8475683,S. Bobrovsky,72,0/0,0/0,0/0,0/0,,0,0,0,0,0,00:00,False,,0,0,2025020490,20252026,2025-12-11
home,21,COL,8478406,M. Blackwood,39,19/21,3/3,1/1,23/25,0.92,2,0,0,0,2,60:00,True,W,25,23,2025020490,20252026,2025-12-11
home,21,COL,8475809,S. Wedgewood,41,0/0,0/0,0/0,0/0,,0,0,0,0,0,00:00,False,,0,0,2025020490,20252026,2025-12-11
away,17,DET,8476434,J. Gibson,36,0/0,0/0,0/0,0/0,,0,0,0,0,0,00:00,False,,0,0,2025020491,20252026,2025-12-11
away,17,DET,8475660,C. Talbot,39,24/26,1/2,0/0,25/28,0.8929,2,1,0,0,3,58:17,True,L,28,25,2025020491,20252026,2025-12-11
home,22,EDM,8475717,C. Pickard,30,0/0,0/0,0/0,0/0,,0,0,0,0,0,00:00,False,,0,0,2025020491,20252026,2025-12-11
home,22,EDM,8479973,S. Skinner,74,23/24,4/4,0/0,27/28,0.9643,1,0,0,0,1,60:00,True,W,28,27,2025020491,20252026,2025-12-11
away,7,BUF,8480045,U. Luukkonen,1,0/0,0/0,0/0,0/0,,0,0,0,0,0,00:00,False,,0,0,2025020492,20252026,2025-12-11
away,7,BUF,8479312,A. Lyon,34,28/29,1/2,1/1,30/32,0.9375,1,1,0,0,2,59:56,True,W,32,30,2025020492,20252026,2025-12-11
home,23,VAN,8480947,K. Lankinen,32,0/0,0/0,0/0,0/0,,0,0,0,0,0,00:00,False,,0,0,2025020492,20252026,2025-12-11
home,23,VAN,8477967,T. Demko,35,12/14,0/1,0/0,12/15,0.8,2,1,0,0,3,57:54,True,L,15,12,2025020492,20252026,2025-12-11
away,16,CHI,8481519,S. Knight,30,21/24,2/2,0/0,23/26,0.8846,3,0,0,0,3,58:00,True,L,26,23,2025020493,20252026,2025-12-12
away,16,CHI,8482821,A. Soderblom,40,0/0,0/0,0/0,0/0,,0,0,0,0,0,00:00,False,,0,0,2025020493,20252026,2025-12-12
home,19,STL,8480981,J. Hofer,30,27/29,0/0,0/0,27/29,0.931,2,0,0,0,2,59:54,True,W,29,27,2025020493,20252026,2025-12-12
home,19,STL,8476412,J. Binnington,50,0/0,0/0,0/0,0/0,,0,0,0,0,0,00:00,False,,0,0,2025020493,20252026,2025-12-12
away,55,SEA,8475831,P. Grubauer,31,26/28,2/3,0/0,28/31,0.9032,2,1,0,0,3,58:28,True,L,31,28,2025020494,20252026,2025-12-12
away,55,SEA,8478916,J. Daccord,35,0/0,0/0,0/0,0/0,,0,0,0,0,0,00:00,False,,0,0,2025020494,20252026,2025-12-12
home,68,UTA,8477970,V. Vanecek,41,0/0,0/0,0/0,0/0,,0,0,0,0,0,00:00,False,,0,0,2025020494,20252026,2025-12-12
home,68,UTA,8478872,K. Vejmelka,70,27/30,7/7,0/0,34/37,0.9189,3,0,0,0,3,59:42,True,W,37,34,2025020494,20252026,2025-12-12
away,24,ANA,8480843,L. Dostal,1,13/16,4/4,1/1,18/21,0.8571,3,0,0,0,3,57:50,True,L,21,18,2025020495,20252026,2025-12-13
away,24,ANA,8478024,V. Husso,33,0/0,0/0,0/0,0/0,,0,0,0,0,0,00:00,False,,0,0,2025020495,20252026,2025-12-13
home,1,NJD,8474593,J. Markstrom,25,0/0,0/0,0/0,0/0,,0,0,0,0,0,00:00,False,,0,0,2025020495,20252026,2025-12-13
home,1,NJD,8474596,J. Allen,34,26/27,4/4,0/0,30/31,0.9677,1,0,0,0,1,60:00,True,W,31,30,2025020495,20252026,2025-12-13
away,9,OTT,8482447,L. Meriläinen,1,18/20,4/5,0/0,22/25,0.88,2,1,0,0,3,58:59,True,L,25,22,2025020496,20252026,2025-12-13
away,9,OTT,8476999,L. Ullmark,35,0/0,0/0,0/0,0/0,,0,0,0,0,0,00:00,False,,0,0,2025020496,20252026,2025-12-13
home,30,MIN,8482661,J. Wallstedt,30,25/25,8/10,1/1,34/36,0.9444,0,2,0,0,2,60:00,True,W,36,34,2025020496,20252026,2025-12-13
home,30,MIN,8479406,F. Gustavsson,32,0/0,0/0,0/0,0/0,,0,0,0,0,0,00:00,False,,0,0,2025020496,20252026,2025-12-13
away,28,SJS,8482137,Y. Askarov,30,29/31,7/10,2/2,38/43,0.8837,2,3,0,0,5,61:11,True,W,43,38,2025020497,20252026,2025-12-13
away,28,SJS,8477968,A. Nedeljkovic,33,0/0,0/0,0/0,0/0,,0,0,0,0,0,00:00,False,,0,0,2025020497,20252026,2025-12-13
home,5,PIT,8483703,S. Murashov,1,0/0,0/0,0/0,0/0,,0,0,0,0,0,00:00,False,,0,0,2025020497,20252026,2025-12-13
home,5,PIT,8481668,A. Silovs,37,22/27,3/4,0/0,25/31,0.8065,5,1,0,0,6,62:44,True,O,31,25,2025020497,20252026,2025-12-13
away,14,TBL,8477992,J. Johansson,31,15/16,0/1,0/0,15/17,0.8824,1,1,0,0,2,64:54,True,O,17,15,2025020498,20252026,2025-12-13
away,14,TBL,8477990,B. Halverson,33,0/0,0/0,0/0,0/0,,0,0,0,0,0,00:06,False,,0,0,2025020498,20252026,2025-12-13
home,2,NYI,8478009,I. Sorokin,30,23/24,8/9,1/1,32/34,0.9412,1,1,0,0,2,65:00,True,W,34,32,2025020498,20252026,2025-12-13
home,2,NYI,8479496,D. Rittich,33,0/0,0/0,0/0,0/0,,0,0,0,0,0,00:00,False,,0,0,2025020498,20252026,2025-12-13
away,22,EDM,8475717,C. Pickard,30,0/0,0/0,0/0,0/0,,0,0,0,0,0,00:00,False,,0,0,2025020499,20252026,2025-12-13
away,22,EDM,8477465,T. Jarry,35,20/23,3/3,2/2,25/28,0.8929,3,0,0,0,3,60:00,True,W,28,25,2025020499,20252026,2025-12-13
home,10,TOR,8483710,D. Hildeby,35,20/25,7/7,0/0,27/32,0.8438,6,0,0,0,6,49:28,True,L,32,27,2025020499,20252026,2025-12-13
home,10,TOR,8482515,A. Akhtyamov,70,5/5,0/0,0/0,5/5,1.0,0,0,0,0,0,10:32,False,,5,5,2025020499,20252026,2025-12-13
away,8,MTL,8484170,J. Fowler,32,20/23,4/6,0/0,24/29,0.8276,3,2,0,0,5,62:56,True,O,29,24,2025020500,20252026,2025-12-13
away,8,MTL,8478470,S. Montembeault,35,0/0,0/0,0/0,0/0,,0,0,0,0,0,00:00,False,,0,0,2025020500,20252026,2025-12-13
home,3,NYR,8478048,I. Shesterkin,31,13/17,1/1,0/0,14/18,0.7778,4,0,0,0,4,62:05,True,W,18,14,2025020500,20252026,2025-12-13
home,3,NYR,8471734,J. Quick,32,0/0,0/0,0/0,0/0,,0,0,0,0,0,00:00,False,,0,0,2025020500,20252026,2025-12-13
away,12,CAR,8475883,F. Andersen,31,0/0,0/0,0/0,0/0,,0,0,0,0,0,00:00,False,,0,0,2025020501,20252026,2025-12-13
away,12,CAR,8481611,P. Kochetkov,52,11/14,0/0,4/4,15/18,0.8333,3,0,0,0,3,64:57,True,W,18,15,2025020501,20252026,2025-12-13
home,4,PHI,8481035,S. Ersson,33,15/18,3/3,0/0,18/21,0.8571,3,0,0,0,3,65:00,True,O,21,18,2025020501,20252026,2025-12-13
home,4,PHI,8478435,D. Vladar,80,0/0,0/0,0/0,0/0,,0,0,0,0,0,00:00,False,,0,0,2025020501,20252026,2025-12-13
away,54,VGK,8481033,A. Schmid,40,0/0,0/0,0/0,0/0,,0,0,0,0,0,00:00,False,,0,0,2025020502,20252026,2025-12-13
away,54,VGK,8479394,C. Hart,79,24/26,4/4,0/0,28/30,0.9333,2,0,0,0,2,60:00,True,W,30,28,2025020502,20252026,2025-12-13
home,29,CBJ,8482982,J. Greaves,73,20/22,3/4,0/0,23/26,0.8846,2,1,0,0,3,58:52,True,L,26,23,2025020502,20252026,2025-12-13
home,29,CBJ,8478007,E. Merzlikins,90,0/0,0/0,0/0,0/0,,0,0,0,0,0,00:00,False,,0,0,2025020502,20252026,2025-12-13
away,15,WSH,8480313,L. Thompson,48,21/25,6/7,3/3,30/35,0.8571,4,1,0,0,5,59:53,True,L,35,30,2025020503,20252026,2025-12-13
away,15,WSH,8479292,C. Lindgren,79,0/0,0/0,0/0,0/0,,0,0,0,0,0,00:00,False,,0,0,2025020503,20252026,2025-12-13
home,52,WPG,8477480,E. Comrie,1,0/0,0/0,0/0,0/0,,0,0,0,0,0,00:00,False,,0,0,2025020503,20252026,2025-12-13
home,52,WPG,8476945,C. Hellebuyck,37,17/17,6/7,1/1,24/25,0.96,0,1,0,0,1,60:00,True,W,25,24,2025020503,20252026,2025-12-13
away,17,DET,8476434,J. Gibson,36,22/22,3/3,1/1,26/26,1.0,0,0,0,0,0,59:48,True,W,26,26,2025020504,20252026,2025-12-13
away,17,DET,8475660,C. Talbot,39,0/0,0/0,0/0,0/0,,0,0,0,0,0,00:00,False,,0,0,2025020504,20252026,2025-12-13
home,16,CHI,8481519,S. Knight,30,0/0,0/0,0/0,0/0,,0,0,0,0,0,00:00,False,,0,0,2025020504,20252026,2025-12-13
home,16,CHI,8482821,A. Soderblom,40,16/19,3/3,1/1,20/23,0.8696,3,0,0,0,3,58:37,True,L,23,20,2025020504,20252026,2025-12-13
away,13,FLA,8480193,D. Tarasov,40,0/0,0/0,0/0,0/0,,0,0,0,0,0,00:00,False,,0,0,2025020505,20252026,2025-12-13
away,13,FLA,8475683,S. Bobrovsky,72,14/14,1/1,0/0,15/15,1.0,0,0,0,0,0,60:00,True,W,15,15,2025020505,20252026,2025-12-13
home,25,DAL,8479193,C. DeSmith,1,0/0,0/0,0/0,0/0,,0,0,0,0,0,00:00,False,,0,0,2025020505,20252026,2025-12-13
home,25,DAL,8479979,J. Oettinger,29,13/15,3/4,3/3,19/22,0.8636,2,1,0,0,3,56:59,True,L,22,19,2025020505,20252026,2025-12-13
away,18,NSH,8481020,J. Annunen,29,27/30,9/9,1/1,37/40,0.925,3,0,0,0,3,59:02,True,L,40,37,2025020506,20252026,2025-12-13
away,18,NSH,8477424,J. Saros,74,0/0,0/0,0/0,0/0,,0,0,0,0,0,00:00,False,,0,0,2025020506,20252026,2025-12-13
home,21,COL,8478406,M. Blackwood,39,0/0,0/0,0/0,0/0,,0,0,0,0,0,00:00,False,,0,0,2025020506,20252026,2025-12-13
home,21,COL,8475809,S. Wedgewood,41,22/23,5/6,0/0,27/29,0.931,1,1,0,0,2,59:15,True,W,29,27,2025020506,20252026,2025-12-13
away,20,CGY,8482445,D. Cooley,1,0/0,0/0,0/0,0/0,,0,0,0,0,0,00:00,False,,0,0,2025020507,20252026,2025-12-13
away,20,CGY,8481692,D. Wolf,32,14/15,4/4,3/3,21/22,0.9545,1,0,0,0,1,61:06,True,W,22,21,2025020507,20252026,2025-12-13
home,26,LAK,8476341,A. Forsberg,31,0/0,0/0,0/0,0/0,,0,0,0,0,0,00:00,False,,0,0,2025020507,20252026,2025-12-13
home,26,LAK,8475311,D. Kuemper,35,28/29,8/8,0/1,36/38,0.9474,1,0,1,0,2,61:06,True,O,38,36,2025020507,20252026,2025-12-13
away,23,VAN,8480947,K. Lankinen,32,0/0,0/0,0/0,0/0,,0,0,0,0,0,00:00,False,,0,0,2025020508,20252026,2025-12-14
away,23,VAN,8477967,T. Demko,35,21/22,4/4,0/0,25/26,0.9615,1,0,0,0,1,60:00,True,W,26,25,2025020508,20252026,2025-12-14
home,1,NJD,8474593,J. Markstrom,25,10/10,3/5,0/0,13/15,0.8667,0,2,0,0,2,57:52,True,L,15,13,2025020508,20252026,2025-12-14
home,1,NJD,8474596,J. Allen,34,0/0,0/0,0/0,0/0,,0,0,0,0,0,00:00,False,,0,0,2025020508,20252026,2025-12-14
away,68,UTA,8477970,V. Vanecek,41,0/0,0/0,0/0,0/0,,0,0,0,0,0,00:00,False,,0,0,2025020509,20252026,2025-12-14
away,68,UTA,8478872,K. Vejmelka,70,10/14,1/1,1/1,12/16,0.75,4,0,0,0,4,60:16,True,W,16,12,2025020509,20252026,2025-12-14
home,5,PIT,8483703,S. Murashov,1,21/25,10/11,0/0,31/36,0.8611,4,1,0,0,5,60:06,True,O,36,31,2025020509,20252026,2025-12-14
home,5,PIT,8481668,A. Silovs,37,0/0,0/0,0/0,0/0,,0,0,0,0,0,00:00,False,,0,0,2025020509,20252026,2025-12-14
away,4,PHI,8481035,S. Ersson,33,0/0,0/0,0/0,0/0,,0,0,0,0,0,00:00,False,,0,0,2025020510,20252026,2025-12-14
away,4,PHI,8478435,D. Vladar,80,26/27,4/5,0/0,30/32,0.9375,1,1,0,0,2,63:45,True,O,32,30,2025020510,20252026,2025-12-14
home,12,CAR,8475883,F. Andersen,31,0/0,0/0,0/0,0/0,,0,0,0,0,0,00:00,False,,0,0,2025020510,20252026,2025-12-14
home,12,CAR,8483548,B. Bussi,32,17/19,3/3,4/4,24/26,0.9231,2,0,0,0,2,65:00,True,W,26,24,2025020510,20252026,2025-12-14
away,6,BOS,8480280,J. Swayman,1,21/25,4/6,0/0,25/31,0.8065,4,2,0,0,6,60:00,True,L,31,25,2025020511,20252026,2025-12-14
away,6,BOS,8476914,J. Korpisalo,70,0/0,0/0,0/0,0/0,,0,0,0,0,0,00:00,False,,0,0,2025020511,20252026,2025-12-14
home,30,MIN,8482661,J. Wallstedt,30,0/0,0/0,0/0,0/0,,0,0,0,0,0,00:00,False,,0,0,2025020511,20252026,2025-12-14
home,30,MIN,8479406,F. Gustavsson,32,26/28,3/3,0/0,29/31,0.9355,2,0,0,0,2,59:54,True,W,31,29,2025020511,20252026,2025-12-14
away,22,EDM,8475717,C. Pickard,30,18/20,4/6,1/1,23/27,0.8519,2,2,0,0,4,55:37,True,L,27,23,2025020512,20252026,2025-12-14
away,22,EDM,8477465,T. Jarry,35,0/0,0/0,0/0,0/0,,0,0,0,0,0,00:00,False,,0,0,2025020512,20252026,2025-12-14
home,8,MTL,8478470,S. Montembeault,35,0/0,0/0,0/0,0/0,,0,0,0,0,0,00:00,False,,0,0,2025020512,20252026,2025-12-14
home,8,MTL,8482487,J. Dobes,75,19/19,8/9,0/0,27/28,0.9643,0,1,0,0,1,59:33,True,W,28,27,2025020512,20252026,2025-12-14
away,7,BUF,8480045,U. Luukkonen,1,0/0,0/0,0/0,0/0,,0,0,0,0,0,00:00,False,,0,0,2025020513,20252026,2025-12-14
away,7,BUF,8479312,A. Lyon,34,20/20,2/3,1/1,23/24,0.9583,0,1,0,0,1,60:00,True,W,24,23,2025020513,20252026,2025-12-14
home,55,SEA,8475831,P. Grubauer,31,0/0,0/0,0/0,0/0,,0,0,0,0,0,00:00,False,,0,0,2025020513,20252026,2025-12-14
home,55,SEA,8478916,J. Daccord,35,16/18,3/3,1/1,20/22,0.9091,2,0,0,0,2,59:32,True,L,22,20,2025020513,20252026,2025-12-14
away,13,FLA,8480193,D. Tarasov,40,0/0,0/0,0/0,0/0,,0,0,0,0,0,00:00,False,,0,0,2025020514,20252026,2025-12-15
away,13,FLA,8475683,S. Bobrovsky,72,20/22,6/6,0/0,26/28,0.9286,2,0,0,0,2,60:00,True,W,28,26,2025020514,20252026,2025-12-15
home,14,TBL,8477992,J. Johansson,31,11/14,8/9,0/1,19/24,0.7917,3,1,1,0,5,59:56,True,L,24,19,2025020514,20252026,2025-12-15
home,14,TBL,8477990,B. Halverson,33,0/0,0/0,0/0,0/0,,0,0,0,0,0,00:00,False,,0,0,2025020514,20252026,2025-12-15
away,24,ANA,8480843,L. Dostal,1,16/17,10/10,0/0,26/27,0.963,1,0,0,0,1,59:48,True,W,27,26,2025020515,20252026,2025-12-15
away,24,ANA,8478024,V. Husso,33,0/0,0/0,0/0,0/0,,0,0,0,0,0,00:00,False,,0,0,2025020515,20252026,2025-12-15
home,3,NYR,8478048,I. Shesterkin,31,14/15,3/4,5/6,22/25,0.88,1,1,1,0,3,59:13,True,L,25,22,2025020515,20252026,2025-12-15
home,3,NYR,8471734,J. Quick,32,0/0,0/0,0/0,0/0,,0,0,0,0,0,00:00,False,,0,0,2025020515,20252026,2025-12-15
away,9,OTT,8482447,L. Meriläinen,1,0/0,0/0,0/0,0/0,,0,0,0,0,0,00:00,False,,0,0,2025020516,20252026,2025-12-15
away,9,OTT,8476999,L. Ullmark,35,21/23,1/1,1/1,23/25,0.92,2,0,0,0,2,61:28,True,W,25,23,2025020516,20252026,2025-12-15
home,52,WPG,8477480,E. Comrie,1,0/0,0/0,0/0,0/0,,0,0,0,0,0,00:00,False,,0,0,2025020516,20252026,2025-12-15
home,52,WPG,8476945,C. Hellebuyck,37,23/26,3/3,2/2,28/31,0.9032,3,0,0,0,3,62:11,True,O,31,28,2025020516,20252026,2025-12-15
away,18,NSH,8481020,J. Annunen,29,0/0,0/0,0/0,0/0,,0,0,0,0,0,00:00,False,,0,0,2025020517,20252026,2025-12-15
away,18,NSH,8477424,J. Saros,74,14/15,2/3,4/4,20/22,0.9091,1,1,0,2,2,60:00,True,W,22,20,2025020517,20252026,2025-12-15
home,19,STL,8480981,J. Hofer,30,16/19,5/6,0/0,21/25,0.84,3,1,0,0,4,59:39,True,L,25,21,2025020517,20252026,2025-12-15
home,19,STL,8476412,J. Binnington,50,0/0,0/0,0/0,0/0,,0,0,0,0,0,00:00,False,,0,0,2025020517,20252026,2025-12-15
away,26,LAK,8476341,A. Forsberg,31,15/18,1/1,1/1,17/20,0.85,3,0,0,0,3,42:40,False,L,20,17,2025020518,20252026,2025-12-15
away,26,LAK,8475311,D. Kuemper,35,5/5,0/0,0/0,5/5,1.0,0,0,0,0,0,16:00,True,,5,5,2025020518,20252026,2025-12-15
home,25,DAL,8479193,C. DeSmith,1,21/21,5/6,1/1,27/28,0.9643,0,1,0,0,1,59:42,True,W,28,27,2025020518,20252026,2025-12-15
home,25,DAL,8479979,J. Oettinger,29,0/0,0/0,0/0,0/0,,0,0,0,0,0,00:00,False,,0,0,2025020518,20252026,2025-12-15
away,68,UTA,8477970,V. Vanecek,41,17/20,2/3,0/0,19/23,0.8261,3,1,0,0,4,60:00,True,L,23,19,2025020519,20252026,2025-12-16
away,68,UTA,8478872,K. Vejmelka,70,0/0,0/0,0/0,0/0,,0,0,0,0,0,00:00,False,,0,0,2025020519,20252026,2025-12-16
home,6,BOS,8480280,J. Swayman,1,16/16,4/5,0/0,20/21,0.9524,0,1,0,0,1,58:54,True,W,21,20,2025020519,20252026,2025-12-16
home,6,BOS,8476914,J. Korpisalo,70,0/0,0/0,0/0,0/0,,0,0,0,0,0,00:00,False,,0,0,2025020519,20252026,2025-12-16
away,16,CHI,8481519,S. Knight,30,18/20,5/6,1/1,24/27,0.8889,2,1,0,0,3,58:59,True,L,27,24,2025020520,20252026,2025-12-16
away,16,CHI,8482821,A. Soderblom,40,0/0,0/0,0/0,0/0,,0,0,0,0,0,00:00,False,,0,0,2025020520,20252026,2025-12-16
home,10,TOR,8483710,D. Hildeby,35,0/0,0/0,0/0,0/0,,0,0,0,0,0,00:00,False,,0,0,2025020520,20252026,2025-12-16
home,10,TOR,8479361,J. Woll,60,21/22,1/1,1/2,23/25,0.92,1,0,1,0,2,60:00,True,W,25,23,2025020520,20252026,2025-12-16
away,4,PHI,8481035,S. Ersson,33,0/0,0/0,0/0,0/0,,0,0,0,0,0,00:00,False,,0,0,2025020521,20252026,2025-12-16
away,4,PHI,8478435,D. Vladar,80,19/20,1/1,1/1,21/22,0.9545,1,0,0,0,1,60:00,True,W,22,21,2025020521,20252026,2025-12-16
home,8,MTL,8484170,J. Fowler,32,12/15,5/5,0/0,17/20,0.85,3,0,0,0,3,58:09,True,L,20,17,2025020521,20252026,2025-12-16
home,8,MTL,8482487,J. Dobes,75,0/0,0/0,0/0,0/0,,0,0,0,0,0,00:00,False,,0,0,2025020521,20252026,2025-12-16
away,2,NYI,8478009,I. Sorokin,30,18/19,0/2,0/0,18/21,0.8571,1,2,0,0,3,58:06,True,L,21,18,2025020522,20252026,2025-12-16
away,2,NYI,8479496,D. Rittich,33,0/0,0/0,0/0,0/0,,0,0,0,0,0,00:00,False,,0,0,2025020522,20252026,2025-12-16
home,17,DET,8476434,J. Gibson,36,15/17,1/1,0/0,16/18,0.8889,2,0,0,0,2,60:00,True,W,18,16,2025020522,20252026,2025-12-16
home,17,DET,8475660,C. Talbot,39,0/0,0/0,0/0,0/0,,0,0,0,0,0,00:00,False,,0,0,2025020522,20252026,2025-12-16
away,23,VAN,8480947,K. Lankinen,32,0/0,0/0,0/0,0/0,,0,0,0,0,0,00:00,False,,0,0,2025020523,20252026,2025-12-16
away,23,VAN,8477967,T. Demko,35,17/17,6/6,0/0,23/23,1.0,0,0,0,0,0,59:51,True,W,23,23,2025020523,20252026,2025-12-16
home,3,NYR,8478048,I. Shesterkin,31,0/0,0/0,0/0,0/0,,0,0,0,0,0,00:00,False,,0,0,2025020523,20252026,2025-12-16
home,3,NYR,8471734,J. Quick,32,13/15,1/1,0/0,14/16,0.875,2,0,0,0,2,58:26,True,L,16,14,2025020523,20252026,2025-12-16
away,22,EDM,8475717,C. Pickard,30,0/0,0/0,0/0,0/0,,0,0,0,0,0,00:00,False,,0,0,2025020524,20252026,2025-12-16
away,22,EDM,8477465,T. Jarry,35,19/22,7/8,0/0,26/30,0.8667,3,1,0,0,4,59:55,True,W,30,26,2025020524,20252026,2025-12-16
home,5,PIT,8481668,A. Silovs,37,0/0,0/0,0/0,0/0,,0,0,0,0,0,00:00,False,,0,0,2025020524,20252026,2025-12-16
home,5,PIT,8479973,S. Skinner,74,14/16,3/6,0/0,17/22,0.7727,2,3,0,0,5,57:26,True,L,22,17,2025020524,20252026,2025-12-16
away,24,ANA,8480843,L. Dostal,1,0/0,0/0,0/0,0/0,,0,0,0,0,0,00:00,False,,0,0,2025020525,20252026,2025-12-16
away,24,ANA,8478024,V. Husso,33,20/24,3/3,1/1,24/28,0.8571,4,0,0,0,4,63:30,True,O,28,24,2025020525,20252026,2025-12-16
home,29,CBJ,8482982,J. Greaves,73,18/21,5/5,1/1,24/27,0.8889,3,0,0,0,3,63:01,True,W,27,24,2025020525,20252026,2025-12-16
home,29,CBJ,8478007,E. Merzlikins,90,0/0,0/0,0/0,0/0,,0,0,0,0,0,00:00,False,,0,0,2025020525,20252026,2025-12-16
away,15,WSH,8480313,L. Thompson,48,0/0,0/0,0/0,0/0,,0,0,0,0,0,00:00,False,,0,0,2025020526,20252026,2025-12-16
away,15,WSH,8479292,C. Lindgren,79,22/25,4/5,1/2,27/32,0.8438,3,1,1,0,5,60:00,True,L,32,27,2025020526,20252026,2025-12-16
home,30,MIN,8482661,J. Wallstedt,30,0/0,0/0,0/0,0/0,,0,0,0,0,0,00:00,False,,0,0,2025020526,20252026,2025-12-16
home,30,MIN,8479406,F. Gustavsson,32,21/21,3/3,1/1,25/25,1.0,0,0,0,0,0,60:00,True,W,25,25,2025020526,20252026,2025-12-16
away,20,CGY,8482445,D. Cooley,1,0/0,0/0,0/0,0/0,,0,0,0,0,0,00:00,False,,0,0,2025020527,20252026,2025-12-16
away,20,CGY,8481692,D. Wolf,32,17/22,2/2,1/1,20/25,0.8,5,0,0,0,5,57:51,True,L,25,20,2025020527,20252026,2025-12-16
home,28,SJS,8482137,Y. Askarov,30,26/29,1/1,0/0,27/30,0.9,3,0,0,0,3,60:00,True,W,30,27,2025020527,20252026,2025-12-16
home,28,SJS,8477968,A. Nedeljkovic,33,0/0,0/0,0/0,0/0,,0,0,0,0,0,00:00,False,,0,0,2025020527,20252026,2025-12-16
away,21,COL,8478406,M. Blackwood,39,29/31,6/7,0/0,35/38,0.9211,2,1,0,0,3,60:00,True,W,38,35,2025020528,20252026,2025-12-16
away,21,COL,8475809,S. Wedgewood,41,0/0,0/0,0/0,0/0,,0,0,0,0,0,00:00,False,,0,0,2025020528,20252026,2025-12-16
home,55,SEA,8475831,P. Grubauer,31,23/26,9/10,2/2,34/38,0.8947,3,1,0,0,4,58:36,True,L,38,34,2025020528,20252026,2025-12-16
home,55,SEA,8478916,J. Daccord,35,0/0,0/0,0/0,0/0,,0,0,0,0,0,00:00,False,,0,0,2025020528,20252026,2025-12-16
away,26,LAK,8477831,P. Copley,29,0/0,0/0,0/0,0/0,,0,0,0,0,0,00:00,False,,0,0,2025020529,20252026,2025-12-17
away,26,LAK,8476341,A. Forsberg,31,22/24,4/5,0/0,26/29,0.8966,2,1,0,0,3,57:43,True,L,29,26,2025020529,20252026,2025-12-17
home,13,FLA,8480193,D. Tarasov,40,22/23,4/5,1/1,27/29,0.931,1,1,0,0,2,60:00,True,W,29,27,2025020529,20252026,2025-12-17
home,13,FLA,8475683,S. Bobrovsky,72,0/0,0/0,0/0,0/0,,0,0,0,0,0,00:00,False,,0,0,2025020529,20252026,2025-12-17
away,68,UTA,8477970,V. Vanecek,41,0/0,0/0,0/0,0/0,,0,0,0,0,0,00:00,False,,0,0,2025020530,20252026,2025-12-17
away,68,UTA,8478872,K. Vejmelka,70,21/21,6/7,0/0,27/28,0.9643,0,1,0,0,1,59:57,True,W,28,27,2025020530,20252026,2025-12-17
home,17,DET,8476434,J. Gibson,36,0/0,0/0,0/0,0/0,,0,0,0,0,0,00:00,False,,0,0,2025020530,20252026,2025-12-17
home,17,DET,8475660,C. Talbot,39,21/25,2/2,1/1,24/28,0.8571,4,0,0,0,4,60:00,True,L,28,24,2025020530,20252026,2025-12-17
away,52,WPG,8477480,E. Comrie,1,0/0,0/0,0/0,0/0,,0,0,0,0,0,00:00,False,,0,0,2025020531,20252026,2025-12-17
away,52,WPG,8476945,C. Hellebuyck,37,19/20,6/6,0/0,25/26,0.9615,1,0,0,0,1,59:43,True,L,26,25,2025020531,20252026,2025-12-17
home,19,STL,8480981,J. Hofer,30,19/19,5/5,0/0,24/24,1.0,0,0,0,0,0,60:00,True,W,24,24,2025020531,20252026,2025-12-17
home,19,STL,8476412,J. Binnington,50,0/0,0/0,0/0,0/0,,0,0,0,0,0,00:00,False,,0,0,2025020531,20252026,2025-12-17
away,12,CAR,8475883,F. Andersen,31,0/0,0/0,0/0,0/0,,0,0,0,0,0,00:00,False,,0,0,2025020532,20252026,2025-12-17
away,12,CAR,8481611,P. Kochetkov,52,21/22,2/2,2/2,25/26,0.9615,1,0,0,0,1,59:57,True,W,26,25,2025020532,20252026,2025-12-17
home,18,NSH,8481020,J. Annunen,29,0/0,0/0,0/0,0/0,,0,0,0,0,0,00:00,False,,0,0,2025020532,20252026,2025-12-17
home,18,NSH,8477424,J. Saros,74,22/24,7/8,4/4,33/36,0.9167,2,1,0,0,3,57:58,True,L,36,33,2025020532,20252026,2025-12-17
away,1,NJD,8474593,J. Markstrom,25,0/0,0/0,0/0,0/0,,0,0,0,0,0,00:00,False,,0,0,2025020533,20252026,2025-12-17
away,1,NJD,8474596,J. Allen,34,30/30,4/5,2/2,36/37,0.973,0,1,0,0,1,65:00,True,W,37,36,2025020533,20252026,2025-12-17
home,54,VGK,8481033,A. Schmid,40,0/0,0/0,0/0,0/0,,0,0,0,0,0,00:00,False,,0,0,2025020533,20252026,2025-12-17
home,54,VGK,8479394,C. Hart,79,26/27,6/6,0/0,32/33,0.9697,1,0,0,0,1,65:00,True,O,33,32,2025020533,20252026,2025-12-17
away,22,EDM,8475717,C. Pickard,30,9/9,4/4,0/0,13/13,1.0,0,0,0,0,0,23:52,False,,13,13,2025020534,20252026,2025-12-18
away,22,EDM,8477465,T. Jarry,35,11/11,0/1,1/1,12/13,0.9231,0,1,0,0,1,36:08,True,W,13,12,2025020534,20252026,2025-12-18
home,6,BOS,8480280,J. Swayman,1,14/15,7/8,1/2,22/25,0.88,1,1,1,0,3,58:35,True,L,25,22,2025020534,20252026,2025-12-18
home,6,BOS,8476914,J. Korpisalo,70,0/0,0/0,0/0,0/0,,0,0,0,0,0,00:00,False,,0,0,2025020534,20252026,2025-12-18
away,4,PHI,8481035,S. Ersson,33,17/20,5/6,1/1,23/27,0.8519,3,1,0,0,4,58:17,True,L,27,23,2025020535,20252026,2025-12-18
away,4,PHI,8478435,D. Vladar,80,0/0,0/0,0/0,0/0,,0,0,0,0,0,00:00,False,,0,0,2025020535,20252026,2025-12-18
home,7,BUF,8480045,U. Luukkonen,1,0/0,0/0,0/0,0/0,,0,0,0,0,0,00:00,False,,0,0,2025020535,20252026,2025-12-18
home,7,BUF,8479312,A. Lyon,34,19/22,4/4,1/1,24/27,0.8889,3,0,0,0,3,59:52,True,W,27,24,2025020535,20252026,2025-12-18
away,16,CHI,8481519,S. Knight,30,25/28,6/6,0/0,31/34,0.9118,3,0,0,0,3,59:23,True,L,34,31,2025020536,20252026,2025-12-18
away,16,CHI,8482821,A. Soderblom,40,0/0,0/0,0/0,0/0,,0,0,0,0,0,00:00,False,,0,0,2025020536,20252026,2025-12-18
home,8,MTL,8484170,J. Fowler,32,0/0,0/0,0/0,0/0,,0,0,0,0,0,00:00,False,,0,0,2025020536,20252026,2025-12-18
home,8,MTL,8482487,J. Dobes,75,13/14,1/1,0/0,14/15,0.9333,1,0,0,0,1,60:00,True,W,15,14,2025020536,20252026,2025-12-18
away,5,PIT,8481668,A. Silovs,37,19/22,1/2,2/2,22/26,0.8462,3,1,0,2,4,59:53,True,L,26,22,2025020537,20252026,2025-12-18
away,5,PIT,8479973,S. Skinner,74,0/0,0/0,0/0,0/0,,0,0,0,0,0,00:00,False,,0,0,2025020537,20252026,2025-12-18
home,9,OTT,8482447,L. Meriläinen,1,0/0,0/0,0/0,0/0,,0,0,0,0,0,00:00,False,,0,0,2025020537,20252026,2025-12-18
home,9,OTT,8476999,L. Ullmark,35,21/21,3/3,1/1,25/25,1.0,0,0,0,0,0,60:00,True,W,25,25,2025020537,20252026,2025-12-18
away,26,LAK,8477831,P. Copley,29,0/0,0/0,0/0,0/0,,0,0,0,0,0,00:00,False,,0,0,2025020538,20252026,2025-12-18
away,26,LAK,8476341,A. Forsberg,31,24/24,6/7,1/1,31/32,0.9688,0,1,0,0,1,60:00,True,W,32,31,2025020538,20252026,2025-12-18
home,14,TBL,8477992,J. Johansson,31,0/0,0/0,0/0,0/0,,0,0,0,0,0,00:00,False,,0,0,2025020538,20252026,2025-12-18
home,14,TBL,8476883,A. Vasilevskiy,88,15/17,1/1,2/2,18/20,0.9,2,0,0,0,2,57:08,True,L,20,18,2025020538,20252026,2025-12-18
away,10,TOR,8483710,D. Hildeby,35,18/22,7/7,0/0,25/29,0.8621,4,0,0,0,4,60:00,True,L,29,25,2025020539,20252026,2025-12-18
away,10,TOR,8479361,J. Woll,60,0/0,0/0,0/0,0/0,,0,0,0,0,0,00:00,False,,0,0,2025020539,20252026,2025-12-18
home,15,WSH,8480313,L. Thompson,48,16/16,5/5,1/1,22/22,1.0,0,0,0,0,0,59:48,True,W,22,22,2025020539,20252026,2025-12-18
home,15,WSH,8479292,C. Lindgren,79,0/0,0/0,0/0,0/0,,0,0,0,0,0,00:00,False,,0,0,2025020539,20252026,2025-12-18
away,30,MIN,8482661,J. Wallstedt,30,23/25,4/4,0/0,27/29,0.931,2,0,0,0,2,60:00,True,W,29,27,2025020540,20252026,2025-12-18
away,30,MIN,8479406,F. Gustavsson,32,0/0,0/0,0/0,0/0,,0,0,0,0,0,00:00,False,,0,0,2025020540,20252026,2025-12-18
home,29,CBJ,8482982,J. Greaves,73,22/24,1/2,0/0,23/26,0.8846,2,1,0,0,3,59:21,True,L,26,23,2025020540,20252026,2025-12-18
home,29,CBJ,8478007,E. Merzlikins,90,0/0,0/0,0/0,0/0,,0,0,0,0,0,00:00,False,,0,0,2025020540,20252026,2025-12-18
away,3,NYR,8478048,I. Shesterkin,31,22/23,4/4,0/0,26/27,0.963,1,0,0,0,1,62:21,True,W,27,26,2025020541,20252026,2025-12-18
away,3,NYR,8471734,J. Quick,32,0/0,0/0,0/0,0/0,,0,0,0,0,0,00:00,False,,0,0,2025020541,20252026,2025-12-18
home,19,STL,8480981,J. Hofer,30,0/0,0/0,0/0,0/0,,0,0,0,0,0,00:00,False,,0,0,2025020541,20252026,2025-12-18
home,19,STL,8476412,J. Binnington,50,22/23,6/7,1/1,29/31,0.9355,1,1,0,0,2,62:21,True,O,31,29,2025020541,20252026,2025-12-18
away,55,SEA,8475831,P. Grubauer,31,0/0,0/0,0/0,0/0,,0,0,0,0,0,00:00,False,,0,0,2025020542,20252026,2025-12-18
away,55,SEA,8478916,J. Daccord,35,31/33,10/11,1/1,42/45,0.9333,2,1,0,0,3,57:47,True,L,45,42,2025020542,20252026,2025-12-18
home,20,CGY,8482445,D. Cooley,1,0/0,0/0,0/0,0/0,,0,0,0,0,0,00:00,False,,0,0,2025020542,20252026,2025-12-18
home,20,CGY,8481692,D. Wolf,32,21/22,0/1,0/0,21/23,0.913,1,1,0,0,2,59:54,True,W,23,21,2025020542,20252026,2025-12-18
away,25,DAL,8479193,C. DeSmith,1,0/0,0/0,0/0,0/0,,0,0,0,0,0,00:00,False,,0,0,2025020543,20252026,2025-12-18
away,25,DAL,8479979,J. Oettinger,29,27/30,7/7,0/0,34/37,0.9189,3,0,0,0,3,60:00,True,W,37,34,2025020543,20252026,2025-12-18
home,28,SJS,8482137,Y. Askarov,30,0/0,0/0,0/0,0/0,,0,0,0,0,0,00:00,False,,0,0,2025020543,20252026,2025-12-18
home,28,SJS,8477968,A. Nedeljkovic,33,24/27,0/1,1/1,25/29,0.8621,3,1,0,0,4,58:04,True,L,29,25,2025020543,20252026,2025-12-18
away,12,CAR,8483548,B. Bussi,32,36/39,1/1,1/1,38/41,0.9268,3,0,0,0,3,65:00,True,O,41,38,2025020544,20252026,2025-12-19
away,12,CAR,8481611,P. Kochetkov,52,0/0,0/0,0/0,0/0,,0,0,0,0,0,00:00,False,,0,0,2025020544,20252026,2025-12-19
home,13,FLA,8480193,D. Tarasov,40,0/0,0/0,0/0,0/0,,0,0,0,0,0,00:00,False,,0,0,2025020544,20252026,2025-12-19
home,13,FLA,8475683,S. Bobrovsky,72,21/23,3/4,2/2,26/29,0.8966,2,1,0,0,3,61:21,True,W,29,26,2025020544,20252026,2025-12-19
away,23,VAN,8480947,K. Lankinen,32,0/0,0/0,0/0,0/0,,0,0,0,0,0,00:00,False,,0,0,2025020545,20252026,2025-12-19
away,23,VAN,8477967,T. Demko,35,17/18,6/6,0/0,23/24,0.9583,1,0,0,0,1,60:00,True,W,24,23,2025020545,20252026,2025-12-19
home,2,NYI,8478009,I. Sorokin,30,23/25,3/4,1/1,27/30,0.9,2,1,0,0,3,56:21,True,L,30,27,2025020545,20252026,2025-12-19
home,2,NYI,8479496,D. Rittich,33,0/0,0/0,0/0,0/0,,0,0,0,0,0,00:00,False,,0,0,2025020545,20252026,2025-12-19
away,52,WPG,8477480,E. Comrie,1,0/0,0/0,0/0,0/0,,0,0,0,0,0,00:00,False,,0,0,2025020546,20252026,2025-12-19
away,52,WPG,8476945,C. Hellebuyck,37,19/22,4/4,0/0,23/26,0.8846,3,0,0,0,3,59:00,True,L,26,23,2025020546,20252026,2025-12-19
home,21,COL,8478406,M. Blackwood,39,0/0,0/0,0/0,0/0,,0,0,0,0,0,00:00,False,,0,0,2025020546,20252026,2025-12-19
home,21,COL,8475809,S. Wedgewood,41,19/19,0/1,1/2,20/22,0.9091,0,1,1,0,2,60:00,True,W,22,20,2025020546,20252026,2025-12-19
away,1,NJD,8474593,J. Markstrom,25,24/24,7/8,1/1,32/33,0.9697,0,1,0,0,1,59:35,True,W,33,32,2025020547,20252026,2025-12-19
away,1,NJD,8474596,J. Allen,34,0/0,0/0,0/0,0/0,,0,0,0,0,0,00:00,False,,0,0,2025020547,20252026,2025-12-19
home,68,UTA,8477970,V. Vanecek,41,0/0,0/0,0/0,0/0,,0,0,0,0,0,00:00,False,,0,0,2025020547,20252026,2025-12-19
home,68,UTA,8478872,K. Vejmelka,70,10/11,10/11,0/0,20/22,0.9091,1,1,0,0,2,57:41,True,L,22,20,2025020547,20252026,2025-12-19
away,25,DAL,8479193,C. DeSmith,1,20/23,0/0,2/2,22/25,0.88,3,0,0,0,3,60:00,True,W,25,22,2025020548,20252026,2025-12-19
away,25,DAL,8479979,J. Oettinger,29,0/0,0/0,0/0,0/0,,0,0,0,0,0,00:00,False,,0,0,2025020548,20252026,2025-12-19
home,24,ANA,8480843,L. Dostal,1,1/4,0/0,2/3,3/7,0.4286,3,0,1,0,4,14:19,True,L,7,3,2025020548,20252026,2025-12-19
home,24,ANA,8475852,P. Mrazek,34,11/14,2/3,1/1,14/18,0.7778,3,1,0,0,4,45:41,False,,18,14,2025020548,20252026,2025-12-19
away,4,PHI,8481035,S. Ersson,33,18/21,5/6,0/0,23/27,0.8519,3,1,0,0,4,65:00,True,O,27,23,2025020549,20252026,2025-12-20
away,4,PHI,8482783,A. Kolosov,35,0/0,0/0,0/0,0/0,,0,0,0,0,0,00:00,False,,0,0,2025020549,20252026,2025-12-20
home,3,NYR,8478048,I. Shesterkin,31,24/25,4/6,0/1,28/32,0.875,1,2,1,0,4,64:59,True,W,32,28,2025020549,20252026,2025-12-20
home,3,NYR,8471734,J. Quick,32,0/0,0/0,0/0,0/0,,0,0,0,0,0,00:00,False,,0,0,2025020549,20252026,2025-12-20
away,17,DET,8476434,J. Gibson,36,21/23,3/3,0/0,24/26,0.9231,2,0,0,0,2,60:00,True,W,26,24,2025020550,20252026,2025-12-20
away,17,DET,8475660,C. Talbot,39,0/0,0/0,0/0,0/0,,0,0,0,0,0,00:00,False,,0,0,2025020550,20252026,2025-12-20
home,15,WSH,8480313,L. Thompson,48,27/31,9/9,0/0,36/40,0.9,4,0,0,0,4,58:48,True,L,40,36,2025020550,20252026,2025-12-20
home,15,WSH,8479292,C. Lindgren,79,0/0,0/0,0/0,0/0,,0,0,0,0,0,00:00,False,,0,0,2025020550,20252026,2025-12-20
away,16,CHI,8481519,S. Knight,30,0/0,0/0,0/0,0/0,,0,0,0,0,0,00:00,False,,0,0,2025020551,20252026,2025-12-20
away,16,CHI,8482821,A. Soderblom,40,26/30,8/9,0/1,34/40,0.85,4,1,1,0,6,58:53,True,L,40,34,2025020551,20252026,2025-12-20
home,9,OTT,8482447,L. Meriläinen,1,15/18,4/5,1/1,20/24,0.8333,3,1,0,0,4,59:25,True,W,24,20,2025020551,20252026,2025-12-20
home,9,OTT,8476999,L. Ullmark,35,0/0,0/0,0/0,0/0,,0,0,0,0,0,00:00,False,,0,0,2025020551,20252026,2025-12-20
away,22,EDM,8475717,C. Pickard,30,30/33,1/2,1/1,32/36,0.8889,3,1,0,0,4,57:42,True,L,36,32,2025020552,20252026,2025-12-20
away,22,EDM,8478971,C. Ingram,39,0/0,0/0,0/0,0/0,,0,0,0,0,0,00:00,False,,0,0,2025020552,20252026,2025-12-20
home,30,MIN,8482661,J. Wallstedt,30,0/0,0/0,0/0,0/0,,0,0,0,0,0,00:00,False,,0,0,2025020552,20252026,2025-12-20
home,30,MIN,8479406,F. Gustavsson,32,22/23,4/5,2/2,28/30,0.9333,1,1,0,0,2,60:00,True,W,30,28,2025020552,20252026,2025-12-20
away,2,NYI,8478009,I. Sorokin,30,0/0,0/0,0/0,0/0,,0,0,0,0,0,00:00,False,,0,0,2025020553,20252026,2025-12-20
away,2,NYI,8479496,D. Rittich,33,25/26,5/6,0/0,30/32,0.9375,1,1,0,0,2,62:39,True,O,32,30,2025020553,20252026,2025-12-20
home,7,BUF,8480045,U. Luukkonen,1,0/0,0/0,0/0,0/0,,0,0,0,0,0,00:00,False,,0,0,2025020553,20252026,2025-12-20
home,7,BUF,8479312,A. Lyon,34,31/32,0/1,1/1,32/34,0.9412,1,1,0,0,2,64:55,True,W,34,32,2025020553,20252026,2025-12-20
away,19,STL,8480981,J. Hofer,30,21/22,5/6,1/1,27/29,0.931,1,1,0,0,2,60:00,True,W,29,27,2025020554,20252026,2025-12-20
away,19,STL,8476412,J. Binnington,50,0/0,0/0,0/0,0/0,,0,0,0,0,0,00:00,False,,0,0,2025020554,20252026,2025-12-20
home,13,FLA,8480193,D. Tarasov,40,23/27,2/3,1/1,26/31,0.8387,4,1,0,0,5,57:39,True,L,31,26,2025020554,20252026,2025-12-20
home,13,FLA,8475683,S. Bobrovsky,72,0/0,0/0,0/0,0/0,,0,0,0,0,0,00:00,False,,0,0,2025020554,20252026,2025-12-20
away,23,VAN,8480947,K. Lankinen,32,34/37,3/4,2/2,39/43,0.907,3,1,0,0,4,65:00,True,W,43,39,2025020555,20252026,2025-12-20
away,23,VAN,8477967,T. Demko,35,0/0,0/0,0/0,0/0,,0,0,0,0,0,00:00,False,,0,0,2025020555,20252026,2025-12-20
home,6,BOS,8480280,J. Swayman,1,15/18,3/4,1/1,19/23,0.8261,3,1,0,0,4,64:54,True,O,23,19,2025020555,20252026,2025-12-20
home,6,BOS,8476914,J. Korpisalo,70,0/0,0/0,0/0,0/0,,0,0,0,0,0,00:00,False,,0,0,2025020555,20252026,2025-12-20
away,5,PIT,8481668,A. Silovs,37,0/0,0/0,0/0,0/0,,0,0,0,0,0,00:00,False,,0,0,2025020556,20252026,2025-12-20
away,5,PIT,8479973,S. Skinner,74,14/15,0/1,3/4,17/20,0.85,1,1,1,0,3,55:38,True,L,20,17,2025020556,20252026,2025-12-20
home,8,MTL,8484170,J. Fowler,32,24/24,7/7,0/0,31/31,1.0,0,0,0,0,0,60:00,True,W,31,31,2025020556,20252026,2025-12-20
home,8,MTL,8482487,J. Dobes,75,0/0,0/0,0/0,0/0,,0,0,0,0,0,00:00,False,,0,0,2025020556,20252026,2025-12-20
away,12,CAR,8475883,F. Andersen,31,0/0,0/0,0/0,0/0,,0,0,0,0,0,00:00,False,,0,0,2025020557,20252026,2025-12-20
away,12,CAR,8481611,P. Kochetkov,52,20/25,2/2,1/1,23/28,0.8214,5,0,0,0,5,59:06,True,L,28,23,2025020557,20252026,2025-12-20
home,14,TBL,8477992,J. Johansson,31,0/0,0/0,0/0,0/0,,0,0,0,0,0,00:00,False,,0,0,2025020557,20252026,2025-12-20
home,14,TBL,8476883,A. Vasilevskiy,88,14/16,2/4,2/2,18/22,0.8182,2,2,0,0,4,60:00,True,W,22,18,2025020557,20252026,2025-12-20
away,10,TOR,8483710,D. Hildeby,35,0/0,0/0,0/0,0/0,,0,0,0,0,0,00:00,False,,0,0,2025020558,20252026,2025-12-20
away,10,TOR,8479361,J. Woll,60,26/28,2/3,1/1,29/32,0.9062,2,1,0,0,3,58:23,True,L,32,29,2025020558,20252026,2025-12-20
home,18,NSH,8481020,J. Annunen,29,0/0,0/0,0/0,0/0,,0,0,0,0,0,00:00,False,,0,0,2025020558,20252026,2025-12-20
home,18,NSH,8477424,J. Saros,74,18/21,1/1,0/0,19/22,0.8636,3,0,0,0,3,59:59,True,W,22,19,2025020558,20252026,2025-12-20
away,54,VGK,8481033,A. Schmid,40,19/23,0/0,1/2,20/25,0.8,4,0,1,0,5,58:41,True,L,25,20,2025020559,20252026,2025-12-20
away,54,VGK,8479394,C. Hart,79,0/0,0/0,0/0,0/0,,0,0,0,0,0,00:00,False,,0,0,2025020559,20252026,2025-12-20
home,20,CGY,8482445,D. Cooley,1,32/34,2/3,0/0,34/37,0.9189,2,1,0,0,3,60:00,True,W,37,34,2025020559,20252026,2025-12-20
home,20,CGY,8481692,D. Wolf,32,0/0,0/0,0/0,0/0,,0,0,0,0,0,00:00,False,,0,0,2025020559,20252026,2025-12-20
away,29,CBJ,8482982,J. Greaves,73,0/0,0/0,0/0,0/0,,0,0,0,0,0,00:00,False,,0,0,2025020560,20252026,2025-12-20
away,29,CBJ,8478007,E. Merzlikins,90,22/26,1/1,1/1,24/28,0.8571,4,0,0,0,4,59:25,True,L,28,24,2025020560,20252026,2025-12-20
home,24,ANA,8480843,L. Dostal,1,21/23,1/2,1/1,23/26,0.8846,2,1,0,0,3,60:00,True,W,26,23,2025020560,20252026,2025-12-20
home,24,ANA,8475852,P. Mrazek,34,0/0,0/0,0/0,0/0,,0,0,0,0,0,00:00,False,,0,0,2025020560,20252026,2025-12-20
away,55,SEA,8475831,P. Grubauer,31,0/0,0/0,0/0,0/0,,0,0,0,0,0,00:00,False,,0,0,2025020561,20252026,2025-12-20
away,55,SEA,8478916,J. Daccord,35,28/28,7/8,0/0,35/36,0.9722,1,1,0,0,2,60:00,True,W,36,35,2025020561,20252026,2025-12-20
home,28,SJS,8482137,Y. Askarov,30,24/27,3/3,1/1,28/31,0.9032,3,0,0,0,3,58:26,True,L,31,28,2025020561,20252026,2025-12-20
home,28,SJS,8477968,A. Nedeljkovic,33,0/0,0/0,0/0,0/0,,0,0,0,0,0,00:00,False,,0,0,2025020561,20252026,2025-12-20
away,15,WSH,8480313,L. Thompson,48,0/0,0/0,0/0,0/0,,0,0,0,0,0,00:00,False,,0,0,2025020562,20252026,2025-12-21
away,15,WSH,8479292,C. Lindgren,79,20/22,4/5,0/0,24/27,0.8889,2,1,0,0,3,64:21,True,O,27,24,2025020562,20252026,2025-12-21
home,17,DET,8476434,J. Gibson,36,0/0,0/0,0/0,0/0,,0,0,0,0,0,00:00,False,,0,0,2025020562,20252026,2025-12-21
home,17,DET,8475660,C. Talbot,39,30/32,1/1,0/0,31/33,0.9394,2,0,0,0,2,64:36,True,W,33,31,2025020562,20252026,2025-12-21
away,21,COL,8478406,M. Blackwood,39,22/23,4/4,2/2,28/29,0.9655,1,0,0,0,1,60:00,True,W,29,28,2025020563,20252026,2025-12-21
away,21,COL,8475809,S. Wedgewood,41,0/0,0/0,0/0,0/0,,0,0,0,0,0,00:00,False,,0,0,2025020563,20252026,2025-12-21
home,30,MIN,8482661,J. Wallstedt,30,25/27,9/11,3/3,37/41,0.9024,2,2,0,0,4,58:45,True,L,41,37,2025020563,20252026,2025-12-21
home,30,MIN,8479406,F. Gustavsson,32,0/0,0/0,0/0,0/0,,0,0,0,0,0,00:00,False,,0,0,2025020563,20252026,2025-12-21
away,9,OTT,8482447,L. Meriläinen,1,0/0,0/0,0/0,0/0,,0,0,0,0,0,00:00,False,,0,0,2025020564,20252026,2025-12-21
away,9,OTT,8476999,L. Ullmark,35,16/17,2/3,0/0,18/20,0.9,1,1,0,0,2,60:00,True,W,20,18,2025020564,20252026,2025-12-21
home,6,BOS,8480280,J. Swayman,1,9/9,0/1,1/1,10/11,0.9091,0,1,0,0,1,32:57,False,,11,10,2025020564,20252026,2025-12-21
home,6,BOS,8476914,J. Korpisalo,70,9/13,1/2,2/2,12/17,0.7059,4,1,0,0,5,26:31,True,L,17,12,2025020564,20252026,2025-12-21
away,7,BUF,8480045,U. Luukkonen,1,24/25,2/2,0/0,26/27,0.963,1,0,0,0,1,60:00,True,W,27,26,2025020565,20252026,2025-12-21
away,7,BUF,8479312,A. Lyon,34,0/0,0/0,0/0,0/0,,0,0,0,0,0,00:00,False,,0,0,2025020565,20252026,2025-12-21
home,1,NJD,8474593,J. Markstrom,25,0/0,0/0,0/0,0/0,,0,0,0,0,0,00:00,False,,0,0,2025020565,20252026,2025-12-21
home,1,NJD,8474596,J. Allen,34,21/23,0/0,1/1,22/24,0.9167,2,0,0,0,2,56:07,True,L,24,22,2025020565,20252026,2025-12-21
away,8,MTL,8484170,J. Fowler,32,0/0,0/0,0/0,0/0,,0,0,0,0,0,00:00,False,,0,0,2025020566,20252026,2025-12-21
away,8,MTL,8482487,J. Dobes,75,27/29,1/2,0/0,28/31,0.9032,2,1,0,0,3,65:00,True,O,31,28,2025020566,20252026,2025-12-21
home,5,PIT,8481668,A. Silovs,37,21/24,0/0,1/1,22/25,0.88,3,0,0,0,3,65:00,True,W,25,22,2025020566,20252026,2025-12-21
home,5,PIT,8479973,S. Skinner,74,0/0,0/0,0/0,0/0,,0,0,0,0,0,00:00,False,,0,0,2025020566,20252026,2025-12-21
away,3,NYR,8478048,I. Shesterkin,31,0/0,0/0,0/0,0/0,,0,0,0,0,0,00:00,False,,0,0,2025020567,20252026,2025-12-21
away,3,NYR,8471734,J. Quick,32,24/25,4/4,2/2,30/31,0.9677,1,0,0,0,1,59:12,True,L,31,30,2025020567,20252026,2025-12-21
home,18,NSH,8481020,J. Annunen,29,15/16,1/1,0/0,16/17,0.9412,1,0,0,0,1,60:00,True,W,17,16,2025020567,20252026,2025-12-21
home,18,NSH,8477424,J. Saros,74,0/0,0/0,0/0,0/0,,0,0,0,0,0,00:00,False,,0,0,2025020567,20252026,2025-12-21
away,10,TOR,8483710,D. Hildeby,35,14/18,3/3,0/0,17/21,0.8095,4,0,0,0,4,59:02,True,L,21,17,2025020568,20252026,2025-12-21
away,10,TOR,8479361,J. Woll,60,0/0,0/0,0/0,0/0,,0,0,0,0,0,00:00,False,,0,0,2025020568,20252026,2025-12-21
home,25,DAL,8479193,C. DeSmith,1,0/0,0/0,0/0,0/0,,0,0,0,0,0,00:00,False,,0,0,2025020568,20252026,2025-12-21
home,25,DAL,8479979,J. Oettinger,29,20/21,7/7,0/0,27/28,0.9643,1,0,0,0,1,60:00,True,W,28,27,2025020568,20252026,2025-12-21
away,52,WPG,8477480,E. Comrie,1,0/0,0/0,0/0,0/0,,0,0,0,0,0,00:00,False,,0,0,2025020569,20252026,2025-12-21
away,52,WPG,8476945,C. Hellebuyck,37,11/15,6/6,1/1,18/22,0.8182,4,0,0,0,4,60:13,True,O,22,18,2025020569,20252026,2025-12-21
home,68,UTA,8477970,V. Vanecek,41,0/0,0/0,0/0,0/0,,0,0,0,0,0,00:00,False,,0,0,2025020569,20252026,2025-12-21
home,68,UTA,8478872,K. Vejmelka,70,22/24,1/2,0/0,23/26,0.8846,2,1,0,0,3,60:13,True,W,26,23,2025020569,20252026,2025-12-21
away,54,VGK,8481033,A. Schmid,40,0/0,0/0,0/0,0/0,,0,0,0,0,0,00:00,False,,0,0,2025020570,20252026,2025-12-21
away,54,VGK,8479394,C. Hart,79,12/14,3/5,2/2,17/21,0.8095,2,2,0,0,4,57:43,True,L,21,17,2025020570,20252026,2025-12-21
home,22,EDM,8475717,C. Pickard,30,0/0,0/0,0/0,0/0,,0,0,0,0,0,00:00,False,,0,0,2025020570,20252026,2025-12-21
home,22,EDM,8478971,C. Ingram,39,22/23,6/8,0/0,28/31,0.9032,1,2,0,0,3,60:00,True,W,31,28,2025020570,20252026,2025-12-21
away,19,STL,8480981,J. Hofer,30,0/0,0/0,0/0,0/0,,0,0,0,0,0,00:00,False,,0,0,2025020571,20252026,2025-12-22
away,19,STL,8476412,J. Binnington,50,11/13,2/4,0/0,13/17,0.7647,2,2,0,0,4,60:00,True,L,17,13,2025020571,20252026,2025-12-22
home,14,TBL,8477992,J. Johansson,31,0/0,0/0,0/0,0/0,,0,0,0,0,0,00:00,False,,0,0,2025020571,20252026,2025-12-22
home,14,TBL,8476883,A. Vasilevskiy,88,19/20,2/2,2/2,23/24,0.9583,1,0,0,0,1,60:00,True,W,24,23,2025020571,20252026,2025-12-22
away,23,VAN,8480947,K. Lankinen,32,0/0,0/0,0/0,0/0,,0,0,0,0,0,00:00,False,,0,0,2025020572,20252026,2025-12-22
away,23,VAN,8477967,T. Demko,35,28/32,5/5,1/1,34/38,0.8947,4,0,0,0,4,58:44,True,L,38,34,2025020572,20252026,2025-12-22
home,4,PHI,8481035,S. Ersson,33,0/0,0/0,0/0,0/0,,0,0,0,0,0,00:00,False,,0,0,2025020572,20252026,2025-12-22
home,4,PHI,8478435,D. Vladar,80,22/24,1/1,0/0,23/25,0.92,2,0,0,0,2,60:00,True,W,25,23,2025020572,20252026,2025-12-22
away,55,SEA,8475831,P. Grubauer,31,36/37,4/4,0/0,40/41,0.9756,1,0,0,0,1,60:00,True,W,41,40,2025020573,20252026,2025-12-22
away,55,SEA,8478916,J. Daccord,35,0/0,0/0,0/0,0/0,,0,0,0,0,0,00:00,False,,0,0,2025020573,20252026,2025-12-22
home,24,ANA,8480843,L. Dostal,1,15/16,2/3,1/1,18/20,0.9,1,1,0,0,2,58:44,True,L,20,18,2025020573,20252026,2025-12-22
home,24,ANA,8475852,P. Mrazek,34,0/0,0/0,0/0,0/0,,0,0,0,0,0,00:00,False,,0,0,2025020573,20252026,2025-12-22
away,29,CBJ,8482982,J. Greaves,73,20/21,3/3,0/0,23/24,0.9583,1,0,0,0,1,60:00,True,W,24,23,2025020574,20252026,2025-12-22
away,29,CBJ,8478007,E. Merzlikins,90,0/0,0/0,0/0,0/0,,0,0,0,0,0,00:00,False,,0,0,2025020574,20252026,2025-12-22
home,26,LAK,8477831,P. Copley,29,0/0,0/0,0/0,0/0,,0,0,0,0,0,00:00,False,,0,0,2025020574,20252026,2025-12-22
home,26,LAK,8476341,A. Forsberg,31,17/17,8/11,2/2,27/30,0.9,0,3,0,0,3,57:15,True,L,30,27,2025020574,20252026,2025-12-22
away,5,PIT,8481668,A. Silovs,37,0/0,0/0,0/0,0/0,,0,0,0,0,0,00:00,False,,0,0,2025020575,20252026,2025-12-23
away,5,PIT,8479973,S. Skinner,74,23/27,2/2,0/0,25/29,0.8621,4,0,0,0,4,59:07,True,L,29,25,2025020575,20252026,2025-12-23
home,10,TOR,8483710,D. Hildeby,35,0/0,0/0,0/0,0/0,,0,0,0,0,0,00:00,False,,0,0,2025020575,20252026,2025-12-23
home,10,TOR,8479361,J. Woll,60,27/30,2/2,0/0,29/32,0.9062,3,0,0,0,3,60:00,True,W,32,29,2025020575,20252026,2025-12-23
away,3,NYR,8478048,I. Shesterkin,31,21/23,6/7,2/2,29/32,0.9062,2,1,0,0,3,60:00,True,W,32,29,2025020576,20252026,2025-12-23
away,3,NYR,8471734,J. Quick,32,0/0,0/0,0/0,0/0,,0,0,0,0,0,00:00,False,,0,0,2025020576,20252026,2025-12-23
home,15,WSH,8480313,L. Thompson,48,12/17,2/3,0/0,14/20,0.7,5,1,0,0,6,58:17,True,L,20,14,2025020576,20252026,2025-12-23
home,15,WSH,8479292,C. Lindgren,79,0/0,0/0,0/0,0/0,,0,0,0,0,0,00:00,False,,0,0,2025020576,20252026,2025-12-23
away,8,MTL,8484170,J. Fowler,32,17/18,6/7,3/3,26/28,0.9286,1,1,0,0,2,59:37,True,W,28,26,2025020577,20252026,2025-12-23
away,8,MTL,8482487,J. Dobes,75,0/0,0/0,0/0,0/0,,0,0,0,0,0,00:00,False,,0,0,2025020577,20252026,2025-12-23
home,6,BOS,8480280,J. Swayman,1,18/22,5/7,0/0,23/29,0.7931,4,2,0,0,6,60:00,True,L,29,23,2025020577,20252026,2025-12-23
home,6,BOS,8476914,J. Korpisalo,70,0/0,0/0,0/0,0/0,,0,0,0,0,0,00:00,False,,0,0,2025020577,20252026,2025-12-23
away,7,BUF,8480045,U. Luukkonen,1,0/0,0/0,0/0,0/0,,0,0,0,0,0,00:00,False,,0,0,2025020578,20252026,2025-12-23
away,7,BUF,8479312,A. Lyon,34,21/22,3/4,0/0,24/26,0.9231,1,1,0,0,2,60:31,True,W,26,24,2025020578,20252026,2025-12-23
home,9,OTT,8482447,L. Meriläinen,1,0/0,0/0,0/0,0/0,,0,0,0,0,0,00:00,False,,0,0,2025020578,20252026,2025-12-23
home,9,OTT,8476999,L. Ullmark,35,20/23,2/2,0/0,22/25,0.88,3,0,0,0,3,60:31,True,O,25,22,2025020578,20252026,2025-12-23
away,25,DAL,8479193,C. DeSmith,1,13/15,7/9,1/1,21/25,0.84,2,2,0,2,4,59:50,True,O,25,21,2025020579,20252026,2025-12-23
away,25,DAL,8479979,J. Oettinger,29,0/0,0/0,0/0,0/0,,0,0,0,0,0,00:00,False,,0,0,2025020579,20252026,2025-12-23
home,17,DET,8476434,J. Gibson,36,16/17,3/5,0/0,19/22,0.8636,1,2,0,0,3,60:34,True,W,22,19,2025020579,20252026,2025-12-23
home,17,DET,8475660,C. Talbot,39,0/0,0/0,0/0,0/0,,0,0,0,0,0,00:00,False,,0,0,2025020579,20252026,2025-12-23
away,1,NJD,8474593,J. Markstrom,25,23/25,0/0,0/0,23/25,0.92,2,0,0,0,2,59:00,True,L,25,23,2025020580,20252026,2025-12-23
away,1,NJD,8474596,J. Allen,34,0/0,0/0,0/0,0/0,,0,0,0,0,0,00:00,False,,0,0,2025020580,20252026,2025-12-23
home,2,NYI,8479496,D. Rittich,33,31/32,0/0,0/0,31/32,0.9688,1,0,0,0,1,60:00,True,W,32,31,2025020580,20252026,2025-12-23
home,2,NYI,8477405,M. Hogberg,50,0/0,0/0,0/0,0/0,,0,0,0,0,0,00:00,False,,0,0,2025020580,20252026,2025-12-23
away,13,FLA,8480193,D. Tarasov,40,0/0,0/0,0/0,0/0,,0,0,0,0,0,00:00,False,,0,0,2025020581,20252026,2025-12-23
away,13,FLA,8475683,S. Bobrovsky,72,15/17,2/2,0/0,17/19,0.8947,2,0,0,0,2,59:32,True,W,19,17,2025020581,20252026,2025-12-23
home,12,CAR,8475883,F. Andersen,31,17/21,0/1,0/0,17/22,0.7727,4,1,0,0,5,60:00,True,L,22,17,2025020581,20252026,2025-12-23
home,12,CAR,8481611,P. Kochetkov,52,0/0,0/0,0/0,0/0,,0,0,0,0,0,00:00,False,,0,0,2025020581,20252026,2025-12-23
away,18,NSH,8481020,J. Annunen,29,0/0,0/0,0/0,0/0,,0,0,0,0,0,00:00,False,,0,0,2025020582,20252026,2025-12-23
away,18,NSH,8477424,J. Saros,74,28/30,2/2,0/0,30/32,0.9375,2,0,0,0,2,60:49,True,W,32,30,2025020582,20252026,2025-12-23
home,30,MIN,8482661,J. Wallstedt,30,0/0,0/0,0/0,0/0,,0,0,0,0,0,00:00,False,,0,0,2025020582,20252026,2025-12-23
home,30,MIN,8479406,F. Gustavsson,32,15/16,9/11,2/2,26/29,0.8966,1,2,0,0,3,60:24,True,O,29,26,2025020582,20252026,2025-12-23
away,4,PHI,8481035,S. Ersson,33,14/15,6/6,0/0,20/21,0.9524,1,0,0,0,1,60:00,True,W,21,20,2025020583,20252026,2025-12-23
away,4,PHI,8478435,D. Vladar,80,0/0,0/0,0/0,0/0,,0,0,0,0,0,00:00,False,,0,0,2025020583,20252026,2025-12-23
home,16,CHI,8481519,S. Knight,30,17/18,5/6,1/1,23/25,0.92,1,1,0,0,2,58:09,True,L,25,23,2025020583,20252026,2025-12-23
home,16,CHI,8482821,A. Soderblom,40,0/0,0/0,0/0,0/0,,0,0,0,0,0,00:00,False,,0,0,2025020583,20252026,2025-12-23
away,68,UTA,8485907,C. McIntyre,1,0/0,0/0,0/0,0/0,,0,0,0,0,0,00:00,False,,0,0,2025020584,20252026,2025-12-23
away,68,UTA,8477970,V. Vanecek,41,19/20,4/4,2/2,25/26,0.9615,1,0,0,0,1,57:42,True,L,26,25,2025020584,20252026,2025-12-23
home,21,COL,8478406,M. Blackwood,39,0/0,0/0,0/0,0/0,,0,0,0,0,0,00:00,False,,0,0,2025020584,20252026,2025-12-23
home,21,COL,8475809,S. Wedgewood,41,28/28,4/4,0/0,32/32,1.0,0,0,0,0,0,60:00,True,W,32,32,2025020584,20252026,2025-12-23
away,20,CGY,8482445,D. Cooley,1,0/0,0/0,0/0,0/0,,0,0,0,0,0,00:00,False,,0,0,2025020585,20252026,2025-12-23
away,20,CGY,8481692,D. Wolf,32,24/26,7/10,3/3,34/39,0.8718,2,3,0,0,5,59:34,True,L,39,34,2025020585,20252026,2025-12-23
home,22,EDM,8475717,C. Pickard,30,0/0,0/0,0/0,0/0,,0,0,0,0,0,00:00,False,,0,0,2025020585,20252026,2025-12-23
home,22,EDM,8478971,C. Ingram,39,13/14,5/5,0/0,18/19,0.9474,1,0,0,0,1,60:00,True,W,19,18,2025020585,20252026,2025-12-23
away,28,SJS,8482137,Y. Askarov,30,10/13,2/3,0/0,12/16,0.75,3,1,0,0,4,14:57,True,L,16,12,2025020586,20252026,2025-12-23
away,28,SJS,8477968,A. Nedeljkovic,33,4/7,3/3,0/0,7/10,0.7,3,0,0,0,3,45:03,False,,10,7,2025020586,20252026,2025-12-23
home,54,VGK,8481033,A. Schmid,40,0/0,0/0,0/0,0/0,,0,0,0,0,0,00:00,False,,0,0,2025020586,20252026,2025-12-23
home,54,VGK,8479394,C. Hart,79,21/23,0/0,0/0,21/23,0.913,2,0,0,0,2,60:00,True,W,23,21,2025020586,20252026,2025-12-23
away,55,SEA,8475831,P. Grubauer,31,0/0,0/0,0/0,0/0,,0,0,0,0,0,00:00,False,,0,0,2025020587,20252026,2025-12-23
away,55,SEA,8478916,J. Daccord,35,31/33,4/4,0/0,35/37,0.9459,2,0,0,0,2,60:00,True,W,37,35,2025020587,20252026,2025-12-23
home,26,LAK,8477831,P. Copley,29,20/22,4/5,1/1,25/28,0.8929,2,1,0,0,3,58:34,True,L,28,25,2025020587,20252026,2025-12-23
home,26,LAK,8476341,A. Forsberg,31,0/0,0/0,0/0,0/0,,0,0,0,0,0,00:00,False,,0,0,2025020587,20252026,2025-12-23
away,3,NYR,8478048,I. Shesterkin,31,21/22,3/3,0/0,24/25,0.96,1,0,0,0,1,58:10,True,L,25,24,2025020588,20252026,2025-12-27
away,3,NYR,8471734,J. Quick,32,0/0,0/0,0/0,0/0,,0,0,0,0,0,00:00,False,,0,0,2025020588,20252026,2025-12-27
home,2,NYI,8479496,D. Rittich,33,21/21,4/4,2/2,27/27,1.0,0,0,0,0,0,60:00,True,W,27,27,2025020588,20252026,2025-12-27
home,2,NYI,8477405,M. Hogberg,50,0/0,0/0,0/0,0/0,,0,0,0,0,0,00:00,False,,0,0,2025020588,20252026,2025-12-27
away,6,BOS,8480280,J. Swayman,1,0/0,0/0,0/0,0/0,,0,0,0,0,0,00:00,False,,0,0,2025020589,20252026,2025-12-27
away,6,BOS,8476914,J. Korpisalo,70,28/31,2/2,0/0,30/33,0.9091,3,0,0,0,3,56:55,True,L,33,30,2025020589,20252026,2025-12-27
home,7,BUF,8480045,U. Luukkonen,1,20/21,1/1,1/1,22/23,0.9565,1,0,0,0,1,60:00,True,W,23,22,2025020589,20252026,2025-12-27
home,7,BUF,8479312,A. Lyon,34,0/0,0/0,0/0,0/0,,0,0,0,0,0,00:00,False,,0,0,2025020589,20252026,2025-12-27
away,9,OTT,8482447,L. Meriläinen,1,13/15,3/3,0/0,16/18,0.8889,2,0,0,0,2,30:55,False,L,18,16,2025020590,20252026,2025-12-27
away,9,OTT,8476999,L. Ullmark,35,10/12,0/2,0/0,10/14,0.7143,2,2,0,0,4,27:28,True,,14,10,2025020590,20252026,2025-12-27
home,10,TOR,8483710,D. Hildeby,35,0/0,0/0,0/0,0/0,,0,0,0,0,0,00:00,False,,0,0,2025020590,20252026,2025-12-27
home,10,TOR,8479361,J. Woll,60,22/27,1/1,3/3,26/31,0.8387,5,0,0,0,5,60:00,True,W,31,26,2025020590,20252026,2025-12-27
away,14,TBL,8477992,J. Johansson,31,0/0,0/0,0/0,0/0,,0,0,0,0,0,00:00,False,,0,0,2025020591,20252026,2025-12-27
away,14,TBL,8476883,A. Vasilevskiy,88,15/16,7/8,2/2,24/26,0.9231,1,1,0,0,2,59:46,True,W,26,24,2025020591,20252026,2025-12-27
home,13,FLA,8480193,D. Tarasov,40,0/0,0/0,0/0,0/0,,0,0,0,0,0,00:00,False,,0,0,2025020591,20252026,2025-12-27
home,13,FLA,8475683,S. Bobrovsky,72,15/17,3/3,3/4,21/24,0.875,2,0,1,0,3,58:50,True,L,24,21,2025020591,20252026,2025-12-27
away,15,WSH,8480313,L. Thompson,48,35/37,0/1,0/0,35/38,0.9211,2,1,0,0,3,64:06,True,W,38,35,2025020592,20252026,2025-12-27
away,15,WSH,8479292,C. Lindgren,79,0/0,0/0,0/0,0/0,,0,0,0,0,0,00:00,False,,0,0,2025020592,20252026,2025-12-27
home,1,NJD,8474593,J. Markstrom,25,0/0,0/0,0/0,0/0,,0,0,0,0,0,00:00,False,,0,0,2025020592,20252026,2025-12-27
home,1,NJD,8474596,J. Allen,34,27/31,2/2,0/0,29/33,0.8788,4,0,0,0,4,63:48,True,O,33,29,2025020592,20252026,2025-12-27
away,17,DET,8476434,J. Gibson,36,32/36,1/1,0/0,33/37,0.8919,4,0,0,0,4,57:14,True,L,37,33,2025020593,20252026,2025-12-27
away,17,DET,8475660,C. Talbot,39,0/0,0/0,0/0,0/0,,0,0,0,0,0,00:00,False,,0,0,2025020593,20252026,2025-12-27
home,12,CAR,8483548,B. Bussi,32,13/14,4/5,1/1,18/20,0.9,1,1,0,0,2,60:00,True,W,20,18,2025020593,20252026,2025-12-27
home,12,CAR,8481611,P. Kochetkov,52,0/0,0/0,0/0,0/0,,0,0,0,0,0,00:00,False,,0,0,2025020593,20252026,2025-12-27
away,30,MIN,8482661,J. Wallstedt,30,18/21,5/5,0/0,23/26,0.8846,3,0,0,0,3,58:32,True,W,26,23,2025020594,20252026,2025-12-27
away,30,MIN,8479406,F. Gustavsson,32,0/0,0/0,0/0,0/0,,0,0,0,0,0,00:00,False,,0,0,2025020594,20252026,2025-12-27
home,52,WPG,8477480,E. Comrie,1,0/0,0/0,0/0,0/0,,0,0,0,0,0,00:00,False,,0,0,2025020594,20252026,2025-12-27
home,52,WPG,8476945,C. Hellebuyck,37,13/16,2/3,0/0,15/19,0.7895,3,1,0,0,4,60:05,True,O,19,15,2025020594,20252026,2025-12-27
away,18,NSH,8481020,J. Annunen,29,0/0,0/0,0/0,0/0,,0,0,0,0,0,00:00,False,,0,0,2025020595,20252026,2025-12-27
away,18,NSH,8477424,J. Saros,74,16/18,1/2,0/0,17/20,0.85,2,1,0,0,3,57:52,True,L,20,17,2025020595,20252026,2025-12-27
home,19,STL,8480981,J. Hofer,30,26/27,3/3,1/2,30/32,0.9375,1,0,1,0,2,59:47,True,W,32,30,2025020595,20252026,2025-12-27
home,19,STL,8476412,J. Binnington,50,0/0,0/0,0/0,0/0,,0,0,0,0,0,00:00,False,,0,0,2025020595,20252026,2025-12-27
away,16,CHI,8481519,S. Knight,30,0/0,0/0,0/0,0/0,,0,0,0,0,0,00:00,False,,0,0,2025020596,20252026,2025-12-27
away,16,CHI,8482821,A. Soderblom,40,18/21,10/10,0/0,28/31,0.9032,3,0,0,2,3,65:00,True,W,31,28,2025020596,20252026,2025-12-27
home,25,DAL,8479193,C. DeSmith,1,0/0,0/0,0/0,0/0,,0,0,0,0,0,00:00,False,,0,0,2025020596,20252026,2025-12-27
home,25,DAL,8479979,J. Oettinger,29,25/28,2/2,3/3,30/33,0.9091,3,0,0,0,3,65:00,True,O,33,30,2025020596,20252026,2025-12-27
away,24,ANA,8480843,L. Dostal,1,22/27,2/3,0/0,24/30,0.8,5,1,0,0,6,60:00,True,L,30,24,2025020597,20252026,2025-12-27
away,24,ANA,8475852,P. Mrazek,34,0/0,0/0,0/0,0/0,,0,0,0,0,0,00:00,False,,0,0,2025020597,20252026,2025-12-27
home,26,LAK,8477831,P. Copley,29,0/0,0/0,0/0,0/0,,0,0,0,0,0,00:00,False,,0,0,2025020597,20252026,2025-12-27
home,26,LAK,8476341,A. Forsberg,31,23/23,2/3,0/0,25/26,0.9615,0,1,0,0,1,59:50,True,W,26,25,2025020597,20252026,2025-12-27
away,22,EDM,8475717,C. Pickard,30,0/0,0/0,0/0,0/0,,0,0,0,0,0,00:00,False,,0,0,2025020598,20252026,2025-12-27
away,22,EDM,8478971,C. Ingram,39,24/27,3/3,2/2,29/32,0.9062,3,0,0,0,3,58:26,True,L,32,29,2025020598,20252026,2025-12-27
home,20,CGY,8482445,D. Cooley,1,0/0,0/0,0/0,0/0,,0,0,0,0,0,00:00,False,,0,0,2025020598,20252026,2025-12-27
home,20,CGY,8481692,D. Wolf,32,25/26,4/5,0/0,29/31,0.9355,1,1,0,0,2,60:00,True,W,31,29,2025020598,20252026,2025-12-27
away,28,SJS,8482137,Y. Askarov,30,20/21,3/4,1/2,24/27,0.8889,1,1,1,0,3,60:00,True,W,27,24,2025020599,20252026,2025-12-27
away,28,SJS,8477968,A. Nedeljkovic,33,0/0,0/0,0/0,0/0,,0,0,0,0,0,00:00,False,,0,0,2025020599,20252026,2025-12-27
home,23,VAN,8480947,K. Lankinen,32,0/0,0/0,0/0,0/0,,0,0,0,0,0,00:00,False,,0,0,2025020599,20252026,2025-12-27
home,23,VAN,8477967,T. Demko,35,21/24,9/10,2/2,32/36,0.8889,4,1,0,0,5,59:56,True,L,36,32,2025020599,20252026,2025-12-27
away,21,COL,8478406,M. Blackwood,39,0/0,0/0,0/0,0/0,,0,0,0,0,0,00:00,False,,0,0,2025020600,20252026,2025-12-27
away,21,COL,8475809,S. Wedgewood,41,14/19,6/6,0/0,20/25,0.8,5,0,0,0,5,64:10,True,W,25,20,2025020600,20252026,2025-12-27
home,54,VGK,8481033,A. Schmid,40,0/0,0/0,0/0,0/0,,0,0,0,0,0,00:00,False,,0,0,2025020600,20252026,2025-12-27
home,54,VGK,8479394,C. Hart,79,32/37,0/0,2/2,34/39,0.8718,5,0,0,0,5,65:00,True,O,39,34,2025020600,20252026,2025-12-27
away,10,TOR,8483710,D. Hildeby,35,31/34,1/1,1/1,33/36,0.9167,3,0,0,0,3,61:46,True,O,36,33,2025020601,20252026,2025-12-28
away,10,TOR,8479361,J. Woll,60,0/0,0/0,0/0,0/0,,0,0,0,0,0,00:00,False,,0,0,2025020601,20252026,2025-12-28
home,17,DET,8476434,J. Gibson,36,0/0,0/0,0/0,0/0,,0,0,0,0,0,00:00,False,,0,0,2025020601,20252026,2025-12-28
home,17,DET,8475660,C. Talbot,39,22/23,3/4,0/0,25/27,0.9259,1,1,0,0,2,61:46,True,W,27,25,2025020601,20252026,2025-12-28
away,8,MTL,8484170,J. Fowler,32,15/19,1/1,1/1,17/21,0.8095,4,0,0,0,4,63:43,True,O,21,17,2025020602,20252026,2025-12-28
away,8,MTL,8478470,S. Montembeault,35,0/0,0/0,0/0,0/0,,0,0,0,0,0,00:00,False,,0,0,2025020602,20252026,2025-12-28
home,14,TBL,8477992,J. Johansson,31,28/32,3/3,0/0,31/35,0.8857,4,0,0,0,4,65:00,True,W,35,31,2025020602,20252026,2025-12-28
home,14,TBL,8476883,A. Vasilevskiy,88,0/0,0/0,0/0,0/0,,0,0,0,0,0,00:00,False,,0,0,2025020602,20252026,2025-12-28
away,2,NYI,8479496,D. Rittich,33,24/27,7/7,0/0,31/34,0.9118,3,0,0,0,3,59:34,True,L,34,31,2025020603,20252026,2025-12-28
away,2,NYI,8477405,M. Hogberg,50,0/0,0/0,0/0,0/0,,0,0,0,0,0,00:00,False,,0,0,2025020603,20252026,2025-12-28
home,29,CBJ,8482982,J. Greaves,73,21/23,3/3,0/0,24/26,0.9231,2,0,0,0,2,60:00,True,W,26,24,2025020603,20252026,2025-12-28
home,29,CBJ,8478007,E. Merzlikins,90,0/0,0/0,0/0,0/0,,0,0,0,0,0,00:00,False,,0,0,2025020603,20252026,2025-12-28
away,5,PIT,8481668,A. Silovs,37,20/23,1/1,0/0,21/24,0.875,3,0,0,0,3,59:31,True,W,24,21,2025020604,20252026,2025-12-28
away,5,PIT,8479973,S. Skinner,74,0/0,0/0,0/0,0/0,,0,0,0,0,0,00:00,False,,0,0,2025020604,20252026,2025-12-28
home,16,CHI,8481519,S. Knight,30,5/9,0/0,0/0,5/9,0.5556,4,0,0,0,4,32:03,True,L,9,5,2025020604,20252026,2025-12-28
home,16,CHI,8482821,A. Soderblom,40,10/12,0/1,2/2,12/15,0.8,2,1,0,0,3,27:57,False,,15,12,2025020604,20252026,2025-12-28
away,4,PHI,8481035,S. Ersson,33,0/0,0/0,0/0,0/0,,0,0,0,0,0,00:00,False,,0,0,2025020605,20252026,2025-12-28
away,4,PHI,8478435,D. Vladar,80,15/17,0/0,1/1,16/18,0.8889,2,0,0,0,2,58:23,True,L,18,16,2025020605,20252026,2025-12-28
home,55,SEA,8475831,P. Grubauer,31,26/27,6/6,0/0,32/33,0.9697,1,0,0,0,1,60:00,True,W,33,32,2025020605,20252026,2025-12-28
home,55,SEA,8478916,J. Daccord,35,0/0,0/0,0/0,0/0,,0,0,0,0,0,00:00,False,,0,0,2025020605,20252026,2025-12-28
away,29,CBJ,8482982,J. Greaves,73,22/23,4/4,1/1,27/28,0.9643,1,0,0,0,1,60:00,True,W,28,27,2025020606,20252026,2025-12-29
away,29,CBJ,8478007,E. Merzlikins,90,0/0,0/0,0/0,0/0,,0,0,0,0,0,00:00,False,,0,0,2025020606,20252026,2025-12-29
home,9,OTT,8482447,L. Meriläinen,1,11/15,6/6,1/1,18/22,0.8182,4,0,0,0,4,55:50,True,L,22,18,2025020606,20252026,2025-12-29
home,9,OTT,8482411,H. Shepard,31,0/0,0/0,0/0,0/0,,0,0,0,0,0,00:00,False,,0,0,2025020606,20252026,2025-12-29
away,15,WSH,8480313,L. Thompson,48,17/20,7/8,0/0,24/28,0.8571,3,1,0,0,4,58:45,True,L,28,24,2025020607,20252026,2025-12-29
away,15,WSH,8479292,C. Lindgren,79,0/0,0/0,0/0,0/0,,0,0,0,0,0,00:00,False,,0,0,2025020607,20252026,2025-12-29
home,13,FLA,8480193,D. Tarasov,40,0/0,0/0,0/0,0/0,,0,0,0,0,0,00:00,False,,0,0,2025020607,20252026,2025-12-29
home,13,FLA,8475683,S. Bobrovsky,72,13/15,6/7,5/5,24/27,0.8889,2,1,0,0,3,59:57,True,W,27,24,2025020607,20252026,2025-12-29
away,3,NYR,8478048,I. Shesterkin,31,26/27,5/7,1/1,32/35,0.9143,1,2,0,0,3,64:47,True,O,35,32,2025020608,20252026,2025-12-29
away,3,NYR,8471734,J. Quick,32,0/0,0/0,0/0,0/0,,0,0,0,0,0,00:00,False,,0,0,2025020608,20252026,2025-12-29
home,12,CAR,8475883,F. Andersen,31,0/0,0/0,0/0,0/0,,0,0,0,0,0,00:00,False,,0,0,2025020608,20252026,2025-12-29
home,12,CAR,8483548,B. Bussi,32,16/17,0/1,2/2,18/20,0.9,1,1,0,0,2,64:01,True,W,20,18,2025020608,20252026,2025-12-29
away,22,EDM,8475717,C. Pickard,30,32/33,9/9,0/0,41/42,0.9762,1,0,0,0,1,59:56,True,W,42,41,2025020609,20252026,2025-12-29
away,22,EDM,8478971,C. Ingram,39,0/0,0/0,0/0,0/0,,0,0,0,0,0,00:00,False,,0,0,2025020609,20252026,2025-12-29
home,52,WPG,8477480,E. Comrie,1,0/0,0/0,0/0,0/0,,0,0,0,0,0,00:00,False,,0,0,2025020609,20252026,2025-12-29
home,52,WPG,8476945,C. Hellebuyck,37,17/18,0/1,1/1,18/20,0.9,1,1,0,0,2,58:24,True,L,20,18,2025020609,20252026,2025-12-29
away,7,BUF,8480045,U. Luukkonen,1,0/0,0/0,0/0,0/0,,0,0,0,0,0,00:00,False,,0,0,2025020610,20252026,2025-12-29
away,7,BUF,8479312,A. Lyon,34,14/16,2/2,0/0,16/18,0.8889,2,0,0,0,2,59:25,True,W,18,16,2025020610,20252026,2025-12-29
home,19,STL,8480981,J. Hofer,30,23/26,7/7,0/0,30/33,0.9091,3,0,0,0,3,59:29,True,L,33,30,2025020610,20252026,2025-12-29
home,19,STL,8476412,J. Binnington,50,0/0,0/0,0/0,0/0,,0,0,0,0,0,00:00,False,,0,0,2025020610,20252026,2025-12-29
away,26,LAK,8477831,P. Copley,29,0/0,0/0,0/0,0/0,,0,0,0,0,0,00:00,False,,0,0,2025020611,20252026,2025-12-29
away,26,LAK,8476341,A. Forsberg,31,15/19,4/4,2/2,21/25,0.84,4,0,0,0,4,59:11,True,L,25,21,2025020611,20252026,2025-12-29
home,21,COL,8478406,M. Blackwood,39,18/18,3/4,2/3,23/25,0.92,0,1,1,0,2,59:45,True,W,25,23,2025020611,20252026,2025-12-29
home,21,COL,8475809,S. Wedgewood,41,0/0,0/0,0/0,0/0,,0,0,0,0,0,00:00,False,,0,0,2025020611,20252026,2025-12-29
away,18,NSH,8481020,J. Annunen,29,0/0,0/0,0/0,0/0,,0,0,0,0,0,00:00,False,,0,0,2025020612,20252026,2025-12-29
away,18,NSH,8477424,J. Saros,74,21/23,7/8,0/0,28/31,0.9032,2,1,0,0,3,60:00,True,W,31,28,2025020612,20252026,2025-12-29
home,68,UTA,8480191,M. Villalta,31,0/0,0/0,0/0,0/0,,0,0,0,0,0,00:00,False,,0,0,2025020612,20252026,2025-12-29
home,68,UTA,8477970,V. Vanecek,41,18/21,4/5,0/0,22/26,0.8462,3,1,0,0,4,58:15,True,L,26,22,2025020612,20252026,2025-12-29
away,6,BOS,8480280,J. Swayman,1,14/15,4/4,1/1,19/20,0.95,1,1,0,0,2,61:53,True,O,20,19,2025020613,20252026,2025-12-29
away,6,BOS,8476914,J. Korpisalo,70,0/0,0/0,0/0,0/0,,0,0,0,0,0,00:00,False,,0,0,2025020613,20252026,2025-12-29
home,20,CGY,8482445,D. Cooley,1,0/0,0/0,0/0,0/0,,0,0,0,0,0,00:00,False,,0,0,2025020613,20252026,2025-12-29
home,20,CGY,8481692,D. Wolf,32,19/20,4/4,2/2,25/26,0.9615,1,0,0,0,1,61:53,True,W,26,25,2025020613,20252026,2025-12-29
away,30,MIN,8482661,J. Wallstedt,30,0/0,0/0,0/0,0/0,,0,0,0,0,0,00:00,False,,0,0,2025020614,20252026,2025-12-29
away,30,MIN,8479406,F. Gustavsson,32,11/13,2/2,1/1,14/16,0.875,2,0,0,0,2,59:37,True,W,16,14,2025020614,20252026,2025-12-29
home,54,VGK,8481033,A. Schmid,40,15/15,0/0,0/0,15/15,1.0,0,0,0,0,0,33:04,False,,15,15,2025020614,20252026,2025-12-29
home,54,VGK,8479394,C. Hart,79,2/7,4/4,1/1,7/12,0.5833,5,0,0,0,5,26:51,True,L,12,7,2025020614,20252026,2025-12-29
away,28,SJS,8482137,Y. Askarov,30,32/36,6/6,0/0,38/42,0.9048,4,0,0,0,4,60:00,True,W,42,38,2025020615,20252026,2025-12-29
away,28,SJS,8477968,A. Nedeljkovic,33,0/0,0/0,0/0,0/0,,0,0,0,0,0,00:00,False,,0,0,2025020615,20252026,2025-12-29
home,24,ANA,8480843,L. Dostal,1,5/9,0/0,0/0,5/9,0.5556,4,0,0,0,4,32:17,True,,9,5,2025020615,20252026,2025-12-29
home,24,ANA,8475852,P. Mrazek,34,1/2,2/2,0/0,3/4,0.75,1,0,0,0,1,23:56,False,L,4,3,2025020615,20252026,2025-12-29
away,23,VAN,8480947,K. Lankinen,32,28/29,9/10,0/0,37/39,0.9487,1,1,0,0,2,65:00,True,W,39,37,2025020616,20252026,2025-12-29
away,23,VAN,8477967,T. Demko,35,0/0,0/0,0/0,0/0,,0,0,0,0,0,00:00,False,,0,0,2025020616,20252026,2025-12-29
home,55,SEA,8475831,P. Grubauer,31,0/0,0/0,0/0,0/0,,0,0,0,0,0,00:00,False,,0,0,2025020616,20252026,2025-12-29
home,55,SEA,8478916,J. Daccord,35,17/19,2/2,3/3,22/24,0.9167,2,0,0,0,2,64:26,True,O,24,22,2025020616,20252026,2025-12-29
away,1,NJD,8474593,J. Markstrom,25,14/16,12/13,0/0,26/29,0.8966,2,1,0,0,3,57:27,True,L,29,26,2025020617,20252026,2025-12-30
away,1,NJD,8474596,J. Allen,34,0/0,0/0,0/0,0/0,,0,0,0,0,0,00:00,False,,0,0,2025020617,20252026,2025-12-30
home,10,TOR,8483710,D. Hildeby,35,0/0,0/0,0/0,0/0,,0,0,0,0,0,00:00,False,,0,0,2025020617,20252026,2025-12-30
home,10,TOR,8479361,J. Woll,60,25/25,8/8,0/0,33/33,1.0,0,0,0,0,0,60:00,True,W,33,33,2025020617,20252026,2025-12-30
away,8,MTL,8478470,S. Montembeault,35,19/20,8/9,1/1,28/30,0.9333,1,1,0,0,2,62:41,True,W,30,28,2025020618,20252026,2025-12-30
away,8,MTL,8482487,J. Dobes,75,0/0,0/0,0/0,0/0,,0,0,0,0,0,00:00,False,,0,0,2025020618,20252026,2025-12-30
home,13,FLA,8480193,D. Tarasov,40,20/22,5/6,1/1,26/29,0.8966,2,1,0,0,3,63:19,True,O,29,26,2025020618,20252026,2025-12-30
home,13,FLA,8475683,S. Bobrovsky,72,0/0,0/0,0/0,0/0,,0,0,0,0,0,00:00,False,,0,0,2025020618,20252026,2025-12-30
away,12,CAR,8475883,F. Andersen,31,20/24,3/4,0/0,23/28,0.8214,4,1,0,0,5,60:00,True,L,28,23,2025020619,20252026,2025-12-30
away,12,CAR,8483548,B. Bussi,32,0/0,0/0,0/0,0/0,,0,0,0,0,0,00:00,False,,0,0,2025020619,20252026,2025-12-30
home,5,PIT,8481668,A. Silovs,37,0/0,0/0,0/0,0/0,,0,0,0,0,0,00:00,False,,0,0,2025020619,20252026,2025-12-30
home,5,PIT,8479973,S. Skinner,74,26/27,0/0,1/1,27/28,0.9643,1,0,0,0,1,60:00,True,W,28,27,2025020619,20252026,2025-12-30
away,2,NYI,8479496,D. Rittich,33,16/17,1/2,0/0,17/19,0.8947,1,1,0,0,2,64:54,True,W,19,17,2025020620,20252026,2025-12-30
away,2,NYI,8477405,M. Hogberg,50,0/0,0/0,0/0,0/0,,0,0,0,0,0,00:00,False,,0,0,2025020620,20252026,2025-12-30
home,16,CHI,8481519,S. Knight,30,18/19,1/2,0/0,19/21,0.9048,1,1,0,0,2,65:00,True,O,21,19,2025020620,20252026,2025-12-30
home,16,CHI,8482821,A. Soderblom,40,0/0,0/0,0/0,0/0,,0,0,0,0,0,00:00,False,,0,0,2025020620,20252026,2025-12-30
away,4,PHI,8481035,S. Ersson,33,0/0,0/0,0/0,0/0,,0,0,0,0,0,00:00,False,,0,0,2025020621,20252026,2025-12-30
away,4,PHI,8478435,D. Vladar,80,29/32,3/3,0/0,32/35,0.9143,3,0,0,0,3,60:00,True,W,35,32,2025020621,20252026,2025-12-30
home,23,VAN,8480947,K. Lankinen,32,0/0,0/0,0/0,0/0,,0,0,0,0,0,00:00,False,,0,0,2025020621,20252026,2025-12-30
home,23,VAN,8477967,T. Demko,35,23/27,0/0,4/4,27/31,0.871,4,0,0,0,4,58:46,True,L,31,27,2025020621,20252026,2025-12-30
away,3,NYR,8478048,I. Shesterkin,31,0/0,0/0,0/0,0/0,,0,0,0,0,0,00:00,False,,0,0,2025020622,20252026,2025-12-31
away,3,NYR,8471734,J. Quick,32,16/20,5/6,0/0,21/26,0.8077,4,1,0,0,5,59:10,True,L,26,21,2025020622,20252026,2025-12-31
home,15,WSH,8480313,L. Thompson,48,0/0,0/0,0/0,0/0,,0,0,0,0,0,00:00,False,,0,0,2025020622,20252026,2025-12-31
home,15,WSH,8479292,C. Lindgren,79,20/22,1/2,1/1,22/25,0.88,2,1,0,0,3,59:35,True,W,25,22,2025020622,20252026,2025-12-31
away,18,NSH,8481020,J. Annunen,29,22/23,6/7,1/1,29/31,0.9355,1,1,0,0,2,60:00,True,W,31,29,2025020623,20252026,2025-12-31
away,18,NSH,8477424,J. Saros,74,0/0,0/0,0/0,0/0,,0,0,0,0,0,00:00,False,,0,0,2025020623,20252026,2025-12-31
home,54,VGK,8481033,A. Schmid,40,11/13,4/6,0/0,15/19,0.7895,2,2,0,0,4,54:52,True,L,19,15,2025020623,20252026,2025-12-31
home,54,VGK,8479394,C. Hart,79,0/0,0/0,0/0,0/0,,0,0,0,0,0,00:00,False,,0,0,2025020623,20252026,2025-12-31
away,14,TBL,8477992,J. Johansson,31,0/0,0/0,0/0,0/0,,0,0,0,0,0,00:00,False,,0,0,2025020624,20252026,2025-12-31
away,14,TBL,8476883,A. Vasilevskiy,88,18/20,6/7,1/1,25/28,0.8929,2,1,0,0,3,62:47,True,W,28,25,2025020624,20252026,2025-12-31
home,24,ANA,8480843,L. Dostal,1,19/22,4/5,2/2,25/29,0.8621,3,1,0,0,4,62:47,True,O,29,25,2025020624,20252026,2025-12-31
home,24,ANA,8475852,P. Mrazek,34,0/0,0/0,0/0,0/0,,0,0,0,0,0,00:00,False,,0,0,2025020624,20252026,2025-12-31
away,30,MIN,8482661,J. Wallstedt,30,23/25,2/3,0/0,25/28,0.8929,2,1,0,0,3,64:27,True,O,28,25,2025020625,20252026,2025-12-31
away,30,MIN,8479406,F. Gustavsson,32,0/0,0/0,0/0,0/0,,0,0,0,0,0,00:00,False,,0,0,2025020625,20252026,2025-12-31
home,28,SJS,8482137,Y. Askarov,30,19/22,1/1,0/0,20/23,0.8696,3,0,0,0,3,65:00,True,W,23,20,2025020625,20252026,2025-12-31
home,28,SJS,8477968,A. Nedeljkovic,33,0/0,0/0,0/0,0/0,,0,0,0,0,0,00:00,False,,0,0,2025020625,20252026,2025-12-31
away,52,WPG,8477480,E. Comrie,1,0/0,0/0,0/0,0/0,,0,0,0,0,0,00:00,False,,0,0,2025020626,20252026,2025-12-31
away,52,WPG,8476945,C. Hellebuyck,37,16/17,0/1,1/1,17/19,0.8947,1,1,0,0,2,57:32,True,L,19,17,2025020626,20252026,2025-12-31
home,17,DET,8476434,J. Gibson,36,19/20,3/3,1/1,23/24,0.9583,1,0,0,0,1,60:00,True,W,24,23,2025020626,20252026,2025-12-31
home,17,DET,8475660,C. Talbot,39,0/0,0/0,0/0,0/0,,0,0,0,0,0,00:00,False,,0,0,2025020626,20252026,2025-12-31
away,1,NJD,8474593,J. Markstrom,25,0/0,0/0,0/0,0/0,,0,0,0,0,0,00:00,False,,0,0,2025020627,20252026,2025-12-31
away,1,NJD,8474596,J. Allen,34,30/32,3/3,0/0,33/35,0.9429,2,0,0,0,2,59:41,True,W,35,33,2025020627,20252026,2025-12-31
home,29,CBJ,8482982,J. Greaves,73,29/31,0/1,1/1,30/33,0.9091,2,1,0,0,3,58:13,True,L,33,30,2025020627,20252026,2025-12-31
home,29,CBJ,8478007,E. Merzlikins,90,0/0,0/0,0/0,0/0,,0,0,0,0,0,00:00,False,,0,0,2025020627,20252026,2025-12-31
away,7,BUF,8480045,U. Luukkonen,1,25/26,1/1,2/2,28/29,0.9655,1,0,0,0,1,60:00,True,W,29,28,2025020628,20252026,2025-12-31
away,7,BUF,8481551,C. Ellis,92,0/0,0/0,0/0,0/0,,0,0,0,0,0,00:00,False,,0,0,2025020628,20252026,2025-12-31
home,25,DAL,8479193,C. DeSmith,1,25/29,2/2,0/0,27/31,0.871,4,0,0,0,4,60:00,True,L,31,27,2025020628,20252026,2025-12-31
home,25,DAL,8479979,J. Oettinger,29,0/0,0/0,0/0,0/0,,0,0,0,0,0,00:00,False,,0,0,2025020628,20252026,2025-12-31
away,19,STL,8480981,J. Hofer,30,0/0,0/0,0/0,0/0,,0,0,0,0,0,00:00,False,,0,0,2025020629,20252026,2025-12-31
away,19,STL,8476412,J. Binnington,50,35/40,1/2,1/1,37/43,0.8605,5,1,0,0,6,59:39,True,L,43,37,2025020629,20252026,2025-12-31
home,21,COL,8478406,M. Blackwood,39,8/9,3/3,1/1,12/13,0.9231,1,0,0,0,1,59:35,True,W,13,12,2025020629,20252026,2025-12-31
home,21,COL,8475809,S. Wedgewood,41,0/0,0/0,0/0,0/0,,0,0,0,0,0,00:00,False,,0,0,2025020629,20252026,2025-12-31
away,4,PHI,8481035,S. Ersson,33,16/19,5/7,0/0,21/26,0.8077,3,2,0,0,5,59:55,True,L,26,21,2025020630,20252026,2025-12-31
away,4,PHI,8478435,D. Vladar,80,0/0,0/0,0/0,0/0,,0,0,0,0,0,00:00,False,,0,0,2025020630,20252026,2025-12-31
home,20,CGY,8482445,D. Cooley,1,0/0,0/0,0/0,0/0,,0,0,0,0,0,00:00,False,,0,0,2025020630,20252026,2025-12-31
home,20,CGY,8481692,D. Wolf,32,20/20,5/5,1/1,26/26,1.0,1,0,0,0,1,60:00,True,W,26,26,2025020630,20252026,2025-12-31
away,6,BOS,8480280,J. Swayman,1,25/27,8/8,1/1,34/36,0.9444,2,0,0,0,2,60:00,True,W,36,34,2025020631,20252026,2025-12-31
away,6,BOS,8476914,J. Korpisalo,70,0/0,0/0,0/0,0/0,,0,0,0,0,0,00:00,False,,0,0,2025020631,20252026,2025-12-31
home,22,EDM,8475717,C. Pickard,30,0/0,0/0,0/0,0/0,,0,0,0,0,0,00:00,False,,0,0,2025020631,20252026,2025-12-31
home,22,EDM,8478971,C. Ingram,39,19/24,3/4,1/1,23/29,0.7931,5,1,0,2,6,59:34,True,L,29,23,2025020631,20252026,2025-12-31
away,15,WSH,8480313,L. Thompson,48,23/27,5/5,0/0,28/32,0.875,4,0,0,0,4,57:45,True,L,32,28,2025020632,20252026,2026-01-01
away,15,WSH,8479292,C. Lindgren,79,0/0,0/0,0/0,0/0,,0,0,0,0,0,00:00,False,,0,0,2025020632,20252026,2026-01-01
home,9,OTT,8482447,L. Meriläinen,1,20/22,4/5,2/2,26/29,0.8966,2,1,0,0,3,60:00,True,W,29,26,2025020632,20252026,2026-01-01
home,9,OTT,8482411,H. Shepard,31,0/0,0/0,0/0,0/0,,0,0,0,0,0,00:00,False,,0,0,2025020632,20252026,2026-01-01
away,68,UTA,8477970,V. Vanecek,41,0/0,0/0,0/0,0/0,,0,0,0,0,0,00:00,False,,0,0,2025020633,20252026,2026-01-01
away,68,UTA,8478872,K. Vejmelka,70,13/14,7/8,0/0,20/22,0.9091,1,1,0,0,2,60:00,True,W,22,20,2025020633,20252026,2026-01-01
home,2,NYI,8479496,D. Rittich,33,3/6,6/8,0/0,9/14,0.6429,3,2,0,0,5,45:21,True,L,14,9,2025020633,20252026,2026-01-01
home,2,NYI,8477405,M. Hogberg,50,2/4,3/3,0/0,5/7,0.7143,2,0,0,0,2,13:29,False,,7,5,2025020633,20252026,2026-01-01
away,52,WPG,8477480,E. Comrie,1,22/27,1/2,1/1,24/30,0.8,5,1,0,0,6,58:17,True,L,30,24,2025020634,20252026,2026-01-01
away,52,WPG,8476945,C. Hellebuyck,37,0/0,0/0,0/0,0/0,,0,0,0,0,0,00:00,False,,0,0,2025020634,20252026,2026-01-01
home,10,TOR,8483710,D. Hildeby,35,19/19,2/3,1/1,22/23,0.9565,0,1,0,0,1,34:36,False,W,23,22,2025020634,20252026,2026-01-01
home,10,TOR,8479361,J. Woll,60,12/16,1/1,0/0,13/17,0.7647,4,0,0,0,4,25:24,True,,17,13,2025020634,20252026,2026-01-01
away,17,DET,8476434,J. Gibson,36,0/0,0/0,0/0,0/0,,0,0,0,0,0,00:00,False,,0,0,2025020635,20252026,2026-01-01
away,17,DET,8475660,C. Talbot,39,21/24,3/4,3/3,27/31,0.871,3,1,0,0,4,60:46,True,O,31,27,2025020635,20252026,2026-01-01
home,5,PIT,8481668,A. Silovs,37,16/17,6/8,2/2,24/27,0.8889,1,2,0,0,3,60:58,True,W,27,24,2025020635,20252026,2026-01-01
home,5,PIT,8479973,S. Skinner,74,0/0,0/0,0/0,0/0,,0,0,0,0,0,00:00,False,,0,0,2025020635,20252026,2026-01-01
away,8,MTL,8484170,J. Fowler,32,0/0,0/0,0/0,0/0,,0,0,0,0,0,00:00,False,,0,0,2025020636,20252026,2026-01-01
away,8,MTL,8482487,J. Dobes,75,19/22,1/3,0/0,20/25,0.8,3,2,0,0,5,60:00,True,W,25,20,2025020636,20252026,2026-01-01
home,12,CAR,8475883,F. Andersen,31,0/0,0/0,0/0,0/0,,0,0,0,0,0,00:00,False,,0,0,2025020636,20252026,2026-01-01
home,12,CAR,8483548,B. Bussi,32,13/19,2/2,1/1,16/22,0.7273,6,0,0,0,6,58:20,True,L,22,16,2025020636,20252026,2026-01-01
away,25,DAL,8479193,C. DeSmith,1,0/0,0/0,0/0,0/0,,0,0,0,0,0,00:00,False,,0,0,2025020637,20252026,2026-01-01
away,25,DAL,8479979,J. Oettinger,29,13/15,4/6,0/0,17/21,0.8095,2,2,0,0,4,55:49,True,L,21,17,2025020637,20252026,2026-01-01
home,16,CHI,8481519,S. Knight,30,21/24,0/0,1/1,22/25,0.88,3,0,0,0,3,59:53,True,W,25,22,2025020637,20252026,2026-01-01
home,16,CHI,8482821,A. Soderblom,40,0/0,0/0,0/0,0/0,,0,0,0,0,0,00:00,False,,0,0,2025020637,20252026,2026-01-01
away,18,NSH,8481020,J. Annunen,29,0/0,0/0,0/0,0/0,,0,0,0,0,0,00:00,False,,0,0,2025020638,20252026,2026-01-01
away,18,NSH,8477424,J. Saros,74,19/22,0/0,0/0,19/22,0.8636,3,0,0,0,3,57:49,True,L,22,19,2025020638,20252026,2026-01-01
home,55,SEA,8475831,P. Grubauer,31,23/23,0/1,1/1,24/25,0.96,0,1,0,0,1,60:00,True,W,25,24,2025020638,20252026,2026-01-01
home,55,SEA,8478916,J. Daccord,35,0/0,0/0,0/0,0/0,,0,0,0,0,0,00:00,False,,0,0,2025020638,20252026,2026-01-01
away,14,TBL,8477992,J. Johansson,31,16/17,1/3,0/0,17/20,0.85,1,2,0,0,3,60:00,True,W,20,17,2025020639,20252026,2026-01-01
away,14,TBL,8476883,A. Vasilevskiy,88,0/0,0/0,0/0,0/0,,0,0,0,0,0,00:00,False,,0,0,2025020639,20252026,2026-01-01
home,26,LAK,8476341,A. Forsberg,31,0/0,0/0,0/0,0/0,,0,0,0,0,0,00:00,False,,0,0,2025020639,20252026,2026-01-01
home,26,LAK,8475311,D. Kuemper,35,16/19,2/3,1/1,19/23,0.8261,3,1,0,0,4,59:46,True,L,23,19,2025020639,20252026,2026-01-01
away,54,VGK,8481033,A. Schmid,40,0/0,0/0,0/0,0/0,,0,0,0,0,0,00:00,False,,0,0,2025020640,20252026,2026-01-02
away,54,VGK,8479394,C. Hart,79,14/18,1/1,0/0,15/19,0.7895,4,0,0,0,4,58:36,True,L,19,15,2025020640,20252026,2026-01-02
home,19,STL,8480981,J. Hofer,30,19/22,2/2,1/1,22/25,0.88,3,0,0,0,3,60:00,True,W,25,22,2025020640,20252026,2026-01-02
home,19,STL,8476412,J. Binnington,50,0/0,0/0,0/0,0/0,,0,0,0,0,0,00:00,False,,0,0,2025020640,20252026,2026-01-02
away,3,NYR,8478048,I. Shesterkin,31,29/29,5/6,2/2,36/37,0.973,0,1,0,0,1,60:00,True,W,37,36,2025020641,20252026,2026-01-02
away,3,NYR,8471734,J. Quick,32,0/0,0/0,0/0,0/0,,0,0,0,0,0,00:00,False,,0,0,2025020641,20252026,2026-01-02
home,13,FLA,8480193,D. Tarasov,40,0/0,0/0,0/0,0/0,,0,0,0,0,0,00:00,False,,0,0,2025020641,20252026,2026-01-02
home,13,FLA,8475683,S. Bobrovsky,72,13/15,1/3,1/1,15/19,0.7895,2,2,0,0,4,58:06,True,L,19,15,2025020641,20252026,2026-01-02
away,55,SEA,8475831,P. Grubauer,31,0/0,0/0,0/0,0/0,,0,0,0,0,0,00:00,False,,0,0,2025020642,20252026,2026-01-02
away,55,SEA,8478916,J. Daccord,35,17/18,4/6,0/0,21/24,0.875,1,2,0,0,3,64:39,True,W,24,21,2025020642,20252026,2026-01-02
home,23,VAN,8480947,K. Lankinen,32,0/0,0/0,0/0,0/0,,0,0,0,0,0,00:00,False,,0,0,2025020642,20252026,2026-01-02
home,23,VAN,8477967,T. Demko,35,24/26,1/2,0/0,25/28,0.8929,2,1,0,0,3,65:00,True,O,28,25,2025020642,20252026,2026-01-02
away,30,MIN,8482661,J. Wallstedt,30,0/0,0/0,0/0,0/0,,0,0,0,0,0,00:00,False,,0,0,2025020643,20252026,2026-01-02
away,30,MIN,8479406,F. Gustavsson,32,20/22,5/5,1/1,26/28,0.9286,2,0,0,0,2,60:00,True,W,28,26,2025020643,20252026,2026-01-02
home,24,ANA,8480843,L. Dostal,1,19/23,10/11,0/0,29/34,0.8529,4,1,0,0,5,59:20,True,L,34,29,2025020643,20252026,2026-01-02
home,24,ANA,8475852,P. Mrazek,34,0/0,0/0,0/0,0/0,,0,0,0,0,0,00:00,False,,0,0,2025020643,20252026,2026-01-02
away,5,PIT,8481668,A. Silovs,37,0/0,0/0,0/0,0/0,,0,0,0,0,0,00:00,False,,0,0,2025020644,20252026,2026-01-03
away,5,PIT,8479973,S. Skinner,74,9/10,2/2,0/0,11/12,0.9167,1,0,0,0,1,60:00,True,W,12,11,2025020644,20252026,2026-01-03
home,17,DET,8476434,J. Gibson,36,25/27,1/1,1/1,27/29,0.931,2,0,0,0,2,58:16,True,L,29,27,2025020644,20252026,2026-01-03
home,17,DET,8475660,C. Talbot,39,0/0,0/0,0/0,0/0,,0,0,0,0,0,00:00,False,,0,0,2025020644,20252026,2026-01-03
away,68,UTA,8477970,V. Vanecek,41,0/0,0/0,0/0,0/0,,0,0,0,0,0,00:00,False,,0,0,2025020645,20252026,2026-01-03
away,68,UTA,8478872,K. Vejmelka,70,21/24,5/6,0/0,26/30,0.8667,3,1,0,0,4,60:00,True,L,30,26,2025020645,20252026,2026-01-03
home,1,NJD,8474593,J. Markstrom,25,24/25,5/5,1/1,30/31,0.9677,1,0,0,0,1,60:00,True,W,31,30,2025020645,20252026,2026-01-03
home,1,NJD,8474596,J. Allen,34,0/0,0/0,0/0,0/0,,0,0,0,0,0,00:00,False,,0,0,2025020645,20252026,2026-01-03
away,7,BUF,8480045,U. Luukkonen,1,24/27,2/2,4/5,30/34,0.8824,3,0,1,0,4,58:34,True,L,34,30,2025020646,20252026,2026-01-03
away,7,BUF,8481551,C. Ellis,92,0/0,0/0,0/0,0/0,,0,0,0,0,0,00:00,False,,0,0,2025020646,20252026,2026-01-03
home,29,CBJ,8482982,J. Greaves,73,27/28,4/4,1/1,32/33,0.9697,1,0,0,0,1,60:00,True,W,33,32,2025020646,20252026,2026-01-03
home,29,CBJ,8478007,E. Merzlikins,90,0/0,0/0,0/0,0/0,,0,0,0,0,0,00:00,False,,0,0,2025020646,20252026,2026-01-03
away,4,PHI,8481035,S. Ersson,33,0/0,0/0,0/0,0/0,,0,0,0,0,0,00:00,False,,0,0,2025020647,20252026,2026-01-03
away,4,PHI,8478435,D. Vladar,80,23/24,0/1,0/0,23/25,0.92,1,1,0,0,2,59:46,True,W,25,23,2025020647,20252026,2026-01-03
home,22,EDM,8475717,C. Pickard,30,19/23,2/2,3/3,24/28,0.8571,4,0,0,0,4,57:09,True,L,28,24,2025020647,20252026,2026-01-03
home,22,EDM,8478971,C. Ingram,39,0/0,0/0,0/0,0/0,,0,0,0,0,0,00:00,False,,0,0,2025020647,20252026,2026-01-03
away,8,MTL,8484170,J. Fowler,32,16/17,1/1,0/1,17/19,0.8947,1,0,1,0,2,56:15,True,L,19,17,2025020648,20252026,2026-01-03
away,8,MTL,8482487,J. Dobes,75,0/0,0/0,0/0,0/0,,0,0,0,0,0,00:00,False,,0,0,2025020648,20252026,2026-01-03
home,19,STL,8480981,J. Hofer,30,0/0,0/0,0/0,0/0,,0,0,0,0,0,00:00,False,,0,0,2025020648,20252026,2026-01-03
home,19,STL,8476412,J. Binnington,50,20/20,6/6,0/0,26/26,1.0,0,0,0,0,0,60:00,True,W,26,26,2025020648,20252026,2026-01-03
away,14,TBL,8477992,J. Johansson,31,0/0,0/0,0/0,0/0,,0,0,0,0,0,00:00,False,,0,0,2025020649,20252026,2026-01-03
away,14,TBL,8476883,A. Vasilevskiy,88,14/16,5/6,0/0,19/22,0.8636,2,1,0,0,3,60:00,True,W,22,19,2025020649,20252026,2026-01-03
home,28,SJS,8482137,Y. Askarov,30,7/10,0/0,0/0,7/10,0.7,3,0,0,0,3,06:46,True,,10,7,2025020649,20252026,2026-01-03
home,28,SJS,8477968,A. Nedeljkovic,33,9/10,3/6,0/0,12/16,0.75,1,3,0,0,4,53:14,False,L,16,12,2025020649,20252026,2026-01-03
away,52,WPG,8477480,E. Comrie,1,0/0,0/0,0/0,0/0,,0,0,0,0,0,00:00,False,,0,0,2025020650,20252026,2026-01-03
away,52,WPG,8476945,C. Hellebuyck,37,19/21,3/5,1/1,23/27,0.8519,2,2,0,0,4,57:21,True,L,27,23,2025020650,20252026,2026-01-03
home,9,OTT,8482447,L. Meriläinen,1,18/19,2/2,1/2,21/23,0.913,1,0,1,0,2,60:00,True,W,23,21,2025020650,20252026,2026-01-03
home,9,OTT,8482411,H. Shepard,31,0/0,0/0,0/0,0/0,,0,0,0,0,0,00:00,False,,0,0,2025020650,20252026,2026-01-03
away,10,TOR,8483710,D. Hildeby,35,0/0,0/0,0/0,0/0,,0,0,0,0,0,00:00,False,,0,0,2025020651,20252026,2026-01-03
away,10,TOR,8479361,J. Woll,60,19/23,2/2,0/0,21/25,0.84,4,0,0,0,4,64:11,True,O,25,21,2025020651,20252026,2026-01-03
home,2,NYI,8478009,I. Sorokin,30,0/0,0/0,0/0,0/0,,0,0,0,0,0,00:00,False,,0,0,2025020651,20252026,2026-01-03
home,2,NYI,8479496,D. Rittich,33,16/19,2/2,0/0,18/21,0.8571,3,0,0,0,3,64:11,True,W,21,18,2025020651,20252026,2026-01-03
away,16,CHI,8481519,S. Knight,30,28/30,4/4,0/0,32/34,0.9412,2,0,0,0,2,65:00,True,W,34,32,2025020652,20252026,2026-01-03
away,16,CHI,8482821,A. Soderblom,40,0/0,0/0,0/0,0/0,,0,0,0,0,0,00:00,False,,0,0,2025020652,20252026,2026-01-03
home,15,WSH,8480313,L. Thompson,48,31/32,0/1,0/0,31/33,0.9394,1,1,0,0,2,65:00,True,O,33,31,2025020652,20252026,2026-01-03
home,15,WSH,8479292,C. Lindgren,79,0/0,0/0,0/0,0/0,,0,0,0,0,0,00:00,False,,0,0,2025020652,20252026,2026-01-03
away,21,COL,8475809,S. Wedgewood,41,21/22,4/5,0/1,25/28,0.8929,1,1,1,0,3,60:00,True,W,28,25,2025020653,20252026,2026-01-03
away,21,COL,8481529,T. Miner,50,0/0,0/0,0/0,0/0,,0,0,0,0,0,00:00,False,,0,0,2025020653,20252026,2026-01-03
home,12,CAR,8475883,F. Andersen,31,21/23,9/11,0/0,30/34,0.8824,2,2,0,0,4,57:58,True,L,34,30,2025020653,20252026,2026-01-03
home,12,CAR,8483548,B. Bussi,32,0/0,0/0,0/0,0/0,,0,0,0,0,0,00:00,False,,0,0,2025020653,20252026,2026-01-03
away,18,NSH,8481020,J. Annunen,29,0/0,0/0,0/0,0/0,,0,0,0,0,0,00:00,False,,0,0,2025020654,20252026,2026-01-03
away,18,NSH,8477424,J. Saros,74,18/21,1/1,1/1,20/23,0.8696,3,0,0,0,3,60:00,True,W,23,20,2025020654,20252026,2026-01-03
home,20,CGY,8482445,D. Cooley,1,0/0,0/0,0/0,0/0,,0,0,0,0,0,00:00,False,,0,0,2025020654,20252026,2026-01-03
home,20,CGY,8481692,D. Wolf,32,31/35,0/0,1/1,32/36,0.8889,4,0,0,0,4,59:37,True,L,36,32,2025020654,20252026,2026-01-03
away,30,MIN,8482661,J. Wallstedt,30,33/35,2/3,0/0,35/38,0.9211,3,1,0,0,4,64:11,True,O,38,35,2025020655,20252026,2026-01-03
away,30,MIN,8479406,F. Gustavsson,32,0/0,0/0,0/0,0/0,,0,0,0,0,0,00:00,False,,0,0,2025020655,20252026,2026-01-03
home,26,LAK,8476341,A. Forsberg,31,0/0,0/0,0/0,0/0,,0,0,0,0,0,00:00,False,,0,0,2025020655,20252026,2026-01-03
home,26,LAK,8475311,D. Kuemper,35,20/23,4/5,0/0,24/28,0.8571,3,1,0,0,4,64:03,True,W,28,24,2025020655,20252026,2026-01-03
away,6,BOS,8480280,J. Swayman,1,21/22,11/12,0/0,32/34,0.9412,1,1,0,0,2,63:27,True,W,34,32,2025020656,20252026,2026-01-03
away,6,BOS,8476914,J. Korpisalo,70,0/0,0/0,0/0,0/0,,0,0,0,0,0,00:00,False,,0,0,2025020656,20252026,2026-01-03
home,23,VAN,8480947,K. Lankinen,32,17/18,1/3,1/1,19/22,0.8636,1,2,0,0,3,64:41,True,O,22,19,2025020656,20252026,2026-01-03
home,23,VAN,8477967,T. Demko,35,0/0,0/0,0/0,0/0,,0,0,0,0,0,00:00,False,,0,0,2025020656,20252026,2026-01-03
away,8,MTL,8484170,J. Fowler,32,0/0,0/0,0/0,0/0,,0,0,0,0,0,00:00,False,,0,0,2025020657,20252026,2026-01-04
away,8,MTL,8478470,S. Montembeault,35,23/26,1/1,0/0,24/27,0.8889,3,0,0,0,3,63:40,True,W,27,24,2025020657,20252026,2026-01-04
home,25,DAL,8479979,J. Oettinger,29,18/21,6/7,0/0,24/28,0.8571,3,1,0,0,4,63:19,True,O,28,24,2025020657,20252026,2026-01-04
home,25,DAL,8482465,R. Poirier,31,0/0,0/0,0/0,0/0,,0,0,0,0,0,00:00,False,,0,0,2025020657,20252026,2026-01-04
away,5,PIT,8481668,A. Silovs,37,18/22,0/0,3/3,21/25,0.84,4,0,0,0,4,60:41,True,W,25,21,2025020658,20252026,2026-01-04
away,5,PIT,8479973,S. Skinner,74,0/0,0/0,0/0,0/0,,0,0,0,0,0,00:00,False,,0,0,2025020658,20252026,2026-01-04
home,29,CBJ,8482982,J. Greaves,73,34/38,4/5,0/0,38/43,0.8837,4,1,0,0,5,62:22,True,O,43,38,2025020658,20252026,2026-01-04
home,29,CBJ,8478007,E. Merzlikins,90,0/0,0/0,0/0,0/0,,0,0,0,0,0,00:00,False,,0,0,2025020658,20252026,2026-01-04
away,21,COL,8475809,S. Wedgewood,41,19/21,2/2,2/2,23/25,0.92,2,0,0,0,2,57:12,True,L,25,23,2025020659,20252026,2026-01-04
away,21,COL,8481529,T. Miner,50,0/0,0/0,0/0,0/0,,0,0,0,0,0,00:00,False,,0,0,2025020659,20252026,2026-01-04
home,13,FLA,8480193,D. Tarasov,40,22/23,5/5,0/0,27/28,0.9643,1,0,0,0,1,60:00,True,W,28,27,2025020659,20252026,2026-01-04
home,13,FLA,8475683,S. Bobrovsky,72,0/0,0/0,0/0,0/0,,0,0,0,0,0,00:00,False,,0,0,2025020659,20252026,2026-01-04
away,12,CAR,8475883,F. Andersen,31,0/0,0/0,0/0,0/0,,0,0,0,0,0,00:00,False,,0,0,2025020660,20252026,2026-01-04
away,12,CAR,8483548,B. Bussi,32,18/19,10/10,0/0,28/29,0.9655,1,0,0,0,1,60:00,True,W,29,28,2025020660,20252026,2026-01-04
home,1,NJD,8474593,J. Markstrom,25,0/0,0/0,0/0,0/0,,0,0,0,0,0,00:00,False,,0,0,2025020660,20252026,2026-01-04
home,1,NJD,8474596,J. Allen,34,21/23,5/5,1/1,27/29,0.931,3,0,0,0,3,55:44,True,L,29,27,2025020660,20252026,2026-01-04
away,54,VGK,8481033,A. Schmid,40,12/15,5/5,0/0,17/20,0.85,3,0,0,0,3,61:18,True,O,20,17,2025020661,20252026,2026-01-04
away,54,VGK,8479394,C. Hart,79,0/0,0/0,0/0,0/0,,0,0,0,0,0,00:00,False,,0,0,2025020661,20252026,2026-01-04
home,16,CHI,8481519,S. Knight,30,0/0,0/0,0/0,0/0,,0,0,0,0,0,00:00,False,,0,0,2025020661,20252026,2026-01-04
home,16,CHI,8482821,A. Soderblom,40,13/15,0/0,0/0,13/15,0.8667,2,0,0,0,2,61:09,True,W,15,13,2025020661,20252026,2026-01-04
away,68,UTA,8477970,V. Vanecek,41,0/0,0/0,0/0,0/0,,0,0,0,0,0,00:00,False,,0,0,2025020662,20252026,2026-01-05
away,68,UTA,8478872,K. Vejmelka,70,17/17,5/7,0/0,22/24,0.9167,0,2,0,0,2,61:06,True,W,24,22,2025020662,20252026,2026-01-05
home,3,NYR,8478048,I. Shesterkin,31,9/9,0/0,0/0,9/9,1.0,0,0,0,0,0,13:00,True,,9,9,2025020662,20252026,2026-01-05
home,3,NYR,8471734,J. Quick,32,14/17,0/0,1/1,15/18,0.8333,3,0,0,2,3,47:51,False,O,18,15,2025020662,20252026,2026-01-05
away,24,ANA,8480843,L. Dostal,1,3/3,0/0,0/0,3/3,1.0,0,0,0,0,0,19:27,False,,3,3,2025020663,20252026,2026-01-05
away,24,ANA,8475852,P. Mrazek,34,18/23,1/1,0/0,19/24,0.7917,5,0,0,0,5,40:00,True,L,24,19,2025020663,20252026,2026-01-05
home,15,WSH,8480313,L. Thompson,48,0/0,0/0,0/0,0/0,,0,0,0,0,0,00:00,False,,0,0,2025020663,20252026,2026-01-05
home,15,WSH,8479292,C. Lindgren,79,38/42,3/3,0/0,41/45,0.9111,4,0,0,0,4,60:00,True,W,45,41,2025020663,20252026,2026-01-05
away,17,DET,8476434,J. Gibson,36,21/23,11/12,2/2,34/37,0.9189,2,1,0,0,3,60:00,True,W,37,34,2025020664,20252026,2026-01-05
away,17,DET,8475660,C. Talbot,39,0/0,0/0,0/0,0/0,,0,0,0,0,0,00:00,False,,0,0,2025020664,20252026,2026-01-05
home,9,OTT,8482447,L. Meriläinen,1,5/7,1/2,0/0,6/9,0.6667,2,1,0,0,3,20:00,True,,9,6,2025020664,20252026,2026-01-05
home,9,OTT,8482411,H. Shepard,31,8/9,2/2,0/1,10/12,0.8333,1,0,1,0,2,35:47,False,L,12,10,2025020664,20252026,2026-01-05
away,55,SEA,8475831,P. Grubauer,31,36/37,5/5,0/0,41/42,0.9762,1,0,0,0,1,60:00,True,W,42,41,2025020665,20252026,2026-01-05
away,55,SEA,8478916,J. Daccord,35,0/0,0/0,0/0,0/0,,0,0,0,0,0,00:00,False,,0,0,2025020665,20252026,2026-01-05
home,20,CGY,8481692,D. Wolf,32,22/26,1/1,0/0,23/27,0.8519,4,0,0,0,4,58:10,True,L,27,23,2025020665,20252026,2026-01-05
home,20,CGY,8485465,O. Say,80,0/0,0/0,0/0,0/0,,0,0,0,0,0,00:00,False,,0,0,2025020665,20252026,2026-01-05
away,30,MIN,8482661,J. Wallstedt,30,0/0,0/0,0/0,0/0,,0,0,0,0,0,00:00,False,,0,0,2025020666,20252026,2026-01-05
away,30,MIN,8479406,F. Gustavsson,32,26/29,3/3,0/0,29/32,0.9062,3,0,0,0,3,57:42,True,L,32,29,2025020666,20252026,2026-01-05
home,26,LAK,8476341,A. Forsberg,31,0/0,0/0,0/0,0/0,,0,0,0,0,0,00:00,False,,0,0,2025020666,20252026,2026-01-05
home,26,LAK,8475311,D. Kuemper,35,24/25,9/10,0/0,33/35,0.9429,1,1,0,0,2,60:00,True,W,35,33,2025020666,20252026,2026-01-05
away,23,VAN,8480947,K. Lankinen,32,0/0,0/0,0/0,0/0,,0,0,0,0,0,00:00,False,,0,0,2025020667,20252026,2026-01-06
away,23,VAN,8477967,T. Demko,35,15/18,0/0,0/1,15/19,0.7895,3,0,1,0,4,58:51,True,L,19,15,2025020667,20252026,2026-01-06
home,7,BUF,8480045,U. Luukkonen,1,22/24,11/12,1/1,34/37,0.9189,2,1,0,0,3,60:00,True,W,37,34,2025020667,20252026,2026-01-06
home,7,BUF,8481551,C. Ellis,92,0/0,0/0,0/0,0/0,,0,0,0,0,0,00:00,False,,0,0,2025020667,20252026,2026-01-06
away,21,COL,8475809,S. Wedgewood,41,22/24,2/3,0/0,24/27,0.8889,2,1,0,0,3,58:02,True,L,27,24,2025020668,20252026,2026-01-06
away,21,COL,8481529,T. Miner,50,0/0,0/0,0/0,0/0,,0,0,0,0,0,00:00,False,,0,0,2025020668,20252026,2026-01-06
home,14,TBL,8477992,J. Johansson,31,0/0,0/0,0/0,0/0,,0,0,0,0,0,00:00,False,,0,0,2025020668,20252026,2026-01-06
home,14,TBL,8476883,A. Vasilevskiy,88,27/29,4/4,0/0,31/33,0.9394,2,0,0,0,2,60:00,True,W,33,31,2025020668,20252026,2026-01-06
away,1,NJD,8474593,J. Markstrom,25,14/23,0/0,1/1,15/24,0.625,9,0,0,0,9,60:00,True,L,24,15,2025020669,20252026,2026-01-06
away,1,NJD,8474596,J. Allen,34,0/0,0/0,0/0,0/0,,0,0,0,0,0,00:00,False,,0,0,2025020669,20252026,2026-01-06
home,2,NYI,8478009,I. Sorokin,30,36/36,8/8,0/0,44/44,1.0,0,0,0,0,0,60:00,True,W,44,44,2025020669,20252026,2026-01-06
home,2,NYI,8479496,D. Rittich,33,0/0,0/0,0/0,0/0,,0,0,0,0,0,00:00,False,,0,0,2025020669,20252026,2026-01-06
away,24,ANA,8480843,L. Dostal,1,13/16,18/19,3/3,34/38,0.8947,3,1,0,0,4,59:20,True,L,38,34,2025020670,20252026,2026-01-06
away,24,ANA,8478024,V. Husso,33,0/0,0/0,0/0,0/0,,0,0,0,0,0,00:00,False,,0,0,2025020670,20252026,2026-01-06
home,4,PHI,8481035,S. Ersson,33,0/0,0/0,0/0,0/0,,0,0,0,0,0,00:00,False,,0,0,2025020670,20252026,2026-01-06
home,4,PHI,8478435,D. Vladar,80,13/13,1/3,2/2,16/18,0.8889,0,2,0,0,2,59:52,True,W,18,16,2025020670,20252026,2026-01-06
away,25,DAL,8479193,C. DeSmith,1,13/14,3/3,1/1,17/18,0.9444,1,0,0,0,1,32:56,False,,18,17,2025020671,20252026,2026-01-06
away,25,DAL,8479979,J. Oettinger,29,10/13,0/2,0/0,10/15,0.6667,3,2,0,0,5,26:59,True,L,15,10,2025020671,20252026,2026-01-06
home,12,CAR,8475883,F. Andersen,31,0/0,0/0,0/0,0/0,,0,0,0,0,0,00:00,False,,0,0,2025020671,20252026,2026-01-06
home,12,CAR,8483548,B. Bussi,32,18/19,3/4,0/0,21/23,0.913,1,2,0,0,3,59:41,True,W,23,21,2025020671,20252026,2026-01-06
away,13,FLA,8480193,D. Tarasov,40,0/0,0/0,0/0,0/0,,0,0,0,0,0,00:00,False,,0,0,2025020672,20252026,2026-01-06
away,13,FLA,8475683,S. Bobrovsky,72,13/16,5/5,1/1,19/22,0.8636,3,0,0,0,3,56:06,True,L,22,19,2025020672,20252026,2026-01-06
home,10,TOR,8483710,D. Hildeby,35,0/0,0/0,0/0,0/0,,0,0,0,0,0,00:00,False,,0,0,2025020672,20252026,2026-01-06
home,10,TOR,8479361,J. Woll,60,27/28,3/3,1/1,31/32,0.9688,1,0,0,0,1,60:00,True,W,32,31,2025020672,20252026,2026-01-06
away,54,VGK,8481033,A. Schmid,40,0/0,0/0,0/0,0/0,,0,0,0,0,0,00:00,False,,0,0,2025020673,20252026,2026-01-06
away,54,VGK,8479394,C. Hart,79,15/18,2/2,0/0,17/20,0.85,3,0,0,0,3,64:47,True,W,20,17,2025020673,20252026,2026-01-06
home,52,WPG,8477480,E. Comrie,1,0/0,0/0,0/0,0/0,,0,0,0,0,0,00:00,False,,0,0,2025020673,20252026,2026-01-06
home,52,WPG,8476945,C. Hellebuyck,37,25/27,1/3,1/1,27/31,0.871,2,2,0,0,4,64:47,True,O,31,27,2025020673,20252026,2026-01-06
away,18,NSH,8481020,J. Annunen,29,0/0,0/0,0/0,0/0,,0,0,0,0,0,00:00,False,,0,0,2025020674,20252026,2026-01-06
away,18,NSH,8477424,J. Saros,74,31/36,3/4,3/3,37/43,0.8605,5,1,0,0,6,60:00,True,L,43,37,2025020674,20252026,2026-01-06
home,22,EDM,8475717,C. Pickard,30,0/0,0/0,0/0,0/0,,0,0,0,0,0,00:00,False,,0,0,2025020674,20252026,2026-01-06
home,22,EDM,8478971,C. Ingram,39,22/24,1/1,1/1,24/26,0.9231,2,0,0,0,2,59:55,True,W,26,24,2025020674,20252026,2026-01-06
away,29,CBJ,8482982,J. Greaves,73,20/22,10/11,1/1,31/34,0.9118,2,1,0,0,3,59:11,True,L,34,31,2025020675,20252026,2026-01-06
away,29,CBJ,8478007,E. Merzlikins,90,0/0,0/0,0/0,0/0,,0,0,0,0,0,00:00,False,,0,0,2025020675,20252026,2026-01-06
home,28,SJS,8482137,Y. Askarov,30,0/0,0/0,0/0,0/0,,0,0,0,0,0,00:00,False,,0,0,2025020675,20252026,2026-01-06
home,28,SJS,8477968,A. Nedeljkovic,33,29/31,5/5,0/0,34/36,0.9444,2,0,0,0,2,59:53,True,W,36,34,2025020675,20252026,2026-01-06
away,6,BOS,8480280,J. Swayman,1,17/20,2/5,1/1,20/26,0.7692,3,3,0,2,6,58:03,True,L,26,20,2025020676,20252026,2026-01-06
away,6,BOS,8476914,J. Korpisalo,70,0/0,0/0,0/0,0/0,,0,0,0,0,0,00:00,False,,0,0,2025020676,20252026,2026-01-06
home,55,SEA,8475831,P. Grubauer,31,0/0,0/0,0/0,0/0,,0,0,0,0,0,00:00,False,,0,0,2025020676,20252026,2026-01-06
home,55,SEA,8478916,J. Daccord,35,27/30,5/6,0/0,32/36,0.8889,3,1,0,2,4,60:00,True,W,36,32,2025020676,20252026,2026-01-06
away,25,DAL,8479193,C. DeSmith,1,23/24,0/0,0/0,23/24,0.9583,1,0,0,0,1,60:00,True,W,24,23,2025020677,20252026,2026-01-07
away,25,DAL,8479979,J. Oettinger,29,0/0,0/0,0/0,0/0,,0,0,0,0,0,00:00,False,,0,0,2025020677,20252026,2026-01-07
home,15,WSH,8480313,L. Thompson,48,23/25,7/7,2/3,32/35,0.9143,2,0,1,0,3,58:02,True,L,35,32,2025020677,20252026,2026-01-07
home,15,WSH,8479292,C. Lindgren,79,0/0,0/0,0/0,0/0,,0,0,0,0,0,00:00,False,,0,0,2025020677,20252026,2026-01-07
away,20,CGY,8482445,D. Cooley,1,0/0,0/0,0/0,0/0,,0,0,0,0,0,00:00,False,,0,0,2025020678,20252026,2026-01-07
away,20,CGY,8481692,D. Wolf,32,30/34,1/1,1/1,32/36,0.8889,4,0,0,0,4,59:40,True,L,36,32,2025020678,20252026,2026-01-07
home,8,MTL,8484170,J. Fowler,32,24/25,4/4,0/0,28/29,0.9655,1,0,0,0,1,60:00,True,W,29,28,2025020678,20252026,2026-01-07
home,8,MTL,8482487,J. Dobes,75,0/0,0/0,0/0,0/0,,0,0,0,0,0,00:00,False,,0,0,2025020678,20252026,2026-01-07
away,19,STL,8480981,J. Hofer,30,0/0,0/0,0/0,0/0,,0,0,0,0,0,00:00,False,,0,0,2025020679,20252026,2026-01-07
away,19,STL,8476412,J. Binnington,50,21/25,7/10,0/0,28/35,0.8,4,3,0,2,7,59:56,True,L,35,28,2025020679,20252026,2026-01-07
home,16,CHI,8481519,S. Knight,30,19/22,6/6,2/2,27/30,0.9,3,0,0,0,3,59:26,True,W,30,27,2025020679,20252026,2026-01-07
home,16,CHI,8482821,A. Soderblom,40,0/0,0/0,0/0,0/0,,0,0,0,0,0,00:00,False,,0,0,2025020679,20252026,2026-01-07
away,9,OTT,8482447,L. Meriläinen,1,16/19,2/2,0/0,18/21,0.8571,3,0,0,0,3,57:34,True,L,21,18,2025020680,20252026,2026-01-07
away,9,OTT,8481544,M. Sogaard,40,0/0,0/0,0/0,0/0,,0,0,0,0,0,00:00,False,,0,0,2025020680,20252026,2026-01-07
home,68,UTA,8477970,V. Vanecek,41,0/0,0/0,0/0,0/0,,0,0,0,0,0,00:00,False,,0,0,2025020680,20252026,2026-01-07
home,68,UTA,8478872,K. Vejmelka,70,22/23,6/6,4/4,32/33,0.9697,1,0,0,0,1,60:00,True,W,33,32,2025020680,20252026,2026-01-07
away,28,SJS,8482137,Y. Askarov,30,21/24,2/2,0/0,23/26,0.8846,3,0,0,0,3,62:21,True,W,26,23,2025020681,20252026,2026-01-07
away,28,SJS,8477968,A. Nedeljkovic,33,0/0,0/0,0/0,0/0,,0,0,0,0,0,00:00,False,,0,0,2025020681,20252026,2026-01-07
home,26,LAK,8476341,A. Forsberg,31,0/0,0/0,0/0,0/0,,0,0,0,0,0,00:00,False,,0,0,2025020681,20252026,2026-01-07
home,26,LAK,8475311,D. Kuemper,35,16/18,8/10,0/0,24/28,0.8571,2,2,0,0,4,63:05,True,O,28,24,2025020681,20252026,2026-01-07
away,20,CGY,8482445,D. Cooley,1,0/0,0/0,0/0,0/0,,0,0,0,0,0,00:00,False,,0,0,2025020682,20252026,2026-01-08
away,20,CGY,8481692,D. Wolf,32,24/28,1/1,1/1,26/30,0.8667,4,0,0,0,4,60:00,True,L,30,26,2025020682,20252026,2026-01-08
home,6,BOS,8480280,J. Swayman,1,0/0,0/0,0/0,0/0,,0,0,0,0,0,00:00,False,,0,0,2025020682,20252026,2026-01-08
home,6,BOS,8476914,J. Korpisalo,70,23/24,2/2,3/3,28/29,0.9655,1,0,0,0,1,60:00,True,W,29,28,2025020682,20252026,2026-01-08
away,13,FLA,8480193,D. Tarasov,40,0/0,0/0,0/0,0/0,,0,0,0,0,0,00:00,False,,0,0,2025020683,20252026,2026-01-08
away,13,FLA,8475683,S. Bobrovsky,72,7/12,5/5,2/2,14/19,0.7368,5,0,0,0,5,58:49,True,L,19,14,2025020683,20252026,2026-01-08
home,8,MTL,8478470,S. Montembeault,35,21/23,4/4,0/0,25/27,0.9259,2,0,0,0,2,60:00,True,W,27,25,2025020683,20252026,2026-01-08
home,8,MTL,8482487,J. Dobes,75,0/0,0/0,0/0,0/0,,0,0,0,0,0,00:00,False,,0,0,2025020683,20252026,2026-01-08
away,23,VAN,8480947,K. Lankinen,32,16/19,3/4,1/1,20/24,0.8333,3,1,0,0,4,58:39,True,L,24,20,2025020684,20252026,2026-01-08
away,23,VAN,8477967,T. Demko,35,0/0,0/0,0/0,0/0,,0,0,0,0,0,00:00,False,,0,0,2025020684,20252026,2026-01-08
home,17,DET,8476434,J. Gibson,36,20/20,1/2,2/2,23/24,0.9583,0,1,0,0,1,60:00,True,W,24,23,2025020684,20252026,2026-01-08
home,17,DET,8475660,C. Talbot,39,0/0,0/0,0/0,0/0,,0,0,0,0,0,00:00,False,,0,0,2025020684,20252026,2026-01-08
away,7,BUF,8480045,U. Luukkonen,1,0/0,0/0,0/0,0/0,,0,0,0,0,0,00:00,False,,0,0,2025020685,20252026,2026-01-08
away,7,BUF,8481551,C. Ellis,92,23/25,7/7,0/0,30/32,0.9375,2,0,0,0,2,60:00,True,W,32,30,2025020685,20252026,2026-01-08
home,3,NYR,8471734,J. Quick,32,11/13,5/6,0/1,16/20,0.8,2,1,1,0,4,58:25,True,L,20,16,2025020685,20252026,2026-01-08
home,3,NYR,8477484,S. Martin,41,0/0,0/0,0/0,0/0,,0,0,0,0,0,00:00,False,,0,0,2025020685,20252026,2026-01-08
away,10,TOR,8483710,D. Hildeby,35,16/17,6/6,0/0,22/23,0.9565,1,0,0,0,1,62:41,True,W,23,22,2025020686,20252026,2026-01-08
away,10,TOR,8479361,J. Woll,60,0/0,0/0,0/0,0/0,,0,0,0,0,0,00:00,False,,0,0,2025020686,20252026,2026-01-08
home,4,PHI,8481035,S. Ersson,33,0/0,0/0,0/0,0/0,,0,0,0,0,0,00:00,False,,0,0,2025020686,20252026,2026-01-08
home,4,PHI,8478435,D. Vladar,80,19/20,1/1,1/2,21/23,0.913,1,0,1,0,2,62:33,True,O,23,21,2025020686,20252026,2026-01-08
away,1,NJD,8474593,J. Markstrom,25,0/0,0/0,0/0,0/0,,0,0,0,0,0,00:00,False,,0,0,2025020687,20252026,2026-01-08
away,1,NJD,8474596,J. Allen,34,20/23,5/6,0/0,25/29,0.8621,3,1,0,0,4,59:57,True,L,29,25,2025020687,20252026,2026-01-08
home,5,PIT,8481668,A. Silovs,37,0/0,0/0,0/0,0/0,,0,0,0,0,0,00:00,False,,0,0,2025020687,20252026,2026-01-08
home,5,PIT,8479973,S. Skinner,74,23/23,5/6,0/0,28/29,0.9655,0,1,0,0,1,60:00,True,W,29,28,2025020687,20252026,2026-01-08
away,24,ANA,8480843,L. Dostal,1,0/0,0/0,0/0,0/0,,0,0,0,0,0,00:00,False,,0,0,2025020688,20252026,2026-01-08
away,24,ANA,8478024,V. Husso,33,26/30,1/1,3/3,30/34,0.8824,4,0,0,0,4,59:49,True,L,34,30,2025020688,20252026,2026-01-08
home,12,CAR,8475883,F. Andersen,31,9/11,1/1,1/1,11/13,0.8462,2,0,0,0,2,59:30,True,W,13,11,2025020688,20252026,2026-01-08
home,12,CAR,8483548,B. Bussi,32,0/0,0/0,0/0,0/0,,0,0,0,0,0,00:00,False,,0,0,2025020688,20252026,2026-01-08
away,2,NYI,8478009,I. Sorokin,30,0/0,0/0,0/0,0/0,,0,0,0,0,0,00:00,False,,0,0,2025020689,20252026,2026-01-08
away,2,NYI,8479496,D. Rittich,33,22/22,1/1,3/4,26/27,0.963,0,0,1,0,1,65:00,True,O,27,26,2025020689,20252026,2026-01-08
home,18,NSH,8481020,J. Annunen,29,0/0,0/0,0/0,0/0,,0,0,0,0,0,00:00,False,,0,0,2025020689,20252026,2026-01-08
home,18,NSH,8477424,J. Saros,74,27/28,3/3,0/0,30/31,0.9677,1,0,0,0,1,65:00,True,W,31,30,2025020689,20252026,2026-01-08
away,22,EDM,8475717,C. Pickard,30,11/14,2/2,0/0,13/16,0.8125,3,0,0,0,3,60:00,True,W,16,13,2025020690,20252026,2026-01-08
away,22,EDM,8478971,C. Ingram,39,0/0,0/0,0/0,0/0,,0,0,0,0,0,00:00,False,,0,0,2025020690,20252026,2026-01-08
home,52,WPG,8477480,E. Comrie,1,0/0,0/0,0/0,0/0,,0,0,0,0,0,00:00,False,,0,0,2025020690,20252026,2026-01-08
home,52,WPG,8476945,C. Hellebuyck,37,24/27,2/3,0/0,26/30,0.8667,3,1,0,0,4,57:46,True,L,30,26,2025020690,20252026,2026-01-08
away,9,OTT,8482447,L. Meriläinen,1,9/12,5/5,1/1,15/18,0.8333,3,0,0,0,3,42:35,True,L,18,15,2025020691,20252026,2026-01-08
away,9,OTT,8481544,M. Sogaard,40,9/12,2/4,0/0,11/16,0.6875,3,2,0,0,5,17:25,False,,16,11,2025020691,20252026,2026-01-08
home,21,COL,8475809,S. Wedgewood,41,25/26,3/3,1/2,29/31,0.9355,1,0,1,0,2,60:00,True,W,31,29,2025020691,20252026,2026-01-08
home,21,COL,8481529,T. Miner,50,0/0,0/0,0/0,0/0,,0,0,0,0,0,00:00,False,,0,0,2025020691,20252026,2026-01-08
away,29,CBJ,8482982,J. Greaves,73,16/20,5/6,0/0,21/26,0.8077,4,1,0,0,5,56:48,True,L,26,21,2025020692,20252026,2026-01-08
away,29,CBJ,8478007,E. Merzlikins,90,0/0,0/0,0/0,0/0,,0,0,0,0,0,00:00,False,,0,0,2025020692,20252026,2026-01-08
home,54,VGK,8481033,A. Schmid,40,20/22,2/2,0/0,22/24,0.9167,2,0,0,0,2,51:29,False,W,24,22,2025020692,20252026,2026-01-08
home,54,VGK,8479394,C. Hart,79,0/1,0/0,0/0,0/1,0.0,1,0,0,0,1,08:24,True,,1,0,2025020692,20252026,2026-01-08
away,30,MIN,8482661,J. Wallstedt,30,18/19,8/9,0/0,26/28,0.9286,1,1,0,0,2,62:09,True,W,28,26,2025020693,20252026,2026-01-08
away,30,MIN,8479406,F. Gustavsson,32,0/0,0/0,0/0,0/0,,0,0,0,0,0,00:00,False,,0,0,2025020693,20252026,2026-01-08
home,55,SEA,8475831,P. Grubauer,31,27/30,0/0,4/4,31/34,0.9118,3,0,0,0,3,62:09,True,O,34,31,2025020693,20252026,2026-01-08
home,55,SEA,8478916,J. Daccord,35,0/0,0/0,0/0,0/0,,0,0,0,0,0,00:00,False,,0,0,2025020693,20252026,2026-01-08
away,15,WSH,8480313,L. Thompson,48,16/16,7/8,0/0,23/24,0.9583,0,1,0,0,1,60:00,True,W,24,23,2025020694,20252026,2026-01-09
away,15,WSH,8479292,C. Lindgren,79,0/0,0/0,0/0,0/0,,0,0,0,0,0,00:00,False,,0,0,2025020694,20252026,2026-01-09
home,16,CHI,8482123,D. Commesso,33,14/19,3/3,2/2,19/24,0.7917,5,0,0,0,5,60:00,True,L,24,19,2025020694,20252026,2026-01-09
home,16,CHI,8483203,D. Nozzolillo,40,0/0,0/0,0/0,0/0,,0,0,0,0,0,00:00,False,,0,0,2025020694,20252026,2026-01-09
away,26,LAK,8476341,A. Forsberg,31,4/4,0/0,0/0,4/4,1.0,0,0,0,0,0,20:00,False,,4,4,2025020695,20252026,2026-01-09
away,26,LAK,8475311,D. Kuemper,35,8/12,3/4,0/0,11/16,0.6875,4,1,0,0,5,40:00,True,L,16,11,2025020695,20252026,2026-01-09
home,52,WPG,8477480,E. Comrie,1,21/22,2/2,0/0,23/24,0.9583,1,0,0,0,1,60:00,True,W,24,23,2025020695,20252026,2026-01-09
home,52,WPG,8476945,C. Hellebuyck,37,0/0,0/0,0/0,0/0,,0,0,0,0,0,00:00,False,,0,0,2025020695,20252026,2026-01-09
away,19,STL,8480981,J. Hofer,30,15/18,4/5,0/0,19/23,0.8261,3,1,0,0,4,56:28,True,L,23,19,2025020696,20252026,2026-01-09
away,19,STL,8476412,J. Binnington,50,0/0,0/0,0/0,0/0,,0,0,0,0,0,00:00,False,,0,0,2025020696,20252026,2026-01-09
home,68,UTA,8477970,V. Vanecek,41,0/0,0/0,0/0,0/0,,0,0,0,0,0,00:00,False,,0,0,2025020696,20252026,2026-01-09
home,68,UTA,8478872,K. Vejmelka,70,23/25,3/3,0/0,26/28,0.9286,2,0,0,0,2,60:00,True,W,28,26,2025020696,20252026,2026-01-09
away,3,NYR,8471734,J. Quick,32,12/17,2/3,0/0,14/20,0.7,5,1,0,0,6,31:26,True,L,20,14,2025020697,20252026,2026-01-10
away,3,NYR,8477484,S. Martin,41,7/11,2/2,1/1,10/14,0.7143,4,0,0,0,4,28:34,False,,14,10,2025020697,20252026,2026-01-10
home,6,BOS,8480280,J. Swayman,1,24/25,2/3,1/1,27/29,0.931,1,1,0,0,2,60:00,True,W,29,27,2025020697,20252026,2026-01-10
home,6,BOS,8476914,J. Korpisalo,70,0/0,0/0,0/0,0/0,,0,0,0,0,0,00:00,False,,0,0,2025020697,20252026,2026-01-10
away,20,CGY,8482445,D. Cooley,1,24/25,3/3,0/0,27/28,0.9643,1,0,0,0,1,59:48,True,W,28,27,2025020698,20252026,2026-01-10
away,20,CGY,8481692,D. Wolf,32,0/0,0/0,0/0,0/0,,0,0,0,0,0,00:00,False,,0,0,2025020698,20252026,2026-01-10
home,5,PIT,8481668,A. Silovs,37,20/22,1/1,2/2,23/25,0.92,2,0,0,0,2,57:53,True,L,25,23,2025020698,20252026,2026-01-10
home,5,PIT,8479973,S. Skinner,74,0/0,0/0,0/0,0/0,,0,0,0,0,0,00:00,False,,0,0,2025020698,20252026,2026-01-10
away,29,CBJ,8482982,J. Greaves,73,0/0,0/0,0/0,0/0,,0,0,0,0,0,00:00,False,,0,0,2025020699,20252026,2026-01-10
away,29,CBJ,8478007,E. Merzlikins,90,22/26,5/5,0/0,27/31,0.871,4,0,0,0,4,60:00,True,L,31,27,2025020699,20252026,2026-01-10
home,21,COL,8475809,S. Wedgewood,41,0/0,0/0,0/0,0/0,,0,0,0,0,0,00:00,False,,0,0,2025020699,20252026,2026-01-10
home,21,COL,8481529,T. Miner,50,27/27,2/2,0/0,29/29,1.0,0,0,0,0,0,59:53,True,W,29,29,2025020699,20252026,2026-01-10
away,25,DAL,8479193,C. DeSmith,1,22/23,4/8,0/0,26/31,0.8387,1,4,0,0,5,61:53,True,O,31,26,2025020700,20252026,2026-01-10
away,25,DAL,8479979,J. Oettinger,29,0/0,0/0,0/0,0/0,,0,0,0,0,0,00:00,False,,0,0,2025020700,20252026,2026-01-10
home,28,SJS,8482137,Y. Askarov,30,0/0,0/0,0/0,0/0,,0,0,0,0,0,00:00,False,,0,0,2025020700,20252026,2026-01-10
home,28,SJS,8477968,A. Nedeljkovic,33,13/17,2/2,1/1,16/20,0.8,4,0,0,0,4,61:58,True,W,20,16,2025020700,20252026,2026-01-10
away,24,ANA,8480843,L. Dostal,1,22/26,3/3,2/2,27/31,0.871,4,0,0,0,4,58:46,True,L,31,27,2025020701,20252026,2026-01-10
away,24,ANA,8478024,V. Husso,33,0/0,0/0,0/0,0/0,,0,0,0,0,0,00:00,False,,0,0,2025020701,20252026,2026-01-10
home,7,BUF,8480045,U. Luukkonen,1,28/31,5/5,0/0,33/36,0.9167,3,0,0,0,3,60:00,True,W,36,33,2025020701,20252026,2026-01-10
home,7,BUF,8481551,C. Ellis,92,0/0,0/0,0/0,0/0,,0,0,0,0,0,00:00,False,,0,0,2025020701,20252026,2026-01-10
away,23,VAN,8480947,K. Lankinen,32,10/11,3/4,3/3,16/18,0.8889,1,1,0,0,2,40:00,False,,18,16,2025020702,20252026,2026-01-10
away,23,VAN,8477967,T. Demko,35,3/5,0/1,0/0,3/6,0.5,2,1,0,0,3,20:00,True,L,6,3,2025020702,20252026,2026-01-10
home,10,TOR,8483710,D. Hildeby,35,0/0,0/0,0/0,0/0,,0,0,0,0,0,00:00,False,,0,0,2025020702,20252026,2026-01-10
home,10,TOR,8479361,J. Woll,60,20/20,9/9,0/0,29/29,1.0,0,0,0,0,0,60:00,True,W,29,29,2025020702,20252026,2026-01-10
away,17,DET,8476434,J. Gibson,36,23/23,3/3,1/1,27/27,1.0,0,0,0,0,0,60:00,True,W,27,27,2025020703,20252026,2026-01-10
away,17,DET,8475660,C. Talbot,39,0/0,0/0,0/0,0/0,,0,0,0,0,0,00:00,False,,0,0,2025020703,20252026,2026-01-10
home,8,MTL,8484170,J. Fowler,32,15/17,5/6,0/0,20/23,0.8696,2,1,0,0,3,56:32,True,L,23,20,2025020703,20252026,2026-01-10
home,8,MTL,8482487,J. Dobes,75,0/0,0/0,0/0,0/0,,0,0,0,0,0,00:00,False,,0,0,2025020703,20252026,2026-01-10
away,13,FLA,8480193,D. Tarasov,40,0/0,0/0,0/0,0/0,,0,0,0,0,0,00:00,False,,0,0,2025020704,20252026,2026-01-10
away,13,FLA,8475683,S. Bobrovsky,72,12/14,4/4,1/1,17/19,0.8947,2,0,0,0,2,60:00,True,W,19,17,2025020704,20252026,2026-01-10
home,9,OTT,8482447,L. Meriläinen,1,14/15,3/5,1/1,18/21,0.8571,1,2,0,0,3,57:48,True,L,21,18,2025020704,20252026,2026-01-10
home,9,OTT,8482411,H. Shepard,31,0/0,0/0,0/0,0/0,,0,0,0,0,0,00:00,False,,0,0,2025020704,20252026,2026-01-10
away,14,TBL,8477992,J. Johansson,31,0/0,0/0,0/0,0/0,,0,0,0,0,0,00:00,False,,0,0,2025020705,20252026,2026-01-10
away,14,TBL,8476883,A. Vasilevskiy,88,13/14,3/4,2/2,18/20,0.9,1,1,0,0,2,60:00,True,W,20,18,2025020705,20252026,2026-01-10
home,4,PHI,8481035,S. Ersson,33,15/22,1/1,0/0,16/23,0.6957,7,0,0,0,7,60:00,True,L,23,16,2025020705,20252026,2026-01-10
home,4,PHI,8478435,D. Vladar,80,0/0,0/0,0/0,0/0,,0,0,0,0,0,00:00,False,,0,0,2025020705,20252026,2026-01-10
away,55,SEA,8475831,P. Grubauer,31,0/0,0/0,0/0,0/0,,0,0,0,0,0,00:00,False,,0,0,2025020706,20252026,2026-01-10
away,55,SEA,8478916,J. Daccord,35,32/35,1/1,0/0,33/36,0.9167,3,0,0,0,3,58:34,True,L,36,33,2025020706,20252026,2026-01-10
home,12,CAR,8475883,F. Andersen,31,0/0,0/0,0/0,0/0,,0,0,0,0,0,00:00,False,,0,0,2025020706,20252026,2026-01-10
home,12,CAR,8483548,B. Bussi,32,10/12,0/0,0/0,10/12,0.8333,2,0,0,0,2,60:00,True,W,12,10,2025020706,20252026,2026-01-10
away,16,CHI,8485729,S. Berezhnoy,31,0/0,0/0,0/0,0/0,,0,0,0,0,0,00:00,False,,0,0,2025020707,20252026,2026-01-10
away,16,CHI,8482123,D. Commesso,33,32/32,4/4,0/0,36/36,1.0,0,0,0,0,0,60:00,True,W,36,36,2025020707,20252026,2026-01-10
home,18,NSH,8481020,J. Annunen,29,0/0,0/0,0/0,0/0,,0,0,0,0,0,00:00,False,,0,0,2025020707,20252026,2026-01-10
home,18,NSH,8477424,J. Saros,74,15/16,3/4,0/0,18/20,0.9,1,1,0,0,2,56:51,True,L,20,18,2025020707,20252026,2026-01-10
away,2,NYI,8478009,I. Sorokin,30,28/30,4/5,1/1,33/36,0.9167,2,1,0,0,3,61:14,True,W,36,33,2025020708,20252026,2026-01-10
away,2,NYI,8479496,D. Rittich,33,0/0,0/0,0/0,0/0,,0,0,0,0,0,00:00,False,,0,0,2025020708,20252026,2026-01-10
home,30,MIN,8482661,J. Wallstedt,30,0/0,0/0,0/0,0/0,,0,0,0,0,0,00:00,False,,0,0,2025020708,20252026,2026-01-10
home,30,MIN,8479406,F. Gustavsson,32,22/24,1/1,1/2,24/27,0.8889,3,0,1,0,4,61:06,True,O,27,24,2025020708,20252026,2026-01-10
away,26,LAK,8476341,A. Forsberg,31,20/22,3/4,0/0,23/26,0.8846,2,1,0,0,3,65:00,True,W,26,23,2025020709,20252026,2026-01-10
away,26,LAK,8475311,D. Kuemper,35,0/0,0/0,0/0,0/0,,0,0,0,0,0,00:00,False,,0,0,2025020709,20252026,2026-01-10
home,22,EDM,8475717,C. Pickard,30,0/0,0/0,0/0,0/0,,0,0,0,0,0,00:00,False,,0,0,2025020709,20252026,2026-01-10
home,22,EDM,8478971,C. Ingram,39,22/24,2/3,3/3,27/30,0.9,2,1,0,0,3,65:00,True,O,30,27,2025020709,20252026,2026-01-10
away,19,STL,8480981,J. Hofer,30,0/0,0/0,0/0,0/0,,0,0,0,0,0,00:00,False,,0,0,2025020710,20252026,2026-01-10
away,19,STL,8476412,J. Binnington,50,20/23,1/1,0/0,21/24,0.875,3,0,0,0,3,58:55,True,L,24,21,2025020710,20252026,2026-01-10
home,54,VGK,8482761,C. Lindbom,30,0/0,0/0,0/0,0/0,,0,0,0,0,0,00:00,False,,0,0,2025020710,20252026,2026-01-10
home,54,VGK,8481033,A. Schmid,40,17/18,0/1,0/0,17/19,0.8947,1,1,0,0,2,60:00,True,W,19,17,2025020710,20252026,2026-01-10
away,1,NJD,8474593,J. Markstrom,25,0/0,0/0,0/0,0/0,,0,0,0,0,0,00:00,False,,0,0,2025020711,20252026,2026-01-11
away,1,NJD,8474596,J. Allen,34,17/21,1/1,0/0,18/22,0.8182,4,0,0,0,4,58:09,True,L,22,18,2025020711,20252026,2026-01-11
home,52,WPG,8477480,E. Comrie,1,0/0,0/0,0/0,0/0,,0,0,0,0,0,00:00,False,,0,0,2025020711,20252026,2026-01-11
home,52,WPG,8476945,C. Hellebuyck,37,23/26,1/1,0/0,24/27,0.8889,3,0,0,0,3,60:00,True,W,27,24,2025020711,20252026,2026-01-11
away,5,PIT,8481668,A. Silovs,37,0/0,0/0,0/0,0/0,,0,0,0,0,0,00:00,False,,0,0,2025020712,20252026,2026-01-11
away,5,PIT,8479973,S. Skinner,74,14/15,3/3,1/1,18/19,0.9474,1,0,0,0,1,58:27,True,L,19,18,2025020712,20252026,2026-01-11
home,6,BOS,8480280,J. Swayman,1,0/0,0/0,0/0,0/0,,0,0,0,0,0,00:00,False,,0,0,2025020712,20252026,2026-01-11
home,6,BOS,8476914,J. Korpisalo,70,26/26,1/1,0/0,27/27,1.0,0,0,0,0,0,60:00,True,W,27,27,2025020712,20252026,2026-01-11
away,15,WSH,8480313,L. Thompson,48,0/0,0/0,0/0,0/0,,0,0,0,0,0,00:00,False,,0,0,2025020713,20252026,2026-01-11
away,15,WSH,8479292,C. Lindgren,79,14/15,4/6,0/0,18/21,0.8571,1,2,0,0,3,58:09,True,L,21,18,2025020713,20252026,2026-01-11
home,18,NSH,8481020,J. Annunen,29,22/22,4/6,4/4,30/32,0.9375,0,2,0,0,2,60:00,True,W,32,30,2025020713,20252026,2026-01-11
home,18,NSH,8477424,J. Saros,74,0/0,0/0,0/0,0/0,,0,0,0,0,0,00:00,False,,0,0,2025020713,20252026,2026-01-11
away,29,CBJ,8482982,J. Greaves,73,21/23,3/3,1/1,25/27,0.9259,2,0,0,0,2,61:01,True,W,27,25,2025020714,20252026,2026-01-11
away,29,CBJ,8478007,E. Merzlikins,90,0/0,0/0,0/0,0/0,,0,0,0,0,0,00:00,False,,0,0,2025020714,20252026,2026-01-11
home,68,UTA,8477970,V. Vanecek,41,29/30,4/6,0/0,33/36,0.9167,1,2,0,0,3,61:01,True,O,36,33,2025020714,20252026,2026-01-11
home,68,UTA,8478872,K. Vejmelka,70,0/0,0/0,0/0,0/0,,0,0,0,0,0,00:00,False,,0,0,2025020714,20252026,2026-01-11
away,54,VGK,8482761,C. Lindbom,30,12/14,6/6,0/0,18/20,0.9,2,0,0,0,2,59:57,True,W,20,18,2025020715,20252026,2026-01-11
away,54,VGK,8481033,A. Schmid,40,0/0,0/0,0/0,0/0,,0,0,0,0,0,00:00,False,,0,0,2025020715,20252026,2026-01-11
home,28,SJS,8482137,Y. Askarov,30,18/22,6/8,1/1,25/31,0.8065,4,2,0,0,6,58:49,True,L,31,25,2025020715,20252026,2026-01-11
home,28,SJS,8477968,A. Nedeljkovic,33,0/0,0/0,0/0,0/0,,0,0,0,0,0,00:00,False,,0,0,2025020715,20252026,2026-01-11
away,13,FLA,8480193,D. Tarasov,40,0/0,0/0,0/0,0/0,,0,0,0,0,0,00:00,False,,0,0,2025020716,20252026,2026-01-12
away,13,FLA,8475683,S. Bobrovsky,72,20/23,0/0,0/0,20/23,0.8696,3,0,0,0,3,59:37,True,W,23,20,2025020716,20252026,2026-01-12
home,7,BUF,8480045,U. Luukkonen,1,0/0,0/0,0/0,0/0,,0,0,0,0,0,00:00,False,,0,0,2025020716,20252026,2026-01-12
home,7,BUF,8481551,C. Ellis,92,26/28,0/1,2/2,28/31,0.9032,2,1,0,0,3,57:28,True,L,31,28,2025020716,20252026,2026-01-12
away,12,CAR,8475883,F. Andersen,31,8/11,3/4,3/3,14/18,0.7778,3,1,0,0,4,63:14,True,O,18,14,2025020717,20252026,2026-01-12
away,12,CAR,8483548,B. Bussi,32,0/0,0/0,0/0,0/0,,0,0,0,0,0,00:00,False,,0,0,2025020717,20252026,2026-01-12
home,17,DET,8476434,J. Gibson,36,25/25,4/6,2/3,31/34,0.9118,0,2,1,0,3,63:27,True,W,34,31,2025020717,20252026,2026-01-12
home,17,DET,8475660,C. Talbot,39,0/0,0/0,0/0,0/0,,0,0,0,0,0,00:00,False,,0,0,2025020717,20252026,2026-01-12
away,55,SEA,8475831,P. Grubauer,31,20/22,0/0,0/0,20/22,0.9091,2,0,0,0,2,60:00,True,W,22,20,2025020718,20252026,2026-01-12
away,55,SEA,8478916,J. Daccord,35,0/0,0/0,0/0,0/0,,0,0,0,0,0,00:00,False,,0,0,2025020718,20252026,2026-01-12
home,3,NYR,8471734,J. Quick,32,22/25,3/3,0/0,25/28,0.8929,3,0,0,0,3,58:08,True,L,28,25,2025020718,20252026,2026-01-12
home,3,NYR,8477484,S. Martin,41,0/0,0/0,0/0,0/0,,0,0,0,0,0,00:00,False,,0,0,2025020718,20252026,2026-01-12
away,14,TBL,8477992,J. Johansson,31,20/21,0/0,0/0,20/21,0.9524,1,0,0,0,1,59:13,True,W,21,20,2025020719,20252026,2026-01-12
away,14,TBL,8476883,A. Vasilevskiy,88,0/0,0/0,0/0,0/0,,0,0,0,0,0,00:00,False,,0,0,2025020719,20252026,2026-01-12
home,4,PHI,8481035,S. Ersson,33,0/0,0/0,0/0,0/0,,0,0,0,0,0,00:00,False,,0,0,2025020719,20252026,2026-01-12
home,4,PHI,8478435,D. Vladar,80,13/15,7/9,1/1,21/25,0.84,2,2,0,0,4,57:41,True,L,25,21,2025020719,20252026,2026-01-12
away,23,VAN,8480947,K. Lankinen,32,0/0,0/0,0/0,0/0,,0,0,0,0,0,00:00,False,,0,0,2025020720,20252026,2026-01-12
away,23,VAN,8484268,N. Tolopilo,60,35/40,0/1,0/0,35/41,0.8537,5,1,0,0,6,60:00,True,L,41,35,2025020720,20252026,2026-01-12
home,8,MTL,8484170,J. Fowler,32,0/0,0/0,0/0,0/0,,0,0,0,0,0,00:00,False,,0,0,2025020720,20252026,2026-01-12
home,8,MTL,8482487,J. Dobes,75,15/18,5/5,0/0,20/23,0.8696,3,0,0,0,3,60:00,True,W,23,20,2025020720,20252026,2026-01-12
away,1,NJD,8474593,J. Markstrom,25,18/19,3/4,0/0,21/23,0.913,1,1,0,0,2,59:47,True,W,23,21,2025020721,20252026,2026-01-12
away,1,NJD,8474596,J. Allen,34,0/0,0/0,0/0,0/0,,0,0,0,0,0,00:00,False,,0,0,2025020721,20252026,2026-01-12
home,30,MIN,8482661,J. Wallstedt,30,19/24,5/5,0/0,24/29,0.8276,5,0,0,0,5,60:00,True,L,29,24,2025020721,20252026,2026-01-12
home,30,MIN,8479406,F. Gustavsson,32,0/0,0/0,0/0,0/0,,0,0,0,0,0,00:00,False,,0,0,2025020721,20252026,2026-01-12
away,22,EDM,8475717,C. Pickard,30,0/0,0/0,0/0,0/0,,0,0,0,0,0,00:00,False,,0,0,2025020722,20252026,2026-01-12
away,22,EDM,8478971,C. Ingram,39,25/26,4/4,0/0,29/30,0.9667,1,0,0,0,1,60:00,True,W,30,29,2025020722,20252026,2026-01-12
home,16,CHI,8481519,S. Knight,30,33/36,0/0,0/0,33/36,0.9167,3,0,0,0,3,59:25,True,L,36,33,2025020722,20252026,2026-01-12
home,16,CHI,8482821,A. Soderblom,40,0/0,0/0,0/0,0/0,,0,0,0,0,0,00:00,False,,0,0,2025020722,20252026,2026-01-12
away,10,TOR,8483710,D. Hildeby,35,0/0,0/0,0/0,0/0,,0,0,0,0,0,00:00,False,,0,0,2025020723,20252026,2026-01-12
away,10,TOR,8479361,J. Woll,60,28/30,3/4,0/0,31/34,0.9118,2,1,0,0,3,63:06,True,W,34,31,2025020723,20252026,2026-01-12
home,21,COL,8475809,S. Wedgewood,41,0/0,0/0,0/0,0/0,,0,0,0,0,0,00:00,False,,0,0,2025020723,20252026,2026-01-12
home,21,COL,8481529,T. Miner,50,22/25,5/5,1/1,28/31,0.9032,4,0,0,0,4,63:28,True,O,31,28,2025020723,20252026,2026-01-12
away,25,DAL,8479193,C. DeSmith,1,0/0,0/0,0/0,0/0,,0,0,0,0,0,00:00,False,,0,0,2025020724,20252026,2026-01-12
away,25,DAL,8479979,J. Oettinger,29,24/24,0/1,0/0,24/25,0.96,0,1,0,0,1,60:00,True,W,25,24,2025020724,20252026,2026-01-12
home,26,LAK,8476341,A. Forsberg,31,0/0,0/0,0/0,0/0,,0,0,0,0,0,00:00,False,,0,0,2025020724,20252026,2026-01-12
home,26,LAK,8475311,D. Kuemper,35,15/17,0/0,0/0,15/17,0.8824,2,0,0,0,2,58:37,True,L,17,15,2025020724,20252026,2026-01-12
away,23,VAN,8480947,K. Lankinen,32,30/32,7/7,1/1,38/40,0.95,2,0,0,0,2,58:15,True,L,40,38,2025020725,20252026,2026-01-13
away,23,VAN,8484268,N. Tolopilo,60,0/0,0/0,0/0,0/0,,0,0,0,0,0,00:00,False,,0,0,2025020725,20252026,2026-01-13
home,9,OTT,8482447,L. Meriläinen,1,19/20,0/0,0/0,19/20,0.95,1,0,0,0,1,60:00,True,W,20,19,2025020725,20252026,2026-01-13
home,9,OTT,8482411,H. Shepard,31,0/0,0/0,0/0,0/0,,0,0,0,0,0,00:00,False,,0,0,2025020725,20252026,2026-01-13
away,14,TBL,8477992,J. Johansson,31,0/0,0/0,0/0,0/0,,0,0,0,0,0,00:00,False,,0,0,2025020726,20252026,2026-01-13
away,14,TBL,8476883,A. Vasilevskiy,88,20/21,6/6,0/0,26/27,0.963,1,0,0,0,1,64:29,True,W,27,26,2025020726,20252026,2026-01-13
home,5,PIT,8481668,A. Silovs,37,26/27,3/3,1/1,30/31,0.9677,1,0,0,0,1,63:59,True,O,31,30,2025020726,20252026,2026-01-13
home,5,PIT,8479973,S. Skinner,74,0/0,0/0,0/0,0/0,,0,0,0,0,0,00:00,False,,0,0,2025020726,20252026,2026-01-13
away,8,MTL,8478470,S. Montembeault,35,28/31,9/9,2/2,39/42,0.9286,3,0,0,0,3,63:59,True,O,42,39,2025020727,20252026,2026-01-13
away,8,MTL,8482487,J. Dobes,75,0/0,0/0,0/0,0/0,,0,0,0,0,0,00:00,False,,0,0,2025020727,20252026,2026-01-13
home,15,WSH,8480313,L. Thompson,48,12/13,8/8,3/4,23/25,0.92,1,0,1,0,2,63:52,True,W,25,23,2025020727,20252026,2026-01-13
home,15,WSH,8479292,C. Lindgren,79,0/0,0/0,0/0,0/0,,0,0,0,0,0,00:00,False,,0,0,2025020727,20252026,2026-01-13
away,20,CGY,8482445,D. Cooley,1,0/0,0/0,0/0,0/0,,0,0,0,0,0,00:00,False,,0,0,2025020728,20252026,2026-01-13
away,20,CGY,8481692,D. Wolf,32,28/31,10/11,0/0,38/42,0.9048,3,1,0,0,4,58:42,True,L,42,38,2025020728,20252026,2026-01-13
home,29,CBJ,8482982,J. Greaves,73,24/24,5/8,0/0,29/32,0.9062,0,3,0,0,3,60:00,True,W,32,29,2025020728,20252026,2026-01-13
home,29,CBJ,8478007,E. Merzlikins,90,0/0,0/0,0/0,0/0,,0,0,0,0,0,00:00,False,,0,0,2025020728,20252026,2026-01-13
away,17,DET,8476434,J. Gibson,36,0/0,0/0,0/0,0/0,,0,0,0,0,0,00:00,False,,0,0,2025020729,20252026,2026-01-13
away,17,DET,8475660,C. Talbot,39,34/36,3/3,1/1,38/40,0.95,2,0,0,0,2,59:12,True,L,40,38,2025020729,20252026,2026-01-13
home,6,BOS,8480280,J. Swayman,1,22/22,2/2,0/0,24/24,1.0,0,0,0,0,0,59:34,True,W,24,24,2025020729,20252026,2026-01-13
home,6,BOS,8476914,J. Korpisalo,70,0/0,0/0,0/0,0/0,,0,0,0,0,0,00:00,False,,0,0,2025020729,20252026,2026-01-13
away,12,CAR,8475883,F. Andersen,31,0/0,0/0,0/0,0/0,,0,0,0,0,0,00:00,False,,0,0,2025020730,20252026,2026-01-13
away,12,CAR,8483548,B. Bussi,32,25/26,2/3,1/2,28/31,0.9032,1,1,1,0,3,59:02,True,L,31,28,2025020730,20252026,2026-01-13
home,19,STL,8480981,J. Hofer,30,29/29,2/2,2/2,33/33,1.0,0,0,0,0,0,60:00,True,W,33,33,2025020730,20252026,2026-01-13
home,19,STL,8476412,J. Binnington,50,0/0,0/0,0/0,0/0,,0,0,0,0,0,00:00,False,,0,0,2025020730,20252026,2026-01-13
away,22,EDM,8475717,C. Pickard,30,0/0,0/0,0/0,0/0,,0,0,0,0,0,00:00,False,,0,0,2025020731,20252026,2026-01-13
away,22,EDM,8477465,T. Jarry,35,21/25,1/1,1/1,23/27,0.8519,4,0,0,0,4,63:43,True,O,27,23,2025020731,20252026,2026-01-13
home,18,NSH,8481020,J. Annunen,29,0/0,0/0,0/0,0/0,,0,0,0,0,0,00:00,False,,0,0,2025020731,20252026,2026-01-13
home,18,NSH,8477424,J. Saros,74,27/28,1/3,0/0,28/31,0.9032,1,2,0,0,3,63:43,True,W,31,28,2025020731,20252026,2026-01-13
away,2,NYI,8478009,I. Sorokin,30,15/19,2/3,0/0,17/22,0.7727,4,1,0,0,5,56:13,True,L,22,17,2025020732,20252026,2026-01-13
away,2,NYI,8479496,D. Rittich,33,0/0,0/0,0/0,0/0,,0,0,0,0,0,00:00,False,,0,0,2025020732,20252026,2026-01-13
home,52,WPG,8477480,E. Comrie,1,0/0,0/0,0/0,0/0,,0,0,0,0,0,00:00,False,,0,0,2025020732,20252026,2026-01-13
home,52,WPG,8476945,C. Hellebuyck,37,23/27,0/0,0/0,23/27,0.8519,4,0,0,0,4,59:48,True,W,27,23,2025020732,20252026,2026-01-13
away,10,TOR,8483710,D. Hildeby,35,33/39,2/2,0/0,35/41,0.8537,6,0,0,0,6,60:00,True,L,41,35,2025020733,20252026,2026-01-13
away,10,TOR,8479361,J. Woll,60,0/0,0/0,0/0,0/0,,0,0,0,0,0,00:00,False,,0,0,2025020733,20252026,2026-01-13
home,68,UTA,8477970,V. Vanecek,41,0/0,0/0,0/0,0/0,,0,0,0,0,0,00:00,False,,0,0,2025020733,20252026,2026-01-13
home,68,UTA,8478872,K. Vejmelka,70,13/14,6/6,0/0,19/20,0.95,1,0,0,0,1,60:00,True,W,20,19,2025020733,20252026,2026-01-13
away,25,DAL,8479193,C. DeSmith,1,19/21,1/1,2/2,22/24,0.9167,2,0,0,0,2,56:56,True,L,24,22,2025020734,20252026,2026-01-13
away,25,DAL,8479979,J. Oettinger,29,0/0,0/0,0/0,0/0,,0,0,0,0,0,00:00,False,,0,0,2025020734,20252026,2026-01-13
home,24,ANA,8480843,L. Dostal,1,18/19,5/5,1/1,24/25,0.96,1,0,0,0,1,59:54,True,W,25,24,2025020734,20252026,2026-01-13
home,24,ANA,8478024,V. Husso,33,0/0,0/0,0/0,0/0,,0,0,0,0,0,00:00,False,,0,0,2025020734,20252026,2026-01-13
away,55,SEA,8475831,P. Grubauer,31,23/25,0/1,0/0,23/26,0.8846,2,1,0,0,3,63:42,True,O,26,23,2025020735,20252026,2026-01-14
away,55,SEA,8478916,J. Daccord,35,0/0,0/0,0/0,0/0,,0,0,0,0,0,00:00,False,,0,0,2025020735,20252026,2026-01-14
home,1,NJD,8474593,J. Markstrom,25,12/13,3/4,0/0,15/17,0.8824,1,1,0,0,2,63:31,True,W,17,15,2025020735,20252026,2026-01-14
home,1,NJD,8474596,J. Allen,34,0/0,0/0,0/0,0/0,,0,0,0,0,0,00:00,False,,0,0,2025020735,20252026,2026-01-14
away,4,PHI,8481035,S. Ersson,33,3/4,3/4,0/0,6/8,0.75,1,1,0,0,2,37:27,False,L,8,6,2025020736,20252026,2026-01-14
away,4,PHI,8478435,D. Vladar,80,3/4,1/2,0/0,4/6,0.6667,1,1,0,0,2,19:42,True,,6,4,2025020736,20252026,2026-01-14
home,7,BUF,8480045,U. Luukkonen,1,17/18,2/3,1/1,20/22,0.9091,1,1,0,2,2,60:00,True,W,22,20,2025020736,20252026,2026-01-14
home,7,BUF,8481551,C. Ellis,92,0/0,0/0,0/0,0/0,,0,0,0,0,0,00:00,False,,0,0,2025020736,20252026,2026-01-14
away,9,OTT,8482447,L. Meriläinen,1,17/20,1/2,0/0,18/22,0.8182,3,1,0,0,4,60:00,True,W,22,18,2025020737,20252026,2026-01-14
away,9,OTT,8473503,J. Reimer,47,0/0,0/0,0/0,0/0,,0,0,0,0,0,00:00,False,,0,0,2025020737,20252026,2026-01-14
home,3,NYR,8471734,J. Quick,32,7/12,4/5,0/0,11/17,0.6471,5,1,0,0,6,32:23,True,L,17,11,2025020737,20252026,2026-01-14
home,3,NYR,8477484,S. Martin,41,10/11,1/1,0/0,11/12,0.9167,1,0,0,0,1,26:52,False,,12,11,2025020737,20252026,2026-01-14
away,54,VGK,8482761,C. Lindbom,30,0/0,0/0,0/0,0/0,,0,0,0,0,0,00:00,False,,0,0,2025020738,20252026,2026-01-14
away,54,VGK,8481033,A. Schmid,40,19/21,3/3,0/0,22/24,0.9167,2,0,0,0,2,60:19,True,W,24,22,2025020738,20252026,2026-01-14
home,26,LAK,8476341,A. Forsberg,31,0/0,0/0,0/0,0/0,,0,0,0,0,0,00:00,False,,0,0,2025020738,20252026,2026-01-14
home,26,LAK,8475311,D. Kuemper,35,23/25,1/2,0/0,24/27,0.8889,2,1,0,0,3,60:12,True,O,27,24,2025020738,20252026,2026-01-14
away,55,SEA,8475831,P. Grubauer,31,0/0,0/0,0/0,0/0,,0,0,0,0,0,00:00,False,,0,0,2025020739,20252026,2026-01-15
away,55,SEA,8478916,J. Daccord,35,16/18,3/3,1/2,20/23,0.8696,2,0,1,0,3,57:17,True,L,23,20,2025020739,20252026,2026-01-15
home,6,BOS,8480280,J. Swayman,1,20/20,5/7,1/1,26/28,0.9286,0,2,0,0,2,60:00,True,W,28,26,2025020739,20252026,2026-01-15
home,6,BOS,8476914,J. Korpisalo,70,0/0,0/0,0/0,0/0,,0,0,0,0,0,00:00,False,,0,0,2025020739,20252026,2026-01-15
away,8,MTL,8484170,J. Fowler,32,20/22,2/4,0/0,22/26,0.8462,2,2,0,0,4,58:08,True,L,26,22,2025020740,20252026,2026-01-15
away,8,MTL,8478470,S. Montembeault,35,0/0,0/0,0/0,0/0,,0,0,0,0,0,00:00,False,,0,0,2025020740,20252026,2026-01-15
home,7,BUF,8480045,U. Luukkonen,1,0/0,0/0,0/0,0/0,,0,0,0,0,0,00:00,False,,0,0,2025020740,20252026,2026-01-15
home,7,BUF,8481551,C. Ellis,92,19/20,1/3,0/0,20/23,0.8696,1,2,0,0,3,59:47,True,W,23,20,2025020740,20252026,2026-01-15
away,4,PHI,8481035,S. Ersson,33,9/10,1/3,1/1,11/14,0.7857,1,2,0,0,3,22:06,True,,14,11,2025020741,20252026,2026-01-15
away,4,PHI,8482783,A. Kolosov,35,12/14,1/2,0/0,13/16,0.8125,2,1,0,0,3,37:43,False,L,16,13,2025020741,20252026,2026-01-15
home,5,PIT,8481668,A. Silovs,37,0/0,0/0,0/0,0/0,,0,0,0,0,0,00:00,False,,0,0,2025020741,20252026,2026-01-15
home,5,PIT,8479973,S. Skinner,74,24/27,5/5,2/2,31/34,0.9118,3,0,0,0,3,60:00,True,W,34,31,2025020741,20252026,2026-01-15
away,28,SJS,8482137,Y. Askarov,30,0/0,0/0,0/0,0/0,,0,0,0,0,0,00:00,False,,0,0,2025020742,20252026,2026-01-15
away,28,SJS,8477968,A. Nedeljkovic,33,17/18,3/4,1/1,21/23,0.913,1,1,0,0,2,60:00,True,W,23,21,2025020742,20252026,2026-01-15
home,15,WSH,8480313,L. Thompson,48,20/23,3/3,0/0,23/26,0.8846,3,0,0,0,3,57:01,True,L,26,23,2025020742,20252026,2026-01-15
home,15,WSH,8479292,C. Lindgren,79,0/0,0/0,0/0,0/0,,0,0,0,0,0,00:00,False,,0,0,2025020742,20252026,2026-01-15
away,23,VAN,8480947,K. Lankinen,32,27/29,4/6,1/1,32/36,0.8889,2,2,0,0,4,60:00,True,L,36,32,2025020743,20252026,2026-01-15
away,23,VAN,8484268,N. Tolopilo,60,0/0,0/0,0/0,0/0,,0,0,0,0,0,00:00,False,,0,0,2025020743,20252026,2026-01-15
home,29,CBJ,8482982,J. Greaves,73,0/0,0/0,0/0,0/0,,0,0,0,0,0,00:00,False,,0,0,2025020743,20252026,2026-01-15
home,29,CBJ,8478007,E. Merzlikins,90,26/26,4/5,0/0,30/31,0.9677,0,1,0,0,1,59:54,True,W,31,30,2025020743,20252026,2026-01-15
away,52,WPG,8477480,E. Comrie,1,0/0,0/0,0/0,0/0,,0,0,0,0,0,00:00,False,,0,0,2025020744,20252026,2026-01-15
away,52,WPG,8476945,C. Hellebuyck,37,24/26,7/7,1/1,32/34,0.9412,2,0,0,0,2,59:42,True,W,34,32,2025020744,20252026,2026-01-15
home,30,MIN,8482661,J. Wallstedt,30,12/16,2/4,0/0,14/20,0.7,4,2,0,0,6,40:00,True,L,20,14,2025020744,20252026,2026-01-15
home,30,MIN,8479406,F. Gustavsson,32,9/9,0/0,0/0,9/9,1.0,0,0,0,0,0,20:00,False,,9,9,2025020744,20252026,2026-01-15
away,20,CGY,8482445,D. Cooley,1,20/21,1/1,1/1,22/23,0.9565,1,0,0,2,1,60:00,True,W,23,22,2025020745,20252026,2026-01-15
away,20,CGY,8481692,D. Wolf,32,0/0,0/0,0/0,0/0,,0,0,0,0,0,00:00,False,,0,0,2025020745,20252026,2026-01-15
home,16,CHI,8481519,S. Knight,30,17/17,2/3,1/2,20/22,0.9091,0,1,1,0,2,59:02,True,L,22,20,2025020745,20252026,2026-01-15
home,16,CHI,8482821,A. Soderblom,40,0/0,0/0,0/0,0/0,,0,0,0,0,0,00:00,False,,0,0,2025020745,20252026,2026-01-15
away,25,DAL,8479193,C. DeSmith,1,0/0,0/0,0/0,0/0,,0,0,0,0,0,00:00,False,,0,0,2025020746,20252026,2026-01-15
away,25,DAL,8479979,J. Oettinger,29,20/22,5/5,0/0,25/27,0.9259,2,0,0,0,2,56:38,True,L,27,25,2025020746,20252026,2026-01-15
home,68,UTA,8477970,V. Vanecek,41,0/0,0/0,0/0,0/0,,0,0,0,0,0,00:00,False,,0,0,2025020746,20252026,2026-01-15
home,68,UTA,8478872,K. Vejmelka,70,23/23,2/3,1/1,26/27,0.963,0,1,0,0,1,60:00,True,W,27,26,2025020746,20252026,2026-01-15
away,2,NYI,8478009,I. Sorokin,30,30/30,4/4,1/1,35/35,1.0,0,0,0,0,0,60:00,True,W,35,35,2025020747,20252026,2026-01-15
away,2,NYI,8479496,D. Rittich,33,0/0,0/0,0/0,0/0,,0,0,0,0,0,00:00,False,,0,0,2025020747,20252026,2026-01-15
home,22,EDM,8477465,T. Jarry,35,0/0,0/0,0/0,0/0,,0,0,0,0,0,00:00,False,,0,0,2025020747,20252026,2026-01-15
home,22,EDM,8478971,C. Ingram,39,15/15,1/2,1/1,17/18,0.9444,0,1,0,0,1,58:20,True,L,18,17,2025020747,20252026,2026-01-15
away,10,TOR,8483710,D. Hildeby,35,0/0,0/0,0/0,0/0,,0,0,0,0,0,00:00,False,,0,0,2025020748,20252026,2026-01-15
away,10,TOR,8479361,J. Woll,60,25/29,2/4,0/0,27/33,0.8182,4,2,0,0,6,62:44,True,O,33,27,2025020748,20252026,2026-01-15
home,54,VGK,8478499,A. Hill,33,22/26,1/2,0/0,23/28,0.8214,4,1,0,0,5,61:23,True,W,28,23,2025020748,20252026,2026-01-15
home,54,VGK,8481033,A. Schmid,40,0/0,0/0,0/0,0/0,,0,0,0,0,0,00:00,False,,0,0,2025020748,20252026,2026-01-15
away,28,SJS,8482137,Y. Askarov,30,19/21,2/3,0/0,21/24,0.875,2,1,0,0,3,57:46,True,L,24,21,2025020749,20252026,2026-01-16
away,28,SJS,8477968,A. Nedeljkovic,33,0/0,0/0,0/0,0/0,,0,0,0,0,0,00:00,False,,0,0,2025020749,20252026,2026-01-16
home,17,DET,8476434,J. Gibson,36,18/20,2/2,0/0,20/22,0.9091,2,0,0,0,2,60:00,True,W,22,20,2025020749,20252026,2026-01-16
home,17,DET,8475660,C. Talbot,39,0/0,0/0,0/0,0/0,,0,0,0,0,0,00:00,False,,0,0,2025020749,20252026,2026-01-16
away,13,FLA,8480193,D. Tarasov,40,0/0,0/0,0/0,0/0,,0,0,0,0,0,00:00,False,,0,0,2025020750,20252026,2026-01-16
away,13,FLA,8475683,S. Bobrovsky,72,23/28,3/7,1/1,27/36,0.75,5,4,0,0,9,60:00,True,L,36,27,2025020750,20252026,2026-01-16
home,12,CAR,8475883,F. Andersen,31,0/0,0/0,0/0,0/0,,0,0,0,0,0,00:00,False,,0,0,2025020750,20252026,2026-01-16
home,12,CAR,8483548,B. Bussi,32,12/13,3/3,0/0,15/16,0.9375,1,0,0,0,1,59:47,True,W,16,15,2025020750,20252026,2026-01-16
away,14,TBL,8477990,B. Halverson,33,0/0,0/0,0/0,0/0,,0,0,0,0,0,00:00,False,,0,0,2025020751,20252026,2026-01-16
away,14,TBL,8476883,A. Vasilevskiy,88,16/18,3/3,0/0,19/21,0.9048,2,0,0,0,2,64:42,True,O,21,19,2025020751,20252026,2026-01-16
home,19,STL,8480981,J. Hofer,30,29/29,5/7,0/0,34/36,0.9444,0,2,0,0,2,64:58,True,W,36,34,2025020751,20252026,2026-01-16
home,19,STL,8476412,J. Binnington,50,0/0,0/0,0/0,0/0,,0,0,0,0,0,00:00,False,,0,0,2025020751,20252026,2026-01-16
away,18,NSH,8481020,J. Annunen,29,0/0,0/0,0/0,0/0,,0,0,0,0,0,00:00,False,,0,0,2025020752,20252026,2026-01-16
away,18,NSH,8477424,J. Saros,74,37/40,3/3,0/0,40/43,0.9302,3,0,0,0,3,60:00,True,W,43,40,2025020752,20252026,2026-01-16
home,21,COL,8478406,M. Blackwood,39,21/25,2/3,0/0,23/28,0.8214,4,1,0,0,5,59:31,True,L,28,23,2025020752,20252026,2026-01-16
home,21,COL,8475809,S. Wedgewood,41,0/0,0/0,0/0,0/0,,0,0,0,0,0,00:00,False,,0,0,2025020752,20252026,2026-01-16
away,24,ANA,8480843,L. Dostal,1,21/23,4/4,1/1,26/28,0.9286,2,0,0,2,2,65:00,True,W,28,26,2025020753,20252026,2026-01-16
away,24,ANA,8478024,V. Husso,33,0/0,0/0,0/0,0/0,,0,0,0,0,0,00:00,False,,0,0,2025020753,20252026,2026-01-16
home,26,LAK,8476341,A. Forsberg,31,0/0,0/0,0/0,0/0,,0,0,0,0,0,00:00,False,,0,0,2025020753,20252026,2026-01-16
home,26,LAK,8475311,D. Kuemper,35,22/24,3/3,1/1,26/28,0.9286,2,0,0,2,2,65:00,True,O,28,26,2025020753,20252026,2026-01-16
away,30,MIN,8482661,J. Wallstedt,30,0/0,0/0,0/0,0/0,,0,0,0,0,0,00:00,False,,0,0,2025020754,20252026,2026-01-17
away,30,MIN,8479406,F. Gustavsson,32,16/19,4/5,0/0,20/24,0.8333,3,1,0,0,4,61:46,True,W,24,20,2025020754,20252026,2026-01-17
home,7,BUF,8480045,U. Luukkonen,1,24/28,6/7,1/1,31/36,0.8611,4,1,0,0,5,61:46,True,O,36,31,2025020754,20252026,2026-01-17
home,7,BUF,8481551,C. Ellis,92,0/0,0/0,0/0,0/0,,0,0,0,0,0,00:00,False,,0,0,2025020754,20252026,2026-01-17
away,3,NYR,8471734,J. Quick,32,0/0,0/0,0/0,0/0,,0,0,0,0,0,00:00,False,,0,0,2025020755,20252026,2026-01-17
away,3,NYR,8477484,S. Martin,41,24/26,0/0,1/2,25/28,0.8929,2,0,1,0,3,60:00,True,W,28,25,2025020755,20252026,2026-01-17
home,4,PHI,8481035,S. Ersson,33,16/18,5/6,1/1,22/25,0.88,2,1,0,2,3,51:35,False,L,25,22,2025020755,20252026,2026-01-17
home,4,PHI,8482783,A. Kolosov,35,0/3,0/0,0/0,0/3,0.0,3,0,0,0,3,08:25,True,,3,0,2025020755,20252026,2026-01-17
away,2,NYI,8478009,I. Sorokin,30,0/0,0/0,0/0,0/0,,0,0,0,0,0,00:00,False,,0,0,2025020756,20252026,2026-01-17
away,2,NYI,8479496,D. Rittich,33,10/14,5/5,0/0,15/19,0.7895,4,0,0,0,4,52:16,True,L,19,15,2025020756,20252026,2026-01-17
home,20,CGY,8482445,D. Cooley,1,0/0,0/0,0/0,0/0,,0,0,0,0,0,00:00,False,,0,0,2025020756,20252026,2026-01-17
home,20,CGY,8481692,D. Wolf,32,25/27,2/2,1/1,28/30,0.9333,2,0,0,0,2,59:57,True,W,30,28,2025020756,20252026,2026-01-17
away,55,SEA,8475831,P. Grubauer,31,21/25,4/4,0/1,25/30,0.8333,4,0,1,0,5,57:49,True,L,30,25,2025020757,20252026,2026-01-17
away,55,SEA,8478916,J. Daccord,35,0/0,0/0,0/0,0/0,,0,0,0,0,0,00:00,False,,0,0,2025020757,20252026,2026-01-17
home,68,UTA,8477970,V. Vanecek,41,0/0,0/0,0/0,0/0,,0,0,0,0,0,00:00,False,,0,0,2025020757,20252026,2026-01-17
home,68,UTA,8478872,K. Vejmelka,70,17/20,1/1,0/0,18/21,0.8571,3,0,0,0,3,60:00,True,W,21,18,2025020757,20252026,2026-01-17
away,8,MTL,8478470,S. Montembeault,35,23/26,5/7,1/1,29/34,0.8529,3,2,0,0,5,60:12,True,W,34,29,2025020758,20252026,2026-01-17
away,8,MTL,8482487,J. Dobes,75,0/0,0/0,0/0,0/0,,0,0,0,0,0,00:00,False,,0,0,2025020758,20252026,2026-01-17
home,9,OTT,8482447,L. Meriläinen,1,8/12,4/6,1/1,13/19,0.6842,4,2,0,0,6,60:33,True,O,19,13,2025020758,20252026,2026-01-17
home,9,OTT,8473503,J. Reimer,47,0/0,0/0,0/0,0/0,,0,0,0,0,0,00:00,False,,0,0,2025020758,20252026,2026-01-17
away,12,CAR,8475883,F. Andersen,31,25/25,3/4,1/1,29/30,0.9667,0,1,0,0,1,59:52,True,W,30,29,2025020759,20252026,2026-01-17
away,12,CAR,8483548,B. Bussi,32,0/0,0/0,0/0,0/0,,0,0,0,0,0,00:00,False,,0,0,2025020759,20252026,2026-01-17
home,1,NJD,8474593,J. Markstrom,25,28/32,3/3,0/0,31/35,0.8857,4,0,0,0,4,59:57,True,L,35,31,2025020759,20252026,2026-01-17
home,1,NJD,8474596,J. Allen,34,0/0,0/0,0/0,0/0,,0,0,0,0,0,00:00,False,,0,0,2025020759,20252026,2026-01-17
away,29,CBJ,8482982,J. Greaves,73,0/0,0/0,0/0,0/0,,0,0,0,0,0,00:00,False,,0,0,2025020760,20252026,2026-01-17
away,29,CBJ,8478007,E. Merzlikins,90,26/29,4/4,0/0,30/33,0.9091,3,0,0,0,3,65:00,True,W,33,30,2025020760,20252026,2026-01-17
home,5,PIT,8481668,A. Silovs,37,19/22,1/1,3/3,23/26,0.8846,3,0,0,0,3,64:26,True,O,26,23,2025020760,20252026,2026-01-17
home,5,PIT,8479973,S. Skinner,74,0/0,0/0,0/0,0/0,,0,0,0,0,0,00:00,False,,0,0,2025020760,20252026,2026-01-17
away,13,FLA,8480193,D. Tarasov,40,19/21,2/2,1/1,22/24,0.9167,2,0,0,0,2,60:00,True,W,24,22,2025020761,20252026,2026-01-17
away,13,FLA,8475683,S. Bobrovsky,72,0/0,0/0,0/0,0/0,,0,0,0,0,0,00:00,False,,0,0,2025020761,20252026,2026-01-17
home,15,WSH,8480313,L. Thompson,48,23/25,3/4,0/0,26/29,0.8966,2,1,0,0,3,59:37,True,L,29,26,2025020761,20252026,2026-01-17
home,15,WSH,8479292,C. Lindgren,79,0/0,0/0,0/0,0/0,,0,0,0,0,0,00:00,False,,0,0,2025020761,20252026,2026-01-17
away,10,TOR,8483710,D. Hildeby,35,20/23,7/7,0/0,27/30,0.9,3,0,0,0,3,63:08,True,W,30,27,2025020762,20252026,2026-01-17
away,10,TOR,8479361,J. Woll,60,0/0,0/0,0/0,0/0,,0,0,0,0,0,00:00,False,,0,0,2025020762,20252026,2026-01-17
home,52,WPG,8477480,E. Comrie,1,0/0,0/0,0/0,0/0,,0,0,0,0,0,00:00,False,,0,0,2025020762,20252026,2026-01-17
home,52,WPG,8476945,C. Hellebuyck,37,28/32,1/1,4/4,33/37,0.8919,4,0,0,0,4,63:08,True,O,37,33,2025020762,20252026,2026-01-17
away,6,BOS,8480280,J. Swayman,1,0/0,0/0,0/0,0/0,,0,0,0,0,0,00:00,False,,0,0,2025020763,20252026,2026-01-17
away,6,BOS,8476914,J. Korpisalo,70,21/23,1/1,0/0,22/24,0.9167,2,0,0,0,2,60:00,True,W,24,22,2025020763,20252026,2026-01-17
home,16,CHI,8481519,S. Knight,30,0/0,0/0,0/0,0/0,,0,0,0,0,0,00:00,False,,0,0,2025020763,20252026,2026-01-17
home,16,CHI,8482821,A. Soderblom,40,17/21,1/2,0/0,18/23,0.7826,4,1,0,0,5,55:28,True,L,23,18,2025020763,20252026,2026-01-17
away,22,EDM,8475717,C. Pickard,30,0/0,0/0,0/0,0/0,,0,0,0,0,0,00:00,False,,0,0,2025020764,20252026,2026-01-17
away,22,EDM,8477465,T. Jarry,35,28/28,3/3,0/0,31/31,1.0,0,0,0,0,0,59:49,True,W,31,31,2025020764,20252026,2026-01-17
home,23,VAN,8480947,K. Lankinen,32,0/0,0/0,0/0,0/0,,0,0,0,0,0,00:00,False,,0,0,2025020764,20252026,2026-01-17
home,23,VAN,8484268,N. Tolopilo,60,21/26,8/9,0/0,29/35,0.8286,5,1,0,0,6,59:53,True,L,35,29,2025020764,20252026,2026-01-17
away,18,NSH,8481020,J. Annunen,29,25/32,4/4,0/0,29/36,0.8056,7,0,0,0,7,59:52,True,L,36,29,2025020765,20252026,2026-01-17
away,18,NSH,8477424,J. Saros,74,0/0,0/0,0/0,0/0,,0,0,0,0,0,00:00,False,,0,0,2025020765,20252026,2026-01-17
home,54,VGK,8478499,A. Hill,33,0/0,0/0,0/0,0/0,,0,0,0,0,0,00:00,False,,0,0,2025020765,20252026,2026-01-17
home,54,VGK,8481033,A. Schmid,40,21/22,6/7,0/0,27/29,0.931,1,1,0,0,2,59:55,True,W,29,27,2025020765,20252026,2026-01-17
away,26,LAK,8476341,A. Forsberg,31,23/25,8/8,0/0,31/33,0.9394,2,0,0,0,2,63:34,True,O,33,31,2025020766,20252026,2026-01-17
away,26,LAK,8475311,D. Kuemper,35,0/0,0/0,0/0,0/0,,0,0,0,0,0,00:00,False,,0,0,2025020766,20252026,2026-01-17
home,24,ANA,8480843,L. Dostal,1,0/0,0/0,0/0,0/0,,0,0,0,0,0,00:00,False,,0,0,2025020766,20252026,2026-01-17
home,24,ANA,8478024,V. Husso,33,10/10,7/8,0/0,17/18,0.9444,0,1,0,0,1,64:02,True,W,18,17,2025020766,20252026,2026-01-17
away,14,TBL,8477992,J. Johansson,31,0/0,0/0,0/0,0/0,,0,0,0,0,0,00:00,False,,0,0,2025020767,20252026,2026-01-18
away,14,TBL,8476883,A. Vasilevskiy,88,14/15,4/4,1/1,19/20,0.95,1,0,0,0,1,60:00,True,W,20,19,2025020767,20252026,2026-01-18
home,25,DAL,8479193,C. DeSmith,1,0/0,0/0,0/0,0/0,,0,0,0,0,0,00:00,False,,0,0,2025020767,20252026,2026-01-18
home,25,DAL,8479979,J. Oettinger,29,19/22,2/2,1/1,22/25,0.88,3,0,0,0,3,58:16,True,L,25,22,2025020767,20252026,2026-01-18
away,9,OTT,8482447,L. Meriläinen,1,0/0,0/0,0/0,0/0,,0,0,0,0,0,00:00,False,,0,0,2025020768,20252026,2026-01-18
away,9,OTT,8473503,J. Reimer,47,18/20,12/14,0/0,30/34,0.8824,2,2,0,0,4,60:08,True,O,34,30,2025020768,20252026,2026-01-18
home,17,DET,8476434,J. Gibson,36,16/17,2/4,1/1,19/22,0.8636,1,2,0,0,3,59:57,True,W,22,19,2025020768,20252026,2026-01-18
home,17,DET,8475660,C. Talbot,39,0/0,0/0,0/0,0/0,,0,0,0,0,0,00:00,False,,0,0,2025020768,20252026,2026-01-18
away,19,STL,8480981,J. Hofer,30,0/0,0/0,0/0,0/0,,0,0,0,0,0,00:00,False,,0,0,2025020769,20252026,2026-01-18
away,19,STL,8476412,J. Binnington,50,19/23,1/2,3/3,23/28,0.8214,4,1,0,0,5,60:00,True,L,28,23,2025020769,20252026,2026-01-18
home,22,EDM,8477465,T. Jarry,35,0/0,0/0,0/0,0/0,,0,0,0,0,0,00:00,False,,0,0,2025020769,20252026,2026-01-18
home,22,EDM,8478971,C. Ingram,39,21/21,5/5,1/1,27/27,1.0,0,0,0,0,0,60:00,True,W,27,27,2025020769,20252026,2026-01-18
away,7,BUF,8480045,U. Luukkonen,1,24/25,3/4,0/0,27/29,0.931,1,1,0,0,2,57:50,True,L,29,27,2025020770,20252026,2026-01-19
away,7,BUF,8479312,A. Lyon,34,0/0,0/0,0/0,0/0,,0,0,0,0,0,00:00,False,,0,0,2025020770,20252026,2026-01-19
home,12,CAR,8475883,F. Andersen,31,0/0,0/0,0/0,0/0,,0,0,0,0,0,00:00,False,,0,0,2025020770,20252026,2026-01-19
home,12,CAR,8483548,B. Bussi,32,16/17,1/1,0/0,17/18,0.9444,1,0,0,0,1,59:24,True,W,18,17,2025020770,20252026,2026-01-19
away,15,WSH,8480313,L. Thompson,48,0/0,0/0,0/0,0/0,,0,0,0,0,0,00:00,False,,0,0,2025020771,20252026,2026-01-19
away,15,WSH,8479292,C. Lindgren,79,32/36,6/7,1/1,39/44,0.8864,4,1,0,2,5,60:00,True,L,44,39,2025020771,20252026,2026-01-19
home,21,COL,8478406,M. Blackwood,39,0/0,0/0,0/0,0/0,,0,0,0,0,0,00:00,False,,0,0,2025020771,20252026,2026-01-19
home,21,COL,8475809,S. Wedgewood,41,17/18,4/5,1/1,22/24,0.9167,1,1,0,2,2,60:00,True,W,24,22,2025020771,20252026,2026-01-19
away,5,PIT,8481668,A. Silovs,37,0/0,0/0,0/0,0/0,,0,0,0,0,0,00:00,False,,0,0,2025020772,20252026,2026-01-19
away,5,PIT,8479973,S. Skinner,74,16/18,4/5,0/0,20/23,0.8696,2,1,0,0,3,59:50,True,W,23,20,2025020772,20252026,2026-01-19
home,55,SEA,8475831,P. Grubauer,31,0/0,0/0,0/0,0/0,,0,0,0,0,0,00:00,False,,0,0,2025020772,20252026,2026-01-19
home,55,SEA,8478916,J. Daccord,35,21/25,4/4,1/2,26/31,0.8387,4,0,1,0,5,58:08,True,L,31,26,2025020772,20252026,2026-01-19
away,28,SJS,8482137,Y. Askarov,30,0/0,0/0,0/0,0/0,,0,0,0,0,0,00:00,False,,0,0,2025020773,20252026,2026-01-19
away,28,SJS,8477968,A. Nedeljkovic,33,30/31,4/4,1/1,35/36,0.9722,1,0,0,7,1,60:00,True,W,36,35,2025020773,20252026,2026-01-19
home,13,FLA,8480193,D. Tarasov,40,0/0,0/0,0/0,0/0,,0,0,0,0,0,00:00,False,,0,0,2025020773,20252026,2026-01-19
home,13,FLA,8475683,S. Bobrovsky,72,20/23,2/2,2/2,24/27,0.8889,3,0,0,7,3,59:26,True,L,27,24,2025020773,20252026,2026-01-19
away,30,MIN,8482661,J. Wallstedt,30,0/0,0/0,0/0,0/0,,0,0,0,0,0,00:00,False,,0,0,2025020774,20252026,2026-01-19
away,30,MIN,8479406,F. Gustavsson,32,22/24,5/6,0/0,27/30,0.9,2,1,0,0,3,59:56,True,W,30,27,2025020774,20252026,2026-01-19
home,10,TOR,8483710,D. Hildeby,35,8/8,0/0,1/1,9/9,1.0,0,0,0,0,0,19:24,False,,9,9,2025020774,20252026,2026-01-19
home,10,TOR,8479361,J. Woll,60,18/21,6/8,0/0,24/29,0.8276,3,2,0,0,5,40:00,True,L,29,24,2025020774,20252026,2026-01-19
away,4,PHI,8481035,S. Ersson,33,16/16,7/8,1/1,24/25,0.96,0,1,0,0,1,60:00,True,W,25,24,2025020775,20252026,2026-01-19
away,4,PHI,8482783,A. Kolosov,35,0/0,0/0,0/0,0/0,,0,0,0,0,0,00:00,False,,0,0,2025020775,20252026,2026-01-19
home,54,VGK,8478499,A. Hill,33,13/14,1/1,1/2,15/17,0.8824,1,0,1,2,2,57:54,True,L,17,15,2025020775,20252026,2026-01-19
home,54,VGK,8481033,A. Schmid,40,0/0,0/0,0/0,0/0,,0,0,0,0,0,00:00,False,,0,0,2025020775,20252026,2026-01-19
away,52,WPG,8477480,E. Comrie,1,0/0,0/0,0/0,0/0,,0,0,0,0,0,00:00,False,,0,0,2025020776,20252026,2026-01-19
away,52,WPG,8476945,C. Hellebuyck,37,19/20,3/3,0/0,22/23,0.9565,1,0,0,0,1,58:37,True,L,23,22,2025020776,20252026,2026-01-19
home,16,CHI,8481519,S. Knight,30,30/30,2/2,0/0,32/32,1.0,0,0,0,0,0,59:39,True,W,32,32,2025020776,20252026,2026-01-19
home,16,CHI,8482821,A. Soderblom,40,0/0,0/0,0/0,0/0,,0,0,0,0,0,00:00,False,,0,0,2025020776,20252026,2026-01-19
away,1,NJD,8474593,J. Markstrom,25,17/18,3/3,1/1,21/22,0.9545,1,0,0,0,1,61:12,True,W,22,21,2025020777,20252026,2026-01-19
away,1,NJD,8474596,J. Allen,34,0/0,0/0,0/0,0/0,,0,0,0,0,0,00:00,False,,0,0,2025020777,20252026,2026-01-19
home,20,CGY,8482445,D. Cooley,1,29/31,0/0,1/1,30/32,0.9375,2,0,0,0,2,61:18,True,O,32,30,2025020777,20252026,2026-01-19
home,20,CGY,8481692,D. Wolf,32,0/0,0/0,0/0,0/0,,0,0,0,0,0,00:00,False,,0,0,2025020777,20252026,2026-01-19
away,2,NYI,8478009,I. Sorokin,30,26/29,3/3,0/0,29/32,0.9062,3,0,0,0,3,60:00,True,W,32,29,2025020778,20252026,2026-01-19
away,2,NYI,8479496,D. Rittich,33,0/0,0/0,0/0,0/0,,0,0,0,0,0,00:00,False,,0,0,2025020778,20252026,2026-01-19
home,23,VAN,8480238,J. Patera,30,0/0,0/0,0/0,0/0,,0,0,0,0,0,00:00,False,,0,0,2025020778,20252026,2026-01-19
home,23,VAN,8480947,K. Lankinen,32,22/25,5/6,2/2,29/33,0.8788,3,1,0,0,4,56:04,True,L,33,29,2025020778,20252026,2026-01-19
away,3,NYR,8471734,J. Quick,32,0/0,0/0,0/0,0/0,,0,0,0,0,0,00:00,False,,0,0,2025020779,20252026,2026-01-19
away,3,NYR,8477484,S. Martin,41,17/20,3/4,1/1,21/25,0.84,3,1,0,0,4,59:05,True,L,25,21,2025020779,20252026,2026-01-19
home,24,ANA,8480843,L. Dostal,1,14/15,4/6,1/1,19/22,0.8636,1,2,0,0,3,60:00,True,W,22,19,2025020779,20252026,2026-01-19
home,24,ANA,8478024,V. Husso,33,0/0,0/0,0/0,0/0,,0,0,0,0,0,00:00,False,,0,0,2025020779,20252026,2026-01-19
away,30,MIN,8482661,J. Wallstedt,30,28/32,1/1,0/0,29/33,0.8788,4,0,0,0,4,58:54,True,L,33,29,2025020780,20252026,2026-01-20
away,30,MIN,8479406,F. Gustavsson,32,0/0,0/0,0/0,0/0,,0,0,0,0,0,00:00,False,,0,0,2025020780,20252026,2026-01-20
home,8,MTL,8478470,S. Montembeault,35,0/0,0/0,0/0,0/0,,0,0,0,0,0,00:00,False,,0,0,2025020780,20252026,2026-01-20
home,8,MTL,8482487,J. Dobes,75,14/15,2/4,1/1,17/20,0.85,1,2,0,0,3,60:00,True,W,20,17,2025020780,20252026,2026-01-20
away,28,SJS,8482137,Y. Askarov,30,16/19,0/0,0/0,16/19,0.8421,3,0,0,0,3,58:32,True,L,19,16,2025020781,20252026,2026-01-20
away,28,SJS,8477968,A. Nedeljkovic,33,0/0,0/0,0/0,0/0,,0,0,0,0,0,00:00,False,,0,0,2025020781,20252026,2026-01-20
home,14,TBL,8477992,J. Johansson,31,0/0,0/0,0/0,0/0,,0,0,0,0,0,00:00,False,,0,0,2025020781,20252026,2026-01-20
home,14,TBL,8476883,A. Vasilevskiy,88,20/21,2/2,0/0,22/23,0.9565,1,0,0,0,1,60:00,True,W,23,22,2025020781,20252026,2026-01-20
away,9,OTT,8482411,H. Shepard,31,0/0,0/0,0/0,0/0,,0,0,0,0,0,00:00,False,,0,0,2025020782,20252026,2026-01-20
away,9,OTT,8473503,J. Reimer,47,14/15,6/6,1/1,21/22,0.9545,1,0,0,0,1,59:29,True,W,22,21,2025020782,20252026,2026-01-20
home,29,CBJ,8482982,J. Greaves,73,8/9,4/4,0/0,12/13,0.9231,1,0,0,0,1,39:19,False,,13,12,2025020782,20252026,2026-01-20
home,29,CBJ,8478007,E. Merzlikins,90,3/5,2/2,0/0,5/7,0.7143,2,0,0,0,2,20:00,True,L,7,5,2025020782,20252026,2026-01-20
away,6,BOS,8480280,J. Swayman,1,21/25,7/9,0/0,28/34,0.8235,4,2,0,0,6,46:37,True,L,34,28,2025020783,20252026,2026-01-20
away,6,BOS,8476914,J. Korpisalo,70,3/3,0/0,0/0,3/3,1.0,0,0,0,0,0,13:23,False,,3,3,2025020783,20252026,2026-01-20
home,25,DAL,8479193,C. DeSmith,1,0/0,0/0,0/0,0/0,,0,0,0,0,0,00:00,False,,0,0,2025020783,20252026,2026-01-20
home,25,DAL,8479979,J. Oettinger,29,13/14,1/2,2/2,16/18,0.8889,1,1,0,0,2,60:00,True,W,18,16,2025020783,20252026,2026-01-20
away,7,BUF,8479312,A. Lyon,34,27/30,4/4,0/0,31/34,0.9118,3,0,0,0,3,60:00,True,W,34,31,2025020784,20252026,2026-01-20
away,7,BUF,8481551,C. Ellis,92,0/0,0/0,0/0,0/0,,0,0,0,0,0,00:00,False,,0,0,2025020784,20252026,2026-01-20
home,18,NSH,8481020,J. Annunen,29,12/12,1/1,0/0,13/13,1.0,0,0,0,0,0,34:09,False,,13,13,2025020784,20252026,2026-01-20
home,18,NSH,8477424,J. Saros,74,15/19,0/0,0/0,15/19,0.7895,4,0,0,0,4,23:54,True,L,19,15,2025020784,20252026,2026-01-20
away,19,STL,8480981,J. Hofer,30,11/11,1/3,1/1,13/15,0.8667,0,2,0,0,2,57:55,True,L,15,13,2025020785,20252026,2026-01-20
away,19,STL,8476412,J. Binnington,50,0/0,0/0,0/0,0/0,,0,0,0,0,0,00:00,False,,0,0,2025020785,20252026,2026-01-20
home,52,WPG,8477480,E. Comrie,1,18/18,4/5,0/0,22/23,0.9565,0,1,0,0,1,60:00,True,W,23,22,2025020785,20252026,2026-01-20
home,52,WPG,8476945,C. Hellebuyck,37,0/0,0/0,0/0,0/0,,0,0,0,0,0,00:00,False,,0,0,2025020785,20252026,2026-01-20
away,1,NJD,8474593,J. Markstrom,25,0/0,0/0,0/0,0/0,,0,0,0,0,0,00:00,False,,0,0,2025020786,20252026,2026-01-20
away,1,NJD,8474596,J. Allen,34,20/21,2/2,0/0,22/23,0.9565,1,0,0,0,1,60:00,True,W,23,22,2025020786,20252026,2026-01-20
home,22,EDM,8477465,T. Jarry,35,12/14,1/1,2/2,15/17,0.8824,2,0,0,0,2,58:29,True,L,17,15,2025020786,20252026,2026-01-20
home,22,EDM,8478971,C. Ingram,39,0/0,0/0,0/0,0/0,,0,0,0,0,0,00:00,False,,0,0,2025020786,20252026,2026-01-20
away,3,NYR,8471734,J. Quick,32,21/25,2/2,0/0,23/27,0.8519,4,0,0,0,4,57:06,True,L,27,23,2025020787,20252026,2026-01-20
away,3,NYR,8477484,S. Martin,41,0/0,0/0,0/0,0/0,,0,0,0,0,0,00:00,False,,0,0,2025020787,20252026,2026-01-20
home,26,LAK,8476341,A. Forsberg,31,19/20,8/8,0/0,27/28,0.9643,1,0,0,0,1,40:39,False,W,28,27,2025020787,20252026,2026-01-20
home,26,LAK,8475311,D. Kuemper,35,6/8,0/0,0/0,6/8,0.75,2,0,0,0,2,19:21,True,,8,6,2025020787,20252026,2026-01-20
away,17,DET,8476434,J. Gibson,36,19/20,8/8,3/3,30/31,0.9677,1,0,0,0,1,63:08,True,W,31,30,2025020788,20252026,2026-01-21
away,17,DET,8475660,C. Talbot,39,0/0,0/0,0/0,0/0,,0,0,0,0,0,00:00,False,,0,0,2025020788,20252026,2026-01-21
home,10,TOR,8483710,D. Hildeby,35,0/0,0/0,0/0,0/0,,0,0,0,0,0,00:00,False,,0,0,2025020788,20252026,2026-01-21
home,10,TOR,8479361,J. Woll,60,36/38,3/3,0/0,39/41,0.9512,2,0,0,0,2,63:08,True,O,41,39,2025020788,20252026,2026-01-21
away,24,ANA,8480843,L. Dostal,1,37/38,3/3,0/0,40/41,0.9756,1,0,0,0,1,65:00,True,W,41,40,2025020789,20252026,2026-01-21
away,24,ANA,8478024,V. Husso,33,0/0,0/0,0/0,0/0,,0,0,0,0,0,00:00,False,,0,0,2025020789,20252026,2026-01-21
home,21,COL,8478406,M. Blackwood,39,0/0,0/0,0/0,0/0,,0,0,0,0,0,00:00,False,,0,0,2025020789,20252026,2026-01-21
home,21,COL,8475809,S. Wedgewood,41,14/15,0/0,1/1,15/16,0.9375,1,0,0,0,1,65:00,True,O,16,15,2025020789,20252026,2026-01-21
away,4,PHI,8481035,S. Ersson,33,17/21,3/4,2/2,22/27,0.8148,4,1,0,0,5,62:01,True,O,27,22,2025020790,20252026,2026-01-21
away,4,PHI,8482783,A. Kolosov,35,0/0,0/0,0/0,0/0,,0,0,0,0,0,00:00,False,,0,0,2025020790,20252026,2026-01-21
home,68,UTA,8477970,V. Vanecek,41,0/0,0/0,0/0,0/0,,0,0,0,0,0,00:00,False,,0,0,2025020790,20252026,2026-01-21
home,68,UTA,8478872,K. Vejmelka,70,18/20,6/8,1/1,25/29,0.8621,2,2,0,0,4,60:35,True,W,29,25,2025020790,20252026,2026-01-21
away,5,PIT,8481668,A. Silovs,37,0/0,0/0,0/0,0/0,,0,0,0,0,0,00:00,False,,0,0,2025020791,20252026,2026-01-21
away,5,PIT,8479973,S. Skinner,74,16/17,2/2,0/0,18/19,0.9474,1,0,0,0,1,60:00,True,W,19,18,2025020791,20252026,2026-01-21
home,20,CGY,8482445,D. Cooley,1,0/0,0/0,0/0,0/0,,0,0,0,0,0,00:00,False,,0,0,2025020791,20252026,2026-01-21
home,20,CGY,8481692,D. Wolf,32,20/24,1/1,0/0,21/25,0.84,4,0,0,0,4,60:00,True,L,25,21,2025020791,20252026,2026-01-21
away,15,WSH,8480313,L. Thompson,48,17/21,4/4,0/0,21/25,0.84,4,0,0,0,4,56:57,True,L,25,21,2025020792,20252026,2026-01-21
away,15,WSH,8479292,C. Lindgren,79,0/0,0/0,0/0,0/0,,0,0,0,0,0,00:00,False,,0,0,2025020792,20252026,2026-01-21
home,23,VAN,8480238,J. Patera,30,0/0,0/0,0/0,0/0,,0,0,0,0,0,00:00,False,,0,0,2025020792,20252026,2026-01-21
home,23,VAN,8480947,K. Lankinen,32,26/27,1/3,2/2,29/32,0.9062,1,2,0,0,3,60:00,True,W,32,29,2025020792,20252026,2026-01-21
away,2,NYI,8478009,I. Sorokin,30,18/20,3/4,0/0,21/24,0.875,2,1,0,0,3,58:16,True,L,24,21,2025020793,20252026,2026-01-21
away,2,NYI,8479496,D. Rittich,33,0/0,0/0,0/0,0/0,,0,0,0,0,0,00:00,False,,0,0,2025020793,20252026,2026-01-21
home,55,SEA,8475831,P. Grubauer,31,17/17,6/7,1/1,24/25,0.96,0,1,0,0,1,59:42,True,W,25,24,2025020793,20252026,2026-01-21
home,55,SEA,8478916,J. Daccord,35,0/0,0/0,0/0,0/0,,0,0,0,0,0,00:00,False,,0,0,2025020793,20252026,2026-01-21
away,54,VGK,8478499,A. Hill,33,0/0,0/0,0/0,0/0,,0,0,0,0,0,00:00,False,,0,0,2025020794,20252026,2026-01-22
away,54,VGK,8481033,A. Schmid,40,24/26,1/3,0/0,25/29,0.8621,2,2,0,0,4,57:19,True,L,29,25,2025020794,20252026,2026-01-22
home,6,BOS,8480280,J. Swayman,1,0/0,0/0,0/0,0/0,,0,0,0,0,0,00:00,False,,0,0,2025020794,20252026,2026-01-22
home,6,BOS,8476914,J. Korpisalo,70,21/23,9/10,0/0,30/33,0.9091,2,1,0,0,3,60:00,True,W,33,30,2025020794,20252026,2026-01-22
away,7,BUF,8480045,U. Luukkonen,1,31/33,1/1,0/0,32/34,0.9412,2,0,0,0,2,60:00,True,W,34,32,2025020795,20252026,2026-01-22
away,7,BUF,8481551,C. Ellis,92,0/0,0/0,0/0,0/0,,0,0,0,0,0,00:00,False,,0,0,2025020795,20252026,2026-01-22
home,8,MTL,8478470,S. Montembeault,35,11/13,0/0,2/3,13/16,0.8125,2,0,1,0,3,58:33,True,L,16,13,2025020795,20252026,2026-01-22
home,8,MTL,8482487,J. Dobes,75,0/0,0/0,0/0,0/0,,0,0,0,0,0,00:00,False,,0,0,2025020795,20252026,2026-01-22
away,16,CHI,8481519,S. Knight,30,22/25,5/5,1/1,28/31,0.9032,3,0,0,0,3,65:00,True,W,31,28,2025020796,20252026,2026-01-22
away,16,CHI,8482821,A. Soderblom,40,0/0,0/0,0/0,0/0,,0,0,0,0,0,00:00,False,,0,0,2025020796,20252026,2026-01-22
home,12,CAR,8475883,F. Andersen,31,16/18,1/1,2/3,19/22,0.8636,2,0,1,0,3,64:49,True,O,22,19,2025020796,20252026,2026-01-22
home,12,CAR,8483548,B. Bussi,32,0/0,0/0,0/0,0/0,,0,0,0,0,0,00:00,False,,0,0,2025020796,20252026,2026-01-22
away,25,DAL,8479193,C. DeSmith,1,17/18,3/3,1/1,21/22,0.9545,1,0,0,0,1,56:47,True,L,22,21,2025020797,20252026,2026-01-22
away,25,DAL,8479979,J. Oettinger,29,0/0,0/0,0/0,0/0,,0,0,0,0,0,00:00,False,,0,0,2025020797,20252026,2026-01-22
home,29,CBJ,8482982,J. Greaves,73,23/23,5/5,0/0,28/28,1.0,0,0,0,0,0,60:00,True,W,28,28,2025020797,20252026,2026-01-22
home,29,CBJ,8478007,E. Merzlikins,90,0/0,0/0,0/0,0/0,,0,0,0,0,0,00:00,False,,0,0,2025020797,20252026,2026-01-22
away,9,OTT,8482411,H. Shepard,31,0/0,0/0,0/0,0/0,,0,0,0,0,0,00:00,False,,0,0,2025020798,20252026,2026-01-22
away,9,OTT,8473503,J. Reimer,47,20/22,2/4,0/0,22/26,0.8462,2,2,0,0,4,59:14,True,L,26,22,2025020798,20252026,2026-01-22
home,18,NSH,8481020,J. Annunen,29,0/0,0/0,0/0,0/0,,0,0,0,0,0,00:00,False,,0,0,2025020798,20252026,2026-01-22
home,18,NSH,8477424,J. Saros,74,18/21,5/5,0/0,23/26,0.8846,3,0,0,0,3,60:00,True,W,26,23,2025020798,20252026,2026-01-22
away,13,FLA,8480193,D. Tarasov,40,17/18,0/0,0/0,17/18,0.9444,1,0,0,0,1,65:00,True,W,18,17,2025020799,20252026,2026-01-22
away,13,FLA,8475683,S. Bobrovsky,72,0/0,0/0,0/0,0/0,,0,0,0,0,0,00:00,False,,0,0,2025020799,20252026,2026-01-22
home,52,WPG,8477480,E. Comrie,1,0/0,0/0,0/0,0/0,,0,0,0,0,0,00:00,False,,0,0,2025020799,20252026,2026-01-22
home,52,WPG,8476945,C. Hellebuyck,37,19/20,0/0,0/0,19/20,0.95,1,0,0,0,1,64:47,True,O,20,19,2025020799,20252026,2026-01-22
away,5,PIT,8481668,A. Silovs,37,26/27,4/4,0/1,30/32,0.9375,1,0,1,0,2,59:26,True,W,32,30,2025020800,20252026,2026-01-22
away,5,PIT,8479973,S. Skinner,74,0/0,0/0,0/0,0/0,,0,0,0,0,0,00:00,False,,0,0,2025020800,20252026,2026-01-22
home,22,EDM,8477465,T. Jarry,35,13/19,3/3,1/1,17/23,0.7391,6,0,0,0,6,60:00,True,L,23,17,2025020800,20252026,2026-01-22
home,22,EDM,8478971,C. Ingram,39,0/0,0/0,0/0,0/0,,0,0,0,0,0,00:00,False,,0,0,2025020800,20252026,2026-01-22
away,17,DET,8476434,J. Gibson,36,0/0,0/0,0/0,0/0,,0,0,0,0,0,00:00,False,,0,0,2025020801,20252026,2026-01-22
away,17,DET,8475660,C. Talbot,39,27/30,8/9,0/0,35/39,0.8974,3,1,0,0,4,60:45,True,O,39,35,2025020801,20252026,2026-01-22
home,30,MIN,8482661,J. Wallstedt,30,0/0,0/0,0/0,0/0,,0,0,0,0,0,00:00,False,,0,0,2025020801,20252026,2026-01-22
home,30,MIN,8479406,F. Gustavsson,32,31/33,0/1,0/0,31/34,0.9118,2,1,0,0,3,60:45,True,W,34,31,2025020801,20252026,2026-01-22
away,54,VGK,8478499,A. Hill,33,18/21,0/0,0/0,18/21,0.8571,3,0,0,0,3,60:00,True,W,21,18,2025020802,20252026,2026-01-23
away,54,VGK,8481033,A. Schmid,40,0/0,0/0,0/0,0/0,,0,0,0,0,0,00:00,False,,0,0,2025020802,20252026,2026-01-23
home,10,TOR,8476932,A. Stolarz,41,24/29,1/1,0/0,25/30,0.8333,5,0,0,0,5,58:20,True,L,30,25,2025020802,20252026,2026-01-23
home,10,TOR,8479361,J. Woll,60,0/0,0/0,0/0,0/0,,0,0,0,0,0,00:00,False,,0,0,2025020802,20252026,2026-01-23
away,14,TBL,8477992,J. Johansson,31,0/0,0/0,0/0,0/0,,0,0,0,0,0,00:00,False,,0,0,2025020803,20252026,2026-01-23
away,14,TBL,8476883,A. Vasilevskiy,88,16/17,1/1,1/1,18/19,0.9474,1,0,0,0,1,65:00,True,W,19,18,2025020803,20252026,2026-01-23
home,16,CHI,8481519,S. Knight,30,0/0,0/0,0/0,0/0,,0,0,0,0,0,00:00,False,,0,0,2025020803,20252026,2026-01-23
home,16,CHI,8482821,A. Soderblom,40,26/27,3/3,1/1,30/31,0.9677,1,0,0,2,1,65:00,True,O,31,30,2025020803,20252026,2026-01-23
away,19,STL,8480981,J. Hofer,30,0/0,0/0,0/0,0/0,,0,0,0,0,0,00:00,False,,0,0,2025020804,20252026,2026-01-23
away,19,STL,8476412,J. Binnington,50,11/12,4/6,1/1,16/19,0.8421,1,2,0,0,3,59:00,True,L,19,16,2025020804,20252026,2026-01-23
home,25,DAL,8479193,C. DeSmith,1,0/0,0/0,0/0,0/0,,0,0,0,0,0,00:00,False,,0,0,2025020804,20252026,2026-01-23
home,25,DAL,8479979,J. Oettinger,29,18/19,2/3,0/0,20/22,0.9091,1,1,0,0,2,59:48,True,W,22,20,2025020804,20252026,2026-01-23
away,4,PHI,8481035,S. Ersson,33,25/28,7/7,0/0,32/35,0.9143,3,0,0,0,3,59:54,True,W,35,32,2025020805,20252026,2026-01-23
away,4,PHI,8482783,A. Kolosov,35,0/0,0/0,0/0,0/0,,0,0,0,0,0,00:00,False,,0,0,2025020805,20252026,2026-01-23
home,21,COL,8478406,M. Blackwood,39,9/13,3/4,1/2,13/19,0.6842,4,1,1,0,6,57:38,True,L,19,13,2025020805,20252026,2026-01-23
home,21,COL,8475809,S. Wedgewood,41,0/0,0/0,0/0,0/0,,0,0,0,0,0,00:00,False,,0,0,2025020805,20252026,2026-01-23
away,15,WSH,8480313,L. Thompson,48,22/22,1/2,2/2,25/26,0.9615,0,1,0,0,1,59:52,True,W,26,25,2025020806,20252026,2026-01-23
away,15,WSH,8479292,C. Lindgren,79,0/0,0/0,0/0,0/0,,0,0,0,0,0,00:00,False,,0,0,2025020806,20252026,2026-01-23
home,20,CGY,8482445,D. Cooley,1,22/24,13/13,0/0,35/37,0.9459,2,0,0,0,2,58:20,True,L,37,35,2025020806,20252026,2026-01-23
home,20,CGY,8481692,D. Wolf,32,0/0,0/0,0/0,0/0,,0,0,0,0,0,00:00,False,,0,0,2025020806,20252026,2026-01-23
away,1,NJD,8474593,J. Markstrom,25,20/23,1/1,0/1,21/25,0.84,3,0,1,0,4,60:00,True,W,25,21,2025020807,20252026,2026-01-23
away,1,NJD,8474596,J. Allen,34,0/0,0/0,0/0,0/0,,0,0,0,0,0,00:00,False,,0,0,2025020807,20252026,2026-01-23
home,23,VAN,8480238,J. Patera,30,0/0,0/0,0/0,0/0,,0,0,0,0,0,00:00,False,,0,0,2025020807,20252026,2026-01-23
home,23,VAN,8480947,K. Lankinen,32,17/20,2/4,0/0,19/24,0.7917,3,2,0,0,5,56:16,True,L,24,19,2025020807,20252026,2026-01-23
away,3,NYR,8471734,J. Quick,32,0/0,0/0,0/0,0/0,,0,0,0,0,0,00:00,False,,0,0,2025020808,20252026,2026-01-23
away,3,NYR,8477484,S. Martin,41,18/19,11/13,0/0,29/32,0.9062,1,2,0,0,3,56:08,True,L,32,29,2025020808,20252026,2026-01-23
home,28,SJS,8482137,Y. Askarov,30,0/0,0/0,0/0,0/0,,0,0,0,0,0,00:00,False,,0,0,2025020808,20252026,2026-01-23
home,28,SJS,8477968,A. Nedeljkovic,33,23/24,3/3,2/2,28/29,0.9655,1,0,0,0,1,60:00,True,W,29,28,2025020808,20252026,2026-01-23
away,24,ANA,8480843,L. Dostal,1,20/22,0/0,0/0,20/22,0.9091,2,0,0,0,2,60:00,True,W,22,20,2025020809,20252026,2026-01-23
away,24,ANA,8478024,V. Husso,33,0/0,0/0,0/0,0/0,,0,0,0,0,0,00:00,False,,0,0,2025020809,20252026,2026-01-23
home,55,SEA,8475831,P. Grubauer,31,24/25,3/4,0/1,27/30,0.9,1,1,1,0,3,58:41,True,L,30,27,2025020809,20252026,2026-01-23
home,55,SEA,8478916,J. Daccord,35,0/0,0/0,0/0,0/0,,0,0,0,0,0,00:00,False,,0,0,2025020809,20252026,2026-01-23
away,7,BUF,8479312,A. Lyon,34,23/23,0/0,3/3,26/26,1.0,0,0,0,2,0,60:00,True,W,26,26,2025020810,20252026,2026-01-24
away,7,BUF,8481551,C. Ellis,92,0/0,0/0,0/0,0/0,,0,0,0,0,0,00:00,False,,0,0,2025020810,20252026,2026-01-24
home,2,NYI,8478009,I. Sorokin,30,0/0,0/0,0/0,0/0,,0,0,0,0,0,00:00,False,,0,0,2025020810,20252026,2026-01-24
home,2,NYI,8479496,D. Rittich,33,16/20,0/0,0/0,16/20,0.8,4,0,0,0,4,58:03,True,L,20,16,2025020810,20252026,2026-01-24
away,68,UTA,8477970,V. Vanecek,41,0/0,0/0,0/0,0/0,,0,0,0,0,0,00:00,False,,0,0,2025020811,20252026,2026-01-24
away,68,UTA,8478872,K. Vejmelka,70,26/27,1/2,0/0,27/29,0.931,1,1,0,0,2,60:00,True,W,29,27,2025020811,20252026,2026-01-24
home,18,NSH,8481020,J. Annunen,29,0/0,0/0,0/0,0/0,,0,0,0,0,0,00:00,False,,0,0,2025020811,20252026,2026-01-24
home,18,NSH,8477424,J. Saros,74,23/26,3/4,0/0,26/30,0.8667,3,1,0,0,4,57:47,True,L,30,26,2025020811,20252026,2026-01-24
away,8,MTL,8478470,S. Montembeault,35,11/12,4/7,1/1,16/20,0.8,1,3,0,0,4,57:24,True,L,20,16,2025020812,20252026,2026-01-24
away,8,MTL,8482487,J. Dobes,75,0/0,0/0,0/0,0/0,,0,0,0,0,0,00:00,False,,0,0,2025020812,20252026,2026-01-24
home,6,BOS,8480280,J. Swayman,1,19/20,3/5,0/0,22/25,0.88,1,2,0,0,3,59:36,True,W,25,22,2025020812,20252026,2026-01-24
home,6,BOS,8476914,J. Korpisalo,70,0/0,0/0,0/0,0/0,,0,0,0,0,0,00:00,False,,0,0,2025020812,20252026,2026-01-24
away,12,CAR,8475883,F. Andersen,31,0/0,0/0,0/0,0/0,,0,0,0,0,0,00:00,False,,0,0,2025020813,20252026,2026-01-24
away,12,CAR,8483548,B. Bussi,32,30/31,5/5,1/1,36/37,0.973,1,0,0,0,1,60:00,True,W,37,36,2025020813,20252026,2026-01-24
home,9,OTT,8482411,H. Shepard,31,0/0,0/0,0/0,0/0,,0,0,0,0,0,00:00,False,,0,0,2025020813,20252026,2026-01-24
home,9,OTT,8473503,J. Reimer,47,14/17,1/2,0/0,15/19,0.7895,3,1,0,0,4,56:08,True,L,19,15,2025020813,20252026,2026-01-24
away,14,TBL,8477992,J. Johansson,31,23/28,0/1,0/0,23/29,0.7931,5,1,0,0,6,57:54,True,L,29,23,2025020814,20252026,2026-01-24
away,14,TBL,8476883,A. Vasilevskiy,88,0/0,0/0,0/0,0/0,,0,0,0,0,0,00:00,False,,0,0,2025020814,20252026,2026-01-24
home,29,CBJ,8482982,J. Greaves,73,23/27,1/2,1/1,25/30,0.8333,4,1,0,0,5,60:00,True,W,30,25,2025020814,20252026,2026-01-24
home,29,CBJ,8478007,E. Merzlikins,90,0/0,0/0,0/0,0/0,,0,0,0,0,0,00:00,False,,0,0,2025020814,20252026,2026-01-24
away,17,DET,8476434,J. Gibson,36,24/25,1/1,1/1,26/27,0.963,1,0,0,0,1,60:00,True,W,27,26,2025020815,20252026,2026-01-24
away,17,DET,8475660,C. Talbot,39,0/0,0/0,0/0,0/0,,0,0,0,0,0,00:00,False,,0,0,2025020815,20252026,2026-01-24
home,52,WPG,8477480,E. Comrie,1,0/0,0/0,0/0,0/0,,0,0,0,0,0,00:00,False,,0,0,2025020815,20252026,2026-01-24
home,52,WPG,8476945,C. Hellebuyck,37,22/26,4/4,0/0,26/30,0.8667,4,0,0,0,4,58:49,True,L,30,26,2025020815,20252026,2026-01-24
away,26,LAK,8476341,A. Forsberg,31,0/0,0/0,0/0,0/0,,0,0,0,0,0,00:00,False,,0,0,2025020816,20252026,2026-01-24
away,26,LAK,8475311,D. Kuemper,35,24/27,1/2,0/0,25/29,0.8621,3,1,0,0,4,65:00,True,W,29,25,2025020816,20252026,2026-01-24
home,19,STL,8480981,J. Hofer,30,21/25,2/2,1/1,24/28,0.8571,4,0,0,0,4,64:44,True,O,28,24,2025020816,20252026,2026-01-24
home,19,STL,8476412,J. Binnington,50,0/0,0/0,0/0,0/0,,0,0,0,0,0,00:00,False,,0,0,2025020816,20252026,2026-01-24
away,13,FLA,8480193,D. Tarasov,40,0/0,0/0,0/0,0/0,,0,0,0,0,0,00:00,False,,0,0,2025020817,20252026,2026-01-24
away,13,FLA,8475683,S. Bobrovsky,72,12/12,5/7,1/2,18/21,0.8571,0,2,1,0,3,63:00,True,W,21,18,2025020817,20252026,2026-01-24
home,30,MIN,8482661,J. Wallstedt,30,0/0,0/0,0/0,0/0,,0,0,0,0,0,00:00,False,,0,0,2025020817,20252026,2026-01-24
home,30,MIN,8479406,F. Gustavsson,32,18/20,10/12,2/2,30/34,0.8824,2,2,0,0,4,62:22,True,O,34,30,2025020817,20252026,2026-01-24
away,15,WSH,8480313,L. Thompson,48,0/0,0/0,0/0,0/0,,0,0,0,0,0,00:00,False,,0,0,2025020818,20252026,2026-01-24
away,15,WSH,8479292,C. Lindgren,79,21/26,13/14,0/0,34/40,0.85,5,1,0,2,6,60:47,True,O,40,34,2025020818,20252026,2026-01-24
home,22,EDM,8477465,T. Jarry,35,13/14,0/1,0/0,13/15,0.8667,1,1,0,0,2,24:29,False,W,15,13,2025020818,20252026,2026-01-24
home,22,EDM,8478971,C. Ingram,39,8/11,1/1,0/0,9/12,0.75,3,0,0,0,3,34:29,True,,12,9,2025020818,20252026,2026-01-24
away,21,COL,8485473,I. Posch,35,0/0,0/0,0/0,0/0,,0,0,0,0,0,00:00,False,,0,0,2025020819,20252026,2026-01-25
away,21,COL,8478406,M. Blackwood,39,28/28,3/4,1/1,32/33,0.9697,0,1,0,0,1,60:00,True,W,33,32,2025020819,20252026,2026-01-25
home,10,TOR,8476932,A. Stolarz,41,0/0,0/0,0/0,0/0,,0,0,0,0,0,00:00,False,,0,0,2025020819,20252026,2026-01-25
home,10,TOR,8479361,J. Woll,60,28/31,5/5,0/0,33/36,0.9167,3,0,0,0,3,56:33,True,L,36,33,2025020819,20252026,2026-01-25
away,1,NJD,8474593,J. Markstrom,25,12/15,3/3,0/0,15/18,0.8333,3,0,0,0,3,57:16,True,L,18,15,2025020820,20252026,2026-01-25
away,1,NJD,8474596,J. Allen,34,0/0,0/0,0/0,0/0,,0,0,0,0,0,00:00,False,,0,0,2025020820,20252026,2026-01-25
home,55,SEA,8475831,P. Grubauer,31,0/0,0/0,0/0,0/0,,0,0,0,0,0,00:00,False,,0,0,2025020820,20252026,2026-01-25
home,55,SEA,8478916,J. Daccord,35,21/21,4/6,2/2,27/29,0.931,0,2,0,0,2,60:00,True,W,29,27,2025020820,20252026,2026-01-25
away,54,VGK,8478499,A. Hill,33,22/29,3/3,0/0,25/32,0.7812,7,0,0,0,7,59:59,True,L,32,25,2025020821,20252026,2026-01-25
away,54,VGK,8481033,A. Schmid,40,0/0,0/0,0/0,0/0,,0,0,0,0,0,00:00,False,,0,0,2025020821,20252026,2026-01-25
home,9,OTT,8476999,L. Ullmark,35,0/0,0/0,0/0,0/0,,0,0,0,0,0,00:00,False,,0,0,2025020821,20252026,2026-01-25
home,9,OTT,8481544,M. Sogaard,40,15/16,4/4,0/0,19/20,0.95,1,0,0,0,1,60:00,True,W,20,19,2025020821,20252026,2026-01-25
away,5,PIT,8481668,A. Silovs,37,0/0,0/0,0/0,0/0,,0,0,0,0,0,00:00,False,,0,0,2025020822,20252026,2026-01-25
away,5,PIT,8479973,S. Skinner,74,26/28,4/4,0/0,30/32,0.9375,2,0,0,0,2,60:00,True,W,32,30,2025020822,20252026,2026-01-25
home,23,VAN,8480947,K. Lankinen,32,22/25,0/0,0/0,22/25,0.88,3,0,0,0,3,58:10,True,L,25,22,2025020822,20252026,2026-01-25
home,23,VAN,8484268,N. Tolopilo,60,0/0,0/0,0/0,0/0,,0,0,0,0,0,00:00,False,,0,0,2025020822,20252026,2026-01-25
away,13,FLA,8480193,D. Tarasov,40,18/19,3/3,0/0,21/22,0.9545,1,0,0,0,1,60:00,True,W,22,21,2025020823,20252026,2026-01-25
away,13,FLA,8475683,S. Bobrovsky,72,0/0,0/0,0/0,0/0,,0,0,0,0,0,00:00,False,,0,0,2025020823,20252026,2026-01-25
home,16,CHI,8481519,S. Knight,30,18/22,1/1,1/1,20/24,0.8333,4,0,0,0,4,59:00,True,L,24,20,2025020823,20252026,2026-01-25
home,16,CHI,8482821,A. Soderblom,40,0/0,0/0,0/0,0/0,,0,0,0,0,0,00:00,False,,0,0,2025020823,20252026,2026-01-25
away,24,ANA,8480843,L. Dostal,1,28/30,1/2,3/3,32/35,0.9143,2,1,0,0,3,62:54,True,W,35,32,2025020824,20252026,2026-01-25
away,24,ANA,8478024,V. Husso,33,0/0,0/0,0/0,0/0,,0,0,0,0,0,00:00,False,,0,0,2025020824,20252026,2026-01-25
home,20,CGY,8482445,D. Cooley,1,0/0,0/0,0/0,0/0,,0,0,0,0,0,00:00,False,,0,0,2025020824,20252026,2026-01-25
home,20,CGY,8481692,D. Wolf,32,17/21,0/0,0/0,17/21,0.8095,4,0,0,0,4,62:54,True,O,21,17,2025020824,20252026,2026-01-25
away,68,UTA,8477970,V. Vanecek,41,0/0,0/0,0/0,0/0,,0,0,0,0,0,00:00,False,,0,0,2025020825,20252026,2026-01-26
away,68,UTA,8478872,K. Vejmelka,70,18/18,9/11,0/0,27/29,0.931,0,2,0,0,2,60:00,True,L,29,27,2025020825,20252026,2026-01-26
home,14,TBL,8477992,J. Johansson,31,0/0,0/0,0/0,0/0,,0,0,0,0,0,00:00,False,,0,0,2025020825,20252026,2026-01-26
home,14,TBL,8476883,A. Vasilevskiy,88,23/23,5/5,0/0,28/28,1.0,0,0,0,0,0,60:00,True,W,28,28,2025020825,20252026,2026-01-26
away,6,BOS,8480280,J. Swayman,1,0/0,0/0,0/0,0/0,,0,0,0,0,0,00:00,False,,0,0,2025020826,20252026,2026-01-26
away,6,BOS,8476914,J. Korpisalo,70,16/20,8/8,0/0,24/28,0.8571,4,0,0,0,4,63:29,True,O,28,24,2025020826,20252026,2026-01-26
home,3,NYR,8471734,J. Quick,32,20/23,1/1,0/0,21/24,0.875,3,0,0,0,3,63:49,True,W,24,21,2025020826,20252026,2026-01-26
home,3,NYR,8477484,S. Martin,41,0/0,0/0,0/0,0/0,,0,0,0,0,0,00:00,False,,0,0,2025020826,20252026,2026-01-26
away,2,NYI,8478009,I. Sorokin,30,13/13,8/8,0/0,21/21,1.0,0,0,0,0,0,59:36,True,W,21,21,2025020827,20252026,2026-01-26
away,2,NYI,8479496,D. Rittich,33,0/0,0/0,0/0,0/0,,0,0,0,0,0,00:00,False,,0,0,2025020827,20252026,2026-01-26
home,4,PHI,8481035,S. Ersson,33,14/16,5/6,0/1,19/23,0.8261,2,1,1,0,4,60:00,True,L,23,19,2025020827,20252026,2026-01-26
home,4,PHI,8482783,A. Kolosov,35,0/0,0/0,0/0,0/0,,0,0,0,0,0,00:00,False,,0,0,2025020827,20252026,2026-01-26
away,26,LAK,8476341,A. Forsberg,31,17/20,10/11,1/1,28/32,0.875,3,1,0,0,4,62:34,True,W,32,28,2025020828,20252026,2026-03-09
away,26,LAK,8475311,D. Kuemper,35,0/0,0/0,0/0,0/0,,0,0,0,0,0,00:00,False,,0,0,2025020828,20252026,2026-03-09
home,29,CBJ,8482982,J. Greaves,73,20/25,4/4,2/2,26/31,0.8387,5,0,0,0,5,62:34,True,O,31,26,2025020828,20252026,2026-03-09
home,29,CBJ,8478007,E. Merzlikins,90,0/0,0/0,0/0,0/0,,0,0,0,0,0,00:00,False,,0,0,2025020828,20252026,2026-03-09
away,24,ANA,8480843,L. Dostal,1,0/0,0/0,0/0,0/0,,0,0,0,0,0,00:00,False,,0,0,2025020829,20252026,2026-01-26
away,24,ANA,8478024,V. Husso,33,18/22,5/6,2/2,25/30,0.8333,4,1,0,0,5,57:37,True,L,30,25,2025020829,20252026,2026-01-26
home,22,EDM,8477465,T. Jarry,35,30/31,6/9,1/1,37/41,0.9024,1,3,0,0,4,60:00,True,W,41,37,2025020829,20252026,2026-01-26
home,22,EDM,8478971,C. Ingram,39,0/0,0/0,0/0,0/0,,0,0,0,0,0,00:00,False,,0,0,2025020829,20252026,2026-01-26
away,18,NSH,8481020,J. Annunen,29,0/0,0/0,0/0,0/0,,0,0,0,0,0,00:00,False,,0,0,2025020830,20252026,2026-01-27
away,18,NSH,8477424,J. Saros,74,20/23,4/4,1/1,25/28,0.8929,3,0,0,0,3,59:37,True,O,28,25,2025020830,20252026,2026-01-27
home,6,BOS,8480280,J. Swayman,1,24/25,4/5,0/0,28/30,0.9333,1,1,0,0,2,60:15,True,W,30,28,2025020830,20252026,2026-01-27
home,6,BOS,8476914,J. Korpisalo,70,0/0,0/0,0/0,0/0,,0,0,0,0,0,00:00,False,,0,0,2025020830,20252026,2026-01-27
away,7,BUF,8480045,U. Luukkonen,1,3/5,0/0,0/0,3/5,0.6,2,0,0,0,2,12:14,True,,5,3,2025020831,20252026,2026-01-27
away,7,BUF,8481551,C. Ellis,92,16/18,0/0,0/0,16/18,0.8889,2,0,0,0,2,47:46,False,W,18,16,2025020831,20252026,2026-01-27
home,10,TOR,8476932,A. Stolarz,41,0/0,0/0,0/0,0/0,,0,0,0,0,0,00:00,False,,0,0,2025020831,20252026,2026-01-27
home,10,TOR,8479361,J. Woll,60,23/28,1/2,0/0,24/30,0.8,5,1,0,0,6,58:08,True,L,30,24,2025020831,20252026,2026-01-27
away,54,VGK,8478499,A. Hill,33,0/0,0/0,0/0,0/0,,0,0,0,0,0,00:00,False,,0,0,2025020832,20252026,2026-01-27
away,54,VGK,8481033,A. Schmid,40,18/21,4/4,1/1,23/26,0.8846,3,0,0,0,3,63:58,True,O,26,23,2025020832,20252026,2026-01-27
home,8,MTL,8478470,S. Montembeault,35,0/0,0/0,0/0,0/0,,0,0,0,0,0,00:00,False,,0,0,2025020832,20252026,2026-01-27
home,8,MTL,8482487,J. Dobes,75,22/24,6/6,4/4,32/34,0.9412,2,0,0,0,2,63:47,True,W,34,32,2025020832,20252026,2026-01-27
away,26,LAK,8476341,A. Forsberg,31,22/23,3/3,2/2,27/28,0.9643,1,0,0,0,1,60:00,True,W,28,27,2025020833,20252026,2026-01-27
away,26,LAK,8475311,D. Kuemper,35,0/0,0/0,0/0,0/0,,0,0,0,0,0,00:00,False,,0,0,2025020833,20252026,2026-01-27
home,17,DET,8476434,J. Gibson,36,15/16,3/4,1/1,19/21,0.9048,1,1,0,0,2,57:45,True,L,21,19,2025020833,20252026,2026-01-27
home,17,DET,8475660,C. Talbot,39,0/0,0/0,0/0,0/0,,0,0,0,0,0,00:00,False,,0,0,2025020833,20252026,2026-01-27
away,68,UTA,8477970,V. Vanecek,41,18/21,9/9,0/0,27/30,0.9,3,0,0,0,3,59:58,True,W,30,27,2025020834,20252026,2026-01-27
away,68,UTA,8478872,K. Vejmelka,70,0/0,0/0,0/0,0/0,,0,0,0,0,0,00:00,False,,0,0,2025020834,20252026,2026-01-27
home,13,FLA,8480193,D. Tarasov,40,0/0,0/0,0/0,0/0,,0,0,0,0,0,00:00,False,,0,0,2025020834,20252026,2026-01-27
home,13,FLA,8475683,S. Bobrovsky,72,13/15,2/2,1/2,16/19,0.8421,2,0,1,0,3,58:13,True,L,19,16,2025020834,20252026,2026-01-27
away,52,WPG,8477480,E. Comrie,1,0/0,0/0,0/0,0/0,,0,0,0,0,0,00:00,False,,0,0,2025020835,20252026,2026-01-27
away,52,WPG,8476945,C. Hellebuyck,37,22/24,4/5,0/0,26/29,0.8966,2,1,0,0,3,59:37,True,W,29,26,2025020835,20252026,2026-01-27
home,1,NJD,8474593,J. Markstrom,25,0/0,0/0,0/0,0/0,,0,0,0,0,0,00:00,False,,0,0,2025020835,20252026,2026-01-27
home,1,NJD,8474596,J. Allen,34,18/22,4/4,0/0,22/26,0.8462,4,0,0,0,4,57:33,True,L,26,22,2025020835,20252026,2026-01-27
away,25,DAL,8479193,C. DeSmith,1,0/0,0/0,0/0,0/0,,0,0,0,0,0,00:00,False,,0,0,2025020836,20252026,2026-01-27
away,25,DAL,8479979,J. Oettinger,29,22/25,1/1,0/0,23/26,0.8846,3,0,0,0,3,59:51,True,W,26,23,2025020836,20252026,2026-01-27
home,19,STL,8480981,J. Hofer,30,0/0,0/0,0/0,0/0,,0,0,0,0,0,00:00,False,,0,0,2025020836,20252026,2026-01-27
home,19,STL,8476412,J. Binnington,50,17/19,3/5,0/0,20/24,0.8333,2,2,0,0,4,58:53,True,L,24,20,2025020836,20252026,2026-01-27
away,16,CHI,8481519,S. Knight,30,15/18,2/2,3/3,20/23,0.8696,3,0,0,0,3,65:00,True,O,23,20,2025020837,20252026,2026-01-27
away,16,CHI,8482821,A. Soderblom,40,0/0,0/0,0/0,0/0,,0,0,0,0,0,00:00,False,,0,0,2025020837,20252026,2026-01-27
home,30,MIN,8482661,J. Wallstedt,30,18/21,11/11,0/0,29/32,0.9062,3,0,0,0,3,64:55,True,W,32,29,2025020837,20252026,2026-01-27
home,30,MIN,8479406,F. Gustavsson,32,0/0,0/0,0/0,0/0,,0,0,0,0,0,00:00,False,,0,0,2025020837,20252026,2026-01-27
away,28,SJS,8482137,Y. Askarov,30,16/17,7/8,0/0,23/25,0.92,1,1,0,0,2,59:52,True,W,25,23,2025020838,20252026,2026-01-27
away,28,SJS,8477968,A. Nedeljkovic,33,0/0,0/0,0/0,0/0,,0,0,0,0,0,00:00,False,,0,0,2025020838,20252026,2026-01-27
home,23,VAN,8480947,K. Lankinen,32,3/6,0/0,0/0,3/6,0.5,3,0,0,0,3,05:55,True,L,6,3,2025020838,20252026,2026-01-27
home,23,VAN,8484268,N. Tolopilo,60,20/20,5/7,0/0,25/27,0.9259,0,2,0,0,2,54:05,False,,27,25,2025020838,20252026,2026-01-27
away,15,WSH,8480313,L. Thompson,48,22/26,4/5,1/1,27/32,0.8438,4,1,0,0,5,60:00,True,L,32,27,2025020839,20252026,2026-01-27
away,15,WSH,8479292,C. Lindgren,79,0/0,0/0,0/0,0/0,,0,0,0,0,0,00:00,False,,0,0,2025020839,20252026,2026-01-27
home,55,SEA,8475831,P. Grubauer,31,15/15,4/5,0/0,19/20,0.95,0,1,0,0,1,60:00,True,W,20,19,2025020839,20252026,2026-01-27
home,55,SEA,8478916,J. Daccord,35,0/0,0/0,0/0,0/0,,0,0,0,0,0,00:00,False,,0,0,2025020839,20252026,2026-01-27
away,4,PHI,8481035,S. Ersson,33,0/0,0/0,0/0,0/0,,0,0,0,0,0,00:00,False,,0,0,2025020840,20252026,2026-01-28
away,4,PHI,8478435,D. Vladar,80,21/25,4/4,1/1,26/30,0.8667,4,0,0,0,4,57:14,True,L,30,26,2025020840,20252026,2026-01-28
home,29,CBJ,8482982,J. Greaves,73,0/0,0/0,0/0,0/0,,0,0,0,0,0,00:00,False,,0,0,2025020840,20252026,2026-01-28
home,29,CBJ,8478007,E. Merzlikins,90,14/17,10/10,0/0,24/27,0.8889,3,0,0,0,3,60:00,True,W,27,24,2025020840,20252026,2026-01-28
away,21,COL,8478406,M. Blackwood,39,12/15,6/6,0/0,18/21,0.8571,3,0,0,0,3,57:41,True,L,21,18,2025020841,20252026,2026-01-28
away,21,COL,8475809,S. Wedgewood,41,0/0,0/0,0/0,0/0,,0,0,0,0,0,00:00,False,,0,0,2025020841,20252026,2026-01-28
home,9,OTT,8476999,L. Ullmark,35,0/0,0/0,0/0,0/0,,0,0,0,0,0,00:00,False,,0,0,2025020841,20252026,2026-01-28
home,9,OTT,8473503,J. Reimer,47,16/18,0/0,0/0,16/18,0.8889,2,0,0,0,2,60:00,True,W,18,16,2025020841,20252026,2026-01-28
away,3,NYR,8471734,J. Quick,32,0/0,0/0,0/0,0/0,,0,0,0,0,0,00:00,False,,0,0,2025020842,20252026,2026-01-28
away,3,NYR,8477484,S. Martin,41,25/28,6/8,0/0,31/36,0.8611,3,2,0,0,5,60:00,True,L,36,31,2025020842,20252026,2026-01-28
home,2,NYI,8478009,I. Sorokin,30,0/0,0/0,0/0,0/0,,0,0,0,0,0,00:00,False,,0,0,2025020842,20252026,2026-01-28
home,2,NYI,8479496,D. Rittich,33,10/11,4/5,0/0,14/16,0.875,1,1,0,0,2,59:22,True,W,16,14,2025020842,20252026,2026-01-28
away,4,PHI,8481035,S. Ersson,33,14/19,1/1,0/0,15/20,0.75,5,0,0,0,5,40:00,True,L,20,15,2025020843,20252026,2026-01-29
away,4,PHI,8478435,D. Vladar,80,6/6,0/0,0/0,6/6,1.0,0,0,0,0,0,19:46,False,,6,6,2025020843,20252026,2026-01-29
home,6,BOS,8480280,J. Swayman,1,28/30,4/5,1/1,33/36,0.9167,2,1,0,0,3,60:00,True,W,36,33,2025020843,20252026,2026-01-29
home,6,BOS,8476914,J. Korpisalo,70,0/0,0/0,0/0,0/0,,0,0,0,0,0,00:00,False,,0,0,2025020843,20252026,2026-01-29
away,26,LAK,8476341,A. Forsberg,31,0/0,0/0,0/0,0/0,,0,0,0,0,0,00:00,False,,0,0,2025020844,20252026,2026-01-29
away,26,LAK,8475311,D. Kuemper,35,25/27,3/4,0/0,28/31,0.9032,2,1,0,0,3,59:54,True,L,31,28,2025020844,20252026,2026-01-29
home,7,BUF,8479312,A. Lyon,34,33/33,3/4,1/1,37/38,0.9737,0,1,0,0,1,60:00,True,W,38,37,2025020844,20252026,2026-01-29
home,7,BUF,8481551,C. Ellis,92,0/0,0/0,0/0,0/0,,0,0,0,0,0,00:00,False,,0,0,2025020844,20252026,2026-01-29
away,21,COL,8478406,M. Blackwood,39,0/0,0/0,0/0,0/0,,0,0,0,0,0,00:00,False,,0,0,2025020845,20252026,2026-01-29
away,21,COL,8475809,S. Wedgewood,41,19/24,2/3,0/1,21/28,0.75,5,1,1,0,7,60:00,True,L,28,21,2025020845,20252026,2026-01-29
home,8,MTL,8478470,S. Montembeault,35,0/0,0/0,0/0,0/0,,0,0,0,0,0,00:00,False,,0,0,2025020845,20252026,2026-01-29
home,8,MTL,8482487,J. Dobes,75,23/26,3/3,0/0,26/29,0.8966,3,0,0,0,3,59:45,True,W,29,26,2025020845,20252026,2026-01-29
away,15,WSH,8483532,C. Stevenson,33,0/0,0/0,0/0,0/0,,0,0,0,0,0,00:00,False,,0,0,2025020846,20252026,2026-01-29
away,15,WSH,8479292,C. Lindgren,79,15/18,3/3,0/0,18/21,0.8571,3,0,0,2,3,65:00,True,W,21,18,2025020846,20252026,2026-01-29
home,17,DET,8476434,J. Gibson,36,19/22,1/1,0/0,20/23,0.8696,3,0,0,0,3,63:12,True,O,23,20,2025020846,20252026,2026-01-29
home,17,DET,8475660,C. Talbot,39,0/0,0/0,0/0,0/0,,0,0,0,0,0,00:00,False,,0,0,2025020846,20252026,2026-01-29
away,52,WPG,8477480,E. Comrie,1,0/0,0/0,0/0,0/0,,0,0,0,0,0,00:00,False,,0,0,2025020847,20252026,2026-01-29
away,52,WPG,8476945,C. Hellebuyck,37,29/32,2/2,2/2,33/36,0.9167,3,0,0,0,3,58:24,True,L,36,33,2025020847,20252026,2026-01-29
home,14,TBL,8477992,J. Johansson,31,0/0,0/0,0/0,0/0,,0,0,0,0,0,00:00,False,,0,0,2025020847,20252026,2026-01-29
home,14,TBL,8476883,A. Vasilevskiy,88,20/21,1/1,2/2,23/24,0.9583,1,0,0,0,1,59:27,True,W,24,23,2025020847,20252026,2026-01-29
away,18,NSH,8481020,J. Annunen,29,26/29,6/6,0/0,32/35,0.9143,3,0,0,0,3,60:42,True,O,35,32,2025020848,20252026,2026-01-29
away,18,NSH,8477424,J. Saros,74,0/0,0/0,0/0,0/0,,0,0,0,0,0,00:00,False,,0,0,2025020848,20252026,2026-01-29
home,1,NJD,8474593,J. Markstrom,25,21/23,6/6,0/0,27/29,0.931,2,0,0,0,2,60:38,True,W,29,27,2025020848,20252026,2026-01-29
home,1,NJD,8474596,J. Allen,34,0/0,0/0,0/0,0/0,,0,0,0,0,0,00:00,False,,0,0,2025020848,20252026,2026-01-29
away,2,NYI,8478009,I. Sorokin,30,18/18,1/2,1/1,20/21,0.9524,0,1,0,0,1,60:00,True,W,21,20,2025020849,20252026,2026-01-29
away,2,NYI,8479496,D. Rittich,33,0/0,0/0,0/0,0/0,,0,0,0,0,0,00:00,False,,0,0,2025020849,20252026,2026-01-29
home,3,NYR,8471734,J. Quick,32,19/21,0/0,0/0,19/21,0.9048,2,0,0,0,2,58:51,True,L,21,19,2025020849,20252026,2026-01-29
home,3,NYR,8477484,S. Martin,41,0/0,0/0,0/0,0/0,,0,0,0,0,0,00:00,False,,0,0,2025020849,20252026,2026-01-29
away,16,CHI,8481519,S. Knight,30,0/0,0/0,0/0,0/0,,0,0,0,0,0,00:00,False,,0,0,2025020850,20252026,2026-01-29
away,16,CHI,8482821,A. Soderblom,40,34/40,5/5,0/0,39/45,0.8667,6,0,0,0,6,60:00,True,L,45,39,2025020850,20252026,2026-01-29
home,5,PIT,8481668,A. Silovs,37,14/16,3/3,1/1,18/20,0.9,2,0,0,0,2,59:57,True,W,20,18,2025020850,20252026,2026-01-29
home,5,PIT,8479973,S. Skinner,74,0/0,0/0,0/0,0/0,,0,0,0,0,0,00:00,False,,0,0,2025020850,20252026,2026-01-29
away,68,UTA,8477970,V. Vanecek,41,0/0,0/0,0/0,0/0,,0,0,0,0,0,00:00,False,,0,0,2025020851,20252026,2026-01-29
away,68,UTA,8478872,K. Vejmelka,70,22/25,5/7,1/1,28/33,0.8485,3,2,0,0,5,60:00,True,L,33,28,2025020851,20252026,2026-01-29
home,12,CAR,8475883,F. Andersen,31,0/0,0/0,0/0,0/0,,0,0,0,0,0,00:00,False,,0,0,2025020851,20252026,2026-01-29
home,12,CAR,8483548,B. Bussi,32,21/25,0/0,0/0,21/25,0.84,4,0,0,0,4,59:01,True,W,25,21,2025020851,20252026,2026-01-29
away,13,FLA,8480193,D. Tarasov,40,21/25,3/4,2/2,26/31,0.8387,4,1,0,0,5,59:44,True,L,31,26,2025020852,20252026,2026-01-29
away,13,FLA,8475683,S. Bobrovsky,72,0/0,0/0,0/0,0/0,,0,0,0,0,0,00:00,False,,0,0,2025020852,20252026,2026-01-29
home,19,STL,8480981,J. Hofer,30,10/12,6/8,0/0,16/20,0.8,2,2,0,2,4,60:00,True,W,20,16,2025020852,20252026,2026-01-29
home,19,STL,8476412,J. Binnington,50,0/0,0/0,0/0,0/0,,0,0,0,0,0,00:00,False,,0,0,2025020852,20252026,2026-01-29
away,20,CGY,8482445,D. Cooley,1,14/16,5/6,1/1,20/23,0.8696,2,1,0,0,3,59:53,True,L,23,20,2025020853,20252026,2026-01-29
away,20,CGY,8481692,D. Wolf,32,0/0,0/0,0/0,0/0,,0,0,0,0,0,00:00,False,,0,0,2025020853,20252026,2026-01-29
home,30,MIN,8482661,J. Wallstedt,30,0/0,0/0,0/0,0/0,,0,0,0,0,0,00:00,False,,0,0,2025020853,20252026,2026-01-29
home,30,MIN,8479406,F. Gustavsson,32,19/20,10/10,0/0,29/30,0.9667,1,0,0,0,1,60:00,True,W,30,29,2025020853,20252026,2026-01-29
away,28,SJS,8482137,Y. Askarov,30,27/31,1/1,0/0,28/32,0.875,4,0,0,0,4,61:06,True,O,32,28,2025020854,20252026,2026-01-29
away,28,SJS,8477968,A. Nedeljkovic,33,0/0,0/0,0/0,0/0,,0,0,0,0,0,00:00,False,,0,0,2025020854,20252026,2026-01-29
home,22,EDM,8477465,T. Jarry,35,0/0,0/0,0/0,0/0,,0,0,0,0,0,00:00,False,,0,0,2025020854,20252026,2026-01-29
home,22,EDM,8478971,C. Ingram,39,14/17,4/4,0/0,18/21,0.8571,3,0,0,0,3,59:19,True,W,21,18,2025020854,20252026,2026-01-29
away,24,ANA,8480843,L. Dostal,1,18/19,6/6,0/0,24/25,0.96,1,0,0,0,1,57:47,True,L,25,24,2025020855,20252026,2026-01-29
away,24,ANA,8478024,V. Husso,33,0/0,0/0,0/0,0/0,,0,0,0,0,0,00:00,False,,0,0,2025020855,20252026,2026-01-29
home,23,VAN,8480947,K. Lankinen,32,1/1,0/0,0/0,1/1,1.0,0,0,0,0,0,02:11,False,,1,1,2025020855,20252026,2026-01-29
home,23,VAN,8484268,N. Tolopilo,60,27/27,5/5,0/0,32/32,1.0,0,0,0,0,0,57:49,True,W,32,32,2025020855,20252026,2026-01-29
away,25,DAL,8479193,C. DeSmith,1,0/0,0/0,0/0,0/0,,0,0,0,0,0,00:00,False,,0,0,2025020856,20252026,2026-01-29
away,25,DAL,8479979,J. Oettinger,29,16/19,1/1,0/1,17/21,0.8095,3,0,1,0,4,65:00,True,W,21,17,2025020856,20252026,2026-01-29
home,54,VGK,8478499,A. Hill,33,23/27,0/0,0/0,23/27,0.8519,4,0,0,0,4,64:05,True,O,27,23,2025020856,20252026,2026-01-29
home,54,VGK,8481033,A. Schmid,40,0/0,0/0,0/0,0/0,,0,0,0,0,0,00:00,False,,0,0,2025020856,20252026,2026-01-29
away,10,TOR,8476932,A. Stolarz,41,14/18,2/2,1/1,17/21,0.8095,4,0,0,0,4,58:34,True,L,21,17,2025020857,20252026,2026-01-29
away,10,TOR,8479361,J. Woll,60,0/0,0/0,0/0,0/0,,0,0,0,0,0,00:00,False,,0,0,2025020857,20252026,2026-01-29
home,55,SEA,8475831,P. Grubauer,31,0/0,0/0,0/0,0/0,,0,0,0,0,0,00:00,False,,0,0,2025020857,20252026,2026-01-29
home,55,SEA,8478916,J. Daccord,35,21/22,8/9,0/0,29/31,0.9355,1,1,0,0,2,60:00,True,W,31,29,2025020857,20252026,2026-01-29
away,29,CBJ,8482982,J. Greaves,73,0/0,0/0,0/0,0/0,,0,0,0,0,0,00:00,False,,0,0,2025020858,20252026,2026-01-30
away,29,CBJ,8478007,E. Merzlikins,90,20/22,2/2,0/0,22/24,0.9167,2,0,0,0,2,60:00,True,W,24,22,2025020858,20252026,2026-01-30
home,16,CHI,8481519,S. Knight,30,20/22,2/3,0/0,22/25,0.88,2,1,0,0,3,59:41,True,L,25,22,2025020858,20252026,2026-01-30
home,16,CHI,8482821,A. Soderblom,40,0/0,0/0,0/0,0/0,,0,0,0,0,0,00:00,False,,0,0,2025020858,20252026,2026-01-30
away,26,LAK,8476341,A. Forsberg,31,0/0,0/0,0/0,0/0,,0,0,0,0,0,00:00,False,,0,0,2025020859,20252026,2026-01-31
away,26,LAK,8475311,D. Kuemper,35,18/19,0/1,1/1,19/21,0.9048,1,1,0,0,2,62:48,True,W,21,19,2025020859,20252026,2026-01-31
home,4,PHI,8482783,A. Kolosov,35,0/0,0/0,0/0,0/0,,0,0,0,0,0,00:00,False,,0,0,2025020859,20252026,2026-01-31
home,4,PHI,8478435,D. Vladar,80,15/18,3/3,0/0,18/21,0.8571,3,0,0,0,3,62:48,True,O,21,18,2025020859,20252026,2026-01-31
away,21,COL,8478406,M. Blackwood,39,24/24,4/4,0/0,28/28,1.0,0,0,0,0,0,60:00,True,W,28,28,2025020860,20252026,2026-01-31
away,21,COL,8475809,S. Wedgewood,41,0/0,0/0,0/0,0/0,,0,0,0,0,0,00:00,False,,0,0,2025020860,20252026,2026-01-31
home,17,DET,8476434,J. Gibson,36,8/12,4/4,1/1,13/17,0.7647,4,0,0,0,4,40:00,True,L,17,13,2025020860,20252026,2026-01-31
home,17,DET,8475660,C. Talbot,39,3/4,0/0,0/0,3/4,0.75,1,0,0,0,1,20:00,False,,4,3,2025020860,20252026,2026-01-31
away,3,NYR,8471734,J. Quick,32,18/22,8/9,2/2,28/33,0.8485,4,1,0,0,5,58:44,True,L,33,28,2025020861,20252026,2026-01-31
away,3,NYR,8477484,S. Martin,41,0/0,0/0,0/0,0/0,,0,0,0,0,0,00:00,False,,0,0,2025020861,20252026,2026-01-31
home,5,PIT,8481668,A. Silovs,37,0/0,0/0,0/0,0/0,,0,0,0,0,0,00:00,False,,0,0,2025020861,20252026,2026-01-31
home,5,PIT,8479973,S. Skinner,74,14/17,1/2,0/1,15/20,0.75,3,1,1,0,5,59:45,True,W,20,15,2025020861,20252026,2026-01-31
away,52,WPG,8477480,E. Comrie,1,19/20,7/7,1/1,27/28,0.9643,1,0,0,0,1,60:00,True,W,28,27,2025020862,20252026,2026-01-31
away,52,WPG,8476945,C. Hellebuyck,37,0/0,0/0,0/0,0/0,,0,0,0,0,0,00:00,False,,0,0,2025020862,20252026,2026-01-31
home,13,FLA,8480193,D. Tarasov,40,0/0,0/0,0/0,0/0,,0,0,0,0,0,00:00,False,,0,0,2025020862,20252026,2026-01-31
home,13,FLA,8475683,S. Bobrovsky,72,15/17,4/4,0/0,19/21,0.9048,2,0,0,0,2,59:11,True,L,21,19,2025020862,20252026,2026-01-31
away,28,SJS,8482137,Y. Askarov,30,0/0,0/0,0/0,0/0,,0,0,0,0,0,00:00,False,,0,0,2025020863,20252026,2026-01-31
away,28,SJS,8477968,A. Nedeljkovic,33,29/30,10/11,0/1,39/42,0.9286,1,1,1,0,3,57:38,True,L,42,39,2025020863,20252026,2026-01-31
home,20,CGY,8482445,D. Cooley,1,0/0,0/0,0/0,0/0,,0,0,0,0,0,00:00,False,,0,0,2025020863,20252026,2026-01-31
home,20,CGY,8481692,D. Wolf,32,15/16,5/6,3/3,23/25,0.92,1,1,0,0,2,59:51,True,W,25,23,2025020863,20252026,2026-01-31
away,12,CAR,8475883,F. Andersen,31,32/36,6/6,0/0,38/42,0.9048,4,0,0,0,4,61:42,True,O,42,38,2025020864,20252026,2026-01-31
away,12,CAR,8483548,B. Bussi,32,0/0,0/0,0/0,0/0,,0,0,0,0,0,00:00,False,,0,0,2025020864,20252026,2026-01-31
home,15,WSH,8483532,C. Stevenson,33,18/21,0/0,1/1,19/22,0.8636,3,0,0,0,3,61:42,True,W,22,19,2025020864,20252026,2026-01-31
home,15,WSH,8482188,G. Bjorklund,68,0/0,0/0,0/0,0/0,,0,0,0,0,0,00:00,False,,0,0,2025020864,20252026,2026-01-31
away,8,MTL,8478470,S. Montembeault,35,0/0,0/0,0/0,0/0,,0,0,0,0,0,00:00,False,,0,0,2025020865,20252026,2026-01-31
away,8,MTL,8482487,J. Dobes,75,32/33,4/5,0/0,36/38,0.9474,1,1,0,0,2,59:58,True,W,38,36,2025020865,20252026,2026-01-31
home,7,BUF,8479312,A. Lyon,34,23/25,3/4,1/1,27/30,0.9,2,1,0,0,3,57:43,True,L,30,27,2025020865,20252026,2026-01-31
home,7,BUF,8481551,C. Ellis,92,0/0,0/0,0/0,0/0,,0,0,0,0,0,00:00,False,,0,0,2025020865,20252026,2026-01-31
away,1,NJD,8474593,J. Markstrom,25,0/0,0/0,0/0,0/0,,0,0,0,0,0,00:00,False,,0,0,2025020866,20252026,2026-01-31
away,1,NJD,8474596,J. Allen,34,27/28,3/5,0/0,30/33,0.9091,1,2,0,0,3,59:17,True,L,33,30,2025020866,20252026,2026-01-31
home,9,OTT,8476999,L. Ullmark,35,21/22,5/5,0/0,26/27,0.963,1,0,0,0,1,60:00,True,W,27,26,2025020866,20252026,2026-01-31
home,9,OTT,8473503,J. Reimer,47,0/0,0/0,0/0,0/0,,0,0,0,0,0,00:00,False,,0,0,2025020866,20252026,2026-01-31
away,18,NSH,8481020,J. Annunen,29,0/0,0/0,0/0,0/0,,0,0,0,0,0,00:00,False,,0,0,2025020867,20252026,2026-01-31
away,18,NSH,8477424,J. Saros,74,26/29,1/1,0/0,27/30,0.9,3,0,0,0,3,60:00,True,W,30,27,2025020867,20252026,2026-01-31
home,2,NYI,8478009,I. Sorokin,30,30/33,4/5,4/4,38/42,0.9048,3,1,0,0,4,58:50,True,L,42,38,2025020867,20252026,2026-01-31
home,2,NYI,8479496,D. Rittich,33,0/0,0/0,0/0,0/0,,0,0,0,0,0,00:00,False,,0,0,2025020867,20252026,2026-01-31
away,29,CBJ,8482982,J. Greaves,73,21/23,7/8,2/2,30/33,0.9091,2,1,0,0,3,59:51,True,W,33,30,2025020868,20252026,2026-01-31
away,29,CBJ,8478007,E. Merzlikins,90,0/0,0/0,0/0,0/0,,0,0,0,0,0,00:00,False,,0,0,2025020868,20252026,2026-01-31
home,19,STL,8480981,J. Hofer,30,0/0,0/0,0/0,0/0,,0,0,0,0,0,00:00,False,,0,0,2025020868,20252026,2026-01-31
home,19,STL,8476412,J. Binnington,50,16/19,2/3,0/0,18/22,0.8182,3,1,0,0,4,59:25,True,L,22,18,2025020868,20252026,2026-01-31
away,10,TOR,8476932,A. Stolarz,41,0/0,0/0,0/0,0/0,,0,0,0,0,0,00:00,False,,0,0,2025020869,20252026,2026-01-31
away,10,TOR,8479361,J. Woll,60,28/30,0/0,0/0,28/30,0.9333,2,0,0,0,2,65:00,True,W,30,28,2025020869,20252026,2026-01-31
home,23,VAN,8480947,K. Lankinen,32,0/0,0/0,0/0,0/0,,0,0,0,0,0,00:00,False,,0,0,2025020869,20252026,2026-01-31
home,23,VAN,8484268,N. Tolopilo,60,39/41,0/0,0/0,39/41,0.9512,2,0,0,0,2,65:00,True,O,41,39,2025020869,20252026,2026-01-31
away,25,DAL,8479193,C. DeSmith,1,9/11,1/1,2/2,12/14,0.8571,2,0,0,0,2,60:00,True,W,14,12,2025020870,20252026,2026-01-31
away,25,DAL,8479979,J. Oettinger,29,0/0,0/0,0/0,0/0,,0,0,0,0,0,00:00,False,,0,0,2025020870,20252026,2026-01-31
home,68,UTA,8477970,V. Vanecek,41,0/0,0/0,0/0,0/0,,0,0,0,0,0,00:00,False,,0,0,2025020870,20252026,2026-01-31
home,68,UTA,8478872,K. Vejmelka,70,25/26,4/6,0/0,29/32,0.9062,1,2,0,0,3,58:29,True,L,32,29,2025020870,20252026,2026-01-31
away,30,MIN,8482661,J. Wallstedt,30,34/37,5/5,0/0,39/42,0.9286,3,0,0,0,3,60:00,True,W,42,39,2025020871,20252026,2026-01-31
away,30,MIN,8479406,F. Gustavsson,32,0/0,0/0,0/0,0/0,,0,0,0,0,0,00:00,False,,0,0,2025020871,20252026,2026-01-31
home,22,EDM,8477465,T. Jarry,35,13/16,2/4,0/0,15/20,0.75,3,2,0,0,5,35:40,True,L,20,15,2025020871,20252026,2026-01-31
home,22,EDM,8478971,C. Ingram,39,7/9,0/0,0/0,7/9,0.7778,2,0,0,0,2,24:20,False,,9,7,2025020871,20252026,2026-01-31
away,55,SEA,8475831,P. Grubauer,31,0/0,0/0,0/0,0/0,,0,0,0,0,0,00:00,False,,0,0,2025020872,20252026,2026-01-31
away,55,SEA,8478916,J. Daccord,35,25/26,2/3,0/0,27/29,0.931,1,1,0,0,2,60:00,True,W,29,27,2025020872,20252026,2026-01-31
home,54,VGK,8478499,A. Hill,33,0/0,0/0,0/0,0/0,,0,0,0,0,0,00:00,False,,0,0,2025020872,20252026,2026-01-31
home,54,VGK,8481033,A. Schmid,40,16/18,3/4,0/0,19/22,0.8636,2,1,0,0,3,58:20,True,L,22,19,2025020872,20252026,2026-01-31
away,6,BOS,8480280,J. Swayman,1,26/28,14/17,1/1,41/46,0.8913,2,3,0,9,5,65:00,True,O,46,41,2025020873,20252026,2026-02-01
away,6,BOS,8476914,J. Korpisalo,70,0/0,0/0,0/0,0/0,,0,0,0,0,0,00:00,False,,0,0,2025020873,20252026,2026-02-01
home,14,TBL,8477992,J. Johansson,31,0/0,0/0,0/0,0/0,,0,0,0,0,0,00:00,False,,0,0,2025020873,20252026,2026-02-01
home,14,TBL,8476883,A. Vasilevskiy,88,22/26,6/7,1/1,29/34,0.8529,4,1,0,7,5,64:59,True,W,34,29,2025020873,20252026,2026-02-01
away,26,LAK,8476341,A. Forsberg,31,23/25,8/9,0/0,31/34,0.9118,2,1,0,0,3,61:25,True,O,34,31,2025020874,20252026,2026-02-01
away,26,LAK,8475311,D. Kuemper,35,0/0,0/0,0/0,0/0,,0,0,0,0,0,00:00,False,,0,0,2025020874,20252026,2026-02-01
home,12,CAR,8475883,F. Andersen,31,0/0,0/0,0/0,0/0,,0,0,0,0,0,00:00,False,,0,0,2025020874,20252026,2026-02-01
home,12,CAR,8483548,B. Bussi,32,11/13,0/0,0/0,11/13,0.8462,2,0,0,0,2,61:25,True,W,13,11,2025020874,20252026,2026-02-01
away,54,VGK,8478499,A. Hill,33,16/18,1/2,2/2,19/22,0.8636,2,1,0,0,3,58:21,True,L,22,19,2025020875,20252026,2026-02-01
away,54,VGK,8481033,A. Schmid,40,0/0,0/0,0/0,0/0,,0,0,0,0,0,00:00,False,,0,0,2025020875,20252026,2026-02-01
home,24,ANA,8480843,L. Dostal,1,28/31,0/0,0/0,28/31,0.9032,3,0,0,0,3,60:00,True,W,31,28,2025020875,20252026,2026-02-01
home,24,ANA,8478024,V. Husso,33,0/0,0/0,0/0,0/0,,0,0,0,0,0,00:00,False,,0,0,2025020875,20252026,2026-02-01
away,7,BUF,8479312,A. Lyon,34,28/30,11/12,0/0,39/42,0.9286,2,1,0,0,3,59:55,True,W,42,39,2025020876,20252026,2026-02-02
away,7,BUF,8481551,C. Ellis,92,0/0,0/0,0/0,0/0,,0,0,0,0,0,00:00,False,,0,0,2025020876,20252026,2026-02-02
home,13,FLA,8480193,D. Tarasov,40,0/0,0/0,0/0,0/0,,0,0,0,0,0,00:00,False,,0,0,2025020876,20252026,2026-02-02
home,13,FLA,8475683,S. Bobrovsky,72,11/15,3/4,1/1,15/20,0.75,4,1,0,0,5,58:08,True,L,20,15,2025020876,20252026,2026-02-02
away,9,OTT,8476999,L. Ullmark,35,13/15,1/1,0/0,14/16,0.875,2,0,0,0,2,60:00,True,W,16,14,2025020877,20252026,2026-02-02
away,9,OTT,8473503,J. Reimer,47,0/0,0/0,0/0,0/0,,0,0,0,0,0,00:00,False,,0,0,2025020877,20252026,2026-02-02
home,5,PIT,8481668,A. Silovs,37,22/25,6/6,0/0,28/31,0.9032,3,0,0,0,3,57:33,True,L,31,28,2025020877,20252026,2026-02-02
home,5,PIT,8479973,S. Skinner,74,0/0,0/0,0/0,0/0,,0,0,0,0,0,00:00,False,,0,0,2025020877,20252026,2026-02-02
away,2,NYI,8478009,I. Sorokin,30,0/0,0/0,0/0,0/0,,0,0,0,0,0,00:00,False,,0,0,2025020878,20252026,2026-02-02
away,2,NYI,8479496,D. Rittich,33,16/19,5/5,0/0,21/24,0.875,3,0,0,0,3,57:08,True,L,24,21,2025020878,20252026,2026-02-02
home,15,WSH,8483532,C. Stevenson,33,23/24,5/5,1/1,29/30,0.9667,1,0,0,0,1,60:00,True,W,30,29,2025020878,20252026,2026-02-02
home,15,WSH,8482188,G. Bjorklund,68,0/0,0/0,0/0,0/0,,0,0,0,0,0,00:00,False,,0,0,2025020878,20252026,2026-02-02
away,8,MTL,8478470,S. Montembeault,35,0/0,0/0,0/0,0/0,,0,0,0,0,0,00:00,False,,0,0,2025020879,20252026,2026-02-02
away,8,MTL,8482487,J. Dobes,75,19/22,1/2,0/0,20/24,0.8333,3,1,0,0,4,62:52,True,O,24,20,2025020879,20252026,2026-02-02
home,30,MIN,8479406,F. Gustavsson,32,15/18,0/0,2/2,17/20,0.85,3,0,0,0,3,63:38,True,W,20,17,2025020879,20252026,2026-02-02
home,30,MIN,8477361,C. Petersen,40,0/0,0/0,0/0,0/0,,0,0,0,0,0,00:00,False,,0,0,2025020879,20252026,2026-02-02
away,19,STL,8480981,J. Hofer,30,21/26,0/1,1/1,22/28,0.7857,5,1,0,0,6,58:59,True,L,28,22,2025020880,20252026,2026-02-02
away,19,STL,8476412,J. Binnington,50,0/0,0/0,0/0,0/0,,0,0,0,0,0,00:00,False,,0,0,2025020880,20252026,2026-02-02
home,18,NSH,8481020,J. Annunen,29,13/13,0/0,0/0,13/13,1.0,0,0,0,0,0,36:05,False,W,13,13,2025020880,20252026,2026-02-02
home,18,NSH,8477424,J. Saros,74,15/19,0/1,1/1,16/21,0.7619,4,1,0,0,5,23:55,True,,21,16,2025020880,20252026,2026-02-02
away,28,SJS,8482137,Y. Askarov,30,4/7,2/3,0/0,6/10,0.6,3,1,0,0,4,30:36,True,L,10,6,2025020881,20252026,2026-02-02
away,28,SJS,8477968,A. Nedeljkovic,33,3/5,0/0,2/2,5/7,0.7143,2,0,0,0,2,29:24,False,,7,5,2025020881,20252026,2026-02-02
home,16,CHI,8481519,S. Knight,30,18/21,6/6,0/0,24/27,0.8889,3,0,0,0,3,59:52,True,W,27,24,2025020881,20252026,2026-02-02
home,16,CHI,8482821,A. Soderblom,40,0/0,0/0,0/0,0/0,,0,0,0,0,0,00:00,False,,0,0,2025020881,20252026,2026-02-02
away,52,WPG,8477480,E. Comrie,1,0/0,0/0,0/0,0/0,,0,0,0,0,0,00:00,False,,0,0,2025020882,20252026,2026-02-02
away,52,WPG,8476945,C. Hellebuyck,37,22/25,1/2,1/1,24/28,0.8571,3,1,0,0,4,61:09,True,O,28,24,2025020882,20252026,2026-02-02
home,25,DAL,8479193,C. DeSmith,1,0/0,0/0,0/0,0/0,,0,0,0,0,0,00:00,False,,0,0,2025020882,20252026,2026-02-02
home,25,DAL,8479979,J. Oettinger,29,21/23,3/4,0/0,24/27,0.8889,2,1,0,0,3,62:05,True,W,27,24,2025020882,20252026,2026-02-02
away,17,DET,8476434,J. Gibson,36,19/19,2/2,0/0,21/21,1.0,0,0,0,0,0,60:00,True,W,21,21,2025020883,20252026,2026-02-02
away,17,DET,8475660,C. Talbot,39,0/0,0/0,0/0,0/0,,0,0,0,0,0,00:00,False,,0,0,2025020883,20252026,2026-02-02
home,21,COL,8478406,M. Blackwood,39,19/20,2/2,2/2,23/24,0.9583,1,0,0,0,1,57:14,True,L,24,23,2025020883,20252026,2026-02-02
home,21,COL,8475809,S. Wedgewood,41,0/0,0/0,0/0,0/0,,0,0,0,0,0,00:00,False,,0,0,2025020883,20252026,2026-02-02
away,23,VAN,8480947,K. Lankinen,32,11/16,1/2,1/1,13/19,0.6842,5,1,0,0,6,60:00,True,L,19,13,2025020884,20252026,2026-02-02
away,23,VAN,8484268,N. Tolopilo,60,0/0,0/0,0/0,0/0,,0,0,0,0,0,00:00,False,,0,0,2025020884,20252026,2026-02-02
home,68,UTA,8477970,V. Vanecek,41,0/0,0/0,0/0,0/0,,0,0,0,0,0,00:00,False,,0,0,2025020884,20252026,2026-02-02
home,68,UTA,8478872,K. Vejmelka,70,19/21,3/3,0/0,22/24,0.9167,2,0,0,0,2,59:27,True,W,24,22,2025020884,20252026,2026-02-02
away,10,TOR,8476932,A. Stolarz,41,0/0,0/0,0/0,0/0,,0,0,0,0,0,00:00,False,,0,0,2025020885,20252026,2026-02-02
away,10,TOR,8479361,J. Woll,60,27/29,1/1,0/0,28/30,0.9333,2,0,0,2,2,60:00,True,W,30,28,2025020885,20252026,2026-02-02
home,20,CGY,8482445,D. Cooley,1,0/0,0/0,0/0,0/0,,0,0,0,0,0,00:00,False,,0,0,2025020885,20252026,2026-02-02
home,20,CGY,8481692,D. Wolf,32,17/20,0/0,1/1,18/21,0.8571,3,0,0,0,3,58:41,True,L,21,18,2025020885,20252026,2026-02-02
away,7,BUF,8479312,A. Lyon,34,0/0,0/0,0/0,0/0,,0,0,0,0,0,00:00,False,,0,0,2025020886,20252026,2026-02-03
away,7,BUF,8481551,C. Ellis,92,25/28,4/5,2/2,31/35,0.8857,3,1,0,0,4,64:24,True,O,35,31,2025020886,20252026,2026-02-03
home,14,TBL,8477992,J. Johansson,31,0/0,0/0,0/0,0/0,,0,0,0,0,0,00:00,False,,0,0,2025020886,20252026,2026-02-03
home,14,TBL,8476883,A. Vasilevskiy,88,16/18,7/8,0/0,23/26,0.8846,2,1,0,0,3,63:33,True,W,26,23,2025020886,20252026,2026-02-03
away,29,CBJ,8482982,J. Greaves,73,0/0,0/0,0/0,0/0,,0,0,0,0,0,00:00,False,,0,0,2025020887,20252026,2026-02-03
away,29,CBJ,8478007,E. Merzlikins,90,20/20,4/4,0/0,24/24,1.0,0,0,0,0,0,59:55,True,W,24,24,2025020887,20252026,2026-02-03
home,1,NJD,8474593,J. Markstrom,25,21/23,0/0,2/2,23/25,0.92,2,0,0,0,2,58:42,True,L,25,23,2025020887,20252026,2026-02-03
home,1,NJD,8474596,J. Allen,34,0/0,0/0,0/0,0/0,,0,0,0,0,0,00:00,False,,0,0,2025020887,20252026,2026-02-03
away,5,PIT,8481668,A. Silovs,37,0/0,0/0,0/0,0/0,,0,0,0,0,0,00:00,False,,0,0,2025020888,20252026,2026-02-03
away,5,PIT,8479973,S. Skinner,74,17/22,0/0,1/1,18/23,0.7826,5,0,0,0,5,60:52,True,O,23,18,2025020888,20252026,2026-02-03
home,2,NYI,8478009,I. Sorokin,30,27/31,4/4,0/0,31/35,0.8857,4,0,0,0,4,60:22,True,W,35,31,2025020888,20252026,2026-02-03
home,2,NYI,8479496,D. Rittich,33,0/0,0/0,0/0,0/0,,0,0,0,0,0,00:00,False,,0,0,2025020888,20252026,2026-02-03
away,15,WSH,8483532,C. Stevenson,33,16/18,2/3,0/0,18/21,0.8571,2,1,0,0,3,58:25,True,L,21,18,2025020889,20252026,2026-02-03
away,15,WSH,8482188,G. Bjorklund,68,0/0,0/0,0/0,0/0,,0,0,0,0,0,00:00,False,,0,0,2025020889,20252026,2026-02-03
home,4,PHI,8482783,A. Kolosov,35,0/0,0/0,0/0,0/0,,0,0,0,0,0,00:00,False,,0,0,2025020889,20252026,2026-02-03
home,4,PHI,8478435,D. Vladar,80,20/21,4/4,2/3,26/28,0.9286,1,0,1,0,2,60:00,True,W,28,26,2025020889,20252026,2026-02-03
away,9,OTT,8476999,L. Ullmark,35,0/0,0/0,0/0,0/0,,0,0,0,0,0,00:00,False,,0,0,2025020890,20252026,2026-02-03
away,9,OTT,8473503,J. Reimer,47,14/17,1/2,0/0,15/19,0.7895,3,1,0,0,4,58:38,True,L,19,15,2025020890,20252026,2026-02-03
home,12,CAR,8475883,F. Andersen,31,0/0,0/0,0/0,0/0,,0,0,0,0,0,00:00,False,,0,0,2025020890,20252026,2026-02-03
home,12,CAR,8483548,B. Bussi,32,22/23,2/4,0/0,24/27,0.8889,1,2,0,0,3,60:00,True,W,27,24,2025020890,20252026,2026-02-03
away,10,TOR,8476932,A. Stolarz,41,33/35,1/1,0/0,34/36,0.9444,2,0,0,0,2,60:00,True,W,36,34,2025020891,20252026,2026-02-03
away,10,TOR,8479361,J. Woll,60,0/0,0/0,0/0,0/0,,0,0,0,0,0,00:00,False,,0,0,2025020891,20252026,2026-02-03
home,22,EDM,8477465,T. Jarry,35,0/0,0/0,0/0,0/0,,0,0,0,0,0,00:00,False,,0,0,2025020891,20252026,2026-02-03
home,22,EDM,8478971,C. Ingram,39,21/23,1/3,0/0,22/26,0.8462,2,2,0,0,4,59:30,True,L,26,22,2025020891,20252026,2026-02-03
away,55,SEA,8475831,P. Grubauer,31,23/27,4/4,0/0,27/31,0.871,4,0,0,0,4,56:12,True,L,31,27,2025020892,20252026,2026-02-03
away,55,SEA,8478916,J. Daccord,35,0/0,0/0,0/0,0/0,,0,0,0,0,0,00:00,False,,0,0,2025020892,20252026,2026-02-03
home,24,ANA,8480843,L. Dostal,1,26/28,0/0,0/0,26/28,0.9286,2,0,0,0,2,60:00,True,W,28,26,2025020892,20252026,2026-02-03
home,24,ANA,8478024,V. Husso,33,0/0,0/0,0/0,0/0,,0,0,0,0,0,00:00,False,,0,0,2025020892,20252026,2026-02-03
away,6,BOS,8480280,J. Swayman,1,0/0,0/0,0/0,0/0,,0,0,0,0,0,00:00,False,,0,0,2025020893,20252026,2026-02-04
away,6,BOS,8476914,J. Korpisalo,70,15/16,4/6,3/4,22/26,0.8462,1,2,1,0,4,65:00,True,O,26,22,2025020893,20252026,2026-02-04
home,13,FLA,8480193,D. Tarasov,40,0/0,0/0,0/0,0/0,,0,0,0,0,0,00:00,False,,0,0,2025020893,20252026,2026-02-04
home,13,FLA,8475683,S. Bobrovsky,72,17/20,8/9,0/0,25/29,0.8621,3,1,0,0,4,65:00,True,W,29,25,2025020893,20252026,2026-02-04
away,16,CHI,8481519,S. Knight,30,15/18,1/1,0/0,16/19,0.8421,3,0,0,0,3,58:30,True,L,19,16,2025020894,20252026,2026-02-04
away,16,CHI,8482821,A. Soderblom,40,0/0,0/0,0/0,0/0,,0,0,0,0,0,00:00,False,,0,0,2025020894,20252026,2026-02-04
home,29,CBJ,8482982,J. Greaves,73,13/13,6/6,2/2,21/21,1.0,0,0,0,0,0,60:00,True,W,21,21,2025020894,20252026,2026-02-04
home,29,CBJ,8478007,E. Merzlikins,90,0/0,0/0,0/0,0/0,,0,0,0,0,0,00:00,False,,0,0,2025020894,20252026,2026-02-04
away,8,MTL,8478470,S. Montembeault,35,29/29,7/8,0/0,36/37,0.973,0,1,0,0,1,60:00,True,W,37,36,2025020895,20252026,2026-02-04
away,8,MTL,8482487,J. Dobes,75,0/0,0/0,0/0,0/0,,0,0,0,0,0,00:00,False,,0,0,2025020895,20252026,2026-02-04
home,52,WPG,8477480,E. Comrie,1,0/0,0/0,0/0,0/0,,0,0,0,0,0,00:00,False,,0,0,2025020895,20252026,2026-02-04
home,52,WPG,8476945,C. Hellebuyck,37,18/21,3/4,1/1,22/26,0.8462,3,1,0,0,4,54:30,True,L,26,22,2025020895,20252026,2026-02-04
away,30,MIN,8479406,F. Gustavsson,32,27/30,3/5,0/0,30/35,0.8571,3,2,0,0,5,64:10,True,W,35,30,2025020896,20252026,2026-02-04
away,30,MIN,8477361,C. Petersen,40,0/0,0/0,0/0,0/0,,0,0,0,0,0,00:00,False,,0,0,2025020896,20252026,2026-02-04
home,18,NSH,8481020,J. Annunen,29,0/0,0/0,0/0,0/0,,0,0,0,0,0,00:00,False,,0,0,2025020896,20252026,2026-02-04
home,18,NSH,8477424,J. Saros,74,37/42,0/1,0/0,37/43,0.8605,5,1,0,0,6,63:54,True,O,43,37,2025020896,20252026,2026-02-04
away,28,SJS,8482137,Y. Askarov,30,33/36,5/5,0/0,38/41,0.9268,3,0,0,0,3,59:12,True,L,41,38,2025020897,20252026,2026-02-04
away,28,SJS,8477968,A. Nedeljkovic,33,0/0,0/0,0/0,0/0,,0,0,0,0,0,00:00,False,,0,0,2025020897,20252026,2026-02-04
home,21,COL,8478406,M. Blackwood,39,22/24,1/1,0/0,23/25,0.92,2,0,0,0,2,60:00,True,W,25,23,2025020897,20252026,2026-02-04
home,21,COL,8475809,S. Wedgewood,41,0/0,0/0,0/0,0/0,,0,0,0,0,0,00:00,False,,0,0,2025020897,20252026,2026-02-04
away,17,DET,8476434,J. Gibson,36,16/18,4/5,1/1,21/24,0.875,2,1,0,0,3,57:06,True,L,24,21,2025020898,20252026,2026-02-04
away,17,DET,8475660,C. Talbot,39,0/0,0/0,0/0,0/0,,0,0,0,0,0,00:00,False,,0,0,2025020898,20252026,2026-02-04
home,68,UTA,8477970,V. Vanecek,41,0/0,0/0,0/0,0/0,,0,0,0,0,0,00:00,False,,0,0,2025020898,20252026,2026-02-04
home,68,UTA,8478872,K. Vejmelka,70,22/22,5/6,2/2,29/30,0.9667,0,1,0,0,1,59:58,True,W,30,29,2025020898,20252026,2026-02-04
away,19,STL,8480981,J. Hofer,30,0/0,0/0,0/0,0/0,,0,0,0,0,0,00:00,False,,0,0,2025020899,20252026,2026-02-04
away,19,STL,8476412,J. Binnington,50,15/19,8/9,0/0,23/28,0.8214,4,1,0,2,5,59:37,True,L,28,23,2025020899,20252026,2026-02-04
home,25,DAL,8479193,C. DeSmith,1,0/0,0/0,0/0,0/0,,0,0,0,0,0,00:00,False,,0,0,2025020899,20252026,2026-02-04
home,25,DAL,8479979,J. Oettinger,29,11/14,2/3,1/1,14/18,0.7778,3,1,0,0,4,60:00,True,W,18,14,2025020899,20252026,2026-02-04
away,22,EDM,8477465,T. Jarry,35,18/20,3/5,0/0,21/25,0.84,2,2,0,0,4,58:32,True,L,25,21,2025020900,20252026,2026-02-04
away,22,EDM,8478971,C. Ingram,39,0/0,0/0,0/0,0/0,,0,0,0,0,0,00:00,False,,0,0,2025020900,20252026,2026-02-04
home,20,CGY,8482445,D. Cooley,1,30/31,6/8,0/0,36/39,0.9231,1,2,0,0,3,59:56,True,W,39,36,2025020900,20252026,2026-02-04
home,20,CGY,8481692,D. Wolf,32,0/0,0/0,0/0,0/0,,0,0,0,0,0,00:00,False,,0,0,2025020900,20252026,2026-02-04
away,23,VAN,8480947,K. Lankinen,32,22/27,4/4,0/0,26/31,0.8387,5,0,0,0,5,60:00,True,L,31,26,2025020901,20252026,2026-02-04
away,23,VAN,8484268,N. Tolopilo,60,0/0,0/0,0/0,0/0,,0,0,0,0,0,00:00,False,,0,0,2025020901,20252026,2026-02-04
home,54,VGK,8478499,A. Hill,33,0/0,0/0,0/0,0/0,,0,0,0,0,0,00:00,False,,0,0,2025020901,20252026,2026-02-04
home,54,VGK,8481033,A. Schmid,40,19/21,2/2,0/0,21/23,0.913,2,0,0,0,2,60:00,True,W,23,21,2025020901,20252026,2026-02-04
away,55,SEA,8475831,P. Grubauer,31,0/0,0/0,0/0,0/0,,0,0,0,0,0,00:00,False,,0,0,2025020902,20252026,2026-02-04
away,55,SEA,8478916,J. Daccord,35,18/18,5/7,2/2,25/27,0.9259,0,2,0,0,2,60:00,True,W,27,25,2025020902,20252026,2026-02-04
home,26,LAK,8476341,A. Forsberg,31,0/0,0/0,0/0,0/0,,0,0,0,0,0,00:00,False,,0,0,2025020902,20252026,2026-02-04
home,26,LAK,8475311,D. Kuemper,35,13/15,6/8,0/0,19/23,0.8261,2,2,0,0,4,60:00,True,L,23,19,2025020902,20252026,2026-02-04
away,5,PIT,8481668,A. Silovs,37,21/22,4/5,0/0,25/27,0.9259,1,1,0,0,2,59:38,True,W,27,25,2025020903,20252026,2026-02-05
away,5,PIT,8479973,S. Skinner,74,0/0,0/0,0/0,0/0,,0,0,0,0,0,00:00,False,,0,0,2025020903,20252026,2026-02-05
home,7,BUF,8479312,A. Lyon,34,20/24,6/6,1/1,27/31,0.871,4,0,0,0,4,56:51,True,L,31,27,2025020903,20252026,2026-02-05
home,7,BUF,8481551,C. Ellis,92,0/0,0/0,0/0,0/0,,0,0,0,0,0,00:00,False,,0,0,2025020903,20252026,2026-02-05
away,13,FLA,8480193,D. Tarasov,40,13/17,7/8,0/0,20/25,0.8,4,1,0,0,5,45:59,True,L,25,20,2025020904,20252026,2026-02-05
away,13,FLA,8475683,S. Bobrovsky,72,1/2,0/0,1/1,2/3,0.6667,1,0,0,0,1,13:51,False,,3,2,2025020904,20252026,2026-02-05
home,14,TBL,8477992,J. Johansson,31,0/0,0/0,0/0,0/0,,0,0,0,0,0,00:00,False,,0,0,2025020904,20252026,2026-02-05
home,14,TBL,8476883,A. Vasilevskiy,88,27/27,6/7,0/0,33/34,0.9706,0,1,0,0,1,59:56,True,W,34,33,2025020904,20252026,2026-02-05
away,2,NYI,8478009,I. Sorokin,30,18/19,4/4,1/1,23/24,0.9583,1,0,0,0,1,60:00,True,W,24,23,2025020905,20252026,2026-02-05
away,2,NYI,8479496,D. Rittich,33,0/0,0/0,0/0,0/0,,0,0,0,0,0,00:00,False,,0,0,2025020905,20252026,2026-02-05
home,1,NJD,8474593,J. Markstrom,25,0/0,0/0,0/0,0/0,,0,0,0,0,0,00:00,False,,0,0,2025020905,20252026,2026-02-05
home,1,NJD,8474596,J. Allen,34,11/13,0/0,0/0,11/13,0.8462,2,0,0,0,2,57:59,True,L,13,11,2025020905,20252026,2026-02-05
away,12,CAR,8475883,F. Andersen,31,0/0,0/0,0/0,0/0,,0,0,0,0,0,00:00,False,,0,0,2025020906,20252026,2026-02-05
away,12,CAR,8483548,B. Bussi,32,12/12,3/3,1/1,16/16,1.0,0,0,0,0,0,59:57,True,W,16,16,2025020906,20252026,2026-02-05
home,3,NYR,8471734,J. Quick,32,35/36,6/6,0/0,41/42,0.9762,1,0,0,0,1,59:14,True,L,42,41,2025020906,20252026,2026-02-05
home,3,NYR,8477484,S. Martin,41,0/0,0/0,0/0,0/0,,0,0,0,0,0,00:00,False,,0,0,2025020906,20252026,2026-02-05
away,9,OTT,8482411,H. Shepard,31,0/0,0/0,0/0,0/0,,0,0,0,0,0,00:00,False,,0,0,2025020907,20252026,2026-02-05
away,9,OTT,8473503,J. Reimer,47,15/16,0/0,0/0,15/16,0.9375,1,0,0,0,1,60:47,True,W,16,15,2025020907,20252026,2026-02-05
home,4,PHI,8482783,A. Kolosov,35,0/0,0/0,0/0,0/0,,0,0,0,0,0,00:00,False,,0,0,2025020907,20252026,2026-02-05
home,4,PHI,8478435,D. Vladar,80,24/26,1/1,0/0,25/27,0.9259,2,0,0,0,2,59:43,True,O,27,25,2025020907,20252026,2026-02-05
away,18,NSH,8481020,J. Annunen,29,22/24,3/5,1/1,26/30,0.8667,2,2,0,0,4,56:41,True,L,30,26,2025020908,20252026,2026-02-05
away,18,NSH,8477424,J. Saros,74,0/0,0/0,0/0,0/0,,0,0,0,0,0,00:00,False,,0,0,2025020908,20252026,2026-02-05
home,15,WSH,8483532,C. Stevenson,33,0/0,0/0,0/0,0/0,,0,0,0,0,0,00:00,False,,0,0,2025020908,20252026,2026-02-05
home,15,WSH,8480313,L. Thompson,48,22/24,4/4,1/1,27/29,0.931,2,0,0,0,2,59:16,True,W,29,27,2025020908,20252026,2026-02-05
away,26,LAK,8476341,A. Forsberg,31,15/18,1/2,2/2,18/22,0.8182,3,1,0,0,4,60:00,True,L,22,18,2025020909,20252026,2026-02-05
away,26,LAK,8475311,D. Kuemper,35,0/0,0/0,0/0,0/0,,0,0,0,0,0,00:00,False,,0,0,2025020909,20252026,2026-02-05
home,54,VGK,8478499,A. Hill,33,22/23,9/9,1/1,32/33,0.9697,1,0,0,0,1,59:57,True,W,33,32,2025020909,20252026,2026-02-05
home,54,VGK,8481033,A. Schmid,40,0/0,0/0,0/0,0/0,,0,0,0,0,0,00:00,False,,0,0,2025020909,20252026,2026-02-05
away,7,BUF,8480045,U. Luukkonen,1,20/21,6/6,1/1,27/28,0.9643,1,0,0,0,1,60:00,True,W,28,27,2025020910,20252026,2026-02-25
away,7,BUF,8479312,A. Lyon,34,0/0,0/0,0/0,0/0,,0,0,0,0,0,00:00,False,,0,0,2025020910,20252026,2026-02-25
home,1,NJD,8474593,J. Markstrom,25,0/0,0/0,0/0,0/0,,0,0,0,0,0,00:00,False,,0,0,2025020910,20252026,2026-02-25
home,1,NJD,8474596,J. Allen,34,26/28,2/2,0/0,28/30,0.9333,2,0,0,0,2,56:44,True,L,30,28,2025020910,20252026,2026-02-25
away,4,PHI,8481035,S. Ersson,33,0/0,0/0,0/0,0/0,,0,0,0,0,0,00:00,False,,0,0,2025020911,20252026,2026-02-25
away,4,PHI,8478435,D. Vladar,80,25/27,1/1,0/0,26/28,0.9286,2,0,0,0,2,57:45,True,L,28,26,2025020911,20252026,2026-02-25
home,15,WSH,8480313,L. Thompson,48,23/24,0/0,0/0,23/24,0.9583,1,0,0,0,1,60:00,True,W,24,23,2025020911,20252026,2026-02-25
home,15,WSH,8479292,C. Lindgren,79,0/0,0/0,0/0,0/0,,0,0,0,0,0,00:00,False,,0,0,2025020911,20252026,2026-02-25
away,10,TOR,8476932,A. Stolarz,41,22/26,10/10,0/0,32/36,0.8889,4,0,0,0,4,55:20,True,L,36,32,2025020912,20252026,2026-02-25
away,10,TOR,8479361,J. Woll,60,0/0,0/0,0/0,0/0,,0,0,0,0,0,00:00,False,,0,0,2025020912,20252026,2026-02-25
home,14,TBL,8477992,J. Johansson,31,0/0,0/0,0/0,0/0,,0,0,0,0,0,00:00,False,,0,0,2025020912,20252026,2026-02-25
home,14,TBL,8476883,A. Vasilevskiy,88,25/26,5/6,2/2,32/34,0.9412,1,1,0,0,2,60:00,True,W,34,32,2025020912,20252026,2026-02-25
away,55,SEA,8475831,P. Grubauer,31,0/0,0/0,0/0,0/0,,0,0,0,0,0,00:00,False,,0,0,2025020913,20252026,2026-02-25
away,55,SEA,8478916,J. Daccord,35,25/28,3/4,0/0,28/32,0.875,3,1,0,0,4,60:00,True,L,32,28,2025020913,20252026,2026-02-25
home,25,DAL,8479193,C. DeSmith,1,14/15,4/4,0/0,18/19,0.9474,1,0,0,0,1,60:00,True,W,19,18,2025020913,20252026,2026-02-25
home,25,DAL,8479979,J. Oettinger,29,0/0,0/0,0/0,0/0,,0,0,0,0,0,00:00,False,,0,0,2025020913,20252026,2026-02-25
away,21,COL,8478406,M. Blackwood,39,0/0,0/0,0/0,0/0,,0,0,0,0,0,00:00,False,,0,0,2025020914,20252026,2026-02-25
away,21,COL,8475809,S. Wedgewood,41,21/22,6/7,1/1,28/30,0.9333,1,1,0,0,2,60:00,True,W,30,28,2025020914,20252026,2026-02-25
home,68,UTA,8477970,V. Vanecek,41,0/0,0/0,0/0,0/0,,0,0,0,0,0,00:00,False,,0,0,2025020914,20252026,2026-02-25
home,68,UTA,8478872,K. Vejmelka,70,20/23,2/3,0/0,22/26,0.8462,3,1,0,0,4,57:56,True,L,26,22,2025020914,20252026,2026-02-25
away,52,WPG,8477480,E. Comrie,1,19/21,2/2,0/0,21/23,0.913,2,0,0,0,2,61:26,True,W,23,21,2025020915,20252026,2026-02-25
away,52,WPG,8483711,D. DiVincentiis,50,0/0,0/0,0/0,0/0,,0,0,0,0,0,00:00,False,,0,0,2025020915,20252026,2026-02-25
home,23,VAN,8480947,K. Lankinen,32,0/0,0/0,0/0,0/0,,0,0,0,0,0,00:00,False,,0,0,2025020915,20252026,2026-02-25
home,23,VAN,8484268,N. Tolopilo,60,20/23,5/5,0/0,25/28,0.8929,3,0,0,0,3,61:16,True,O,28,25,2025020915,20252026,2026-02-25
away,54,VGK,8478499,A. Hill,33,13/16,1/2,1/1,15/19,0.7895,3,1,0,0,4,60:00,True,W,19,15,2025020916,20252026,2026-02-25
away,54,VGK,8481033,A. Schmid,40,0/0,0/0,0/0,0/0,,0,0,0,0,0,00:00,False,,0,0,2025020916,20252026,2026-02-25
home,26,LAK,8476341,A. Forsberg,31,19/23,0/1,0/0,19/24,0.7917,4,1,0,0,5,56:50,True,L,24,19,2025020916,20252026,2026-02-25
home,26,LAK,8475311,D. Kuemper,35,0/0,0/0,0/0,0/0,,0,0,0,0,0,00:00,False,,0,0,2025020916,20252026,2026-02-25
away,22,EDM,8477465,T. Jarry,35,12/16,7/8,1/1,20/25,0.8,4,1,0,0,5,46:39,True,,25,20,2025020917,20252026,2026-02-25
away,22,EDM,8478971,C. Ingram,39,2/3,1/1,0/0,3/4,0.75,1,0,0,0,1,12:41,False,L,4,3,2025020917,20252026,2026-02-25
home,24,ANA,8480843,L. Dostal,1,20/24,2/3,0/0,22/27,0.8148,4,1,0,0,5,60:00,True,W,27,22,2025020917,20252026,2026-02-25
home,24,ANA,8478024,V. Husso,33,0/0,0/0,0/0,0/0,,0,0,0,0,0,00:00,False,,0,0,2025020917,20252026,2026-02-25
away,29,CBJ,8482982,J. Greaves,73,0/0,0/0,0/0,0/0,,0,0,0,0,0,00:00,False,,0,0,2025020918,20252026,2026-02-26
away,29,CBJ,8478007,E. Merzlikins,90,17/19,2/3,0/0,19/22,0.8636,2,1,0,0,3,58:32,True,L,22,19,2025020918,20252026,2026-02-26
home,6,BOS,8476914,J. Korpisalo,70,33/35,3/3,0/0,36/38,0.9474,2,0,0,0,2,53:57,True,W,38,36,2025020918,20252026,2026-02-26
home,6,BOS,8480022,M. DiPietro,80,1/1,0/0,1/1,2/2,1.0,0,0,0,0,0,06:03,False,,2,2,2025020918,20252026,2026-02-26
away,2,NYI,8478009,I. Sorokin,30,18/19,4/6,0/0,22/25,0.88,1,2,0,0,3,61:01,True,W,25,22,2025020919,20252026,2026-02-26
away,2,NYI,8479496,D. Rittich,33,0/0,0/0,0/0,0/0,,0,0,0,0,0,00:00,False,,0,0,2025020919,20252026,2026-02-26
home,8,MTL,8478470,S. Montembeault,35,18/21,2/3,2/2,22/26,0.8462,3,1,0,0,4,61:16,True,O,26,22,2025020919,20252026,2026-02-26
home,8,MTL,8482487,J. Dobes,75,0/0,0/0,0/0,0/0,,0,0,0,0,0,00:00,False,,0,0,2025020919,20252026,2026-02-26
away,17,DET,8476434,J. Gibson,36,25/25,1/2,0/0,26/27,0.963,0,1,0,2,1,61:47,True,W,27,26,2025020920,20252026,2026-02-26
away,17,DET,8475660,C. Talbot,39,0/0,0/0,0/0,0/0,,0,0,0,0,0,00:00,False,,0,0,2025020920,20252026,2026-02-26
home,9,OTT,8476999,L. Ullmark,35,17/18,1/2,0/0,18/20,0.9,1,1,0,0,2,61:50,True,O,20,18,2025020920,20252026,2026-02-26
home,9,OTT,8473503,J. Reimer,47,0/0,0/0,0/0,0/0,,0,0,0,0,0,00:00,False,,0,0,2025020920,20252026,2026-02-26
away,10,TOR,8476932,A. Stolarz,41,0/0,0/0,0/0,0/0,,0,0,0,0,0,00:00,False,,0,0,2025020921,20252026,2026-02-26
away,10,TOR,8479361,J. Woll,60,28/29,3/4,1/2,32/35,0.9143,1,1,1,0,3,59:07,True,L,35,32,2025020921,20252026,2026-02-26
home,13,FLA,8480193,D. Tarasov,40,0/0,0/0,0/0,0/0,,0,0,0,0,0,00:00,False,,0,0,2025020921,20252026,2026-02-26
home,13,FLA,8475683,S. Bobrovsky,72,23/23,5/6,1/1,29/30,0.9667,0,1,0,0,1,60:00,True,W,30,29,2025020921,20252026,2026-02-26
away,1,NJD,8474593,J. Markstrom,25,23/25,6/7,4/4,33/36,0.9167,2,1,0,0,3,58:34,True,L,36,33,2025020922,20252026,2026-02-26
away,1,NJD,8474596,J. Allen,34,0/0,0/0,0/0,0/0,,0,0,0,0,0,00:00,False,,0,0,2025020922,20252026,2026-02-26
home,5,PIT,8481668,A. Silovs,37,21/22,7/7,1/1,29/30,0.9667,1,0,0,0,1,59:44,True,W,30,29,2025020922,20252026,2026-02-26
home,5,PIT,8479973,S. Skinner,74,0/0,0/0,0/0,0/0,,0,0,0,0,0,00:00,False,,0,0,2025020922,20252026,2026-02-26
away,14,TBL,8477992,J. Johansson,31,23/27,5/6,0/0,28/33,0.8485,4,1,0,0,5,57:03,True,L,33,28,2025020923,20252026,2026-02-26
away,14,TBL,8476883,A. Vasilevskiy,88,0/0,0/0,0/0,0/0,,0,0,0,0,0,00:00,False,,0,0,2025020923,20252026,2026-02-26
home,12,CAR,8475883,F. Andersen,31,0/0,0/0,0/0,0/0,,0,0,0,0,0,00:00,False,,0,0,2025020923,20252026,2026-02-26
home,12,CAR,8483548,B. Bussi,32,22/25,1/2,1/1,24/28,0.8571,3,1,0,0,4,60:00,True,W,28,24,2025020923,20252026,2026-02-26
away,4,PHI,8481035,S. Ersson,33,19/21,1/1,2/2,22/24,0.9167,2,0,0,0,2,61:40,True,W,24,22,2025020924,20252026,2026-02-26
away,4,PHI,8478435,D. Vladar,80,0/0,0/0,0/0,0/0,,0,0,0,0,0,00:00,False,,0,0,2025020924,20252026,2026-02-26
home,3,NYR,8478048,I. Shesterkin,31,13/15,8/9,0/0,21/24,0.875,2,1,0,0,3,61:42,True,O,24,21,2025020924,20252026,2026-02-26
home,3,NYR,8471734,J. Quick,32,0/0,0/0,0/0,0/0,,0,0,0,0,0,00:00,False,,0,0,2025020924,20252026,2026-02-26
away,55,SEA,8475831,P. Grubauer,31,26/30,0/0,1/1,27/31,0.871,4,0,0,0,4,58:41,True,L,31,27,2025020925,20252026,2026-02-26
away,55,SEA,8478916,J. Daccord,35,0/0,0/0,0/0,0/0,,0,0,0,0,0,00:00,False,,0,0,2025020925,20252026,2026-02-26
home,19,STL,8480981,J. Hofer,30,18/19,5/5,0/0,23/24,0.9583,1,0,0,0,1,60:00,True,W,24,23,2025020925,20252026,2026-02-26
home,19,STL,8484312,G. Romanov,35,0/0,0/0,0/0,0/0,,0,0,0,0,0,00:00,False,,0,0,2025020925,20252026,2026-02-26
away,16,CHI,8481519,S. Knight,30,20/22,1/2,1/1,22/25,0.88,2,1,0,0,3,59:15,True,L,25,22,2025020926,20252026,2026-02-26
away,16,CHI,8482821,A. Soderblom,40,0/0,0/0,0/0,0/0,,0,0,0,0,0,00:00,False,,0,0,2025020926,20252026,2026-02-26
home,18,NSH,8481020,J. Annunen,29,12/13,9/10,0/0,21/23,0.913,1,1,0,0,2,60:00,True,W,23,21,2025020926,20252026,2026-02-26
home,18,NSH,8477424,J. Saros,74,0/0,0/0,0/0,0/0,,0,0,0,0,0,00:00,False,,0,0,2025020926,20252026,2026-02-26
away,30,MIN,8482661,J. Wallstedt,30,1/2,0/0,0/0,1/2,0.5,1,0,0,0,1,01:04,False,,2,1,2025020927,20252026,2026-02-26
away,30,MIN,8479406,F. Gustavsson,32,35/36,6/6,3/3,44/45,0.9778,1,0,0,0,1,58:49,True,W,45,44,2025020927,20252026,2026-02-26
home,21,COL,8478406,M. Blackwood,39,19/20,11/13,1/1,31/34,0.9118,1,2,0,0,3,56:59,True,L,34,31,2025020927,20252026,2026-02-26
home,21,COL,8475809,S. Wedgewood,41,0/0,0/0,0/0,0/0,,0,0,0,0,0,00:00,False,,0,0,2025020927,20252026,2026-02-26
away,20,CGY,8482445,D. Cooley,1,0/0,0/0,0/0,0/0,,0,0,0,0,0,00:00,False,,0,0,2025020928,20252026,2026-02-26
away,20,CGY,8481692,D. Wolf,32,28/29,5/5,1/1,34/35,0.9714,1,0,0,0,1,60:00,True,W,35,34,2025020928,20252026,2026-02-26
home,28,SJS,8482137,Y. Askarov,30,21/24,3/3,1/1,25/28,0.8929,3,0,0,0,3,58:18,True,L,28,25,2025020928,20252026,2026-02-26
home,28,SJS,8477968,A. Nedeljkovic,33,0/0,0/0,0/0,0/0,,0,0,0,0,0,00:00,False,,0,0,2025020928,20252026,2026-02-26
away,22,EDM,8477465,T. Jarry,35,0/0,0/0,0/0,0/0,,0,0,0,0,0,00:00,False,,0,0,2025020929,20252026,2026-02-26
away,22,EDM,8478971,C. Ingram,39,18/19,2/2,1/1,21/22,0.9545,1,0,0,0,1,60:00,True,W,22,21,2025020929,20252026,2026-02-26
home,26,LAK,8476341,A. Forsberg,31,17/19,1/3,0/0,18/22,0.8182,2,2,0,0,4,33:11,False,,22,18,2025020929,20252026,2026-02-26
home,26,LAK,8475311,D. Kuemper,35,11/15,0/0,0/0,11/15,0.7333,4,0,0,0,4,26:49,True,L,15,11,2025020929,20252026,2026-02-26
away,7,BUF,8479312,A. Lyon,34,16/16,11/12,1/1,28/29,0.9655,1,1,0,0,2,60:00,True,W,29,28,2025020930,20252026,2026-02-27
away,7,BUF,8481551,C. Ellis,92,0/0,0/0,0/0,0/0,,0,0,0,0,0,00:00,False,,0,0,2025020930,20252026,2026-02-27
home,13,FLA,8480193,D. Tarasov,40,33/34,3/4,0/0,36/38,0.9474,1,1,0,0,2,58:05,True,L,38,36,2025020930,20252026,2026-02-27
home,13,FLA,8475683,S. Bobrovsky,72,0/0,0/0,0/0,0/0,,0,0,0,0,0,00:00,False,,0,0,2025020930,20252026,2026-02-27
away,54,VGK,8478499,A. Hill,33,0/0,0/0,0/0,0/0,,0,0,0,0,0,00:00,False,,0,0,2025020931,20252026,2026-02-27
away,54,VGK,8481033,A. Schmid,40,17/20,10/10,0/0,27/30,0.9,3,0,0,0,3,58:09,True,L,30,27,2025020931,20252026,2026-02-27
home,15,WSH,8480313,L. Thompson,48,18/19,3/4,3/3,24/26,0.9231,1,1,0,0,2,59:49,True,W,26,24,2025020931,20252026,2026-02-27
home,15,WSH,8479292,C. Lindgren,79,0/0,0/0,0/0,0/0,,0,0,0,0,0,00:00,False,,0,0,2025020931,20252026,2026-02-27
away,30,MIN,8482661,J. Wallstedt,30,25/28,5/6,2/3,32/37,0.8649,3,1,1,0,5,60:00,True,L,37,32,2025020932,20252026,2026-02-27
away,30,MIN,8479406,F. Gustavsson,32,0/0,0/0,0/0,0/0,,0,0,0,0,0,00:00,False,,0,0,2025020932,20252026,2026-02-27
home,68,UTA,8477970,V. Vanecek,41,0/0,0/0,0/0,0/0,,0,0,0,0,0,00:00,False,,0,0,2025020932,20252026,2026-02-27
home,68,UTA,8478872,K. Vejmelka,70,16/17,4/5,1/1,21/23,0.913,1,1,0,0,2,60:00,True,W,23,21,2025020932,20252026,2026-02-27
away,52,WPG,8477480,E. Comrie,1,0/0,0/0,0/0,0/0,,0,0,0,0,0,00:00,False,,0,0,2025020933,20252026,2026-02-27
away,52,WPG,8476945,C. Hellebuyck,37,29/33,4/5,2/2,35/40,0.875,4,1,0,0,5,64:09,True,O,40,35,2025020933,20252026,2026-02-27
home,24,ANA,8480843,L. Dostal,1,26/29,3/4,0/0,29/33,0.8788,3,1,0,0,4,64:47,True,W,33,29,2025020933,20252026,2026-02-27
home,24,ANA,8478024,V. Husso,33,0/0,0/0,0/0,0/0,,0,0,0,0,0,00:00,False,,0,0,2025020933,20252026,2026-02-27
away,5,PIT,8481668,A. Silovs,37,0/0,0/0,0/0,0/0,,0,0,0,0,0,00:00,False,,0,0,2025020934,20252026,2026-02-28
away,5,PIT,8479973,S. Skinner,74,23/24,0/1,0/0,23/25,0.92,1,1,0,0,2,64:37,True,O,25,23,2025020934,20252026,2026-02-28
home,3,NYR,8478048,I. Shesterkin,31,27/28,5/6,0/0,32/34,0.9412,1,1,0,0,2,65:00,True,W,34,32,2025020934,20252026,2026-02-28
home,3,NYR,8471734,J. Quick,32,0/0,0/0,0/0,0/0,,0,0,0,0,0,00:00,False,,0,0,2025020934,20252026,2026-02-28
away,6,BOS,8480280,J. Swayman,1,11/13,3/3,0/0,14/16,0.875,2,0,0,0,2,58:59,True,L,16,14,2025020935,20252026,2026-02-28
away,6,BOS,8476914,J. Korpisalo,70,0/0,0/0,0/0,0/0,,0,0,0,0,0,00:00,False,,0,0,2025020935,20252026,2026-02-28
home,4,PHI,8481035,S. Ersson,33,0/0,0/0,0/0,0/0,,0,0,0,0,0,00:00,False,,0,0,2025020935,20252026,2026-02-28
home,4,PHI,8478435,D. Vladar,80,18/19,7/7,1/1,26/27,0.963,1,0,0,0,1,59:48,True,W,27,26,2025020935,20252026,2026-02-28
away,22,EDM,8477465,T. Jarry,35,0/0,0/0,0/0,0/0,,0,0,0,0,0,00:00,False,,0,0,2025020936,20252026,2026-02-28
away,22,EDM,8478971,C. Ingram,39,24/28,2/3,2/2,28/33,0.8485,4,1,0,0,5,58:15,True,L,33,28,2025020936,20252026,2026-02-28
home,28,SJS,8482137,Y. Askarov,30,12/15,7/8,1/1,20/24,0.8333,3,1,0,0,4,59:54,True,W,24,20,2025020936,20252026,2026-02-28
home,28,SJS,8477968,A. Nedeljkovic,33,0/0,0/0,0/0,0/0,,0,0,0,0,0,00:00,False,,0,0,2025020936,20252026,2026-02-28
away,2,NYI,8478009,I. Sorokin,30,27/30,0/0,0/0,27/30,0.9,3,0,0,0,3,61:47,True,W,30,27,2025020937,20252026,2026-02-28
away,2,NYI,8479496,D. Rittich,33,0/0,0/0,0/0,0/0,,0,0,0,0,0,00:00,False,,0,0,2025020937,20252026,2026-02-28
home,29,CBJ,8482982,J. Greaves,73,22/26,1/1,0/0,23/27,0.8519,4,0,0,0,4,61:47,True,O,27,23,2025020937,20252026,2026-02-28
home,29,CBJ,8478007,E. Merzlikins,90,0/0,0/0,0/0,0/0,,0,0,0,0,0,00:00,False,,0,0,2025020937,20252026,2026-02-28
away,16,CHI,8481519,S. Knight,30,23/25,7/7,2/2,32/34,0.9412,2,0,0,0,2,58:11,True,L,34,32,2025020938,20252026,2026-02-28
away,16,CHI,8482821,A. Soderblom,40,0/0,0/0,0/0,0/0,,0,0,0,0,0,00:00,False,,0,0,2025020938,20252026,2026-02-28
home,21,COL,8478406,M. Blackwood,39,14/14,0/1,0/0,14/15,0.9333,0,1,0,0,1,60:00,True,W,15,14,2025020938,20252026,2026-02-28
home,21,COL,8475809,S. Wedgewood,41,0/0,0/0,0/0,0/0,,0,0,0,0,0,00:00,False,,0,0,2025020938,20252026,2026-02-28
away,9,OTT,8476999,L. Ullmark,35,18/20,2/2,1/1,21/23,0.913,2,0,0,0,2,60:00,True,W,23,21,2025020939,20252026,2026-02-28
away,9,OTT,8473503,J. Reimer,47,0/0,0/0,0/0,0/0,,0,0,0,0,0,00:00,False,,0,0,2025020939,20252026,2026-02-28
home,10,TOR,8476932,A. Stolarz,41,10/10,2/2,0/0,12/12,1.0,0,0,0,2,0,23:54,False,,12,12,2025020939,20252026,2026-02-28
home,10,TOR,8479361,J. Woll,60,20/24,3/4,0/0,23/28,0.8214,4,1,0,0,5,35:50,True,L,28,23,2025020939,20252026,2026-02-28
away,15,WSH,8480313,L. Thompson,48,0/0,0/0,0/0,0/0,,0,0,0,0,0,00:00,False,,0,0,2025020940,20252026,2026-02-28
away,15,WSH,8479292,C. Lindgren,79,14/18,3/3,2/2,19/23,0.8261,4,0,0,0,4,58:52,True,L,23,19,2025020940,20252026,2026-02-28
home,8,MTL,8478470,S. Montembeault,35,0/0,0/0,0/0,0/0,,0,0,0,0,0,00:00,False,,0,0,2025020940,20252026,2026-02-28
home,8,MTL,8482487,J. Dobes,75,20/22,6/6,1/1,27/29,0.931,2,0,0,0,2,60:00,True,W,29,27,2025020940,20252026,2026-02-28
away,7,BUF,8480045,U. Luukkonen,1,31/33,4/4,1/1,36/38,0.9474,2,0,0,0,2,59:41,True,W,38,36,2025020941,20252026,2026-02-28
away,7,BUF,8481551,C. Ellis,92,0/0,0/0,0/0,0/0,,0,0,0,0,0,00:00,False,,0,0,2025020941,20252026,2026-02-28
home,14,TBL,8477992,J. Johansson,31,13/13,6/7,1/1,20/21,0.9524,0,1,0,0,1,38:06,False,,21,20,2025020941,20252026,2026-02-28
home,14,TBL,8476883,A. Vasilevskiy,88,9/14,0/0,0/0,9/14,0.6429,5,0,0,0,5,21:54,True,L,14,9,2025020941,20252026,2026-02-28
away,17,DET,8476434,J. Gibson,36,0/0,0/0,0/0,0/0,,0,0,0,0,0,00:00,False,,0,0,2025020942,20252026,2026-02-28
away,17,DET,8475660,C. Talbot,39,26/30,5/6,0/0,31/36,0.8611,4,1,0,0,5,60:00,True,L,36,31,2025020942,20252026,2026-02-28
home,12,CAR,8475883,F. Andersen,31,26/28,0/0,1/1,27/29,0.931,2,0,0,0,2,60:00,True,W,29,27,2025020942,20252026,2026-02-28
home,12,CAR,8483548,B. Bussi,32,0/0,0/0,0/0,0/0,,0,0,0,0,0,00:00,False,,0,0,2025020942,20252026,2026-02-28
away,1,NJD,8474593,J. Markstrom,25,20/21,4/4,1/1,25/26,0.9615,1,0,0,0,1,60:00,True,W,26,25,2025020943,20252026,2026-02-28
away,1,NJD,8474596,J. Allen,34,0/0,0/0,0/0,0/0,,0,0,0,0,0,00:00,False,,0,0,2025020943,20252026,2026-02-28
home,19,STL,8480981,J. Hofer,30,0/0,0/0,0/0,0/0,,0,0,0,0,0,00:00,False,,0,0,2025020943,20252026,2026-02-28
home,19,STL,8476412,J. Binnington,50,27/28,1/2,2/2,30/32,0.9375,1,1,0,0,2,56:16,True,L,32,30,2025020943,20252026,2026-02-28
away,20,CGY,8482445,D. Cooley,1,0/0,0/0,0/0,0/0,,0,0,0,0,0,00:00,False,,0,0,2025020944,20252026,2026-02-28
away,20,CGY,8481692,D. Wolf,32,35/36,0/0,0/0,35/36,0.9722,1,0,0,0,1,58:33,True,L,36,35,2025020944,20252026,2026-02-28
home,26,LAK,8476341,A. Forsberg,31,29/29,0/0,0/0,29/29,1.0,0,0,0,0,0,60:00,True,W,29,29,2025020944,20252026,2026-02-28
home,26,LAK,8475311,D. Kuemper,35,0/0,0/0,0/0,0/0,,0,0,0,0,0,00:00,False,,0,0,2025020944,20252026,2026-02-28
away,18,NSH,8481020,J. Annunen,29,0/0,0/0,0/0,0/0,,0,0,0,0,0,00:00,False,,0,0,2025020945,20252026,2026-02-28
away,18,NSH,8477424,J. Saros,74,20/22,2/3,0/0,22/25,0.88,2,1,0,0,3,61:39,True,O,25,22,2025020945,20252026,2026-02-28
home,25,DAL,8479193,C. DeSmith,1,0/0,0/0,0/0,0/0,,0,0,0,0,0,00:00,False,,0,0,2025020945,20252026,2026-02-28
home,25,DAL,8479979,J. Oettinger,29,20/21,5/6,0/0,25/27,0.9259,1,1,0,0,2,61:37,True,W,27,25,2025020945,20252026,2026-02-28
away,23,VAN,8480947,K. Lankinen,32,19/22,1/2,0/0,20/24,0.8333,3,1,0,0,4,57:37,True,L,24,20,2025020946,20252026,2026-02-28
away,23,VAN,8484268,N. Tolopilo,60,0/0,0/0,0/0,0/0,,0,0,0,0,0,00:00,False,,0,0,2025020946,20252026,2026-02-28
home,55,SEA,8475831,P. Grubauer,31,0/0,0/0,0/0,0/0,,0,0,0,0,0,00:00,False,,0,0,2025020946,20252026,2026-02-28
home,55,SEA,8478916,J. Daccord,35,24/25,3/3,0/0,27/28,0.9643,1,0,0,0,1,60:00,True,W,28,27,2025020946,20252026,2026-02-28
away,54,VGK,8478499,A. Hill,33,11/14,6/8,0/0,17/22,0.7727,3,2,0,0,5,60:00,True,L,22,17,2025020947,20252026,2026-03-01
away,54,VGK,8481033,A. Schmid,40,0/0,0/0,0/0,0/0,,0,0,0,0,0,00:00,False,,0,0,2025020947,20252026,2026-03-01
home,5,PIT,8481668,A. Silovs,37,20/20,2/2,0/0,22/22,1.0,0,0,0,0,0,60:00,True,W,22,22,2025020947,20252026,2026-03-01
home,5,PIT,8479973,S. Skinner,74,0/0,0/0,0/0,0/0,,0,0,0,0,0,00:00,False,,0,0,2025020947,20252026,2026-03-01
away,13,FLA,8480193,D. Tarasov,40,0/0,0/0,0/0,0/0,,0,0,0,0,0,00:00,False,,0,0,2025020948,20252026,2026-03-01
away,13,FLA,8475683,S. Bobrovsky,72,21/26,0/0,0/0,21/26,0.8077,5,0,0,0,5,59:06,True,L,26,21,2025020948,20252026,2026-03-01
home,2,NYI,8478009,I. Sorokin,30,0/0,0/0,0/0,0/0,,0,0,0,0,0,00:00,False,,0,0,2025020948,20252026,2026-03-01
home,2,NYI,8479496,D. Rittich,33,26/29,3/4,0/0,29/33,0.8788,3,1,0,0,4,60:00,True,W,33,29,2025020948,20252026,2026-03-01
away,16,CHI,8481519,S. Knight,30,0/0,0/0,0/0,0/0,,0,0,0,0,0,00:00,False,,0,0,2025020949,20252026,2026-03-01
away,16,CHI,8482821,A. Soderblom,40,19/19,1/1,2/2,22/22,1.0,0,0,0,0,0,60:00,True,W,22,22,2025020949,20252026,2026-03-01
home,68,UTA,8477970,V. Vanecek,41,0/0,0/0,0/0,0/0,,0,0,0,0,0,00:00,False,,0,0,2025020949,20252026,2026-03-01
home,68,UTA,8478872,K. Vejmelka,70,18/20,5/6,1/2,24/28,0.8571,2,1,1,0,4,60:00,True,L,28,24,2025020949,20252026,2026-03-01
away,52,WPG,8477480,E. Comrie,1,0/0,0/0,0/0,0/0,,0,0,0,0,0,00:00,False,,0,0,2025020950,20252026,2026-03-01
away,52,WPG,8476945,C. Hellebuyck,37,26/28,5/5,0/0,31/33,0.9394,2,0,0,0,2,61:30,True,O,33,31,2025020950,20252026,2026-03-01
home,28,SJS,8482137,Y. Askarov,30,0/0,0/0,0/0,0/0,,0,0,0,0,0,00:00,False,,0,0,2025020950,20252026,2026-03-01
home,28,SJS,8477968,A. Nedeljkovic,33,21/22,5/5,1/1,27/28,0.9643,1,0,0,0,1,61:40,True,W,28,27,2025020950,20252026,2026-03-01
away,19,STL,8480981,J. Hofer,30,18/18,3/4,1/1,22/23,0.9565,0,1,0,0,1,60:00,True,W,23,22,2025020951,20252026,2026-03-01
away,19,STL,8476412,J. Binnington,50,0/0,0/0,0/0,0/0,,0,0,0,0,0,00:00,False,,0,0,2025020951,20252026,2026-03-01
home,30,MIN,8482661,J. Wallstedt,30,0/0,0/0,0/0,0/0,,0,0,0,0,0,00:00,False,,0,0,2025020951,20252026,2026-03-01
home,30,MIN,8479406,F. Gustavsson,32,19/21,1/1,1/1,21/23,0.913,2,0,0,0,2,58:33,True,L,23,21,2025020951,20252026,2026-03-01
away,20,CGY,8482445,D. Cooley,1,25/26,9/10,0/0,34/36,0.9444,1,1,0,0,2,65:00,True,O,36,34,2025020952,20252026,2026-03-01
away,20,CGY,8481692,D. Wolf,32,0/0,0/0,0/0,0/0,,0,0,0,0,0,00:00,False,,0,0,2025020952,20252026,2026-03-01
home,24,ANA,8480843,L. Dostal,1,25/26,6/7,1/1,32/34,0.9412,1,1,0,0,2,65:00,True,W,34,32,2025020952,20252026,2026-03-01
home,24,ANA,8478024,V. Husso,33,0/0,0/0,0/0,0/0,,0,0,0,0,0,00:00,False,,0,0,2025020952,20252026,2026-03-01
away,29,CBJ,8482982,J. Greaves,73,0/0,0/0,0/0,0/0,,0,0,0,0,0,00:00,False,,0,0,2025020953,20252026,2026-03-02
away,29,CBJ,8478007,E. Merzlikins,90,29/33,0/0,0/0,29/33,0.8788,4,0,0,0,4,61:04,True,W,33,29,2025020953,20252026,2026-03-02
home,3,NYR,8478048,I. Shesterkin,31,23/26,0/1,1/2,24/29,0.8276,3,1,1,0,5,60:49,True,O,29,24,2025020953,20252026,2026-03-02
home,3,NYR,8471734,J. Quick,32,0/0,0/0,0/0,0/0,,0,0,0,0,0,00:00,False,,0,0,2025020953,20252026,2026-03-02
away,4,PHI,8481035,S. Ersson,33,0/0,0/0,0/0,0/0,,0,0,0,0,0,00:00,False,,0,0,2025020954,20252026,2026-03-02
away,4,PHI,8478435,D. Vladar,80,22/23,6/7,1/1,29/31,0.9355,1,1,0,0,2,65:00,True,W,31,29,2025020954,20252026,2026-03-02
home,10,TOR,8476932,A. Stolarz,41,17/18,6/7,0/0,23/25,0.92,1,1,0,0,2,65:00,True,O,25,23,2025020954,20252026,2026-03-02
home,10,TOR,8479361,J. Woll,60,0/0,0/0,0/0,0/0,,0,0,0,0,0,00:00,False,,0,0,2025020954,20252026,2026-03-02
away,17,DET,8476434,J. Gibson,36,10/10,0/1,0/0,10/11,0.9091,0,1,0,0,1,20:00,True,,11,10,2025020955,20252026,2026-03-02
away,17,DET,8475660,C. Talbot,39,14/15,4/4,0/0,18/19,0.9474,1,0,0,0,1,40:00,False,W,19,18,2025020955,20252026,2026-03-02
home,18,NSH,8481020,J. Annunen,29,0/0,0/0,0/0,0/0,,0,0,0,0,0,00:00,False,,0,0,2025020955,20252026,2026-03-02
home,18,NSH,8477424,J. Saros,74,23/25,2/2,2/3,27/30,0.9,2,0,1,0,3,57:01,True,L,30,27,2025020955,20252026,2026-03-02
away,25,DAL,8479193,C. DeSmith,1,0/0,0/0,0/0,0/0,,0,0,0,0,0,00:00,False,,0,0,2025020956,20252026,2026-03-02
away,25,DAL,8479979,J. Oettinger,29,11/12,2/2,0/0,13/14,0.9286,1,0,0,0,1,60:00,True,W,14,13,2025020956,20252026,2026-03-02
home,23,VAN,8480947,K. Lankinen,32,0/0,0/0,0/0,0/0,,0,0,0,0,0,00:00,False,,0,0,2025020956,20252026,2026-03-02
home,23,VAN,8484268,N. Tolopilo,60,29/34,2/3,0/0,31/37,0.8378,5,1,0,0,6,60:00,True,L,37,31,2025020956,20252026,2026-03-02
away,12,CAR,8475883,F. Andersen,31,11/13,2/2,0/0,13/15,0.8667,2,0,0,0,2,57:39,True,L,15,13,2025020957,20252026,2026-03-02
away,12,CAR,8483548,B. Bussi,32,0/0,0/0,0/0,0/0,,0,0,0,0,0,00:00,False,,0,0,2025020957,20252026,2026-03-02
home,55,SEA,8475831,P. Grubauer,31,0/0,0/0,0/0,0/0,,0,0,0,0,0,00:00,False,,0,0,2025020957,20252026,2026-03-02
home,55,SEA,8478916,J. Daccord,35,31/32,3/3,1/1,35/36,0.9722,1,0,0,0,1,59:46,True,W,36,35,2025020957,20252026,2026-03-02
away,21,COL,8478406,M. Blackwood,39,19/20,0/1,0/0,19/21,0.9048,1,1,0,0,2,60:00,True,W,21,19,2025020958,20252026,2026-03-02
away,21,COL,8475809,S. Wedgewood,41,0/0,0/0,0/0,0/0,,0,0,0,0,0,00:00,False,,0,0,2025020958,20252026,2026-03-02
home,26,LAK,8481707,E. Portillo,1,0/0,0/0,0/0,0/0,,0,0,0,0,0,00:00,False,,0,0,2025020958,20252026,2026-03-02
home,26,LAK,8476341,A. Forsberg,31,35/38,0/0,0/0,35/38,0.9211,3,0,0,0,3,58:36,True,L,38,35,2025020958,20252026,2026-03-02
away,5,PIT,8481668,A. Silovs,37,0/0,0/0,0/0,0/0,,0,0,0,0,0,00:00,False,,0,0,2025020959,20252026,2026-03-03
away,5,PIT,8479973,S. Skinner,74,24/26,2/2,0/0,26/28,0.9286,2,0,0,0,2,58:01,True,L,28,26,2025020959,20252026,2026-03-03
home,6,BOS,8480280,J. Swayman,1,24/25,8/8,2/2,34/35,0.9714,1,0,0,0,1,60:00,True,W,35,34,2025020959,20252026,2026-03-03
home,6,BOS,8476914,J. Korpisalo,70,0/0,0/0,0/0,0/0,,0,0,0,0,0,00:00,False,,0,0,2025020959,20252026,2026-03-03
away,54,VGK,8478499,A. Hill,33,0/0,0/0,0/0,0/0,,0,0,0,0,0,00:00,False,,0,0,2025020960,20252026,2026-03-03
away,54,VGK,8481033,A. Schmid,40,23/26,1/1,1/1,25/28,0.8929,3,0,0,0,3,58:29,True,L,28,25,2025020960,20252026,2026-03-03
home,7,BUF,8479312,A. Lyon,34,26/28,1/1,0/0,27/29,0.931,2,0,0,0,2,60:00,True,W,29,27,2025020960,20252026,2026-03-03
home,7,BUF,8481551,C. Ellis,92,0/0,0/0,0/0,0/0,,0,0,0,0,0,00:00,False,,0,0,2025020960,20252026,2026-03-03
away,13,FLA,8480193,D. Tarasov,40,0/0,0/0,0/0,0/0,,0,0,0,0,0,00:00,False,,0,0,2025020961,20252026,2026-03-03
away,13,FLA,8475683,S. Bobrovsky,72,24/27,3/3,1/1,28/31,0.9032,3,0,0,0,3,57:43,True,L,31,28,2025020961,20252026,2026-03-03
home,1,NJD,8474593,J. Markstrom,25,18/19,2/2,0/0,20/21,0.9524,1,0,0,0,1,60:00,True,W,21,20,2025020961,20252026,2026-03-03
home,1,NJD,8474596,J. Allen,34,0/0,0/0,0/0,0/0,,0,0,0,0,0,00:00,False,,0,0,2025020961,20252026,2026-03-03
away,68,UTA,8477970,V. Vanecek,41,0/0,0/0,0/0,0/0,,0,0,0,0,0,00:00,False,,0,0,2025020962,20252026,2026-03-03
away,68,UTA,8478872,K. Vejmelka,70,21/21,2/4,0/0,23/25,0.92,0,2,0,0,2,59:50,True,W,25,23,2025020962,20252026,2026-03-03
home,15,WSH,8480313,L. Thompson,48,20/21,0/2,0/0,20/23,0.8696,1,2,0,0,3,57:45,True,L,23,20,2025020962,20252026,2026-03-03
home,15,WSH,8479292,C. Lindgren,79,0/0,0/0,0/0,0/0,,0,0,0,0,0,00:00,False,,0,0,2025020962,20252026,2026-03-03
away,18,NSH,8481020,J. Annunen,29,18/20,5/5,1/2,24/27,0.8889,2,0,1,0,3,57:49,True,L,27,24,2025020963,20252026,2026-03-03
away,18,NSH,8477424,J. Saros,74,0/0,0/0,0/0,0/0,,0,0,0,0,0,00:00,False,,0,0,2025020963,20252026,2026-03-03
home,29,CBJ,8482982,J. Greaves,73,14/15,6/7,1/1,21/23,0.913,1,1,0,0,2,51:44,True,W,23,21,2025020963,20252026,2026-03-03
home,29,CBJ,8478007,E. Merzlikins,90,2/2,0/0,0/0,2/2,1.0,0,0,0,0,0,08:16,False,,2,2,2025020963,20252026,2026-03-03
away,16,CHI,8481519,S. Knight,30,28/31,1/1,0/0,29/32,0.9062,3,0,0,0,3,62:06,True,O,32,29,2025020964,20252026,2026-03-03
away,16,CHI,8482821,A. Soderblom,40,0/0,0/0,0/0,0/0,,0,0,0,0,0,00:00,False,,0,0,2025020964,20252026,2026-03-03
home,52,WPG,8477480,E. Comrie,1,0/0,0/0,0/0,0/0,,0,0,0,0,0,00:00,False,,0,0,2025020964,20252026,2026-03-03
home,52,WPG,8476945,C. Hellebuyck,37,17/18,0/1,0/0,17/19,0.8947,1,1,0,0,2,61:18,True,W,19,17,2025020964,20252026,2026-03-03
away,25,DAL,8479193,C. DeSmith,1,17/18,2/2,1/1,20/21,0.9524,1,0,0,0,1,60:00,True,W,21,20,2025020965,20252026,2026-03-03
away,25,DAL,8479979,J. Oettinger,29,0/0,0/0,0/0,0/0,,0,0,0,0,0,00:00,False,,0,0,2025020965,20252026,2026-03-03
home,20,CGY,8482445,D. Cooley,1,13/14,2/3,1/1,16/18,0.8889,1,1,0,0,2,33:49,False,,18,16,2025020965,20252026,2026-03-03
home,20,CGY,8481692,D. Wolf,32,12/16,1/1,0/0,13/17,0.7647,4,0,0,0,4,26:02,True,L,17,13,2025020965,20252026,2026-03-03
away,9,OTT,8476999,L. Ullmark,35,26/29,4/6,2/2,32/37,0.8649,3,2,0,0,5,61:50,True,O,37,32,2025020966,20252026,2026-03-03
away,9,OTT,8473503,J. Reimer,47,0/0,0/0,0/0,0/0,,0,0,0,0,0,00:00,False,,0,0,2025020966,20252026,2026-03-03
home,22,EDM,8477465,T. Jarry,35,0/0,0/0,0/0,0/0,,0,0,0,0,0,00:00,False,,0,0,2025020966,20252026,2026-03-03
home,22,EDM,8478971,C. Ingram,39,15/18,2/3,0/0,17/21,0.8095,3,1,0,0,4,61:13,True,W,21,17,2025020966,20252026,2026-03-03
away,14,TBL,8477992,J. Johansson,31,0/0,0/0,0/0,0/0,,0,0,0,0,0,00:00,False,,0,0,2025020967,20252026,2026-03-03
away,14,TBL,8476883,A. Vasilevskiy,88,13/16,2/3,2/2,17/21,0.8095,3,1,0,0,4,58:18,True,L,21,17,2025020967,20252026,2026-03-03
home,30,MIN,8482661,J. Wallstedt,30,0/0,0/0,0/0,0/0,,0,0,0,0,0,00:00,False,,0,0,2025020967,20252026,2026-03-03
home,30,MIN,8479406,F. Gustavsson,32,20/21,4/4,0/0,24/25,0.96,1,0,0,0,1,60:00,True,W,25,24,2025020967,20252026,2026-03-03
away,21,COL,8478406,M. Blackwood,39,0/0,0/0,0/0,0/0,,0,0,0,0,0,00:00,False,,0,0,2025020968,20252026,2026-03-03
away,21,COL,8475809,S. Wedgewood,41,22/23,4/4,1/1,27/28,0.9643,1,0,0,0,1,60:00,True,W,28,27,2025020968,20252026,2026-03-03
home,24,ANA,8480843,L. Dostal,1,18/22,2/3,1/1,21/26,0.8077,4,1,0,0,5,59:40,True,L,26,21,2025020968,20252026,2026-03-03
home,24,ANA,8478024,V. Husso,33,0/0,0/0,0/0,0/0,,0,0,0,0,0,00:00,False,,0,0,2025020968,20252026,2026-03-03
away,8,MTL,8478470,S. Montembeault,35,0/0,0/0,0/0,0/0,,0,0,0,0,0,00:00,False,,0,0,2025020969,20252026,2026-03-03
away,8,MTL,8482487,J. Dobes,75,13/17,7/9,1/1,21/27,0.7778,4,2,0,0,6,58:03,True,L,27,21,2025020969,20252026,2026-03-03
home,28,SJS,8482137,Y. Askarov,30,21/24,7/9,3/3,31/36,0.8611,3,2,0,0,5,59:48,True,W,36,31,2025020969,20252026,2026-03-03
home,28,SJS,8477968,A. Nedeljkovic,33,0/0,0/0,0/0,0/0,,0,0,0,0,0,00:00,False,,0,0,2025020969,20252026,2026-03-03
away,54,VGK,8478499,A. Hill,33,16/19,7/7,0/0,23/26,0.8846,3,0,0,0,3,62:11,True,W,26,23,2025020970,20252026,2026-03-04
away,54,VGK,8481033,A. Schmid,40,0/0,0/0,0/0,0/0,,0,0,0,0,0,00:00,False,,0,0,2025020970,20252026,2026-03-04
home,17,DET,8482657,S. Cossa,33,0/0,0/0,0/0,0/0,,0,0,0,0,0,00:00,False,,0,0,2025020970,20252026,2026-03-04
home,17,DET,8475660,C. Talbot,39,19/22,1/2,1/1,21/25,0.84,3,1,0,0,4,62:08,True,O,25,21,2025020970,20252026,2026-03-04
away,10,TOR,8476932,A. Stolarz,41,31/34,9/9,4/4,44/47,0.9362,3,0,0,0,3,65:00,True,O,47,44,2025020971,20252026,2026-03-04
away,10,TOR,8479361,J. Woll,60,0/0,0/0,0/0,0/0,,0,0,0,0,0,00:00,False,,0,0,2025020971,20252026,2026-03-04
home,1,NJD,8474593,J. Markstrom,25,20/22,4/5,0/0,24/27,0.8889,2,1,0,0,3,65:00,True,W,27,24,2025020971,20252026,2026-03-04
home,1,NJD,8474596,J. Allen,34,0/0,0/0,0/0,0/0,,0,0,0,0,0,00:00,False,,0,0,2025020971,20252026,2026-03-04
away,12,CAR,8475883,F. Andersen,31,0/0,0/0,0/0,0/0,,0,0,0,0,0,00:00,False,,0,0,2025020972,20252026,2026-03-04
away,12,CAR,8483548,B. Bussi,32,15/17,3/5,0/0,18/22,0.8182,2,2,0,0,4,60:00,True,W,22,18,2025020972,20252026,2026-03-04
home,23,VAN,8480947,K. Lankinen,32,13/16,5/6,0/0,18/22,0.8182,3,1,0,0,4,31:53,True,,22,18,2025020972,20252026,2026-03-04
home,23,VAN,8484268,N. Tolopilo,60,8/9,0/0,1/1,9/10,0.9,1,0,0,0,1,27:17,False,L,10,9,2025020972,20252026,2026-03-04
away,2,NYI,8478009,I. Sorokin,30,0/0,0/0,0/0,0/0,,0,0,0,0,0,00:00,False,,0,0,2025020973,20252026,2026-03-04
away,2,NYI,8479496,D. Rittich,33,20/23,0/1,1/1,21/25,0.84,3,1,0,0,4,55:26,True,L,25,21,2025020973,20252026,2026-03-04
home,24,ANA,8480843,L. Dostal,1,0/0,0/0,0/0,0/0,,0,0,0,0,0,00:00,False,,0,0,2025020973,20252026,2026-03-04
home,24,ANA,8478024,V. Husso,33,29/29,10/11,3/3,42/43,0.9767,0,1,0,0,1,59:04,True,W,43,42,2025020973,20252026,2026-03-04
away,19,STL,8480981,J. Hofer,30,23/25,10/10,1/1,34/36,0.9444,2,0,0,0,2,60:00,True,W,36,34,2025020974,20252026,2026-03-04
away,19,STL,8476412,J. Binnington,50,0/0,0/0,0/0,0/0,,0,0,0,0,0,00:00,False,,0,0,2025020974,20252026,2026-03-04
home,55,SEA,8475831,P. Grubauer,31,20/23,3/3,1/1,24/27,0.8889,3,0,0,0,3,58:04,True,L,27,24,2025020974,20252026,2026-03-04
home,55,SEA,8478916,J. Daccord,35,0/0,0/0,0/0,0/0,,0,0,0,0,0,00:00,False,,0,0,2025020974,20252026,2026-03-04
away,10,TOR,8476932,A. Stolarz,41,0/0,0/0,0/0,0/0,,0,0,0,0,0,00:00,False,,0,0,2025020975,20252026,2026-03-05
away,10,TOR,8479361,J. Woll,60,17/21,1/2,0/0,18/23,0.7826,4,1,0,0,5,57:00,True,L,23,18,2025020975,20252026,2026-03-05
home,3,NYR,8478048,I. Shesterkin,31,29/31,1/1,0/0,30/32,0.9375,2,0,0,0,2,59:56,True,W,32,30,2025020975,20252026,2026-03-05
home,3,NYR,8471734,J. Quick,32,0/0,0/0,0/0,0/0,,0,0,0,0,0,00:00,False,,0,0,2025020975,20252026,2026-03-05
away,68,UTA,8477970,V. Vanecek,41,15/15,1/1,0/0,16/16,1.0,0,0,0,0,0,60:00,True,W,16,16,2025020976,20252026,2026-03-05
away,68,UTA,8478872,K. Vejmelka,70,0/0,0/0,0/0,0/0,,0,0,0,0,0,00:00,False,,0,0,2025020976,20252026,2026-03-05
home,4,PHI,8481035,S. Ersson,33,0/0,0/0,0/0,0/0,,0,0,0,0,0,00:00,False,,0,0,2025020976,20252026,2026-03-05
home,4,PHI,8478435,D. Vladar,80,20/21,0/1,0/0,20/22,0.9091,1,1,0,0,2,57:48,True,L,22,20,2025020976,20252026,2026-03-05
away,7,BUF,8480045,U. Luukkonen,1,25/25,2/2,0/1,27/28,0.9643,0,0,1,0,1,59:24,True,W,28,27,2025020977,20252026,2026-03-05
away,7,BUF,8481551,C. Ellis,92,0/0,0/0,0/0,0/0,,0,0,0,0,0,00:00,False,,0,0,2025020977,20252026,2026-03-05
home,5,PIT,8481668,A. Silovs,37,12/13,9/10,0/2,21/25,0.84,1,1,2,0,4,55:54,True,L,25,21,2025020977,20252026,2026-03-05
home,5,PIT,8479973,S. Skinner,74,0/0,0/0,0/0,0/0,,0,0,0,0,0,00:00,False,,0,0,2025020977,20252026,2026-03-05
away,13,FLA,8480193,D. Tarasov,40,18/20,5/6,1/1,24/27,0.8889,2,1,0,0,3,59:00,True,L,27,24,2025020978,20252026,2026-03-05
away,13,FLA,8475683,S. Bobrovsky,72,0/0,0/0,0/0,0/0,,0,0,0,0,0,00:00,False,,0,0,2025020978,20252026,2026-03-05
home,29,CBJ,8482982,J. Greaves,73,19/20,6/7,1/1,26/28,0.9286,1,1,0,0,2,60:00,True,W,28,26,2025020978,20252026,2026-03-05
home,29,CBJ,8478007,E. Merzlikins,90,0/0,0/0,0/0,0/0,,0,0,0,0,0,00:00,False,,0,0,2025020978,20252026,2026-03-05
away,6,BOS,8480280,J. Swayman,1,0/0,0/0,0/0,0/0,,0,0,0,0,0,00:00,False,,0,0,2025020979,20252026,2026-03-05
away,6,BOS,8476914,J. Korpisalo,70,13/16,9/10,1/2,23/28,0.8214,3,1,1,0,5,59:16,True,L,28,23,2025020979,20252026,2026-03-05
home,18,NSH,8481020,J. Annunen,29,0/0,0/0,0/0,0/0,,0,0,0,0,0,00:00,False,,0,0,2025020979,20252026,2026-03-05
home,18,NSH,8477424,J. Saros,74,16/18,2/3,2/2,20/23,0.8696,2,1,0,0,3,60:00,True,W,23,20,2025020979,20252026,2026-03-05
away,14,TBL,8477992,J. Johansson,31,0/0,0/0,0/0,0/0,,0,0,0,0,0,00:00,False,,0,0,2025020980,20252026,2026-03-05
away,14,TBL,8476883,A. Vasilevskiy,88,21/24,5/5,0/0,26/29,0.8966,3,0,0,0,3,58:54,True,L,29,26,2025020980,20252026,2026-03-05
home,52,WPG,8477480,E. Comrie,1,0/0,0/0,0/0,0/0,,0,0,0,0,0,00:00,False,,0,0,2025020980,20252026,2026-03-05
home,52,WPG,8476945,C. Hellebuyck,37,23/23,2/3,1/1,26/27,0.963,0,1,0,2,1,59:47,True,W,27,26,2025020980,20252026,2026-03-05
away,9,OTT,8476999,L. Ullmark,35,17/18,2/2,0/0,19/20,0.95,1,0,0,0,1,59:20,True,W,20,19,2025020981,20252026,2026-03-05
away,9,OTT,8473503,J. Reimer,47,0/0,0/0,0/0,0/0,,0,0,0,0,0,00:00,False,,0,0,2025020981,20252026,2026-03-05
home,20,CGY,8482445,D. Cooley,1,26/27,5/6,2/2,33/35,0.9429,1,1,0,0,2,58:40,True,L,35,33,2025020981,20252026,2026-03-05
home,20,CGY,8481692,D. Wolf,32,0/0,0/0,0/0,0/0,,0,0,0,0,0,00:00,False,,0,0,2025020981,20252026,2026-03-05
away,2,NYI,8478009,I. Sorokin,30,23/27,4/5,3/3,30/35,0.8571,4,1,0,2,5,51:25,True,L,35,30,2025020982,20252026,2026-03-05
away,2,NYI,8479496,D. Rittich,33,0/0,0/0,0/0,0/0,,0,0,0,0,0,00:00,False,,0,0,2025020982,20252026,2026-03-05
home,26,LAK,8476341,A. Forsberg,31,0/0,0/0,0/0,0/0,,0,0,0,0,0,00:00,False,,0,0,2025020982,20252026,2026-03-05
home,26,LAK,8475311,D. Kuemper,35,28/30,3/3,1/2,32/35,0.9143,2,0,1,0,3,60:00,True,W,35,32,2025020982,20252026,2026-03-05
away,13,FLA,8480193,D. Tarasov,40,0/0,0/0,0/0,0/0,,0,0,0,0,0,00:00,False,,0,0,2025020983,20252026,2026-03-06
away,13,FLA,8475683,S. Bobrovsky,72,23/23,4/5,1/1,28/29,0.9655,0,1,0,0,1,60:00,True,W,29,28,2025020983,20252026,2026-03-06
home,17,DET,8476434,J. Gibson,36,14/15,5/6,1/1,20/22,0.9091,1,1,0,0,2,58:05,True,L,22,20,2025020983,20252026,2026-03-06
home,17,DET,8475660,C. Talbot,39,0/0,0/0,0/0,0/0,,0,0,0,0,0,00:00,False,,0,0,2025020983,20252026,2026-03-06
away,21,COL,8478406,M. Blackwood,39,6/9,1/2,0/0,7/11,0.6364,3,1,0,0,4,21:47,True,,11,7,2025020984,20252026,2026-03-06
away,21,COL,8475809,S. Wedgewood,41,9/9,1/1,0/0,10/10,1.0,0,0,0,0,0,41:01,False,W,10,10,2025020984,20252026,2026-03-06
home,25,DAL,8479193,C. DeSmith,1,0/0,0/0,0/0,0/0,,0,0,0,0,0,00:00,False,,0,0,2025020984,20252026,2026-03-06
home,25,DAL,8479979,J. Oettinger,29,18/20,6/8,1/1,25/29,0.8621,2,2,0,0,4,64:36,True,O,29,25,2025020984,20252026,2026-03-06
away,23,VAN,8480947,K. Lankinen,32,0/0,0/0,0/0,0/0,,0,0,0,0,0,00:00,False,,0,0,2025020985,20252026,2026-03-06
away,23,VAN,8484268,N. Tolopilo,60,16/19,2/2,2/2,20/23,0.8696,3,0,0,0,3,60:00,True,W,23,20,2025020985,20252026,2026-03-06
home,16,CHI,8482821,A. Soderblom,40,14/17,2/3,0/0,16/20,0.8,3,1,0,0,4,58:54,True,L,20,16,2025020985,20252026,2026-03-06
home,16,CHI,8483258,C. Edwards,70,0/0,0/0,0/0,0/0,,0,0,0,0,0,00:00,False,,0,0,2025020985,20252026,2026-03-06
away,12,CAR,8475883,F. Andersen,31,12/14,0/1,1/1,13/16,0.8125,2,1,0,0,3,59:07,True,W,16,13,2025020986,20252026,2026-03-06
away,12,CAR,8483548,B. Bussi,32,0/0,0/0,0/0,0/0,,0,0,0,0,0,00:00,False,,0,0,2025020986,20252026,2026-03-06
home,22,EDM,8477465,T. Jarry,35,21/26,5/5,0/0,26/31,0.8387,5,0,0,0,5,58:52,True,L,31,26,2025020986,20252026,2026-03-06
home,22,EDM,8478971,C. Ingram,39,0/0,0/0,0/0,0/0,,0,0,0,0,0,00:00,False,,0,0,2025020986,20252026,2026-03-06
away,8,MTL,8478470,S. Montembeault,35,24/28,3/4,1/1,28/33,0.8485,4,1,0,0,5,65:00,True,O,33,28,2025020987,20252026,2026-03-06
away,8,MTL,8482487,J. Dobes,75,0/0,0/0,0/0,0/0,,0,0,0,0,0,00:00,False,,0,0,2025020987,20252026,2026-03-06
home,24,ANA,8480843,L. Dostal,1,18/22,5/6,0/0,23/28,0.8214,4,1,0,0,5,63:51,True,W,28,23,2025020987,20252026,2026-03-06
home,24,ANA,8478024,V. Husso,33,0/0,0/0,0/0,0/0,,0,0,0,0,0,00:00,False,,0,0,2025020987,20252026,2026-03-06
away,30,MIN,8482661,J. Wallstedt,30,0/0,0/0,0/0,0/0,,0,0,0,0,0,00:00,False,,0,0,2025020988,20252026,2026-03-06
away,30,MIN,8479406,F. Gustavsson,32,29/30,0/1,0/0,29/31,0.9355,1,1,0,0,2,60:00,True,W,31,29,2025020988,20252026,2026-03-06
home,54,VGK,8478499,A. Hill,33,0/0,0/0,0/0,0/0,,0,0,0,0,0,00:00,False,,0,0,2025020988,20252026,2026-03-06
home,54,VGK,8481033,A. Schmid,40,18/22,2/2,0/0,20/24,0.8333,4,0,0,0,4,58:25,True,L,24,20,2025020988,20252026,2026-03-06
away,19,STL,8480981,J. Hofer,30,0/0,0/0,0/0,0/0,,0,0,0,0,0,00:00,False,,0,0,2025020989,20252026,2026-03-06
away,19,STL,8476412,J. Binnington,50,22/24,1/1,0/0,23/25,0.92,2,0,0,0,2,60:54,True,W,25,23,2025020989,20252026,2026-03-06
home,28,SJS,8482137,Y. Askarov,30,0/0,0/0,0/0,0/0,,0,0,0,0,0,00:00,False,,0,0,2025020989,20252026,2026-03-06
home,28,SJS,8477968,A. Nedeljkovic,33,11/14,0/0,0/0,11/14,0.7857,3,0,0,0,3,60:54,True,O,14,11,2025020989,20252026,2026-03-06
away,15,WSH,8480313,L. Thompson,48,16/17,10/11,1/1,27/29,0.931,1,1,0,0,2,58:06,True,L,29,27,2025020990,20252026,2026-03-07
away,15,WSH,8479292,C. Lindgren,79,0/0,0/0,0/0,0/0,,0,0,0,0,0,00:00,False,,0,0,2025020990,20252026,2026-03-07
home,6,BOS,8480280,J. Swayman,1,15/16,4/4,3/3,22/23,0.9565,1,0,0,0,1,60:00,True,W,23,22,2025020990,20252026,2026-03-07
home,6,BOS,8476914,J. Korpisalo,70,0/0,0/0,0/0,0/0,,0,0,0,0,0,00:00,False,,0,0,2025020990,20252026,2026-03-07
away,3,NYR,8478048,I. Shesterkin,31,0/0,0/0,0/0,0/0,,0,0,0,0,0,00:00,False,,0,0,2025020991,20252026,2026-03-07
away,3,NYR,8471734,J. Quick,32,21/23,4/7,4/4,29/34,0.8529,2,3,0,0,5,57:35,True,L,34,29,2025020991,20252026,2026-03-07
home,1,NJD,8474593,J. Markstrom,25,13/16,4/4,0/0,17/20,0.85,3,0,0,0,3,59:12,True,W,20,17,2025020991,20252026,2026-03-07
home,1,NJD,8474596,J. Allen,34,0/0,0/0,0/0,0/0,,0,0,0,0,0,00:00,False,,0,0,2025020991,20252026,2026-03-07
away,18,NSH,8481020,J. Annunen,29,0/0,0/0,0/0,0/0,,0,0,0,0,0,00:00,False,,0,0,2025020992,20252026,2026-03-07
away,18,NSH,8477424,J. Saros,74,19/22,1/1,1/1,21/24,0.875,3,0,0,0,3,58:52,True,L,24,21,2025020992,20252026,2026-03-07
home,7,BUF,8479312,A. Lyon,34,15/16,7/8,1/1,23/25,0.92,1,1,0,0,2,60:00,True,W,25,23,2025020992,20252026,2026-03-07
home,7,BUF,8481551,C. Ellis,92,0/0,0/0,0/0,0/0,,0,0,0,0,0,00:00,False,,0,0,2025020992,20252026,2026-03-07
away,4,PHI,8481035,S. Ersson,33,0/0,0/0,0/0,0/0,,0,0,0,0,0,00:00,False,,0,0,2025020993,20252026,2026-03-07
away,4,PHI,8478435,D. Vladar,80,15/17,3/4,2/2,20/23,0.8696,2,1,0,2,3,65:00,True,W,23,20,2025020993,20252026,2026-03-07
home,5,PIT,8481668,A. Silovs,37,0/0,0/0,0/0,0/0,,0,0,0,0,0,00:00,False,,0,0,2025020993,20252026,2026-03-07
home,5,PIT,8479973,S. Skinner,74,12/15,0/0,1/1,13/16,0.8125,3,0,0,0,3,65:00,True,O,16,13,2025020993,20252026,2026-03-07
away,14,TBL,8477992,J. Johansson,31,0/0,0/0,0/0,0/0,,0,0,0,0,0,00:00,False,,0,0,2025020994,20252026,2026-03-07
away,14,TBL,8476883,A. Vasilevskiy,88,22/24,3/3,2/2,27/29,0.931,2,0,0,0,2,59:19,True,W,29,27,2025020994,20252026,2026-03-07
home,10,TOR,8476932,A. Stolarz,41,24/27,3/4,1/1,28/32,0.875,3,1,0,0,4,59:22,True,L,32,28,2025020994,20252026,2026-03-07
home,10,TOR,8479361,J. Woll,60,0/0,0/0,0/0,0/0,,0,0,0,0,0,00:00,False,,0,0,2025020994,20252026,2026-03-07
away,68,UTA,8477970,V. Vanecek,41,0/0,0/0,0/0,0/0,,0,0,0,0,0,00:00,False,,0,0,2025020995,20252026,2026-03-07
away,68,UTA,8478872,K. Vejmelka,70,24/28,2/2,1/1,27/31,0.871,4,0,0,0,4,62:08,True,W,31,27,2025020995,20252026,2026-03-07
home,29,CBJ,8482982,J. Greaves,73,0/0,0/0,0/0,0/0,,0,0,0,0,0,00:00,False,,0,0,2025020995,20252026,2026-03-07
home,29,CBJ,8478007,E. Merzlikins,90,18/23,2/2,0/0,20/25,0.8,5,0,0,0,5,62:08,True,O,25,20,2025020995,20252026,2026-03-07
away,23,VAN,8480947,K. Lankinen,32,33/35,0/1,0/0,33/36,0.9167,2,1,0,0,3,61:49,True,O,36,33,2025020996,20252026,2026-03-07
away,23,VAN,8484268,N. Tolopilo,60,0/0,0/0,0/0,0/0,,0,0,0,0,0,00:00,False,,0,0,2025020996,20252026,2026-03-07
home,52,WPG,8477480,E. Comrie,1,0/0,0/0,0/0,0/0,,0,0,0,0,0,00:00,False,,0,0,2025020996,20252026,2026-03-07
home,52,WPG,8476945,C. Hellebuyck,37,20/22,0/0,1/1,21/23,0.913,2,0,0,0,2,61:17,True,W,23,21,2025020996,20252026,2026-03-07
away,8,MTL,8478470,S. Montembeault,35,0/0,0/0,0/0,0/0,,0,0,0,0,0,00:00,False,,0,0,2025020997,20252026,2026-03-07
away,8,MTL,8482487,J. Dobes,75,27/30,9/9,0/0,36/39,0.9231,3,0,0,0,3,60:00,True,W,39,36,2025020997,20252026,2026-03-07
home,26,LAK,8476341,A. Forsberg,31,0/0,0/0,0/0,0/0,,0,0,0,0,0,00:00,False,,0,0,2025020997,20252026,2026-03-07
home,26,LAK,8475311,D. Kuemper,35,19/22,0/1,0/0,19/23,0.8261,3,1,0,0,4,58:37,True,L,23,19,2025020997,20252026,2026-03-07
away,12,CAR,8475883,F. Andersen,31,0/0,0/0,0/0,0/0,,0,0,0,0,0,00:00,False,,0,0,2025020998,20252026,2026-03-07
away,12,CAR,8483548,B. Bussi,32,18/22,2/3,0/0,20/25,0.8,4,1,0,0,5,58:26,True,L,25,20,2025020998,20252026,2026-03-07
home,20,CGY,8482445,D. Cooley,1,0/0,0/0,0/0,0/0,,0,0,0,0,0,00:00,False,,0,0,2025020998,20252026,2026-03-07
home,20,CGY,8481692,D. Wolf,32,25/28,0/1,0/0,25/29,0.8621,3,1,0,0,4,59:46,True,W,29,25,2025020998,20252026,2026-03-07
away,2,NYI,8478009,I. Sorokin,30,27/28,3/3,0/0,30/31,0.9677,1,0,0,0,1,64:20,True,W,31,30,2025020999,20252026,2026-03-07
away,2,NYI,8479496,D. Rittich,33,0/0,0/0,0/0,0/0,,0,0,0,0,0,00:00,False,,0,0,2025020999,20252026,2026-03-07
home,28,SJS,8482137,Y. Askarov,30,30/32,2/2,0/0,32/34,0.9412,2,0,0,0,2,64:20,True,O,34,32,2025020999,20252026,2026-03-07
home,28,SJS,8477968,A. Nedeljkovic,33,0/0,0/0,0/0,0/0,,0,0,0,0,0,00:00,False,,0,0,2025020999,20252026,2026-03-07
away,9,OTT,8476999,L. Ullmark,35,14/17,3/4,0/0,17/21,0.8095,3,1,0,0,4,59:41,True,W,21,17,2025021000,20252026,2026-03-07
away,9,OTT,8473503,J. Reimer,47,0/0,0/0,0/0,0/0,,0,0,0,0,0,00:00,False,,0,0,2025021000,20252026,2026-03-07
home,55,SEA,8475831,P. Grubauer,31,0/0,0/0,0/0,0/0,,0,0,0,0,0,00:00,False,,0,0,2025021000,20252026,2026-03-07
home,55,SEA,8478916,J. Daccord,35,27/34,2/2,1/1,30/37,0.8108,7,0,0,0,7,60:00,True,L,37,30,2025021000,20252026,2026-03-07
away,30,MIN,8482661,J. Wallstedt,30,24/26,10/10,0/0,34/36,0.9444,2,0,0,0,2,64:29,True,O,36,34,2025021001,20252026,2026-03-08
away,30,MIN,8479406,F. Gustavsson,32,0/0,0/0,0/0,0/0,,0,0,0,0,0,00:00,False,,0,0,2025021001,20252026,2026-03-08
home,21,COL,8478406,M. Blackwood,39,0/0,0/0,0/0,0/0,,0,0,0,0,0,00:00,False,,0,0,2025021001,20252026,2026-03-08
home,21,COL,8475809,S. Wedgewood,41,27/27,5/6,0/1,32/34,0.9412,0,1,1,0,2,63:56,True,W,34,32,2025021001,20252026,2026-03-08
away,6,BOS,8480280,J. Swayman,1,0/0,0/0,0/0,0/0,,0,0,0,0,0,00:00,False,,0,0,2025021002,20252026,2026-03-08
away,6,BOS,8476914,J. Korpisalo,70,34/38,0/1,1/1,35/40,0.875,4,1,0,0,5,60:17,True,O,40,35,2025021002,20252026,2026-03-08
home,5,PIT,8481668,A. Silovs,37,16/19,7/8,1/1,24/28,0.8571,3,1,0,0,4,60:17,True,W,28,24,2025021002,20252026,2026-03-08
home,5,PIT,8479973,S. Skinner,74,0/0,0/0,0/0,0/0,,0,0,0,0,0,00:00,False,,0,0,2025021002,20252026,2026-03-08
away,14,TBL,8477992,J. Johansson,31,27/30,6/10,1/2,34/42,0.8095,3,4,1,0,8,58:54,True,L,42,34,2025021003,20252026,2026-03-08
away,14,TBL,8476883,A. Vasilevskiy,88,0/0,0/0,0/0,0/0,,0,0,0,0,0,00:00,False,,0,0,2025021003,20252026,2026-03-08
home,7,BUF,8480045,U. Luukkonen,1,20/25,2/3,0/0,22/28,0.7857,6,1,0,0,7,59:21,True,W,28,22,2025021003,20252026,2026-03-08
home,7,BUF,8481551,C. Ellis,92,0/0,0/0,0/0,0/0,,0,0,0,0,0,00:00,False,,0,0,2025021003,20252026,2026-03-08
away,16,CHI,8482123,D. Commesso,33,0/0,0/0,0/0,0/0,,0,0,0,0,0,00:00,False,,0,0,2025021004,20252026,2026-03-08
away,16,CHI,8482821,A. Soderblom,40,20/23,7/8,0/0,27/31,0.871,3,1,0,0,4,59:56,True,O,31,27,2025021004,20252026,2026-03-08
home,25,DAL,8479193,C. DeSmith,1,12/15,4/4,0/0,16/19,0.8421,3,0,0,0,3,59:32,True,W,19,16,2025021004,20252026,2026-03-08
home,25,DAL,8479979,J. Oettinger,29,0/0,0/0,0/0,0/0,,0,0,0,0,0,00:00,False,,0,0,2025021004,20252026,2026-03-08
away,17,DET,8476434,J. Gibson,36,15/15,3/3,3/3,21/21,1.0,0,0,0,0,0,39:52,True,W,21,21,2025021005,20252026,2026-03-08
away,17,DET,8475660,C. Talbot,39,10/10,0/0,0/0,10/10,1.0,0,0,0,0,0,20:00,False,,10,10,2025021005,20252026,2026-03-08
home,1,NJD,8474593,J. Markstrom,25,23/25,4/5,0/0,27/30,0.9,2,1,0,0,3,60:00,True,L,30,27,2025021005,20252026,2026-03-08
home,1,NJD,8474596,J. Allen,34,0/0,0/0,0/0,0/0,,0,0,0,0,0,00:00,False,,0,0,2025021005,20252026,2026-03-08
away,19,STL,8480981,J. Hofer,30,19/19,2/2,1/1,22/22,1.0,0,0,0,0,0,60:00,True,W,22,22,2025021006,20252026,2026-03-08
away,19,STL,8476412,J. Binnington,50,0/0,0/0,0/0,0/0,,0,0,0,0,0,00:00,False,,0,0,2025021006,20252026,2026-03-08
home,24,ANA,8480843,L. Dostal,1,0/0,0/0,0/0,0/0,,0,0,0,0,0,00:00,False,,0,0,2025021006,20252026,2026-03-08
home,24,ANA,8478024,V. Husso,33,26/28,2/3,3/3,31/34,0.9118,2,1,0,0,3,57:58,True,L,34,31,2025021006,20252026,2026-03-08
away,22,EDM,8477465,T. Jarry,35,0/0,0/0,0/0,0/0,,0,0,0,0,0,00:00,False,,0,0,2025021007,20252026,2026-03-08
away,22,EDM,8478971,C. Ingram,39,22/23,2/2,0/1,24/26,0.9231,1,0,1,0,2,60:00,True,W,26,24,2025021007,20252026,2026-03-08
home,54,VGK,8478499,A. Hill,33,11/14,2/2,2/2,15/18,0.8333,3,0,0,0,3,59:24,True,L,18,15,2025021007,20252026,2026-03-08
home,54,VGK,8481033,A. Schmid,40,0/0,0/0,0/0,0/0,,0,0,0,0,0,00:00,False,,0,0,2025021007,20252026,2026-03-08
away,3,NYR,8478048,I. Shesterkin,31,29/30,3/4,0/0,32/34,0.9412,1,1,0,0,2,59:48,True,W,34,32,2025021008,20252026,2026-03-09
away,3,NYR,8471734,J. Quick,32,0/0,0/0,0/0,0/0,,0,0,0,0,0,00:00,False,,0,0,2025021008,20252026,2026-03-09
home,4,PHI,8481035,S. Ersson,33,3/3,0/0,0/0,3/3,1.0,0,0,0,0,0,19:47,False,,3,3,2025021008,20252026,2026-03-09
home,4,PHI,8478435,D. Vladar,80,13/16,5/8,0/0,18/24,0.75,3,3,0,0,6,40:00,True,L,24,18,2025021008,20252026,2026-03-09
away,20,CGY,8482445,D. Cooley,1,19/24,3/4,0/0,22/28,0.7857,5,1,0,0,6,59:23,True,L,28,22,2025021009,20252026,2026-03-09
away,20,CGY,8481692,D. Wolf,32,0/0,0/0,0/0,0/0,,0,0,0,0,0,00:00,False,,0,0,2025021009,20252026,2026-03-09
home,15,WSH,8480313,L. Thompson,48,20/21,0/0,3/5,23/26,0.8846,1,0,2,0,3,60:00,True,W,26,23,2025021009,20252026,2026-03-09
home,15,WSH,8479292,C. Lindgren,79,0/0,0/0,0/0,0/0,,0,0,0,0,0,00:00,False,,0,0,2025021009,20252026,2026-03-09
away,68,UTA,8477970,V. Vanecek,41,21/23,2/3,0/0,23/26,0.8846,2,1,0,0,3,62:36,True,O,26,23,2025021010,20252026,2026-03-09
away,68,UTA,8478872,K. Vejmelka,70,0/0,0/0,0/0,0/0,,0,0,0,0,0,00:00,False,,0,0,2025021010,20252026,2026-03-09
home,16,CHI,8482123,D. Commesso,33,20/22,0/0,3/3,23/25,0.92,2,0,0,0,2,61:43,True,W,25,23,2025021010,20252026,2026-03-09
home,16,CHI,8482821,A. Soderblom,40,0/0,0/0,0/0,0/0,,0,0,0,0,0,00:00,False,,0,0,2025021010,20252026,2026-03-09
away,9,OTT,8476999,L. Ullmark,35,0/0,0/0,0/0,0/0,,0,0,0,0,0,00:00,False,,0,0,2025021011,20252026,2026-03-09
away,9,OTT,8473503,J. Reimer,47,14/14,0/0,2/2,16/16,1.0,0,0,0,0,0,60:00,True,W,16,16,2025021011,20252026,2026-03-09
home,23,VAN,8480947,K. Lankinen,32,17/18,4/4,1/1,22/23,0.9565,1,0,0,0,1,57:36,True,L,23,22,2025021011,20252026,2026-03-09
home,23,VAN,8484268,N. Tolopilo,60,0/0,0/0,0/0,0/0,,0,0,0,0,0,00:00,False,,0,0,2025021011,20252026,2026-03-09
away,26,LAK,8476341,A. Forsberg,31,0/0,0/0,0/0,0/0,,0,0,0,0,0,00:00,False,,0,0,2025021012,20252026,2026-03-10
away,26,LAK,8475311,D. Kuemper,35,18/20,3/3,0/0,21/23,0.913,2,0,0,0,2,60:18,True,O,23,21,2025021012,20252026,2026-03-10
home,6,BOS,8480280,J. Swayman,1,14/15,0/0,1/1,15/16,0.9375,1,0,0,0,1,60:19,True,W,16,15,2025021012,20252026,2026-03-10
home,6,BOS,8476914,J. Korpisalo,70,0/0,0/0,0/0,0/0,,0,0,0,0,0,00:00,False,,0,0,2025021012,20252026,2026-03-10
away,28,SJS,8482137,Y. Askarov,30,20/25,0/0,0/0,20/25,0.8,5,0,0,0,5,58:56,True,L,25,20,2025021013,20252026,2026-03-10
away,28,SJS,8477968,A. Nedeljkovic,33,0/0,0/0,0/0,0/0,,0,0,0,0,0,00:00,False,,0,0,2025021013,20252026,2026-03-10
home,7,BUF,8479312,A. Lyon,34,13/15,4/5,0/0,17/20,0.85,2,1,0,0,3,60:00,True,W,20,17,2025021013,20252026,2026-03-10
home,7,BUF,8481551,C. Ellis,92,0/0,0/0,0/0,0/0,,0,0,0,0,0,00:00,False,,0,0,2025021013,20252026,2026-03-10
away,10,TOR,8476932,A. Stolarz,41,0/0,0/0,0/0,0/0,,0,0,0,0,0,00:00,False,,0,0,2025021014,20252026,2026-03-10
away,10,TOR,8479361,J. Woll,60,28/30,2/2,0/0,30/32,0.9375,2,0,0,0,2,57:59,True,L,32,30,2025021014,20252026,2026-03-10
home,8,MTL,8478470,S. Montembeault,35,0/0,0/0,0/0,0/0,,0,0,0,0,0,00:00,False,,0,0,2025021014,20252026,2026-03-10
home,8,MTL,8482487,J. Dobes,75,15/16,1/1,1/1,17/18,0.9444,1,0,0,0,1,59:56,True,W,18,17,2025021014,20252026,2026-03-10
away,29,CBJ,8482982,J. Greaves,73,0/0,0/0,0/0,0/0,,0,0,0,0,0,00:00,False,,0,0,2025021015,20252026,2026-03-10
away,29,CBJ,8478007,E. Merzlikins,90,10/12,5/5,1/1,16/18,0.8889,2,0,0,0,2,59:29,True,W,18,16,2025021015,20252026,2026-03-10
home,14,TBL,8477992,J. Johansson,31,0/0,0/0,0/0,0/0,,0,0,0,0,0,00:00,False,,0,0,2025021015,20252026,2026-03-10
home,14,TBL,8476883,A. Vasilevskiy,88,23/25,3/5,1/1,27/31,0.871,2,2,0,0,4,59:51,True,L,31,27,2025021015,20252026,2026-03-10
away,17,DET,8476434,J. Gibson,36,19/23,5/5,0/0,24/28,0.8571,4,0,0,0,4,59:45,True,L,28,24,2025021016,20252026,2026-03-10
away,17,DET,8475660,C. Talbot,39,0/0,0/0,0/0,0/0,,0,0,0,0,0,00:00,False,,0,0,2025021016,20252026,2026-03-10
home,13,FLA,8480193,D. Tarasov,40,21/24,3/3,1/1,25/28,0.8929,3,0,0,0,3,59:20,True,W,28,25,2025021016,20252026,2026-03-10
home,13,FLA,8475683,S. Bobrovsky,72,0/0,0/0,0/0,0/0,,0,0,0,0,0,00:00,False,,0,0,2025021016,20252026,2026-03-10
away,20,CGY,8482445,D. Cooley,1,0/0,0/0,0/0,0/0,,0,0,0,0,0,00:00,False,,0,0,2025021017,20252026,2026-03-10
away,20,CGY,8481692,D. Wolf,32,24/27,1/2,0/0,25/29,0.8621,3,1,0,2,4,60:00,True,L,29,25,2025021017,20252026,2026-03-10
home,3,NYR,8478048,I. Shesterkin,31,0/0,0/0,0/0,0/0,,0,0,0,0,0,00:00,False,,0,0,2025021017,20252026,2026-03-10
home,3,NYR,8471734,J. Quick,32,18/18,3/3,0/0,21/21,1.0,0,0,0,0,0,59:44,True,W,21,21,2025021017,20252026,2026-03-10
away,5,PIT,8481668,A. Silovs,37,0/0,0/0,0/0,0/0,,0,0,0,0,0,00:00,False,,0,0,2025021018,20252026,2026-03-10
away,5,PIT,8479973,S. Skinner,74,29/32,8/9,3/3,40/44,0.9091,3,1,0,0,4,63:06,True,O,44,40,2025021018,20252026,2026-03-10
home,12,CAR,8475883,F. Andersen,31,17/20,5/6,2/2,24/28,0.8571,3,1,0,0,4,65:00,True,W,28,24,2025021018,20252026,2026-03-10
home,12,CAR,8483548,B. Bussi,32,0/0,0/0,0/0,0/0,,0,0,0,0,0,00:00,False,,0,0,2025021018,20252026,2026-03-10
away,2,NYI,8478009,I. Sorokin,30,16/19,4/4,0/0,20/23,0.8696,3,0,0,0,3,61:50,True,W,23,20,2025021019,20252026,2026-03-10
away,2,NYI,8479496,D. Rittich,33,0/0,0/0,0/0,0/0,,0,0,0,0,0,00:00,False,,0,0,2025021019,20252026,2026-03-10
home,19,STL,8480981,J. Hofer,30,36/38,10/11,0/0,46/49,0.9388,2,2,0,0,4,61:55,True,O,49,46,2025021019,20252026,2026-03-10
home,19,STL,8476412,J. Binnington,50,0/0,0/0,0/0,0/0,,0,0,0,0,0,00:00,False,,0,0,2025021019,20252026,2026-03-10
away,54,VGK,8478499,A. Hill,33,12/13,2/3,0/0,14/16,0.875,1,1,0,0,2,58:10,True,L,16,14,2025021020,20252026,2026-03-10
away,54,VGK,8481033,A. Schmid,40,0/0,0/0,0/0,0/0,,0,0,0,0,0,00:00,False,,0,0,2025021020,20252026,2026-03-10
home,25,DAL,8479193,C. DeSmith,1,0/0,0/0,0/0,0/0,,0,0,0,0,0,00:00,False,,0,0,2025021020,20252026,2026-03-10
home,25,DAL,8479979,J. Oettinger,29,21/22,4/4,1/1,26/27,0.963,1,0,0,0,1,59:53,True,W,27,26,2025021020,20252026,2026-03-10
away,68,UTA,8477970,V. Vanecek,41,0/0,0/0,0/0,0/0,,0,0,0,0,0,00:00,False,,0,0,2025021021,20252026,2026-03-10
away,68,UTA,8478872,K. Vejmelka,70,19/24,6/6,0/0,25/30,0.8333,5,0,0,0,5,59:54,True,L,30,25,2025021021,20252026,2026-03-10
home,30,MIN,8482661,J. Wallstedt,30,0/0,0/0,0/0,0/0,,0,0,0,0,0,00:00,False,,0,0,2025021021,20252026,2026-03-10
home,30,MIN,8479406,F. Gustavsson,32,19/19,5/5,1/1,25/25,1.0,0,0,0,0,0,59:52,True,W,25,25,2025021021,20252026,2026-03-10
away,24,ANA,8480843,L. Dostal,1,9/10,2/2,1/1,12/13,0.9231,1,0,0,0,1,59:28,True,W,13,12,2025021022,20252026,2026-03-10
away,24,ANA,8478024,V. Husso,33,0/0,0/0,0/0,0/0,,0,0,0,0,0,00:00,False,,0,0,2025021022,20252026,2026-03-10
home,52,WPG,8477480,E. Comrie,1,0/0,0/0,0/0,0/0,,0,0,0,0,0,00:00,False,,0,0,2025021022,20252026,2026-03-10
home,52,WPG,8476945,C. Hellebuyck,37,28/31,3/3,0/0,31/34,0.9118,3,0,0,0,3,57:18,True,L,34,31,2025021022,20252026,2026-03-10
away,22,EDM,8477465,T. Jarry,35,7/8,4/4,0/0,11/12,0.9167,1,0,0,0,1,20:26,False,W,12,11,2025021023,20252026,2026-03-10
away,22,EDM,8478971,C. Ingram,39,12/13,3/4,1/1,16/18,0.8889,1,1,0,0,2,39:07,True,,18,16,2025021023,20252026,2026-03-10
home,21,COL,8478406,M. Blackwood,39,13/15,4/6,3/3,20/24,0.8333,2,2,0,0,4,57:50,True,L,24,20,2025021023,20252026,2026-03-10
home,21,COL,8475809,S. Wedgewood,41,0/0,0/0,0/0,0/0,,0,0,0,0,0,00:00,False,,0,0,2025021023,20252026,2026-03-10
away,18,NSH,8481020,J. Annunen,29,0/0,0/0,0/0,0/0,,0,0,0,0,0,00:00,False,,0,0,2025021024,20252026,2026-03-10
away,18,NSH,8477424,J. Saros,74,38/40,5/5,0/0,43/45,0.9556,2,0,0,0,2,59:44,True,W,45,43,2025021024,20252026,2026-03-10
home,55,SEA,8475831,P. Grubauer,31,0/0,0/0,0/0,0/0,,0,0,0,0,0,00:00,False,,0,0,2025021024,20252026,2026-03-10
home,55,SEA,8478916,J. Daccord,35,22/25,1/1,0/0,23/26,0.8846,3,0,0,0,3,58:11,True,L,26,23,2025021024,20252026,2026-03-10
away,8,MTL,8484170,J. Fowler,32,28/29,3/4,1/1,32/34,0.9412,1,1,0,0,2,60:00,True,W,34,32,2025021025,20252026,2026-03-11
away,8,MTL,8482487,J. Dobes,75,0/0,0/0,0/0,0/0,,0,0,0,0,0,00:00,False,,0,0,2025021025,20252026,2026-03-11
home,9,OTT,8476999,L. Ullmark,35,20/22,0/1,0/0,20/23,0.8696,2,1,0,0,3,57:38,True,L,23,20,2025021025,20252026,2026-03-11
home,9,OTT,8473503,J. Reimer,47,0/0,0/0,0/0,0/0,,0,0,0,0,0,00:00,False,,0,0,2025021025,20252026,2026-03-11
away,15,WSH,8480313,L. Thompson,48,16/19,2/2,0/0,18/21,0.8571,3,0,0,0,3,58:30,True,L,21,18,2025021026,20252026,2026-03-11
away,15,WSH,8479292,C. Lindgren,79,0/0,0/0,0/0,0/0,,0,0,0,0,0,00:00,False,,0,0,2025021026,20252026,2026-03-11
home,4,PHI,8481035,S. Ersson,33,20/20,2/3,0/0,22/23,0.9565,0,1,0,0,1,60:00,True,W,23,22,2025021026,20252026,2026-03-11
home,4,PHI,8478435,D. Vladar,80,0/0,0/0,0/0,0/0,,0,0,0,0,0,00:00,False,,0,0,2025021026,20252026,2026-03-11
away,28,SJS,8486095,K. Chauvette,1,0/0,0/0,0/0,0/0,,0,0,0,0,0,00:00,False,,0,0,2025021027,20252026,2026-03-12
away,28,SJS,8477968,A. Nedeljkovic,33,33/35,6/6,0/0,39/41,0.9512,2,0,0,0,2,60:00,True,W,41,39,2025021027,20252026,2026-03-12
home,6,BOS,8480280,J. Swayman,1,21/23,2/3,1/2,24/28,0.8571,2,1,1,0,4,56:46,True,L,28,24,2025021027,20252026,2026-03-12
home,6,BOS,8476914,J. Korpisalo,70,0/0,0/0,0/0,0/0,,0,0,0,0,0,00:00,False,,0,0,2025021027,20252026,2026-03-12
away,15,WSH,8480313,L. Thompson,48,0/0,0/0,0/0,0/0,,0,0,0,0,0,00:00,False,,0,0,2025021028,20252026,2026-03-12
away,15,WSH,8479292,C. Lindgren,79,24/25,5/5,0/0,29/30,0.9667,1,0,0,0,1,60:00,True,W,30,29,2025021028,20252026,2026-03-12
home,7,BUF,8480045,U. Luukkonen,1,16/18,4/4,0/0,20/22,0.9091,2,0,0,0,2,58:33,True,L,22,20,2025021028,20252026,2026-03-12
home,7,BUF,8481551,C. Ellis,92,0/0,0/0,0/0,0/0,,0,0,0,0,0,00:00,False,,0,0,2025021028,20252026,2026-03-12
away,24,ANA,8480843,L. Dostal,1,14/15,7/10,1/2,22/27,0.8148,1,3,1,0,5,57:12,True,L,27,22,2025021029,20252026,2026-03-12
away,24,ANA,8478024,V. Husso,33,0/0,0/0,0/0,0/0,,0,0,0,0,0,00:00,False,,0,0,2025021029,20252026,2026-03-12
home,10,TOR,8476932,A. Stolarz,41,0/0,0/0,0/0,0/0,,0,0,0,0,0,00:00,False,,0,0,2025021029,20252026,2026-03-12
home,10,TOR,8479361,J. Woll,60,28/32,7/7,1/1,36/40,0.9,4,0,0,0,4,59:27,True,W,40,36,2025021029,20252026,2026-03-12
away,17,DET,8476434,J. Gibson,36,23/25,2/3,0/0,25/28,0.8929,2,1,0,0,3,59:32,True,L,28,25,2025021030,20252026,2026-03-12
away,17,DET,8475660,C. Talbot,39,0/0,0/0,0/0,0/0,,0,0,0,0,0,00:00,False,,0,0,2025021030,20252026,2026-03-12
home,14,TBL,8477992,J. Johansson,31,0/0,0/0,0/0,0/0,,0,0,0,0,0,00:00,False,,0,0,2025021030,20252026,2026-03-12
home,14,TBL,8476883,A. Vasilevskiy,88,24/25,0/0,0/0,24/25,0.96,1,0,0,0,1,60:00,True,W,25,24,2025021030,20252026,2026-03-12
away,29,CBJ,8482982,J. Greaves,73,0/0,0/0,0/0,0/0,,0,0,0,0,0,00:00,False,,0,0,2025021031,20252026,2026-03-12
away,29,CBJ,8478007,E. Merzlikins,90,15/15,4/6,0/0,19/21,0.9048,0,2,0,0,2,62:20,True,O,21,19,2025021031,20252026,2026-03-12
home,13,FLA,8480193,D. Tarasov,40,0/0,0/0,0/0,0/0,,0,0,0,0,0,00:00,False,,0,0,2025021031,20252026,2026-03-12
home,13,FLA,8475683,S. Bobrovsky,72,27/28,3/3,0/0,30/31,0.9677,1,0,0,0,1,62:20,True,W,31,30,2025021031,20252026,2026-03-12
away,20,CGY,8482445,D. Cooley,1,0/0,0/0,0/0,0/0,,0,0,0,0,0,00:00,False,,0,0,2025021032,20252026,2026-03-12
away,20,CGY,8481692,D. Wolf,32,22/24,6/8,0/0,28/32,0.875,2,2,0,0,4,60:00,True,W,32,28,2025021032,20252026,2026-03-12
home,1,NJD,8474593,J. Markstrom,25,20/24,0/0,4/5,24/29,0.8276,4,0,1,0,5,55:55,True,L,29,24,2025021032,20252026,2026-03-12
home,1,NJD,8474596,J. Allen,34,0/0,0/0,0/0,0/0,,0,0,0,0,0,00:00,False,,0,0,2025021032,20252026,2026-03-12
away,19,STL,8480981,J. Hofer,30,0/0,0/0,0/0,0/0,,0,0,0,0,0,00:00,False,,0,0,2025021033,20252026,2026-03-12
away,19,STL,8476412,J. Binnington,50,29/30,1/1,1/1,31/32,0.9688,1,0,0,0,1,59:40,True,W,32,31,2025021033,20252026,2026-03-12
home,12,CAR,8475883,F. Andersen,31,0/0,0/0,0/0,0/0,,0,0,0,0,0,00:00,False,,0,0,2025021033,20252026,2026-03-12
home,12,CAR,8483548,B. Bussi,32,14/16,0/0,0/0,14/16,0.875,2,0,0,0,2,57:57,True,L,16,14,2025021033,20252026,2026-03-12
away,22,EDM,8477465,T. Jarry,35,18/23,1/3,1/1,20/27,0.7407,5,2,0,0,7,60:00,True,L,27,20,2025021034,20252026,2026-03-12
away,22,EDM,8478971,C. Ingram,39,0/0,0/0,0/0,0/0,,0,0,0,0,0,00:00,False,,0,0,2025021034,20252026,2026-03-12
home,25,DAL,8479193,C. DeSmith,1,0/0,0/0,0/0,0/0,,0,0,0,0,0,00:00,False,,0,0,2025021034,20252026,2026-03-12
home,25,DAL,8479979,J. Oettinger,29,20/22,8/8,2/2,30/32,0.9375,2,0,0,0,2,60:00,True,W,32,30,2025021034,20252026,2026-03-12
away,4,PHI,8481035,S. Ersson,33,0/0,0/0,0/0,0/0,,0,0,0,0,0,00:00,False,,0,0,2025021035,20252026,2026-03-12
away,4,PHI,8478435,D. Vladar,80,16/17,4/5,1/1,21/23,0.913,1,1,0,0,2,64:33,True,W,23,21,2025021035,20252026,2026-03-12
home,30,MIN,8482661,J. Wallstedt,30,20/21,5/5,0/1,25/27,0.9259,1,0,1,0,2,64:52,True,O,27,25,2025021035,20252026,2026-03-12
home,30,MIN,8479406,F. Gustavsson,32,0/0,0/0,0/0,0/0,,0,0,0,0,0,00:00,False,,0,0,2025021035,20252026,2026-03-12
away,3,NYR,8478048,I. Shesterkin,31,20/23,2/2,1/1,23/26,0.8846,3,0,0,0,3,60:00,True,W,26,23,2025021036,20252026,2026-03-12
away,3,NYR,8471734,J. Quick,32,0/0,0/0,0/0,0/0,,0,0,0,0,0,00:00,False,,0,0,2025021036,20252026,2026-03-12
home,52,WPG,8477480,E. Comrie,1,0/0,0/0,0/0,0/0,,0,0,0,0,0,00:00,False,,0,0,2025021036,20252026,2026-03-12
home,52,WPG,8476945,C. Hellebuyck,37,11/15,0/1,0/0,11/16,0.6875,4,1,0,0,5,58:34,True,L,16,11,2025021036,20252026,2026-03-12
away,16,CHI,8481519,S. Knight,30,28/30,1/1,0/0,29/31,0.9355,2,0,0,0,2,63:57,True,W,31,29,2025021037,20252026,2026-03-12
away,16,CHI,8482821,A. Soderblom,40,0/0,0/0,0/0,0/0,,0,0,0,0,0,00:00,False,,0,0,2025021037,20252026,2026-03-12
home,68,UTA,8477970,V. Vanecek,41,0/0,0/0,0/0,0/0,,0,0,0,0,0,00:00,False,,0,0,2025021037,20252026,2026-03-12
home,68,UTA,8478872,K. Vejmelka,70,19/21,0/1,1/1,20/23,0.8696,2,1,0,0,3,63:57,True,O,23,20,2025021037,20252026,2026-03-12
away,18,NSH,8481020,J. Annunen,29,0/0,0/0,0/0,0/0,,0,0,0,0,0,00:00,False,,0,0,2025021038,20252026,2026-03-12
away,18,NSH,8477424,J. Saros,74,23/26,0/0,1/1,24/27,0.8889,3,0,0,0,3,65:00,True,O,27,24,2025021038,20252026,2026-03-12
home,23,VAN,8480947,K. Lankinen,32,0/0,0/0,0/0,0/0,,0,0,0,0,0,00:00,False,,0,0,2025021038,20252026,2026-03-12
home,23,VAN,8484268,N. Tolopilo,60,15/18,1/1,0/0,16/19,0.8421,3,0,0,0,3,63:53,True,W,19,16,2025021038,20252026,2026-03-12
away,5,PIT,8481668,A. Silovs,37,10/15,1/1,0/0,11/16,0.6875,5,0,0,0,5,53:02,True,L,16,11,2025021039,20252026,2026-03-12
away,5,PIT,8479973,S. Skinner,74,0/0,0/0,0/0,0/0,,0,0,0,0,0,00:00,False,,0,0,2025021039,20252026,2026-03-12
home,54,VGK,8478499,A. Hill,33,20/22,4/4,0/0,24/26,0.9231,2,0,0,0,2,60:00,True,W,26,24,2025021039,20252026,2026-03-12
home,54,VGK,8481033,A. Schmid,40,0/0,0/0,0/0,0/0,,0,0,0,0,0,00:00,False,,0,0,2025021039,20252026,2026-03-12
away,21,COL,8478406,M. Blackwood,39,0/0,0/0,0/0,0/0,,0,0,0,0,0,00:00,False,,0,0,2025021040,20252026,2026-03-12
away,21,COL,8475809,S. Wedgewood,41,22/22,4/4,2/3,28/29,0.9655,0,0,1,0,1,60:00,True,W,29,28,2025021040,20252026,2026-03-12
home,55,SEA,8475831,P. Grubauer,31,8/10,1/1,0/0,9/11,0.8182,2,0,0,0,2,39:43,False,,11,9,2025021040,20252026,2026-03-12
home,55,SEA,8478916,J. Daccord,35,9/11,3/4,0/0,12/15,0.8,2,1,0,0,3,20:00,True,L,15,12,2025021040,20252026,2026-03-12
away,26,LAK,8476341,A. Forsberg,31,0/0,0/0,0/0,0/0,,0,0,0,0,0,00:00,False,,0,0,2025021041,20252026,2026-03-13
away,26,LAK,8475311,D. Kuemper,35,19/21,2/2,0/0,21/23,0.913,2,0,0,0,2,59:35,True,W,23,21,2025021041,20252026,2026-03-13
home,2,NYI,8478009,I. Sorokin,30,16/19,8/8,0/0,24/27,0.8889,3,0,0,0,3,57:36,True,L,27,24,2025021041,20252026,2026-03-13
home,2,NYI,8479496,D. Rittich,33,0/0,0/0,0/0,0/0,,0,0,0,0,0,00:00,False,,0,0,2025021041,20252026,2026-03-13
away,22,EDM,8477465,T. Jarry,35,0/0,0/0,0/0,0/0,,0,0,0,0,0,00:00,False,,0,0,2025021042,20252026,2026-03-13
away,22,EDM,8478971,C. Ingram,39,19/22,1/1,2/2,22/25,0.88,3,0,0,0,3,64:51,True,O,25,22,2025021042,20252026,2026-03-13
home,19,STL,8480981,J. Hofer,30,32/34,4/4,0/0,36/38,0.9474,2,0,0,0,2,64:51,True,W,38,36,2025021042,20252026,2026-03-13
home,19,STL,8476412,J. Binnington,50,0/0,0/0,0/0,0/0,,0,0,0,0,0,00:00,False,,0,0,2025021042,20252026,2026-03-13
away,24,ANA,8480843,L. Dostal,1,0/0,0/0,0/0,0/0,,0,0,0,0,0,00:00,False,,0,0,2025021043,20252026,2026-03-14
away,24,ANA,8478024,V. Husso,33,20/21,4/4,2/3,26/28,0.9286,1,0,1,0,2,57:29,True,L,28,26,2025021043,20252026,2026-03-14
home,9,OTT,8476999,L. Ullmark,35,16/16,6/6,2/2,24/24,1.0,0,0,0,0,0,60:00,True,W,24,24,2025021043,20252026,2026-03-14
home,9,OTT,8473503,J. Reimer,47,0/0,0/0,0/0,0/0,,0,0,0,0,0,00:00,False,,0,0,2025021043,20252026,2026-03-14
away,6,BOS,8480280,J. Swayman,1,18/20,6/6,2/2,26/28,0.9286,2,0,0,0,2,65:00,True,W,28,26,2025021044,20252026,2026-03-14
away,6,BOS,8476914,J. Korpisalo,70,0/0,0/0,0/0,0/0,,0,0,0,0,0,00:00,False,,0,0,2025021044,20252026,2026-03-14
home,15,WSH,8480313,L. Thompson,48,24/26,8/8,0/0,32/34,0.9412,2,0,0,0,2,65:00,True,O,34,32,2025021044,20252026,2026-03-14
home,15,WSH,8479292,C. Lindgren,79,0/0,0/0,0/0,0/0,,0,0,0,0,0,00:00,False,,0,0,2025021044,20252026,2026-03-14
away,21,COL,8478406,M. Blackwood,39,14/16,0/0,2/2,16/18,0.8889,2,0,0,0,2,56:41,True,L,18,16,2025021045,20252026,2026-03-14
away,21,COL,8475809,S. Wedgewood,41,0/0,0/0,0/0,0/0,,0,0,0,0,0,00:00,False,,0,0,2025021045,20252026,2026-03-14
home,52,WPG,8477480,E. Comrie,1,0/0,0/0,0/0,0/0,,0,0,0,0,0,00:00,False,,0,0,2025021045,20252026,2026-03-14
home,52,WPG,8476945,C. Hellebuyck,37,26/27,2/2,0/0,28/29,0.9655,1,0,0,0,1,59:41,True,W,29,28,2025021045,20252026,2026-03-14
away,3,NYR,8478048,I. Shesterkin,31,32/33,12/13,2/2,46/48,0.9583,1,1,0,0,2,60:00,True,W,48,46,2025021046,20252026,2026-03-14
away,3,NYR,8471734,J. Quick,32,0/0,0/0,0/0,0/0,,0,0,0,0,0,00:00,False,,0,0,2025021046,20252026,2026-03-14
home,30,MIN,8482661,J. Wallstedt,30,0/0,0/0,0/0,0/0,,0,0,0,0,0,00:00,False,,0,0,2025021046,20252026,2026-03-14
home,30,MIN,8479406,F. Gustavsson,32,10/13,3/4,1/1,14/18,0.7778,3,1,0,0,4,57:19,True,L,18,14,2025021046,20252026,2026-03-14
away,10,TOR,8476932,A. Stolarz,41,0/0,0/0,0/0,0/0,,0,0,0,0,0,00:00,False,,0,0,2025021047,20252026,2026-03-14
away,10,TOR,8479361,J. Woll,60,25/26,5/6,1/1,31/33,0.9394,1,1,0,0,2,65:00,True,O,33,31,2025021047,20252026,2026-03-14
home,7,BUF,8480045,U. Luukkonen,1,0/0,0/0,0/0,0/0,,0,0,0,0,0,00:00,False,,0,0,2025021047,20252026,2026-03-14
home,7,BUF,8479312,A. Lyon,34,15/17,0/0,1/1,16/18,0.8889,2,0,0,0,2,65:00,True,W,18,16,2025021047,20252026,2026-03-14
away,28,SJS,8477968,A. Nedeljkovic,33,21/23,4/4,0/0,25/27,0.9259,2,0,0,0,2,60:00,True,W,27,25,2025021048,20252026,2026-03-14
away,28,SJS,8476316,L. Brossoit,93,0/0,0/0,0/0,0/0,,0,0,0,0,0,00:00,False,,0,0,2025021048,20252026,2026-03-14
home,8,MTL,8484170,J. Fowler,32,0/0,0/0,0/0,0/0,,0,0,0,0,0,00:00,False,,0,0,2025021048,20252026,2026-03-14
home,8,MTL,8482487,J. Dobes,75,17/20,0/0,1/1,18/21,0.8571,3,0,0,0,3,57:29,True,L,21,18,2025021048,20252026,2026-03-14
away,12,CAR,8475883,F. Andersen,31,14/16,3/3,0/0,17/19,0.8947,2,0,0,0,2,59:34,True,W,19,17,2025021049,20252026,2026-03-14
away,12,CAR,8483548,B. Bussi,32,0/0,0/0,0/0,0/0,,0,0,0,0,0,00:00,False,,0,0,2025021049,20252026,2026-03-14
home,14,TBL,8477992,J. Johansson,31,0/0,0/0,0/0,0/0,,0,0,0,0,0,00:00,False,,0,0,2025021049,20252026,2026-03-14
home,14,TBL,8476883,A. Vasilevskiy,88,29/32,2/2,0/0,31/34,0.9118,3,0,0,0,3,58:48,True,L,34,31,2025021049,20252026,2026-03-14
away,26,LAK,8476341,A. Forsberg,31,19/22,3/5,0/0,22/27,0.8148,3,2,0,0,5,57:46,True,L,27,22,2025021050,20252026,2026-03-14
away,26,LAK,8475311,D. Kuemper,35,0/0,0/0,0/0,0/0,,0,0,0,0,0,00:00,False,,0,0,2025021050,20252026,2026-03-14
home,1,NJD,8474593,J. Markstrom,25,0/0,0/0,0/0,0/0,,0,0,0,0,0,00:00,False,,0,0,2025021050,20252026,2026-03-14
home,1,NJD,8474596,J. Allen,34,25/27,2/4,0/0,27/31,0.871,2,2,0,0,4,60:00,True,W,31,27,2025021050,20252026,2026-03-14
away,20,CGY,8482445,D. Cooley,1,4/6,0/0,3/4,7/10,0.7,2,0,1,0,3,18:43,True,L,10,7,2025021051,20252026,2026-03-14
away,20,CGY,8481692,D. Wolf,32,17/17,0/0,0/0,17/17,1.0,0,0,0,0,0,38:29,False,,17,17,2025021051,20252026,2026-03-14
home,2,NYI,8478009,I. Sorokin,30,0/0,0/0,0/0,0/0,,0,0,0,0,0,00:00,False,,0,0,2025021051,20252026,2026-03-14
home,2,NYI,8479496,D. Rittich,33,26/28,4/4,0/0,30/32,0.9375,2,0,0,0,2,59:45,True,W,32,30,2025021051,20252026,2026-03-14
away,29,CBJ,8482982,J. Greaves,73,12/13,5/5,1/1,18/19,0.9474,1,0,0,0,1,64:51,True,W,19,18,2025021052,20252026,2026-03-14
away,29,CBJ,8478007,E. Merzlikins,90,0/0,0/0,0/0,0/0,,0,0,0,0,0,00:00,False,,0,0,2025021052,20252026,2026-03-14
home,4,PHI,8481035,S. Ersson,33,0/0,0/0,0/0,0/0,,0,0,0,0,0,00:00,False,,0,0,2025021052,20252026,2026-03-14
home,4,PHI,8478435,D. Vladar,80,26/27,1/1,0/0,27/28,0.9643,1,0,0,0,1,65:00,True,O,28,27,2025021052,20252026,2026-03-14
away,17,DET,8476434,J. Gibson,36,16/18,5/6,0/0,21/24,0.875,2,1,0,0,3,62:06,True,O,24,21,2025021053,20252026,2026-03-14
away,17,DET,8475660,C. Talbot,39,0/0,0/0,0/0,0/0,,0,0,0,0,0,00:00,False,,0,0,2025021053,20252026,2026-03-14
home,25,DAL,8479193,C. DeSmith,1,0/0,0/0,0/0,0/0,,0,0,0,0,0,00:00,False,,0,0,2025021053,20252026,2026-03-14
home,25,DAL,8479979,J. Oettinger,29,16/18,6/6,0/0,22/24,0.9167,2,0,0,0,2,61:52,True,W,24,22,2025021053,20252026,2026-03-14
away,5,PIT,8481668,A. Silovs,37,0/0,0/0,0/0,0/0,,0,0,0,0,0,00:00,False,,0,0,2025021054,20252026,2026-03-14
away,5,PIT,8479973,S. Skinner,74,25/27,1/2,0/0,26/29,0.8966,2,1,0,0,3,60:00,True,W,29,26,2025021054,20252026,2026-03-14
home,68,UTA,8477970,V. Vanecek,41,0/0,0/0,0/0,0/0,,0,0,0,0,0,00:00,False,,0,0,2025021054,20252026,2026-03-14
home,68,UTA,8478872,K. Vejmelka,70,15/17,4/6,0/0,19/23,0.8261,2,2,0,0,4,57:30,True,L,23,19,2025021054,20252026,2026-03-14
away,55,SEA,8475831,P. Grubauer,31,30/32,2/2,0/0,32/34,0.9412,2,0,0,0,2,59:30,True,W,34,32,2025021055,20252026,2026-03-14
away,55,SEA,8478916,J. Daccord,35,0/0,0/0,0/0,0/0,,0,0,0,0,0,00:00,False,,0,0,2025021055,20252026,2026-03-14
home,23,VAN,8480947,K. Lankinen,32,0/0,0/0,0/0,0/0,,0,0,0,0,0,00:00,False,,0,0,2025021055,20252026,2026-03-14
home,23,VAN,8484268,N. Tolopilo,60,23/27,4/5,1/1,28/33,0.8485,4,1,0,2,5,60:00,True,L,33,28,2025021055,20252026,2026-03-14
away,16,CHI,8481519,S. Knight,30,22/24,6/8,0/0,28/32,0.875,2,2,0,0,4,59:56,True,L,32,28,2025021056,20252026,2026-03-14
away,16,CHI,8482821,A. Soderblom,40,0/0,0/0,0/0,0/0,,0,0,0,0,0,00:00,False,,0,0,2025021056,20252026,2026-03-14
home,54,VGK,8478499,A. Hill,33,18/18,2/2,1/1,21/21,1.0,0,0,0,0,0,60:00,True,W,21,21,2025021056,20252026,2026-03-14
home,54,VGK,8481033,A. Schmid,40,0/0,0/0,0/0,0/0,,0,0,0,0,0,00:00,False,,0,0,2025021056,20252026,2026-03-14
away,19,STL,8480981,J. Hofer,30,0/0,0/0,0/0,0/0,,0,0,0,0,0,00:00,False,,0,0,2025021057,20252026,2026-03-15
away,19,STL,8476412,J. Binnington,50,8/11,4/4,1/1,13/16,0.8125,3,0,0,0,3,56:13,True,L,16,13,2025021057,20252026,2026-03-15
home,52,WPG,8477480,E. Comrie,1,28/30,1/1,0/0,29/31,0.9355,2,0,0,0,2,59:52,True,W,31,29,2025021057,20252026,2026-03-15
home,52,WPG,8476945,C. Hellebuyck,37,0/0,0/0,0/0,0/0,,0,0,0,0,0,00:00,False,,0,0,2025021057,20252026,2026-03-15
away,28,SJS,8477968,A. Nedeljkovic,33,0/0,0/0,0/0,0/0,,0,0,0,0,0,00:00,False,,0,0,2025021058,20252026,2026-03-15
away,28,SJS,8476316,L. Brossoit,93,16/20,1/2,1/1,18/23,0.7826,4,2,0,0,6,59:09,True,L,23,18,2025021058,20252026,2026-03-15
home,9,OTT,8476999,L. Ullmark,35,18/22,1/1,0/0,19/23,0.8261,4,0,0,0,4,60:00,True,W,23,19,2025021058,20252026,2026-03-15
home,9,OTT,8473503,J. Reimer,47,0/0,0/0,0/0,0/0,,0,0,0,0,0,00:00,False,,0,0,2025021058,20252026,2026-03-15
away,24,ANA,8480843,L. Dostal,1,22/25,5/5,0/0,27/30,0.9,3,0,0,0,3,60:00,True,W,30,27,2025021059,20252026,2026-03-15
away,24,ANA,8478024,V. Husso,33,0/0,0/0,0/0,0/0,,0,0,0,0,0,00:00,False,,0,0,2025021059,20252026,2026-03-15
home,8,MTL,8484170,J. Fowler,32,23/27,1/1,0/0,24/28,0.8571,4,0,0,0,4,58:09,True,L,28,24,2025021059,20252026,2026-03-15
home,8,MTL,8482487,J. Dobes,75,0/0,0/0,0/0,0/0,,0,0,0,0,0,00:00,False,,0,0,2025021059,20252026,2026-03-15
away,10,TOR,8476932,A. Stolarz,41,31/33,4/4,1/1,36/38,0.9474,2,0,0,0,2,58:05,True,W,38,36,2025021060,20252026,2026-03-15
away,10,TOR,8479361,J. Woll,60,0/0,0/0,0/0,0/0,,0,0,0,0,0,00:00,False,,0,0,2025021060,20252026,2026-03-15
home,30,MIN,8482661,J. Wallstedt,30,19/22,3/3,0/0,22/25,0.88,3,0,0,0,3,58:26,True,L,25,22,2025021060,20252026,2026-03-15
home,30,MIN,8479406,F. Gustavsson,32,0/0,0/0,0/0,0/0,,0,0,0,0,0,00:00,False,,0,0,2025021060,20252026,2026-03-15
away,18,NSH,8481020,J. Annunen,29,19/20,6/7,2/2,27/29,0.931,1,1,0,0,2,58:08,True,L,29,27,2025021061,20252026,2026-03-15
away,18,NSH,8477424,J. Saros,74,0/0,0/0,0/0,0/0,,0,0,0,0,0,00:00,False,,0,0,2025021061,20252026,2026-03-15
home,22,EDM,8477465,T. Jarry,35,0/0,0/0,0/0,0/0,,0,0,0,0,0,00:00,False,,0,0,2025021061,20252026,2026-03-15
home,22,EDM,8478971,C. Ingram,39,18/19,7/7,1/1,26/27,0.963,1,0,0,0,1,59:45,True,W,27,26,2025021061,20252026,2026-03-15
away,13,FLA,8480193,D. Tarasov,40,13/18,4/5,2/2,19/25,0.76,5,1,0,0,6,59:54,True,L,25,19,2025021062,20252026,2026-03-15
away,13,FLA,8475683,S. Bobrovsky,72,0/0,0/0,0/0,0/0,,0,0,0,0,0,00:00,False,,0,0,2025021062,20252026,2026-03-15
home,55,SEA,8475831,P. Grubauer,31,0/0,0/0,0/0,0/0,,0,0,0,0,0,00:00,False,,0,0,2025021062,20252026,2026-03-15
home,55,SEA,8478916,J. Daccord,35,17/19,5/5,1/1,23/25,0.92,2,0,0,0,2,60:00,True,W,25,23,2025021062,20252026,2026-03-15
away,20,CGY,8482445,D. Cooley,1,0/0,0/0,0/0,0/0,,0,0,0,0,0,00:00,False,,0,0,2025021063,20252026,2026-03-16
away,20,CGY,8481692,D. Wolf,32,12/15,6/7,2/2,20/24,0.8333,3,1,0,0,4,57:55,True,L,24,20,2025021063,20252026,2026-03-16
home,17,DET,8476434,J. Gibson,36,20/22,3/3,2/2,25/27,0.9259,2,0,0,0,2,59:49,True,W,27,25,2025021063,20252026,2026-03-16
home,17,DET,8475660,C. Talbot,39,0/0,0/0,0/0,0/0,,0,0,0,0,0,00:00,False,,0,0,2025021063,20252026,2026-03-16
away,6,BOS,8480280,J. Swayman,1,0/0,0/0,0/0,0/0,,0,0,0,0,0,00:00,False,,0,0,2025021064,20252026,2026-03-16
away,6,BOS,8476914,J. Korpisalo,70,29/33,1/1,0/0,30/34,0.8824,4,0,0,0,4,64:14,True,O,34,30,2025021064,20252026,2026-03-16
home,1,NJD,8474593,J. Markstrom,25,16/19,2/2,1/1,19/22,0.8636,3,0,0,0,3,64:53,True,W,22,19,2025021064,20252026,2026-03-16
home,1,NJD,8474596,J. Allen,34,0/0,0/0,0/0,0/0,,0,0,0,0,0,00:00,False,,0,0,2025021064,20252026,2026-03-16
away,26,LAK,8476341,A. Forsberg,31,0/0,0/0,0/0,0/0,,0,0,0,0,0,00:00,False,,0,0,2025021065,20252026,2026-03-16
away,26,LAK,8475311,D. Kuemper,35,19/19,2/3,0/0,21/22,0.9545,0,1,0,0,1,60:00,True,W,22,21,2025021065,20252026,2026-03-16
home,3,NYR,8478048,I. Shesterkin,31,18/20,4/5,0/0,22/25,0.88,2,1,0,0,3,58:57,True,L,25,22,2025021065,20252026,2026-03-16
home,3,NYR,8471734,J. Quick,32,0/0,0/0,0/0,0/0,,0,0,0,0,0,00:00,False,,0,0,2025021065,20252026,2026-03-16
away,68,UTA,8477970,V. Vanecek,41,20/23,4/4,3/3,27/30,0.9,3,0,0,0,3,59:32,True,W,30,27,2025021066,20252026,2026-03-16
away,68,UTA,8478872,K. Vejmelka,70,0/0,0/0,0/0,0/0,,0,0,0,0,0,00:00,False,,0,0,2025021066,20252026,2026-03-16
home,25,DAL,8479193,C. DeSmith,1,15/18,1/2,0/1,16/21,0.7619,3,1,1,0,5,58:40,True,L,21,16,2025021066,20252026,2026-03-16
home,25,DAL,8479979,J. Oettinger,29,0/0,0/0,0/0,0/0,,0,0,0,0,0,00:00,False,,0,0,2025021066,20252026,2026-03-16
away,5,PIT,8481668,A. Silovs,37,19/21,6/6,0/0,25/27,0.9259,2,0,0,2,2,60:00,True,W,27,25,2025021067,20252026,2026-03-16
away,5,PIT,8479973,S. Skinner,74,0/0,0/0,0/0,0/0,,0,0,0,0,0,00:00,False,,0,0,2025021067,20252026,2026-03-16
home,21,COL,8478406,M. Blackwood,39,8/11,3/4,0/0,11/15,0.7333,3,1,0,0,4,47:00,False,,15,11,2025021067,20252026,2026-03-16
home,21,COL,8475809,S. Wedgewood,41,1/4,1/1,0/0,2/5,0.4,3,0,0,0,3,13:00,True,L,5,2,2025021067,20252026,2026-03-16
away,2,NYI,8478009,I. Sorokin,30,23/24,1/1,2/2,26/27,0.963,1,0,0,0,1,60:00,True,W,27,26,2025021068,20252026,2026-03-17
away,2,NYI,8479496,D. Rittich,33,0/0,0/0,0/0,0/0,,0,0,0,0,0,00:00,False,,0,0,2025021068,20252026,2026-03-17
home,10,TOR,8476932,A. Stolarz,41,0/0,0/0,0/0,0/0,,0,0,0,0,0,00:00,False,,0,0,2025021068,20252026,2026-03-17
home,10,TOR,8479361,J. Woll,60,23/24,5/7,3/3,31/34,0.9118,1,2,0,0,3,58:33,True,L,34,31,2025021068,20252026,2026-03-17
away,6,BOS,8480280,J. Swayman,1,25/28,1/1,2/2,28/31,0.9032,3,0,0,0,3,64:38,True,O,31,28,2025021069,20252026,2026-03-17
away,6,BOS,8476914,J. Korpisalo,70,0/0,0/0,0/0,0/0,,0,0,0,0,0,00:00,False,,0,0,2025021069,20252026,2026-03-17
home,8,MTL,8484170,J. Fowler,32,0/0,0/0,0/0,0/0,,0,0,0,0,0,00:00,False,,0,0,2025021069,20252026,2026-03-17
home,8,MTL,8482487,J. Dobes,75,19/20,6/7,1/1,26/28,0.9286,1,1,0,0,2,64:22,True,W,28,26,2025021069,20252026,2026-03-17
away,12,CAR,8475883,F. Andersen,31,0/0,0/0,0/0,0/0,,0,0,0,0,0,00:00,False,,0,0,2025021070,20252026,2026-03-17
away,12,CAR,8483548,B. Bussi,32,23/26,2/4,0/0,25/30,0.8333,3,2,0,0,5,59:57,True,L,30,25,2025021070,20252026,2026-03-17
home,29,CBJ,8482982,J. Greaves,73,23/24,3/3,2/2,28/29,0.9655,1,0,0,0,1,60:00,True,W,29,28,2025021070,20252026,2026-03-17
home,29,CBJ,8478007,E. Merzlikins,90,0/0,0/0,0/0,0/0,,0,0,0,0,0,00:00,False,,0,0,2025021070,20252026,2026-03-17
away,18,NSH,8481020,J. Annunen,29,0/0,0/0,0/0,0/0,,0,0,0,0,0,00:00,False,,0,0,2025021071,20252026,2026-03-17
away,18,NSH,8477424,J. Saros,74,31/33,5/6,0/0,36/39,0.9231,2,1,0,0,3,65:00,True,W,39,36,2025021071,20252026,2026-03-17
home,52,WPG,8477480,E. Comrie,1,0/0,0/0,0/0,0/0,,0,0,0,0,0,00:00,False,,0,0,2025021071,20252026,2026-03-17
home,52,WPG,8476945,C. Hellebuyck,37,18/20,2/3,0/0,20/23,0.8696,2,1,0,0,3,63:09,True,O,23,20,2025021071,20252026,2026-03-17
away,30,MIN,8482661,J. Wallstedt,30,2/2,0/0,0/0,2/2,1.0,0,0,0,0,0,03:27,False,,2,2,2025021072,20252026,2026-03-17
away,30,MIN,8479406,F. Gustavsson,32,18/21,3/3,0/0,21/24,0.875,3,0,0,0,3,59:32,True,W,24,21,2025021072,20252026,2026-03-17
home,16,CHI,8481519,S. Knight,30,30/33,3/4,0/0,33/37,0.8919,3,1,0,0,4,63:09,True,O,37,33,2025021072,20252026,2026-03-17
home,16,CHI,8482821,A. Soderblom,40,0/0,0/0,0/0,0/0,,0,0,0,0,0,00:00,False,,0,0,2025021072,20252026,2026-03-17
away,28,SJS,8477968,A. Nedeljkovic,33,23/27,8/9,1/1,32/37,0.8649,4,1,0,0,5,58:25,True,L,37,32,2025021073,20252026,2026-03-17
away,28,SJS,8476316,L. Brossoit,93,0/0,0/0,0/0,0/0,,0,0,0,0,0,00:00,False,,0,0,2025021073,20252026,2026-03-17
home,22,EDM,8477465,T. Jarry,35,0/0,0/0,0/0,0/0,,0,0,0,0,0,00:00,False,,0,0,2025021073,20252026,2026-03-17
home,22,EDM,8478971,C. Ingram,39,24/27,1/1,2/2,27/30,0.9,3,0,0,0,3,60:00,True,W,30,27,2025021073,20252026,2026-03-17
away,13,FLA,8480193,D. Tarasov,40,0/0,0/0,0/0,0/0,,0,0,0,0,0,00:00,False,,0,0,2025021074,20252026,2026-03-17
away,13,FLA,8475683,S. Bobrovsky,72,14/17,2/4,1/1,17/22,0.7727,3,2,0,0,5,60:00,True,L,22,17,2025021074,20252026,2026-03-17
home,23,VAN,8480947,K. Lankinen,32,20/22,1/1,0/0,21/23,0.913,2,0,0,0,2,60:00,True,W,23,21,2025021074,20252026,2026-03-17
home,23,VAN,8484268,N. Tolopilo,60,0/0,0/0,0/0,0/0,,0,0,0,0,0,00:00,False,,0,0,2025021074,20252026,2026-03-17
away,7,BUF,8480045,U. Luukkonen,1,24/24,5/5,0/0,29/29,1.0,0,0,0,0,0,60:00,True,W,29,29,2025021075,20252026,2026-03-17
away,7,BUF,8481551,C. Ellis,92,0/0,0/0,0/0,0/0,,0,0,0,0,0,00:00,False,,0,0,2025021075,20252026,2026-03-17
home,54,VGK,8478499,A. Hill,33,19/20,4/4,0/0,23/24,0.9583,1,0,0,0,1,59:29,True,L,24,23,2025021075,20252026,2026-03-17
home,54,VGK,8481033,A. Schmid,40,0/0,0/0,0/0,0/0,,0,0,0,0,0,00:00,False,,0,0,2025021075,20252026,2026-03-17
away,14,TBL,8477992,J. Johansson,31,0/0,0/0,0/0,0/0,,0,0,0,0,0,00:00,False,,0,0,2025021076,20252026,2026-03-17
away,14,TBL,8476883,A. Vasilevskiy,88,10/12,5/5,1/1,16/18,0.8889,2,0,0,0,2,59:03,True,W,18,16,2025021076,20252026,2026-03-17
home,55,SEA,8475831,P. Grubauer,31,16/20,3/4,1/1,20/25,0.8,4,1,0,0,5,59:23,True,L,25,20,2025021076,20252026,2026-03-17
home,55,SEA,8478916,J. Daccord,35,0/0,0/0,0/0,0/0,,0,0,0,0,0,00:00,False,,0,0,2025021076,20252026,2026-03-17
away,1,NJD,8474593,J. Markstrom,25,12/15,3/3,0/0,15/18,0.8333,3,0,0,0,3,59:28,True,W,18,15,2025021077,20252026,2026-03-18
away,1,NJD,8474596,J. Allen,34,0/0,0/0,0/0,0/0,,0,0,0,0,0,00:00,False,,0,0,2025021077,20252026,2026-03-18
home,3,NYR,8478048,I. Shesterkin,31,0/0,0/0,0/0,0/0,,0,0,0,0,0,00:00,False,,0,0,2025021077,20252026,2026-03-18
home,3,NYR,8471734,J. Quick,32,29/33,4/6,0/0,33/39,0.8462,4,2,0,0,6,60:00,True,L,39,33,2025021077,20252026,2026-03-18
away,5,PIT,8481668,A. Silovs,37,0/0,0/0,0/0,0/0,,0,0,0,0,0,00:00,False,,0,0,2025021078,20252026,2026-03-18
away,5,PIT,8479973,S. Skinner,74,34/38,1/2,3/4,38/44,0.8636,4,1,1,0,6,64:31,True,O,44,38,2025021078,20252026,2026-03-18
home,12,CAR,8475883,F. Andersen,31,26/30,4/5,0/0,30/35,0.8571,4,1,0,0,5,64:31,True,W,35,30,2025021078,20252026,2026-03-18
home,12,CAR,8483548,B. Bussi,32,0/0,0/0,0/0,0/0,,0,0,0,0,0,00:00,False,,0,0,2025021078,20252026,2026-03-18
away,9,OTT,8476999,L. Ullmark,35,17/19,3/3,1/1,21/23,0.913,2,0,0,0,2,57:42,True,L,23,21,2025021079,20252026,2026-03-18
away,9,OTT,8473503,J. Reimer,47,0/0,0/0,0/0,0/0,,0,0,0,0,0,00:00,False,,0,0,2025021079,20252026,2026-03-18
home,15,WSH,8480313,L. Thompson,48,26/27,8/8,0/0,34/35,0.9714,1,0,0,0,1,60:00,True,W,35,34,2025021079,20252026,2026-03-18
home,15,WSH,8479292,C. Lindgren,79,0/0,0/0,0/0,0/0,,0,0,0,0,0,00:00,False,,0,0,2025021079,20252026,2026-03-18
away,25,DAL,8479193,C. DeSmith,1,0/0,0/0,0/0,0/0,,0,0,0,0,0,00:00,False,,0,0,2025021080,20252026,2026-03-18
away,25,DAL,8479979,J. Oettinger,29,30/30,3/4,0/0,33/34,0.9706,0,1,0,0,1,64:55,True,W,34,33,2025021080,20252026,2026-03-18
home,21,COL,8478406,M. Blackwood,39,0/0,0/0,0/0,0/0,,0,0,0,0,0,00:00,False,,0,0,2025021080,20252026,2026-03-18
home,21,COL,8475809,S. Wedgewood,41,16/17,1/1,0/0,17/18,0.9444,1,0,0,0,1,65:00,True,O,18,17,2025021080,20252026,2026-03-18
away,19,STL,8480981,J. Hofer,30,22/23,8/8,0/0,30/31,0.9677,1,0,0,0,1,65:00,True,O,31,30,2025021081,20252026,2026-03-18
away,19,STL,8476412,J. Binnington,50,0/0,0/0,0/0,0/0,,0,0,0,0,0,00:00,False,,0,0,2025021081,20252026,2026-03-18
home,20,CGY,8482445,D. Cooley,1,25/26,0/0,0/0,25/26,0.9615,1,0,0,0,1,65:00,True,W,26,25,2025021081,20252026,2026-03-18
home,20,CGY,8481692,D. Wolf,32,0/0,0/0,0/0,0/0,,0,0,0,0,0,00:00,False,,0,0,2025021081,20252026,2026-03-18
away,4,PHI,8481035,S. Ersson,33,0/0,0/0,0/0,0/0,,0,0,0,0,0,00:00,False,,0,0,2025021082,20252026,2026-03-18
away,4,PHI,8478435,D. Vladar,80,28/29,4/5,2/2,34/36,0.9444,1,1,0,0,2,62:08,True,W,36,34,2025021082,20252026,2026-03-18
home,24,ANA,8480843,L. Dostal,1,13/16,9/9,3/3,25/28,0.8929,3,0,0,0,3,61:44,True,O,28,25,2025021082,20252026,2026-03-18
home,24,ANA,8478024,V. Husso,33,0/0,0/0,0/0,0/0,,0,0,0,0,0,00:00,False,,0,0,2025021082,20252026,2026-03-18
away,52,WPG,8477480,E. Comrie,1,0/0,0/0,0/0,0/0,,0,0,0,0,0,00:00,False,,0,0,2025021083,20252026,2026-03-19
away,52,WPG,8476945,C. Hellebuyck,37,19/25,2/2,0/0,21/27,0.7778,6,0,0,0,6,60:00,True,L,27,21,2025021083,20252026,2026-03-19
home,6,BOS,8480280,J. Swayman,1,20/20,3/4,0/0,23/24,0.9583,0,1,0,0,1,60:00,True,W,24,23,2025021083,20252026,2026-03-19
home,6,BOS,8476914,J. Korpisalo,70,0/0,0/0,0/0,0/0,,0,0,0,0,0,00:00,False,,0,0,2025021083,20252026,2026-03-19
away,2,NYI,8478009,I. Sorokin,30,17/19,5/5,2/3,24/27,0.8889,2,0,1,0,3,59:54,True,L,27,24,2025021084,20252026,2026-03-19
away,2,NYI,8479496,D. Rittich,33,0/0,0/0,0/0,0/0,,0,0,0,0,0,00:00,False,,0,0,2025021084,20252026,2026-03-19
home,9,OTT,8476999,L. Ullmark,35,0/0,0/0,0/0,0/0,,0,0,0,0,0,00:00,False,,0,0,2025021084,20252026,2026-03-19
home,9,OTT,8473503,J. Reimer,47,13/15,4/4,0/0,17/19,0.8947,2,0,0,0,2,60:00,True,W,19,17,2025021084,20252026,2026-03-19
away,8,MTL,8484170,J. Fowler,32,0/0,0/0,0/0,0/0,,0,0,0,0,0,00:00,False,,0,0,2025021085,20252026,2026-03-19
away,8,MTL,8482487,J. Dobes,75,22/24,3/3,0/0,25/27,0.9259,2,0,0,0,2,58:25,True,L,27,25,2025021085,20252026,2026-03-19
home,17,DET,8476434,J. Gibson,36,28/28,1/2,3/3,32/33,0.9697,0,1,0,0,1,60:00,True,W,33,32,2025021085,20252026,2026-03-19
home,17,DET,8475660,C. Talbot,39,0/0,0/0,0/0,0/0,,0,0,0,0,0,00:00,False,,0,0,2025021085,20252026,2026-03-19
away,3,NYR,8478048,I. Shesterkin,31,19/23,9/10,3/3,31/36,0.8611,4,1,0,0,5,59:44,True,L,36,31,2025021086,20252026,2026-03-19
away,3,NYR,8471734,J. Quick,32,0/0,0/0,0/0,0/0,,0,0,0,0,0,00:00,False,,0,0,2025021086,20252026,2026-03-19
home,29,CBJ,8482982,J. Greaves,73,19/20,2/3,1/2,22/25,0.88,1,1,1,0,3,59:01,True,W,25,22,2025021086,20252026,2026-03-19
home,29,CBJ,8478007,E. Merzlikins,90,0/0,0/0,0/0,0/0,,0,0,0,0,0,00:00,False,,0,0,2025021086,20252026,2026-03-19
away,55,SEA,8475831,P. Grubauer,31,0/0,0/0,0/0,0/0,,0,0,0,0,0,00:00,False,,0,0,2025021087,20252026,2026-03-19
away,55,SEA,8478916,J. Daccord,35,23/24,0/1,2/2,25/27,0.9259,1,1,0,0,2,58:14,True,L,27,25,2025021087,20252026,2026-03-19
home,18,NSH,8481020,J. Annunen,29,23/24,2/2,0/0,25/26,0.9615,1,0,0,0,1,59:58,True,W,26,25,2025021087,20252026,2026-03-19
home,18,NSH,8483575,M. Murray,32,0/0,0/0,0/0,0/0,,0,0,0,0,0,00:00,False,,0,0,2025021087,20252026,2026-03-19
away,16,CHI,8481519,S. Knight,30,23/24,5/5,0/0,28/29,0.9655,1,0,0,0,1,59:45,True,W,29,28,2025021088,20252026,2026-03-19
away,16,CHI,8482821,A. Soderblom,40,0/0,0/0,0/0,0/0,,0,0,0,0,0,00:00,False,,0,0,2025021088,20252026,2026-03-19
home,30,MIN,8482661,J. Wallstedt,30,15/17,9/9,0/0,24/26,0.9231,2,0,0,0,2,57:57,True,L,26,24,2025021088,20252026,2026-03-19
home,30,MIN,8479406,F. Gustavsson,32,0/0,0/0,0/0,0/0,,0,0,0,0,0,00:00,False,,0,0,2025021088,20252026,2026-03-19
away,13,FLA,8480193,D. Tarasov,40,0/0,0/0,0/0,0/0,,0,0,0,0,0,00:00,False,,0,0,2025021089,20252026,2026-03-19
away,13,FLA,8475683,S. Bobrovsky,72,20/20,1/1,0/0,21/21,1.0,0,0,0,0,0,60:00,True,W,21,21,2025021089,20252026,2026-03-19
home,22,EDM,8477465,T. Jarry,35,0/0,0/0,0/0,0/0,,0,0,0,0,0,00:00,False,,0,0,2025021089,20252026,2026-03-19
home,22,EDM,8478971,C. Ingram,39,16/19,2/3,1/1,19/23,0.8261,3,1,0,0,4,60:00,True,L,23,19,2025021089,20252026,2026-03-19
away,14,TBL,8477992,J. Johansson,31,0/0,0/0,0/0,0/0,,0,0,0,0,0,00:00,False,,0,0,2025021090,20252026,2026-03-19
away,14,TBL,8476883,A. Vasilevskiy,88,15/17,3/3,1/1,19/21,0.9048,2,0,0,0,2,60:00,True,W,21,19,2025021090,20252026,2026-03-19
home,23,VAN,8480947,K. Lankinen,32,24/30,1/1,0/0,25/31,0.8065,6,0,0,0,6,60:00,True,L,31,25,2025021090,20252026,2026-03-19
home,23,VAN,8484268,N. Tolopilo,60,0/0,0/0,0/0,0/0,,0,0,0,0,0,00:00,False,,0,0,2025021090,20252026,2026-03-19
away,68,UTA,8477970,V. Vanecek,41,0/0,0/0,0/0,0/0,,0,0,0,0,0,00:00,False,,0,0,2025021091,20252026,2026-03-19
away,68,UTA,8478872,K. Vejmelka,70,25/25,3/3,0/0,28/28,1.0,0,0,0,0,0,59:57,True,W,28,28,2025021091,20252026,2026-03-19
home,54,VGK,8478499,A. Hill,33,0/3,0/0,0/0,0/3,0.0,3,0,0,0,3,08:12,True,L,3,0,2025021091,20252026,2026-03-19
home,54,VGK,8481033,A. Schmid,40,13/13,0/0,1/1,14/14,1.0,0,0,0,0,0,50:02,False,,14,14,2025021091,20252026,2026-03-19
away,7,BUF,8479312,A. Lyon,34,21/21,1/1,1/1,23/23,1.0,0,0,0,0,0,60:00,True,W,23,23,2025021092,20252026,2026-03-19
away,7,BUF,8481551,C. Ellis,92,0/0,0/0,0/0,0/0,,0,0,0,0,0,00:00,False,,0,0,2025021092,20252026,2026-03-19
home,28,SJS,8477968,A. Nedeljkovic,33,8/13,3/3,0/0,11/16,0.6875,5,0,0,0,5,60:00,True,L,16,11,2025021092,20252026,2026-03-19
home,28,SJS,8476316,L. Brossoit,93,0/0,0/0,0/0,0/0,,0,0,0,0,0,00:00,False,,0,0,2025021092,20252026,2026-03-19
away,4,PHI,8481035,S. Ersson,33,15/17,5/6,2/2,22/25,0.88,2,1,0,0,3,65:00,True,W,25,22,2025021093,20252026,2026-03-19
away,4,PHI,8478435,D. Vladar,80,0/0,0/0,0/0,0/0,,0,0,0,0,0,00:00,False,,0,0,2025021093,20252026,2026-03-19
home,26,LAK,8476341,A. Forsberg,31,0/0,0/0,0/0,0/0,,0,0,0,0,0,00:00,False,,0,0,2025021093,20252026,2026-03-19
home,26,LAK,8475311,D. Kuemper,35,15/18,0/0,2/2,17/20,0.85,3,0,0,0,3,64:15,True,O,20,17,2025021093,20252026,2026-03-19
away,12,CAR,8475883,F. Andersen,31,0/0,0/0,0/0,0/0,,0,0,0,0,0,00:00,False,,0,0,2025021094,20252026,2026-03-20
away,12,CAR,8483548,B. Bussi,32,18/21,2/2,3/3,23/26,0.8846,3,0,0,0,3,60:41,True,W,26,23,2025021094,20252026,2026-03-20
home,10,TOR,8476932,A. Stolarz,41,0/0,0/0,0/0,0/0,,0,0,0,0,0,00:00,False,,0,0,2025021094,20252026,2026-03-20
home,10,TOR,8479361,J. Woll,60,24/26,8/9,0/1,32/36,0.8889,2,1,1,0,4,60:41,True,O,36,32,2025021094,20252026,2026-03-20
away,1,NJD,8474593,J. Markstrom,25,0/0,0/0,0/0,0/0,,0,0,0,0,0,00:00,False,,0,0,2025021095,20252026,2026-03-20
away,1,NJD,8474596,J. Allen,34,24/25,1/1,1/1,26/27,0.963,1,0,0,0,1,58:21,True,L,27,26,2025021095,20252026,2026-03-20
home,15,WSH,8480313,L. Thompson,48,28/29,2/2,0/0,30/31,0.9677,1,0,0,0,1,59:52,True,W,31,30,2025021095,20252026,2026-03-20
home,15,WSH,8479292,C. Lindgren,79,0/0,0/0,0/0,0/0,,0,0,0,0,0,00:00,False,,0,0,2025021095,20252026,2026-03-20
away,21,COL,8478406,M. Blackwood,39,17/18,0/0,2/2,19/20,0.95,1,0,0,0,1,59:19,True,W,20,19,2025021096,20252026,2026-03-20
away,21,COL,8475809,S. Wedgewood,41,0/0,0/0,0/0,0/0,,0,0,0,0,0,00:00,False,,0,0,2025021096,20252026,2026-03-20
home,16,CHI,8481519,S. Knight,30,0/0,0/0,0/0,0/0,,0,0,0,0,0,00:00,False,,0,0,2025021096,20252026,2026-03-20
home,16,CHI,8482821,A. Soderblom,40,41/43,4/6,0/0,45/49,0.9184,2,2,0,0,4,60:00,True,L,49,45,2025021096,20252026,2026-03-20
away,13,FLA,8480193,D. Tarasov,40,18/20,13/15,1/1,32/36,0.8889,2,2,0,0,4,60:00,True,L,36,32,2025021097,20252026,2026-03-20
away,13,FLA,8475683,S. Bobrovsky,72,0/0,0/0,0/0,0/0,,0,0,0,0,0,00:00,False,,0,0,2025021097,20252026,2026-03-20
home,20,CGY,8482445,D. Cooley,1,0/0,0/0,0/0,0/0,,0,0,0,0,0,00:00,False,,0,0,2025021097,20252026,2026-03-20
home,20,CGY,8481692,D. Wolf,32,16/17,5/5,3/3,24/25,0.96,1,0,0,0,1,59:53,True,W,25,24,2025021097,20252026,2026-03-20
away,24,ANA,8480843,L. Dostal,1,24/25,4/4,1/1,29/30,0.9667,1,0,0,0,1,60:00,True,W,30,29,2025021098,20252026,2026-03-20
away,24,ANA,8478024,V. Husso,33,0/0,0/0,0/0,0/0,,0,0,0,0,0,00:00,False,,0,0,2025021098,20252026,2026-03-20
home,68,UTA,8477970,V. Vanecek,41,13/14,7/7,0/1,20/22,0.9091,1,0,1,0,2,59:06,True,L,22,20,2025021098,20252026,2026-03-20
home,68,UTA,8478872,K. Vejmelka,70,0/0,0/0,0/0,0/0,,0,0,0,0,0,00:00,False,,0,0,2025021098,20252026,2026-03-20
away,52,WPG,8477480,E. Comrie,1,0/0,0/0,0/0,0/0,,0,0,0,0,0,00:00,False,,0,0,2025021099,20252026,2026-03-21
away,52,WPG,8476945,C. Hellebuyck,37,26/30,1/1,1/1,28/32,0.875,4,0,0,0,4,65:00,True,O,32,28,2025021099,20252026,2026-03-21
home,5,PIT,8481668,A. Silovs,37,20/23,1/1,0/1,21/25,0.84,3,0,1,0,4,65:00,True,W,25,21,2025021099,20252026,2026-03-21
home,5,PIT,8479973,S. Skinner,74,0/0,0/0,0/0,0/0,,0,0,0,0,0,00:00,False,,0,0,2025021099,20252026,2026-03-21
away,54,VGK,8478499,A. Hill,33,0/0,0/0,0/0,0/0,,0,0,0,0,0,00:00,False,,0,0,2025021100,20252026,2026-03-21
away,54,VGK,8481033,A. Schmid,40,11/12,5/7,0/1,16/20,0.8,1,2,1,0,4,55:12,True,L,20,16,2025021100,20252026,2026-03-21
home,18,NSH,8481020,J. Annunen,29,33/33,5/6,1/1,39/40,0.975,0,1,0,0,1,60:00,True,W,40,39,2025021100,20252026,2026-03-21
home,18,NSH,8483575,M. Murray,32,0/0,0/0,0/0,0/0,,0,0,0,0,0,00:00,False,,0,0,2025021100,20252026,2026-03-21
away,25,DAL,8479193,C. DeSmith,1,0/0,0/0,0/0,0/0,,0,0,0,0,0,00:00,False,,0,0,2025021101,20252026,2026-03-21
away,25,DAL,8479979,J. Oettinger,29,22/24,1/1,3/3,26/28,0.9286,2,0,0,0,2,63:06,True,O,28,26,2025021101,20252026,2026-03-21
home,30,MIN,8482661,J. Wallstedt,30,0/0,0/0,0/0,0/0,,0,0,0,0,0,00:00,False,,0,0,2025021101,20252026,2026-03-21
home,30,MIN,8479406,F. Gustavsson,32,19/19,9/10,1/1,29/30,0.9667,0,1,0,0,1,63:06,True,W,30,29,2025021101,20252026,2026-03-21
away,7,BUF,8480045,U. Luukkonen,1,21/21,5/6,0/0,26/27,0.963,0,1,0,0,1,60:00,True,W,27,26,2025021102,20252026,2026-03-21
away,7,BUF,8481551,C. Ellis,92,0/0,0/0,0/0,0/0,,0,0,0,0,0,00:00,False,,0,0,2025021102,20252026,2026-03-21
home,26,LAK,8476341,A. Forsberg,31,26/28,1/1,3/3,30/32,0.9375,2,1,0,0,3,58:35,True,L,32,30,2025021102,20252026,2026-03-21
home,26,LAK,8475311,D. Kuemper,35,0/0,0/0,0/0,0/0,,0,0,0,0,0,00:00,False,,0,0,2025021102,20252026,2026-03-21
away,4,PHI,8481035,S. Ersson,33,0/0,0/0,0/0,0/0,,0,0,0,0,0,00:00,False,,0,0,2025021103,20252026,2026-03-21
away,4,PHI,8478435,D. Vladar,80,19/19,5/6,0/0,24/25,0.96,0,1,0,0,1,58:25,True,W,25,24,2025021103,20252026,2026-03-21
home,28,SJS,8477968,A. Nedeljkovic,33,16/17,8/9,0/0,24/26,0.9231,1,1,0,0,2,58:43,True,L,26,24,2025021103,20252026,2026-03-21
home,28,SJS,8476316,L. Brossoit,93,0/0,0/0,0/0,0/0,,0,0,0,0,0,00:00,False,,0,0,2025021103,20252026,2026-03-21
away,55,SEA,8475831,P. Grubauer,31,0/0,0/0,0/0,0/0,,0,0,0,0,0,00:00,False,,0,0,2025021104,20252026,2026-03-21
away,55,SEA,8478916,J. Daccord,35,19/23,4/4,0/0,23/27,0.8519,4,0,0,0,4,59:27,True,L,27,23,2025021104,20252026,2026-03-21
home,29,CBJ,8482982,J. Greaves,73,0/0,0/0,0/0,0/0,,0,0,0,0,0,00:00,False,,0,0,2025021104,20252026,2026-03-21
home,29,CBJ,8478007,E. Merzlikins,90,13/14,2/3,0/0,15/17,0.8824,1,1,0,0,2,60:00,True,W,17,15,2025021104,20252026,2026-03-21
away,2,NYI,8478009,I. Sorokin,30,20/24,5/7,1/1,26/32,0.8125,4,2,0,0,6,50:47,True,L,32,26,2025021105,20252026,2026-03-21
away,2,NYI,8479496,D. Rittich,33,3/3,0/1,0/0,3/4,0.75,0,1,0,0,1,08:11,False,,4,3,2025021105,20252026,2026-03-21
home,8,MTL,8484170,J. Fowler,32,17/18,2/4,0/0,19/22,0.8636,1,2,0,0,3,60:00,True,W,22,19,2025021105,20252026,2026-03-21
home,8,MTL,8482487,J. Dobes,75,0/0,0/0,0/0,0/0,,0,0,0,0,0,00:00,False,,0,0,2025021105,20252026,2026-03-21
away,10,TOR,8476932,A. Stolarz,41,0/0,0/0,0/0,0/0,,0,0,0,0,0,00:00,False,,0,0,2025021106,20252026,2026-03-21
away,10,TOR,8479361,J. Woll,60,31/35,8/9,0/0,39/44,0.8864,4,1,0,0,5,59:34,True,L,44,39,2025021106,20252026,2026-03-21
home,9,OTT,8476999,L. Ullmark,35,9/11,3/3,0/0,12/14,0.8571,2,0,0,0,2,60:00,True,W,14,12,2025021106,20252026,2026-03-21
home,9,OTT,8473503,J. Reimer,47,0/0,0/0,0/0,0/0,,0,0,0,0,0,00:00,False,,0,0,2025021106,20252026,2026-03-21
away,19,STL,8480981,J. Hofer,30,0/0,0/0,0/0,0/0,,0,0,0,0,0,00:00,False,,0,0,2025021107,20252026,2026-03-21
away,19,STL,8476412,J. Binnington,50,9/9,4/5,1/1,14/15,0.9333,0,1,0,0,1,59:44,True,W,15,14,2025021107,20252026,2026-03-21
home,23,VAN,8480947,K. Lankinen,32,17/19,1/1,0/0,18/20,0.9,2,0,0,2,2,59:42,True,L,20,18,2025021107,20252026,2026-03-21
home,23,VAN,8484268,N. Tolopilo,60,0/0,0/0,0/0,0/0,,0,0,0,0,0,00:00,False,,0,0,2025021107,20252026,2026-03-21
away,6,BOS,8480280,J. Swayman,1,31/32,11/12,0/0,42/44,0.9545,1,1,0,0,2,60:00,True,W,44,42,2025021108,20252026,2026-03-21
away,6,BOS,8476914,J. Korpisalo,70,0/0,0/0,0/0,0/0,,0,0,0,0,0,00:00,False,,0,0,2025021108,20252026,2026-03-21
home,17,DET,8476434,J. Gibson,36,14/16,6/7,3/3,23/26,0.8846,2,1,0,0,3,57:40,True,L,26,23,2025021108,20252026,2026-03-21
home,17,DET,8475660,C. Talbot,39,0/0,0/0,0/0,0/0,,0,0,0,0,0,00:00,False,,0,0,2025021108,20252026,2026-03-21
away,14,TBL,8477992,J. Johansson,31,0/0,0/0,0/0,0/0,,0,0,0,0,0,00:00,False,,0,0,2025021109,20252026,2026-03-21
away,14,TBL,8476883,A. Vasilevskiy,88,23/24,3/3,0/0,26/27,0.963,2,0,0,0,2,60:00,True,W,27,26,2025021109,20252026,2026-03-21
home,22,EDM,8477465,T. Jarry,35,0/0,0/0,0/0,0/0,,0,0,0,0,0,00:00,False,,0,0,2025021109,20252026,2026-03-21
home,22,EDM,8478971,C. Ingram,39,20/22,2/3,1/2,23/27,0.8519,2,1,1,0,4,58:42,True,L,27,23,2025021109,20252026,2026-03-21
away,52,WPG,8477480,E. Comrie,1,18/19,7/8,2/2,27/29,0.931,1,1,0,0,2,64:37,True,W,29,27,2025021110,20252026,2026-03-22
away,52,WPG,8476945,C. Hellebuyck,37,0/0,0/0,0/0,0/0,,0,0,0,0,0,00:00,False,,0,0,2025021110,20252026,2026-03-22
home,3,NYR,8478048,I. Shesterkin,31,0/0,0/0,0/0,0/0,,0,0,0,0,0,00:00,False,,0,0,2025021110,20252026,2026-03-22
home,3,NYR,8482193,D. Garand,33,25/26,9/10,1/1,35/37,0.9459,1,1,0,0,2,65:00,True,O,37,35,2025021110,20252026,2026-03-22
away,21,COL,8478406,M. Blackwood,39,14/15,4/5,2/2,20/22,0.9091,1,1,0,0,2,61:12,True,W,22,20,2025021111,20252026,2026-03-22
away,21,COL,8475809,S. Wedgewood,41,0/0,0/0,0/0,0/0,,0,0,0,0,0,00:00,False,,0,0,2025021111,20252026,2026-03-22
home,15,WSH,8480313,L. Thompson,48,20/23,0/0,1/1,21/24,0.875,3,0,0,0,3,61:05,True,O,24,21,2025021111,20252026,2026-03-22
home,15,WSH,8479292,C. Lindgren,79,0/0,0/0,0/0,0/0,,0,0,0,0,0,00:00,False,,0,0,2025021111,20252026,2026-03-22
away,12,CAR,8475883,F. Andersen,31,17/18,1/1,0/0,18/19,0.9474,1,0,0,0,1,59:52,True,W,19,18,2025021112,20252026,2026-03-22
away,12,CAR,8483548,B. Bussi,32,0/0,0/0,0/0,0/0,,0,0,0,0,0,00:00,False,,0,0,2025021112,20252026,2026-03-22
home,5,PIT,8481668,A. Silovs,37,0/0,0/0,0/0,0/0,,0,0,0,0,0,00:00,False,,0,0,2025021112,20252026,2026-03-22
home,5,PIT,8479973,S. Skinner,74,13/14,5/8,3/3,21/25,0.84,1,3,0,0,4,56:54,True,L,25,21,2025021112,20252026,2026-03-22
away,18,NSH,8481020,J. Annunen,29,0/0,0/0,0/0,0/0,,0,0,0,0,0,00:00,False,,0,0,2025021113,20252026,2026-03-22
away,18,NSH,8477424,J. Saros,74,23/25,4/4,0/0,27/29,0.931,2,0,0,0,2,61:01,True,W,29,27,2025021113,20252026,2026-03-22
home,16,CHI,8481519,S. Knight,30,22/25,8/8,0/0,30/33,0.9091,3,0,0,0,3,60:56,True,O,33,30,2025021113,20252026,2026-03-22
home,16,CHI,8482821,A. Soderblom,40,0/0,0/0,0/0,0/0,,0,0,0,0,0,00:00,False,,0,0,2025021113,20252026,2026-03-22
away,29,CBJ,8482982,J. Greaves,73,17/18,4/4,0/0,21/22,0.9545,1,0,0,0,1,57:55,True,L,22,21,2025021114,20252026,2026-03-22
away,29,CBJ,8478007,E. Merzlikins,90,0/0,0/0,0/0,0/0,,0,0,0,0,0,00:00,False,,0,0,2025021114,20252026,2026-03-22
home,2,NYI,8478009,I. Sorokin,30,26/26,0/0,0/0,26/26,1.0,0,0,0,0,0,60:00,True,W,26,26,2025021114,20252026,2026-03-22
home,2,NYI,8479496,D. Rittich,33,0/0,0/0,0/0,0/0,,0,0,0,0,0,00:00,False,,0,0,2025021114,20252026,2026-03-22
away,54,VGK,8478499,A. Hill,33,12/13,0/1,1/1,13/15,0.8667,1,1,0,0,2,60:00,True,W,15,13,2025021115,20252026,2026-03-22
away,54,VGK,8481033,A. Schmid,40,0/0,0/0,0/0,0/0,,0,0,0,0,0,00:00,False,,0,0,2025021115,20252026,2026-03-22
home,25,DAL,8479193,C. DeSmith,1,24/26,6/7,0/0,30/33,0.9091,2,1,0,0,3,57:28,True,L,33,30,2025021115,20252026,2026-03-22
home,25,DAL,8479979,J. Oettinger,29,0/0,0/0,0/0,0/0,,0,0,0,0,0,00:00,False,,0,0,2025021115,20252026,2026-03-22
away,14,TBL,8477992,J. Johansson,31,25/29,0/0,0/0,25/29,0.8621,4,0,0,0,4,59:39,True,O,29,25,2025021116,20252026,2026-03-22
away,14,TBL,8476883,A. Vasilevskiy,88,0/0,0/0,0/0,0/0,,0,0,0,0,0,00:00,False,,0,0,2025021116,20252026,2026-03-22
home,20,CGY,8482445,D. Cooley,1,32/35,0/0,0/0,32/35,0.9143,3,0,0,0,3,60:26,True,W,35,32,2025021116,20252026,2026-03-22
home,20,CGY,8481692,D. Wolf,32,0/0,0/0,0/0,0/0,,0,0,0,0,0,00:00,False,,0,0,2025021116,20252026,2026-03-22
away,7,BUF,8479312,A. Lyon,34,25/28,2/5,0/0,27/33,0.8182,3,3,0,2,6,61:17,True,O,33,27,2025021117,20252026,2026-03-22
away,7,BUF,8481551,C. Ellis,92,0/0,0/0,0/0,0/0,,0,0,0,0,0,00:00,False,,0,0,2025021117,20252026,2026-03-22
home,24,ANA,8480843,L. Dostal,1,0/0,0/0,0/0,0/0,,0,0,0,0,0,00:00,False,,0,0,2025021117,20252026,2026-03-22
home,24,ANA,8478024,V. Husso,33,21/26,3/3,0/0,24/29,0.8276,5,0,0,0,5,60:43,True,W,29,24,2025021117,20252026,2026-03-22
away,26,LAK,8476341,A. Forsberg,31,0/0,0/0,0/0,0/0,,0,0,0,0,0,00:00,False,,0,0,2025021118,20252026,2026-03-22
away,26,LAK,8475311,D. Kuemper,35,26/30,2/2,2/2,30/34,0.8824,4,0,0,0,4,61:46,True,O,34,30,2025021118,20252026,2026-03-22
home,68,UTA,8477970,V. Vanecek,41,0/0,0/0,0/0,0/0,,0,0,0,0,0,00:00,False,,0,0,2025021118,20252026,2026-03-22
home,68,UTA,8478872,K. Vejmelka,70,30/33,3/3,0/0,33/36,0.9167,3,0,0,0,3,61:46,True,W,36,33,2025021118,20252026,2026-03-22
away,9,OTT,8476999,L. Ullmark,35,0/0,0/0,0/0,0/0,,0,0,0,0,0,00:00,False,,0,0,2025021119,20252026,2026-03-23
away,9,OTT,8473503,J. Reimer,47,6/7,3/3,0/0,9/10,0.9,1,0,0,0,1,59:50,True,W,10,9,2025021119,20252026,2026-03-23
home,3,NYR,8478048,I. Shesterkin,31,20/21,10/11,1/1,31/33,0.9394,1,1,0,0,2,58:09,True,L,33,31,2025021119,20252026,2026-03-23
home,3,NYR,8482193,D. Garand,33,0/0,0/0,0/0,0/0,,0,0,0,0,0,00:00,False,,0,0,2025021119,20252026,2026-03-23
away,10,TOR,8476932,A. Stolarz,41,13/14,5/6,0/0,18/20,0.9,1,1,0,0,2,59:51,True,W,20,18,2025021120,20252026,2026-03-24
away,10,TOR,8479361,J. Woll,60,0/0,0/0,0/0,0/0,,0,0,0,0,0,00:00,False,,0,0,2025021120,20252026,2026-03-24
home,6,BOS,8480280,J. Swayman,1,19/20,8/9,4/5,31/34,0.9118,1,1,1,0,3,59:02,True,L,34,31,2025021120,20252026,2026-03-24
home,6,BOS,8476914,J. Korpisalo,70,0/0,0/0,0/0,0/0,,0,0,0,0,0,00:00,False,,0,0,2025021120,20252026,2026-03-24
away,12,CAR,8475883,F. Andersen,31,10/14,3/3,1/1,14/18,0.7778,4,0,0,0,4,56:46,True,L,18,14,2025021121,20252026,2026-03-24
away,12,CAR,8483548,B. Bussi,32,0/0,0/0,0/0,0/0,,0,0,0,0,0,00:00,False,,0,0,2025021121,20252026,2026-03-24
home,8,MTL,8484170,J. Fowler,32,0/0,0/0,0/0,0/0,,0,0,0,0,0,00:00,False,,0,0,2025021121,20252026,2026-03-24
home,8,MTL,8482487,J. Dobes,75,37/38,3/4,1/1,41/43,0.9535,1,1,0,0,2,59:47,True,W,43,41,2025021121,20252026,2026-03-24
away,9,OTT,8476999,L. Ullmark,35,28/29,5/6,0/0,33/35,0.9429,1,1,0,0,2,60:00,True,W,35,33,2025021122,20252026,2026-03-24
away,9,OTT,8473503,J. Reimer,47,0/0,0/0,0/0,0/0,,0,0,0,0,0,00:00,False,,0,0,2025021122,20252026,2026-03-24
home,17,DET,8476434,J. Gibson,36,15/17,0/1,3/3,18/21,0.8571,2,1,0,0,3,58:16,True,L,21,18,2025021122,20252026,2026-03-24
home,17,DET,8475660,C. Talbot,39,0/0,0/0,0/0,0/0,,0,0,0,0,0,00:00,False,,0,0,2025021122,20252026,2026-03-24
away,55,SEA,8475831,P. Grubauer,31,0/0,0/0,0/0,0/0,,0,0,0,0,0,00:00,False,,0,0,2025021123,20252026,2026-03-24
away,55,SEA,8478916,J. Daccord,35,20/23,0/0,1/1,21/24,0.875,4,0,0,0,4,64:44,True,O,24,21,2025021123,20252026,2026-03-24
home,13,FLA,8480193,D. Tarasov,40,0/0,0/0,0/0,0/0,,0,0,0,0,0,00:00,False,,0,0,2025021123,20252026,2026-03-24
home,13,FLA,8475683,S. Bobrovsky,72,23/27,0/0,0/0,23/27,0.8519,4,0,0,0,4,65:00,True,W,27,23,2025021123,20252026,2026-03-24
away,16,CHI,8481519,S. Knight,30,0/0,0/0,0/0,0/0,,0,0,0,0,0,00:00,False,,0,0,2025021124,20252026,2026-03-24
away,16,CHI,8482821,A. Soderblom,40,40/43,2/2,2/2,44/47,0.9362,3,0,0,0,3,60:00,True,W,47,44,2025021124,20252026,2026-03-24
home,2,NYI,8478009,I. Sorokin,30,10/11,1/1,0/0,11/12,0.9167,1,0,0,0,1,37:46,False,L,12,11,2025021124,20252026,2026-03-24
home,2,NYI,8479496,D. Rittich,33,9/12,0/0,0/0,9/12,0.75,3,0,0,0,3,20:00,True,,12,9,2025021124,20252026,2026-03-24
away,29,CBJ,8482982,J. Greaves,73,21/23,1/1,2/2,24/26,0.9231,2,0,0,0,2,60:00,True,W,26,24,2025021125,20252026,2026-03-24
away,29,CBJ,8478007,E. Merzlikins,90,0/0,0/0,0/0,0/0,,0,0,0,0,0,00:00,False,,0,0,2025021125,20252026,2026-03-24
home,4,PHI,8481035,S. Ersson,33,0/0,0/0,0/0,0/0,,0,0,0,0,0,00:00,False,,0,0,2025021125,20252026,2026-03-24
home,4,PHI,8478435,D. Vladar,80,16/19,0/0,0/0,16/19,0.8421,3,0,0,0,3,56:54,True,L,19,16,2025021125,20252026,2026-03-24
away,21,COL,8478406,M. Blackwood,39,0/0,0/0,0/0,0/0,,0,0,0,0,0,00:00,False,,0,0,2025021126,20252026,2026-03-24
away,21,COL,8475809,S. Wedgewood,41,20/22,9/9,1/1,30/32,0.9375,2,0,0,0,2,60:00,True,W,32,30,2025021126,20252026,2026-03-24
home,5,PIT,8481668,A. Silovs,37,21/25,2/3,1/1,24/29,0.8276,4,1,0,0,5,59:50,True,L,29,24,2025021126,20252026,2026-03-24
home,5,PIT,8479973,S. Skinner,74,0/0,0/0,0/0,0/0,,0,0,0,0,0,00:00,False,,0,0,2025021126,20252026,2026-03-24
away,30,MIN,8482661,J. Wallstedt,30,0/0,0/0,0/0,0/0,,0,0,0,0,0,00:00,False,,0,0,2025021127,20252026,2026-03-24
away,30,MIN,8479406,F. Gustavsson,32,18/20,2/4,0/0,20/24,0.8333,2,2,0,0,4,58:16,True,L,24,20,2025021127,20252026,2026-03-24
home,14,TBL,8477992,J. Johansson,31,0/0,0/0,0/0,0/0,,0,0,0,0,0,00:00,False,,0,0,2025021127,20252026,2026-03-24
home,14,TBL,8476883,A. Vasilevskiy,88,18/19,2/4,1/1,21/24,0.875,1,2,0,0,3,59:27,True,W,24,21,2025021127,20252026,2026-03-24
away,15,WSH,8480313,L. Thompson,48,18/20,5/5,1/1,24/26,0.9231,2,0,0,0,2,58:07,True,L,26,24,2025021128,20252026,2026-03-24
away,15,WSH,8479292,C. Lindgren,79,0/0,0/0,0/0,0/0,,0,0,0,0,0,00:00,False,,0,0,2025021128,20252026,2026-03-24
home,19,STL,8480981,J. Hofer,30,14/14,7/7,0/0,21/21,1.0,0,0,0,0,0,59:19,True,W,21,21,2025021128,20252026,2026-03-24
home,19,STL,8476412,J. Binnington,50,0/0,0/0,0/0,0/0,,0,0,0,0,0,00:00,False,,0,0,2025021128,20252026,2026-03-24
away,28,SJS,8482137,Y. Askarov,30,0/0,0/0,0/0,0/0,,0,0,0,0,0,00:00,False,,0,0,2025021129,20252026,2026-03-24
away,28,SJS,8477968,A. Nedeljkovic,33,10/15,2/3,1/1,13/19,0.6842,5,1,0,0,6,60:00,True,L,19,13,2025021129,20252026,2026-03-24
home,18,NSH,8481020,J. Annunen,29,0/0,0/0,0/0,0/0,,0,0,0,0,0,00:00,False,,0,0,2025021129,20252026,2026-03-24
home,18,NSH,8477424,J. Saros,74,21/23,5/6,1/1,27/30,0.9,2,1,0,0,3,60:00,True,W,30,27,2025021129,20252026,2026-03-24
away,1,NJD,8474593,J. Markstrom,25,0/0,0/0,0/0,0/0,,0,0,0,0,0,00:00,False,,0,0,2025021130,20252026,2026-03-24
away,1,NJD,8474596,J. Allen,34,21/24,2/3,0/0,23/27,0.8519,3,1,0,0,4,60:00,True,W,27,23,2025021130,20252026,2026-03-24
home,25,DAL,8479193,C. DeSmith,1,11/12,3/3,1/1,15/16,0.9375,1,0,0,0,1,37:47,False,L,16,15,2025021130,20252026,2026-03-24
home,25,DAL,8479979,J. Oettinger,29,4/8,0/0,0/0,4/8,0.5,4,0,0,0,4,20:00,True,,8,4,2025021130,20252026,2026-03-24
away,54,VGK,8478499,A. Hill,33,11/14,4/4,2/2,17/20,0.85,3,0,0,0,3,57:00,True,L,20,17,2025021131,20252026,2026-03-24
away,54,VGK,8481033,A. Schmid,40,0/0,0/0,0/0,0/0,,0,0,0,0,0,00:00,False,,0,0,2025021131,20252026,2026-03-24
home,52,WPG,8477480,E. Comrie,1,0/0,0/0,0/0,0/0,,0,0,0,0,0,00:00,False,,0,0,2025021131,20252026,2026-03-24
home,52,WPG,8476945,C. Hellebuyck,37,17/17,9/10,0/0,26/27,0.963,0,1,0,0,1,60:00,True,W,27,26,2025021131,20252026,2026-03-24
away,22,EDM,8477465,T. Jarry,35,14/15,2/3,0/0,16/18,0.8889,1,1,0,0,2,60:00,True,W,18,16,2025021132,20252026,2026-03-24
away,22,EDM,8478971,C. Ingram,39,0/0,0/0,0/0,0/0,,0,0,0,0,0,00:00,False,,0,0,2025021132,20252026,2026-03-24
home,68,UTA,8477970,V. Vanecek,41,9/9,0/0,1/1,10/10,1.0,0,0,0,0,0,17:28,False,,10,10,2025021132,20252026,2026-03-24
home,68,UTA,8478872,K. Vejmelka,70,11/14,0/0,0/1,11/15,0.7333,3,0,1,0,4,40:00,True,L,15,11,2025021132,20252026,2026-03-24
away,26,LAK,8476341,A. Forsberg,31,0/0,0/0,0/0,0/0,,0,0,0,0,0,00:00,False,,0,0,2025021133,20252026,2026-03-24
away,26,LAK,8475311,D. Kuemper,35,16/17,3/4,2/2,21/23,0.913,1,1,0,0,2,65:00,True,O,23,21,2025021133,20252026,2026-03-24
home,20,CGY,8482445,D. Cooley,1,0/0,0/0,0/0,0/0,,0,0,0,0,0,00:00,False,,0,0,2025021133,20252026,2026-03-24
home,20,CGY,8481692,D. Wolf,32,18/20,3/3,2/2,23/25,0.92,2,0,0,0,2,64:49,True,W,25,23,2025021133,20252026,2026-03-24
away,24,ANA,8480843,L. Dostal,1,23/24,4/6,0/0,27/30,0.9,1,2,0,2,3,60:00,True,W,30,27,2025021134,20252026,2026-03-24
away,24,ANA,8478024,V. Husso,33,0/0,0/0,0/0,0/0,,0,0,0,0,0,00:00,False,,0,0,2025021134,20252026,2026-03-24
home,23,VAN,8480947,K. Lankinen,32,23/26,6/7,0/0,29/33,0.8788,3,1,0,0,4,58:27,True,L,33,29,2025021134,20252026,2026-03-24
home,23,VAN,8484268,N. Tolopilo,60,0/0,0/0,0/0,0/0,,0,0,0,0,0,00:00,False,,0,0,2025021134,20252026,2026-03-24
away,6,BOS,8480280,J. Swayman,1,0/0,0/0,0/0,0/0,,0,0,0,0,0,00:00,False,,0,0,2025021135,20252026,2026-03-25
away,6,BOS,8476914,J. Korpisalo,70,19/20,2/4,1/1,22/25,0.88,1,2,0,2,3,60:38,True,W,25,22,2025021135,20252026,2026-03-25
home,7,BUF,8480045,U. Luukkonen,1,27/31,0/0,0/0,27/31,0.871,4,0,0,0,4,60:26,True,O,31,27,2025021135,20252026,2026-03-25
home,7,BUF,8481551,C. Ellis,92,0/0,0/0,0/0,0/0,,0,0,0,0,0,00:00,False,,0,0,2025021135,20252026,2026-03-25
away,3,NYR,8478048,I. Shesterkin,31,12/16,2/2,0/0,14/18,0.7778,4,0,0,0,4,58:10,True,L,18,14,2025021136,20252026,2026-03-25
away,3,NYR,8482193,D. Garand,33,0/0,0/0,0/0,0/0,,0,0,0,0,0,00:00,False,,0,0,2025021136,20252026,2026-03-25
home,10,TOR,8476932,A. Stolarz,41,0/0,0/0,0/0,0/0,,0,0,0,0,0,00:00,False,,0,0,2025021136,20252026,2026-03-25
home,10,TOR,8479361,J. Woll,60,38/39,2/4,0/0,40/43,0.9302,1,2,0,0,3,60:00,True,W,43,40,2025021136,20252026,2026-03-25
away,29,CBJ,8482982,J. Greaves,73,14/16,4/4,0/0,18/20,0.9,2,0,0,0,2,58:38,True,L,20,18,2025021137,20252026,2026-03-26
away,29,CBJ,8478007,E. Merzlikins,90,0/0,0/0,0/0,0/0,,0,0,0,0,0,00:00,False,,0,0,2025021137,20252026,2026-03-26
home,8,MTL,8484170,J. Fowler,32,0/0,0/0,0/0,0/0,,0,0,0,0,0,00:00,False,,0,0,2025021137,20252026,2026-03-26
home,8,MTL,8482487,J. Dobes,75,24/25,1/1,0/0,25/26,0.9615,1,0,0,0,1,60:00,True,W,26,25,2025021137,20252026,2026-03-26
away,5,PIT,8481668,A. Silovs,37,0/0,0/0,0/0,0/0,,0,0,0,0,0,00:00,False,,0,0,2025021138,20252026,2026-03-26
away,5,PIT,8479973,S. Skinner,74,24/26,2/3,0/0,26/29,0.8966,2,1,0,0,3,65:00,True,W,29,26,2025021138,20252026,2026-03-26
home,9,OTT,8476999,L. Ullmark,35,30/32,5/6,2/2,37/40,0.925,2,1,0,0,3,65:00,True,O,40,37,2025021138,20252026,2026-03-26
home,9,OTT,8473503,J. Reimer,47,0/0,0/0,0/0,0/0,,0,0,0,0,0,00:00,False,,0,0,2025021138,20252026,2026-03-26
away,55,SEA,8476899,M. Murray,30,0/0,0/0,0/0,0/0,,0,0,0,0,0,00:00,False,,0,0,2025021139,20252026,2026-03-26
away,55,SEA,8475831,P. Grubauer,31,29/31,1/2,0/0,30/33,0.9091,2,1,0,0,3,62:47,True,W,33,30,2025021139,20252026,2026-03-26
home,14,TBL,8477992,J. Johansson,31,0/0,0/0,0/0,0/0,,0,0,0,0,0,00:00,False,,0,0,2025021139,20252026,2026-03-26
home,14,TBL,8476883,A. Vasilevskiy,88,13/17,3/3,0/0,16/20,0.8,4,0,0,0,4,62:47,True,O,20,16,2025021139,20252026,2026-03-26
away,30,MIN,8482661,J. Wallstedt,30,16/18,2/2,0/0,18/20,0.9,2,0,0,0,2,60:00,True,W,20,18,2025021140,20252026,2026-03-26
away,30,MIN,8479406,F. Gustavsson,32,0/0,0/0,0/0,0/0,,0,0,0,0,0,00:00,False,,0,0,2025021140,20252026,2026-03-26
home,13,FLA,8480193,D. Tarasov,40,47/50,0/0,0/0,47/50,0.94,3,0,0,0,3,58:10,True,L,50,47,2025021140,20252026,2026-03-26
home,13,FLA,8475683,S. Bobrovsky,72,0/0,0/0,0/0,0/0,,0,0,0,0,0,00:00,False,,0,0,2025021140,20252026,2026-03-26
away,25,DAL,8479193,C. DeSmith,1,0/0,0/0,0/0,0/0,,0,0,0,0,0,00:00,False,,0,0,2025021141,20252026,2026-03-26
away,25,DAL,8479979,J. Oettinger,29,20/22,3/3,0/0,23/25,0.92,2,0,0,0,2,56:51,True,L,25,23,2025021141,20252026,2026-03-26
home,2,NYI,8478009,I. Sorokin,30,17/18,7/7,2/2,26/27,0.963,1,0,0,0,1,60:00,True,W,27,26,2025021141,20252026,2026-03-26
home,2,NYI,8479496,D. Rittich,33,0/0,0/0,0/0,0/0,,0,0,0,0,0,00:00,False,,0,0,2025021141,20252026,2026-03-26
away,16,CHI,8481519,S. Knight,30,34/39,3/3,0/0,37/42,0.881,5,0,0,0,5,60:00,True,L,42,37,2025021142,20252026,2026-03-26
away,16,CHI,8482821,A. Soderblom,40,0/0,0/0,0/0,0/0,,0,0,0,0,0,00:00,False,,0,0,2025021142,20252026,2026-03-26
home,4,PHI,8481035,S. Ersson,33,24/25,0/0,1/1,25/26,0.9615,1,0,0,0,1,59:49,True,W,26,25,2025021142,20252026,2026-03-26
home,4,PHI,8478435,D. Vladar,80,0/0,0/0,0/0,0/0,,0,0,0,0,0,00:00,False,,0,0,2025021142,20252026,2026-03-26
away,28,SJS,8482137,Y. Askarov,30,7/7,4/4,0/0,11/11,1.0,0,0,0,0,0,29:02,True,,11,11,2025021143,20252026,2026-03-26
away,28,SJS,8477968,A. Nedeljkovic,33,10/12,0/0,0/0,10/12,0.8333,2,0,0,0,2,35:51,False,O,12,10,2025021143,20252026,2026-03-26
home,19,STL,8480981,J. Hofer,30,22/23,1/1,1/1,24/25,0.96,1,0,0,0,1,64:57,True,W,25,24,2025021143,20252026,2026-03-26
home,19,STL,8476412,J. Binnington,50,0/0,0/0,0/0,0/0,,0,0,0,0,0,00:00,False,,0,0,2025021143,20252026,2026-03-26
away,1,NJD,8474593,J. Markstrom,25,13/15,1/1,1/1,15/17,0.8824,2,0,0,0,2,60:00,True,W,17,15,2025021144,20252026,2026-03-26
away,1,NJD,8474596,J. Allen,34,0/0,0/0,0/0,0/0,,0,0,0,0,0,00:00,False,,0,0,2025021144,20252026,2026-03-26
home,18,NSH,8481020,J. Annunen,29,22/24,3/4,1/1,26/29,0.8966,2,1,0,0,3,58:18,True,L,29,26,2025021144,20252026,2026-03-26
home,18,NSH,8477424,J. Saros,74,0/0,0/0,0/0,0/0,,0,0,0,0,0,00:00,False,,0,0,2025021144,20252026,2026-03-26
away,21,COL,8478406,M. Blackwood,39,17/19,4/4,1/1,22/24,0.9167,2,0,0,0,2,60:00,True,W,24,22,2025021145,20252026,2026-03-26
away,21,COL,8475809,S. Wedgewood,41,0/0,0/0,0/0,0/0,,0,0,0,0,0,00:00,False,,0,0,2025021145,20252026,2026-03-26
home,52,WPG,8477480,E. Comrie,1,0/0,0/0,0/0,0/0,,0,0,0,0,0,00:00,False,,0,0,2025021145,20252026,2026-03-26
home,52,WPG,8476945,C. Hellebuyck,37,31/33,1/2,0/0,32/35,0.9143,2,1,0,0,3,59:53,True,L,35,32,2025021145,20252026,2026-03-26
away,15,WSH,8480313,L. Thompson,48,28/30,5/7,3/3,36/40,0.9,2,2,0,0,4,60:00,True,W,40,36,2025021146,20252026,2026-03-26
away,15,WSH,8479292,C. Lindgren,79,0/0,0/0,0/0,0/0,,0,0,0,0,0,00:00,False,,0,0,2025021146,20252026,2026-03-26
home,68,UTA,8477970,V. Vanecek,41,14/19,2/3,1/1,17/23,0.7391,5,1,0,0,6,49:54,True,L,23,17,2025021146,20252026,2026-03-26
home,68,UTA,8478872,K. Vejmelka,70,1/1,0/0,0/0,1/1,1.0,0,0,0,0,0,07:17,False,,1,1,2025021146,20252026,2026-03-26
away,24,ANA,8480843,L. Dostal,1,0/0,0/0,0/0,0/0,,0,0,0,0,0,00:00,False,,0,0,2025021147,20252026,2026-03-26
away,24,ANA,8478024,V. Husso,33,21/23,2/2,0/0,23/25,0.92,2,0,0,0,2,64:59,True,W,25,23,2025021147,20252026,2026-03-26
home,20,CGY,8482445,D. Cooley,1,25/26,5/7,0/0,30/33,0.9091,1,2,0,0,3,64:59,True,O,33,30,2025021147,20252026,2026-03-26
home,20,CGY,8481692,D. Wolf,32,0/0,0/0,0/0,0/0,,0,0,0,0,0,00:00,False,,0,0,2025021147,20252026,2026-03-26
away,22,EDM,8477465,T. Jarry,35,0/0,0/0,0/0,0/0,,0,0,0,0,0,00:00,False,,0,0,2025021148,20252026,2026-03-26
away,22,EDM,8478971,C. Ingram,39,20/23,6/6,0/0,26/29,0.8966,3,0,0,0,3,63:10,True,W,29,26,2025021148,20252026,2026-03-26
home,54,VGK,8478499,A. Hill,33,21/25,3/3,1/1,25/29,0.8621,4,0,0,0,4,62:20,True,O,29,25,2025021148,20252026,2026-03-26
home,54,VGK,8481033,A. Schmid,40,0/0,0/0,0/0,0/0,,0,0,0,0,0,00:00,False,,0,0,2025021148,20252026,2026-03-26
away,26,LAK,8476341,A. Forsberg,31,0/0,0/0,0/0,0/0,,0,0,0,0,0,00:00,False,,0,0,2025021149,20252026,2026-03-26
away,26,LAK,8475311,D. Kuemper,35,17/17,1/1,1/1,19/19,1.0,0,0,0,0,0,60:00,True,W,19,19,2025021149,20252026,2026-03-26
home,23,VAN,8480947,K. Lankinen,32,26/28,6/7,2/2,34/37,0.9189,2,1,0,0,3,56:48,True,L,37,34,2025021149,20252026,2026-03-26
home,23,VAN,8484268,N. Tolopilo,60,0/0,0/0,0/0,0/0,,0,0,0,0,0,00:00,False,,0,0,2025021149,20252026,2026-03-26
away,17,DET,8485545,M. Postava,35,0/0,0/0,0/0,0/0,,0,0,0,0,0,00:00,False,,0,0,2025021150,20252026,2026-03-27
away,17,DET,8476434,J. Gibson,36,23/25,4/4,1/1,28/30,0.9333,2,0,0,0,2,60:00,True,W,30,28,2025021150,20252026,2026-03-27
home,7,BUF,8479312,A. Lyon,34,9/11,5/7,1/1,15/19,0.7895,2,2,0,0,4,57:57,True,L,19,15,2025021150,20252026,2026-03-27
home,7,BUF,8481551,C. Ellis,92,0/0,0/0,0/0,0/0,,0,0,0,0,0,00:00,False,,0,0,2025021150,20252026,2026-03-27
away,16,CHI,8481519,S. Knight,30,0/0,0/0,0/0,0/0,,0,0,0,0,0,00:00,False,,0,0,2025021151,20252026,2026-03-27
away,16,CHI,8482821,A. Soderblom,40,28/33,3/4,1/1,32/38,0.8421,5,1,0,0,6,60:00,True,L,38,32,2025021151,20252026,2026-03-27
home,3,NYR,8478048,I. Shesterkin,31,0/0,0/0,0/0,0/0,,0,0,0,0,0,00:00,False,,0,0,2025021151,20252026,2026-03-27
home,3,NYR,8482193,D. Garand,33,21/22,5/5,1/1,27/28,0.9643,1,0,0,0,1,60:00,True,W,28,27,2025021151,20252026,2026-03-27
away,9,OTT,8476999,L. Ullmark,35,0/0,0/0,0/0,0/0,,0,0,0,0,0,00:00,False,,0,0,2025021152,20252026,2026-03-28
away,9,OTT,8473503,J. Reimer,47,20/24,3/3,0/0,23/27,0.8519,4,0,0,0,4,58:18,True,L,27,23,2025021152,20252026,2026-03-28
home,14,TBL,8477992,J. Johansson,31,0/0,0/0,0/0,0/0,,0,0,0,0,0,00:00,False,,0,0,2025021152,20252026,2026-03-28
home,14,TBL,8476883,A. Vasilevskiy,88,23/25,3/3,0/0,26/28,0.9286,2,0,0,0,2,60:00,True,W,28,26,2025021152,20252026,2026-03-28
away,13,FLA,8480193,D. Tarasov,40,33/37,2/3,0/0,35/40,0.875,4,1,0,0,5,54:45,True,L,40,35,2025021153,20252026,2026-03-28
away,13,FLA,8475683,S. Bobrovsky,72,0/0,0/0,0/0,0/0,,0,0,0,0,0,00:00,False,,0,0,2025021153,20252026,2026-03-28
home,2,NYI,8478009,I. Sorokin,30,17/19,1/1,1/1,19/21,0.9048,2,0,0,0,2,60:00,True,W,21,19,2025021153,20252026,2026-03-28
home,2,NYI,8479496,D. Rittich,33,0/0,0/0,0/0,0/0,,0,0,0,0,0,00:00,False,,0,0,2025021153,20252026,2026-03-28
away,24,ANA,8480843,L. Dostal,1,21/24,6/6,3/3,30/33,0.9091,3,0,0,0,3,58:14,True,L,33,30,2025021154,20252026,2026-03-28
away,24,ANA,8478024,V. Husso,33,0/0,0/0,0/0,0/0,,0,0,0,0,0,00:00,False,,0,0,2025021154,20252026,2026-03-28
home,22,EDM,8477465,T. Jarry,35,0/0,0/0,0/0,0/0,,0,0,0,0,0,00:00,False,,0,0,2025021154,20252026,2026-03-28
home,22,EDM,8478971,C. Ingram,39,28/30,3/3,0/0,31/33,0.9394,2,0,0,0,2,60:00,True,W,33,31,2025021154,20252026,2026-03-28
away,30,MIN,8482661,J. Wallstedt,30,0/0,0/0,0/0,0/0,,0,0,0,0,0,00:00,False,,0,0,2025021155,20252026,2026-03-28
away,30,MIN,8479406,F. Gustavsson,32,21/26,3/3,1/1,25/30,0.8333,5,0,0,0,5,57:48,True,L,30,25,2025021155,20252026,2026-03-28
home,6,BOS,8480280,J. Swayman,1,23/25,5/6,3/3,31/34,0.9118,2,1,0,0,3,60:00,True,W,34,31,2025021155,20252026,2026-03-28
home,6,BOS,8476914,J. Korpisalo,70,0/0,0/0,0/0,0/0,,0,0,0,0,0,00:00,False,,0,0,2025021155,20252026,2026-03-28
away,25,DAL,8479193,C. DeSmith,1,0/0,0/0,0/0,0/0,,0,0,0,0,0,00:00,False,,0,0,2025021156,20252026,2026-03-28
away,25,DAL,8479979,J. Oettinger,29,7/9,2/3,0/0,9/12,0.75,2,1,0,0,3,59:23,True,W,12,9,2025021156,20252026,2026-03-28
home,5,PIT,8481668,A. Silovs,37,0/0,0/0,0/0,0/0,,0,0,0,0,0,00:00,False,,0,0,2025021156,20252026,2026-03-28
home,5,PIT,8479973,S. Skinner,74,14/16,6/8,0/0,20/24,0.8333,2,2,0,0,4,58:32,True,L,24,20,2025021156,20252026,2026-03-28
away,1,NJD,8474593,J. Markstrom,25,28/31,0/1,1/1,29/33,0.8788,3,1,0,0,4,58:09,True,L,33,29,2025021157,20252026,2026-03-28
away,1,NJD,8474596,J. Allen,34,0/0,0/0,0/0,0/0,,0,0,0,0,0,00:00,False,,0,0,2025021157,20252026,2026-03-28
home,12,CAR,8475883,F. Andersen,31,0/0,0/0,0/0,0/0,,0,0,0,0,0,00:00,False,,0,0,2025021157,20252026,2026-03-28
home,12,CAR,8483548,B. Bussi,32,12/14,5/5,0/0,17/19,0.8947,2,0,0,0,2,60:00,True,W,19,17,2025021157,20252026,2026-03-28
away,28,SJS,8477968,A. Nedeljkovic,33,21/23,1/1,0/0,22/24,0.9167,2,0,0,0,2,59:31,True,W,24,22,2025021158,20252026,2026-03-28
away,28,SJS,8476316,L. Brossoit,93,0/0,0/0,0/0,0/0,,0,0,0,0,0,00:00,False,,0,0,2025021158,20252026,2026-03-28
home,29,CBJ,8482982,J. Greaves,73,0/0,0/0,0/0,0/0,,0,0,0,0,0,00:00,False,,0,0,2025021158,20252026,2026-03-28
home,29,CBJ,8478007,E. Merzlikins,90,31/33,1/2,1/1,33/36,0.9167,2,1,0,0,3,59:10,True,L,36,33,2025021158,20252026,2026-03-28
away,55,SEA,8475831,P. Grubauer,31,30/31,3/4,1/1,34/36,0.9444,1,1,0,0,2,65:00,True,O,36,34,2025021159,20252026,2026-03-28
away,55,SEA,8478916,J. Daccord,35,0/0,0/0,0/0,0/0,,0,0,0,0,0,00:00,False,,0,0,2025021159,20252026,2026-03-28
home,7,BUF,8480045,U. Luukkonen,1,27/29,5/5,0/0,32/34,0.9412,2,0,0,0,2,65:00,True,W,34,32,2025021159,20252026,2026-03-28
home,7,BUF,8481551,C. Ellis,92,0/0,0/0,0/0,0/0,,0,0,0,0,0,00:00,False,,0,0,2025021159,20252026,2026-03-28
away,10,TOR,8476932,A. Stolarz,41,0/0,0/0,0/0,0/0,,0,0,0,0,0,00:00,False,,0,0,2025021160,20252026,2026-03-28
away,10,TOR,8479361,J. Woll,60,32/35,1/2,0/1,33/38,0.8684,3,1,1,0,5,59:54,True,L,38,33,2025021160,20252026,2026-03-28
home,19,STL,8480981,J. Hofer,30,0/0,0/0,0/0,0/0,,0,0,0,0,0,00:00,False,,0,0,2025021160,20252026,2026-03-28
home,19,STL,8476412,J. Binnington,50,11/12,0/0,1/1,12/13,0.9231,1,0,0,0,1,60:00,True,W,13,12,2025021160,20252026,2026-03-28
away,8,MTL,8484170,J. Fowler,32,18/19,5/5,0/0,23/24,0.9583,1,0,0,0,1,60:00,True,W,24,23,2025021161,20252026,2026-03-28
away,8,MTL,8482487,J. Dobes,75,0/0,0/0,0/0,0/0,,0,0,0,0,0,00:00,False,,0,0,2025021161,20252026,2026-03-28
home,18,NSH,8481020,J. Annunen,29,0/0,0/0,0/0,0/0,,0,0,0,0,0,00:00,False,,0,0,2025021161,20252026,2026-03-28
home,18,NSH,8477424,J. Saros,74,22/26,3/3,3/3,28/32,0.875,4,0,0,0,4,60:00,True,L,32,28,2025021161,20252026,2026-03-28
away,52,WPG,8477480,E. Comrie,1,0/0,0/0,0/0,0/0,,0,0,0,0,0,00:00,False,,0,0,2025021162,20252026,2026-03-28
away,52,WPG,8476945,C. Hellebuyck,37,21/22,0/1,0/0,21/23,0.913,1,1,0,0,2,60:00,True,W,23,21,2025021162,20252026,2026-03-28
home,21,COL,8478406,M. Blackwood,39,16/19,1/1,0/0,17/20,0.85,3,0,0,0,3,57:49,True,L,20,17,2025021162,20252026,2026-03-28
home,21,COL,8475809,S. Wedgewood,41,0/0,0/0,0/0,0/0,,0,0,0,0,0,00:00,False,,0,0,2025021162,20252026,2026-03-28
away,4,PHI,8481035,S. Ersson,33,0/0,0/0,0/0,0/0,,0,0,0,0,0,00:00,False,,0,0,2025021163,20252026,2026-03-28
away,4,PHI,8478435,D. Vladar,80,29/32,3/3,0/0,32/35,0.9143,3,0,0,0,3,59:46,True,W,35,32,2025021163,20252026,2026-03-28
home,17,DET,8476434,J. Gibson,36,15/17,2/4,0/0,17/21,0.8095,2,2,0,0,4,47:19,True,L,21,17,2025021163,20252026,2026-03-28
home,17,DET,8475660,C. Talbot,39,4/4,0/0,0/0,4/4,1.0,0,0,0,0,0,09:28,False,,4,4,2025021163,20252026,2026-03-28
away,68,UTA,8477970,V. Vanecek,41,0/0,0/0,0/0,0/0,,0,0,0,0,0,00:00,False,,0,0,2025021164,20252026,2026-03-28
away,68,UTA,8478872,K. Vejmelka,70,26/28,3/3,0/0,29/31,0.9355,2,0,0,0,2,60:00,True,W,31,29,2025021164,20252026,2026-03-28
home,26,LAK,8476341,A. Forsberg,31,9/9,2/2,0/0,11/11,1.0,0,0,0,0,0,19:34,False,,11,11,2025021164,20252026,2026-03-28
home,26,LAK,8475311,D. Kuemper,35,10/13,1/3,0/0,11/16,0.6875,3,2,0,0,5,39:58,True,L,16,11,2025021164,20252026,2026-03-28
away,23,VAN,8480947,K. Lankinen,32,8/9,1/3,0/0,9/12,0.75,1,2,0,0,3,32:45,False,,12,9,2025021165,20252026,2026-03-28
away,23,VAN,8484268,N. Tolopilo,60,5/9,1/1,1/1,7/11,0.6364,4,0,0,0,4,24:36,True,L,11,7,2025021165,20252026,2026-03-28
home,20,CGY,8482445,D. Cooley,1,0/0,0/0,0/0,0/0,,0,0,0,0,0,00:00,False,,0,0,2025021165,20252026,2026-03-28
home,20,CGY,8481692,D. Wolf,32,25/27,5/6,1/1,31/34,0.9118,2,1,0,0,3,60:00,True,W,34,31,2025021165,20252026,2026-03-28
away,15,WSH,8480313,L. Thompson,48,23/24,1/2,1/3,25/29,0.8621,1,1,2,0,4,65:00,True,W,29,25,2025021166,20252026,2026-03-28
away,15,WSH,8479292,C. Lindgren,79,0/0,0/0,0/0,0/0,,0,0,0,0,0,00:00,False,,0,0,2025021166,20252026,2026-03-28
home,54,VGK,8478499,A. Hill,33,14/16,4/6,0/0,18/22,0.8182,2,2,0,0,4,64:52,True,O,22,18,2025021166,20252026,2026-03-28
home,54,VGK,8481033,A. Schmid,40,0/0,0/0,0/0,0/0,,0,0,0,0,0,00:00,False,,0,0,2025021166,20252026,2026-03-28
away,13,FLA,8480193,D. Tarasov,40,0/0,0/0,0/0,0/0,,0,0,0,0,0,00:00,False,,0,0,2025021167,20252026,2026-03-29
away,13,FLA,8475683,S. Bobrovsky,72,18/19,1/1,0/1,19/21,0.9048,1,0,1,0,2,58:34,True,L,21,19,2025021167,20252026,2026-03-29
home,3,NYR,8478048,I. Shesterkin,31,20/21,6/6,0/0,26/27,0.963,1,0,0,0,1,60:00,True,W,27,26,2025021167,20252026,2026-03-29
home,3,NYR,8482193,D. Garand,33,0/0,0/0,0/0,0/0,,0,0,0,0,0,00:00,False,,0,0,2025021167,20252026,2026-03-29
away,18,NSH,8481020,J. Annunen,29,19/22,5/5,1/1,25/28,0.8929,3,0,0,0,3,58:54,True,L,28,25,2025021168,20252026,2026-03-29
away,18,NSH,8477424,J. Saros,74,0/0,0/0,0/0,0/0,,0,0,0,0,0,00:00,False,,0,0,2025021168,20252026,2026-03-29
home,14,TBL,8477992,J. Johansson,31,23/25,4/4,2/2,29/31,0.9355,2,0,0,0,2,60:00,True,W,31,29,2025021168,20252026,2026-03-29
home,14,TBL,8476883,A. Vasilevskiy,88,0/0,0/0,0/0,0/0,,0,0,0,0,0,00:00,False,,0,0,2025021168,20252026,2026-03-29
away,8,MTL,8484170,J. Fowler,32,0/0,0/0,0/0,0/0,,0,0,0,0,0,00:00,False,,0,0,2025021169,20252026,2026-03-29
away,8,MTL,8482487,J. Dobes,75,30/30,2/3,2/2,34/35,0.9714,0,1,0,0,1,60:00,True,W,35,34,2025021169,20252026,2026-03-29
home,12,CAR,8475883,F. Andersen,31,5/7,10/11,0/0,15/18,0.8333,2,1,0,0,3,55:52,True,L,18,15,2025021169,20252026,2026-03-29
home,12,CAR,8483548,B. Bussi,32,0/0,0/0,0/0,0/0,,0,0,0,0,0,00:00,False,,0,0,2025021169,20252026,2026-03-29
away,6,BOS,8480280,J. Swayman,1,21/23,1/2,0/0,22/25,0.88,2,1,0,0,3,63:14,True,W,25,22,2025021170,20252026,2026-03-29
away,6,BOS,8476914,J. Korpisalo,70,0/0,0/0,0/0,0/0,,0,0,0,0,0,00:00,False,,0,0,2025021170,20252026,2026-03-29
home,29,CBJ,8482982,J. Greaves,73,33/34,3/5,0/0,36/39,0.9231,1,2,0,0,3,65:00,True,O,39,36,2025021170,20252026,2026-03-29
home,29,CBJ,8478007,E. Merzlikins,90,0/0,0/0,0/0,0/0,,0,0,0,0,0,00:00,False,,0,0,2025021170,20252026,2026-03-29
away,16,CHI,8481519,S. Knight,30,32/35,2/3,1/1,35/39,0.8974,3,1,0,0,4,59:02,True,L,39,35,2025021171,20252026,2026-03-29
away,16,CHI,8482821,A. Soderblom,40,0/0,0/0,0/0,0/0,,0,0,0,0,0,00:00,False,,0,0,2025021171,20252026,2026-03-29
home,1,NJD,8474593,J. Markstrom,25,0/0,0/0,0/0,0/0,,0,0,0,0,0,00:00,False,,0,0,2025021171,20252026,2026-03-29
home,1,NJD,8474596,J. Allen,34,24/26,4/5,0/0,28/31,0.9032,2,1,0,0,3,60:00,True,W,31,28,2025021171,20252026,2026-03-29
away,25,DAL,8479193,C. DeSmith,1,25/26,3/4,0/0,28/30,0.9333,1,1,0,0,2,63:27,True,O,30,28,2025021172,20252026,2026-03-29
away,25,DAL,8479979,J. Oettinger,29,0/0,0/0,0/0,0/0,,0,0,0,0,0,00:00,False,,0,0,2025021172,20252026,2026-03-29
home,4,PHI,8481035,S. Ersson,33,15/15,1/1,1/2,17/18,0.9444,0,0,1,0,1,63:27,True,W,18,17,2025021172,20252026,2026-03-29
home,4,PHI,8478435,D. Vladar,80,0/0,0/0,0/0,0/0,,0,0,0,0,0,00:00,False,,0,0,2025021172,20252026,2026-03-29
away,5,PIT,8481668,A. Silovs,37,19/21,0/1,1/1,20/23,0.8696,2,1,0,0,3,60:00,True,W,23,20,2025021173,20252026,2026-03-30
away,5,PIT,8479973,S. Skinner,74,0/0,0/0,0/0,0/0,,0,0,0,0,0,00:00,False,,0,0,2025021173,20252026,2026-03-30
home,2,NYI,8478009,I. Sorokin,30,22/28,0/0,0/1,22/29,0.7586,6,0,1,0,7,47:54,True,L,29,22,2025021173,20252026,2026-03-30
home,2,NYI,8479496,D. Rittich,33,2/3,0/0,0/0,2/3,0.6667,1,0,0,0,1,12:06,False,,3,2,2025021173,20252026,2026-03-30
away,20,CGY,8482445,D. Cooley,1,26/30,2/3,0/0,28/33,0.8485,4,1,0,0,5,50:41,False,,33,28,2025021174,20252026,2026-03-30
away,20,CGY,8481692,D. Wolf,32,11/13,1/3,0/0,12/16,0.75,2,2,0,0,4,09:19,True,L,16,12,2025021174,20252026,2026-03-30
home,21,COL,8478406,M. Blackwood,39,0/0,0/0,0/0,0/0,,0,0,0,0,0,00:00,False,,0,0,2025021174,20252026,2026-03-30
home,21,COL,8475809,S. Wedgewood,41,25/27,1/1,1/1,27/29,0.931,2,0,0,0,2,60:00,True,W,29,27,2025021174,20252026,2026-03-30
away,23,VAN,8480947,K. Lankinen,32,28/31,2/2,0/0,30/33,0.9091,3,0,0,0,3,58:44,True,L,33,30,2025021175,20252026,2026-03-30
away,23,VAN,8484268,N. Tolopilo,60,0/0,0/0,0/0,0/0,,0,0,0,0,0,00:00,False,,0,0,2025021175,20252026,2026-03-30
home,54,VGK,8478499,A. Hill,33,17/18,1/2,4/4,22/24,0.9167,1,1,0,0,2,59:51,True,W,24,22,2025021175,20252026,2026-03-30
home,54,VGK,8481033,A. Schmid,40,0/0,0/0,0/0,0/0,,0,0,0,0,0,00:00,False,,0,0,2025021175,20252026,2026-03-30
away,10,TOR,8476932,A. Stolarz,41,23/26,5/6,0/0,28/32,0.875,3,1,0,0,4,64:45,True,W,32,28,2025021176,20252026,2026-03-30
away,10,TOR,8479361,J. Woll,60,0/0,0/0,0/0,0/0,,0,0,0,0,0,00:00,False,,0,0,2025021176,20252026,2026-03-30
home,24,ANA,8480843,L. Dostal,1,0/0,0/0,0/0,0/0,,0,0,0,0,0,00:00,False,,0,0,2025021176,20252026,2026-03-30
home,24,ANA,8478024,V. Husso,33,18/21,5/7,1/1,24/29,0.8276,3,2,0,0,5,64:55,True,O,29,24,2025021176,20252026,2026-03-30
away,19,STL,8480981,J. Hofer,30,19/21,4/7,1/1,24/29,0.8276,2,3,0,0,5,59:27,True,L,29,24,2025021177,20252026,2026-03-30
away,19,STL,8476412,J. Binnington,50,0/0,0/0,0/0,0/0,,0,0,0,0,0,00:00,False,,0,0,2025021177,20252026,2026-03-30
home,28,SJS,8482137,Y. Askarov,30,20/22,2/4,0/0,22/26,0.8462,2,2,0,2,4,60:00,True,W,26,22,2025021177,20252026,2026-03-30
home,28,SJS,8477968,A. Nedeljkovic,33,0/0,0/0,0/0,0/0,,0,0,0,0,0,00:00,False,,0,0,2025021177,20252026,2026-03-30
away,25,DAL,8479193,C. DeSmith,1,0/0,0/0,0/0,0/0,,0,0,0,0,0,00:00,False,,0,0,2025021178,20252026,2026-03-31
away,25,DAL,8479979,J. Oettinger,29,16/19,0/1,2/2,18/22,0.8182,3,1,0,0,4,58:10,True,L,22,18,2025021178,20252026,2026-03-31
home,6,BOS,8480280,J. Swayman,1,0/0,0/0,0/0,0/0,,0,0,0,0,0,00:00,False,,0,0,2025021178,20252026,2026-03-31
home,6,BOS,8476914,J. Korpisalo,70,12/14,0/1,1/1,13/16,0.8125,2,1,0,0,3,60:00,True,W,16,13,2025021178,20252026,2026-03-31
away,2,NYI,8478009,I. Sorokin,30,25/26,4/6,0/0,29/32,0.9062,1,2,0,0,3,57:52,True,L,32,29,2025021179,20252026,2026-03-31
away,2,NYI,8479496,D. Rittich,33,0/0,0/0,0/0,0/0,,0,0,0,0,0,00:00,False,,0,0,2025021179,20252026,2026-03-31
home,7,BUF,8480045,U. Luukkonen,1,21/23,2/3,2/2,25/28,0.8929,2,1,0,0,3,59:41,True,W,28,25,2025021179,20252026,2026-03-31
home,7,BUF,8479312,A. Lyon,34,0/0,0/0,0/0,0/0,,0,0,0,0,0,00:00,False,,0,0,2025021179,20252026,2026-03-31
away,8,MTL,8484170,J. Fowler,32,0/0,0/0,0/0,0/0,,0,0,0,0,0,00:00,False,,0,0,2025021180,20252026,2026-03-31
away,8,MTL,8482487,J. Dobes,75,25/26,10/10,1/1,36/37,0.973,1,0,0,0,1,60:00,True,W,37,36,2025021180,20252026,2026-03-31
home,14,TBL,8477992,J. Johansson,31,0/0,0/0,0/0,0/0,,0,0,0,0,0,00:00,False,,0,0,2025021180,20252026,2026-03-31
home,14,TBL,8476883,A. Vasilevskiy,88,16/17,2/3,1/1,19/21,0.9048,1,1,0,0,2,57:40,True,L,21,19,2025021180,20252026,2026-03-31
away,9,OTT,8476999,L. Ullmark,35,2/5,9/11,0/0,11/16,0.6875,3,2,0,0,5,14:36,True,L,16,11,2025021181,20252026,2026-03-31
away,9,OTT,8473503,J. Reimer,47,10/11,0/0,2/2,12/13,0.9231,1,0,0,0,1,41:57,False,,13,12,2025021181,20252026,2026-03-31
home,13,FLA,8480193,D. Tarasov,40,15/18,7/7,1/1,23/26,0.8846,3,0,0,0,3,60:00,True,W,26,23,2025021181,20252026,2026-03-31
home,13,FLA,8475683,S. Bobrovsky,72,0/0,0/0,0/0,0/0,,0,0,0,0,0,00:00,False,,0,0,2025021181,20252026,2026-03-31
away,1,NJD,8474593,J. Markstrom,25,18/21,1/2,0/0,19/23,0.8261,3,1,0,7,4,60:00,True,L,23,19,2025021182,20252026,2026-03-31
away,1,NJD,8474596,J. Allen,34,0/0,0/0,0/0,0/0,,0,0,0,0,0,00:00,False,,0,0,2025021182,20252026,2026-03-31
home,3,NYR,8478048,I. Shesterkin,31,18/18,3/4,1/1,22/23,0.9565,0,1,0,7,1,60:00,True,W,23,22,2025021182,20252026,2026-03-31
home,3,NYR,8482193,D. Garand,33,0/0,0/0,0/0,0/0,,0,0,0,0,0,00:00,False,,0,0,2025021182,20252026,2026-03-31
away,17,DET,8476434,J. Gibson,36,9/12,2/2,0/0,11/14,0.7857,3,0,0,0,3,20:00,True,L,14,11,2025021183,20252026,2026-03-31
away,17,DET,8475660,C. Talbot,39,10/12,6/6,0/0,16/18,0.8889,2,0,0,0,2,39:58,False,,18,16,2025021183,20252026,2026-03-31
home,5,PIT,8481668,A. Silovs,37,0/0,0/0,0/0,0/0,,0,0,0,0,0,00:00,False,,0,0,2025021183,20252026,2026-03-31
home,5,PIT,8479973,S. Skinner,74,20/20,1/2,1/1,22/23,0.9565,0,1,0,0,1,60:00,True,W,23,22,2025021183,20252026,2026-03-31
away,4,PHI,8481035,S. Ersson,33,0/0,0/0,0/0,0/0,,0,0,0,0,0,00:00,False,,0,0,2025021184,20252026,2026-03-31
away,4,PHI,8478435,D. Vladar,80,9/12,2/4,1/1,12/17,0.7059,3,2,0,0,5,57:54,True,L,17,12,2025021184,20252026,2026-03-31
home,15,WSH,8480313,L. Thompson,48,15/19,4/4,1/1,20/24,0.8333,4,0,0,0,4,59:55,True,W,24,20,2025021184,20252026,2026-03-31
home,15,WSH,8479292,C. Lindgren,79,0/0,0/0,0/0,0/0,,0,0,0,0,0,00:00,False,,0,0,2025021184,20252026,2026-03-31
away,12,CAR,8475883,F. Andersen,31,0/0,0/0,0/0,0/0,,0,0,0,0,0,00:00,False,,0,0,2025021185,20252026,2026-03-31
away,12,CAR,8483548,B. Bussi,32,18/20,5/5,0/0,23/25,0.92,2,0,0,0,2,59:42,True,W,25,23,2025021185,20252026,2026-03-31
home,29,CBJ,8482982,J. Greaves,73,25/26,3/6,0/0,28/32,0.875,1,3,0,0,4,58:55,True,L,32,28,2025021185,20252026,2026-03-31
home,29,CBJ,8478007,E. Merzlikins,90,0/0,0/0,0/0,0/0,,0,0,0,0,0,00:00,False,,0,0,2025021185,20252026,2026-03-31
away,52,WPG,8477480,E. Comrie,1,0/0,0/0,0/0,0/0,,0,0,0,0,0,00:00,False,,0,0,2025021186,20252026,2026-03-31
away,52,WPG,8476945,C. Hellebuyck,37,16/19,2/2,0/0,18/21,0.8571,3,0,0,0,3,60:33,True,W,21,18,2025021186,20252026,2026-03-31
home,16,CHI,8481519,S. Knight,30,20/23,0/1,0/0,20/24,0.8333,3,1,0,0,4,60:33,True,O,24,20,2025021186,20252026,2026-03-31
home,16,CHI,8482821,A. Soderblom,40,0/0,0/0,0/0,0/0,,0,0,0,0,0,00:00,False,,0,0,2025021186,20252026,2026-03-31
away,55,SEA,8475831,P. Grubauer,31,17/19,2/2,2/2,21/23,0.913,2,0,0,0,2,59:31,True,L,23,21,2025021187,20252026,2026-03-31
away,55,SEA,8478916,J. Daccord,35,0/0,0/0,0/0,0/0,,0,0,0,0,0,00:00,False,,0,0,2025021187,20252026,2026-03-31
home,22,EDM,8477465,T. Jarry,35,0/0,0/0,0/0,0/0,,0,0,0,0,0,00:00,False,,0,0,2025021187,20252026,2026-03-31
home,22,EDM,8478971,C. Ingram,39,21/21,6/6,0/0,27/27,1.0,0,0,0,0,0,60:00,True,W,27,27,2025021187,20252026,2026-03-31
away,23,VAN,8480947,K. Lankinen,32,20/26,3/3,1/1,24/30,0.8,6,0,0,0,6,60:00,True,W,30,24,2025021188,20252026,2026-04-01
away,23,VAN,8484268,N. Tolopilo,60,0/0,0/0,0/0,0/0,,0,0,0,0,0,00:00,False,,0,0,2025021188,20252026,2026-04-01
home,21,COL,8478406,M. Blackwood,39,11/15,2/3,0/1,13/19,0.6842,4,1,1,0,6,35:21,True,,19,13,2025021188,20252026,2026-04-01
home,21,COL,8475809,S. Wedgewood,41,5/6,0/0,0/0,5/6,0.8333,1,0,0,0,1,22:24,False,L,6,5,2025021188,20252026,2026-04-01
away,19,STL,8480981,J. Hofer,30,0/0,0/0,0/0,0/0,,0,0,0,0,0,00:00,False,,0,0,2025021189,20252026,2026-04-01
away,19,STL,8476412,J. Binnington,50,24/25,0/1,0/0,24/26,0.9231,1,1,0,0,2,61:56,True,O,26,24,2025021189,20252026,2026-04-01
home,26,LAK,8476341,A. Forsberg,31,20/21,3/3,0/0,23/24,0.9583,1,0,0,0,1,61:56,True,W,24,23,2025021189,20252026,2026-04-01
home,26,LAK,8475311,D. Kuemper,35,0/0,0/0,0/0,0/0,,0,0,0,0,0,00:00,False,,0,0,2025021189,20252026,2026-04-01
away,24,ANA,8480843,L. Dostal,1,16/19,1/2,0/0,17/21,0.8095,3,1,0,0,4,59:45,True,L,21,17,2025021190,20252026,2026-04-01
away,24,ANA,8478024,V. Husso,33,0/0,0/0,0/0,0/0,,0,0,0,0,0,00:00,False,,0,0,2025021190,20252026,2026-04-01
home,28,SJS,8482137,Y. Askarov,30,21/24,5/5,2/2,28/31,0.9032,3,0,0,0,3,59:15,True,W,31,28,2025021190,20252026,2026-04-01
home,28,SJS,8477968,A. Nedeljkovic,33,0/0,0/0,0/0,0/0,,0,0,0,0,0,00:00,False,,0,0,2025021190,20252026,2026-04-01
away,7,BUF,8480045,U. Luukkonen,1,16/18,4/4,0/0,20/22,0.9091,2,0,0,0,2,58:42,True,L,22,20,2025021191,20252026,2026-04-02
away,7,BUF,8479312,A. Lyon,34,0/0,0/0,0/0,0/0,,0,0,0,0,0,00:00,False,,0,0,2025021191,20252026,2026-04-02
home,9,OTT,8476999,L. Ullmark,35,18/19,3/3,0/0,21/22,0.9545,1,0,0,0,1,60:00,True,W,22,21,2025021191,20252026,2026-04-02
home,9,OTT,8473503,J. Reimer,47,0/0,0/0,0/0,0/0,,0,0,0,0,0,00:00,False,,0,0,2025021191,20252026,2026-04-02
away,5,PIT,8481668,A. Silovs,37,0/0,0/0,0/0,0/0,,0,0,0,0,0,00:00,False,,0,0,2025021192,20252026,2026-04-02
away,5,PIT,8479973,S. Skinner,74,24/28,1/1,2/3,27/32,0.8438,4,0,1,0,5,59:23,True,L,32,27,2025021192,20252026,2026-04-02
home,14,TBL,8477992,J. Johansson,31,0/0,0/0,0/0,0/0,,0,0,0,0,0,00:00,False,,0,0,2025021192,20252026,2026-04-02
home,14,TBL,8476883,A. Vasilevskiy,88,19/21,1/2,1/1,21/24,0.875,2,1,0,0,3,58:50,True,W,24,21,2025021192,20252026,2026-04-02
away,6,BOS,8480280,J. Swayman,1,20/22,0/0,2/2,22/24,0.9167,2,0,0,0,2,58:18,True,L,24,22,2025021193,20252026,2026-04-02
away,6,BOS,8476914,J. Korpisalo,70,0/0,0/0,0/0,0/0,,0,0,0,0,0,00:00,False,,0,0,2025021193,20252026,2026-04-02
home,13,FLA,8480193,D. Tarasov,40,0/0,0/0,0/0,0/0,,0,0,0,0,0,00:00,False,,0,0,2025021193,20252026,2026-04-02
home,13,FLA,8475683,S. Bobrovsky,72,24/25,3/3,1/1,28/29,0.9655,1,0,0,0,1,60:00,True,W,29,28,2025021193,20252026,2026-04-02
away,15,WSH,8480313,L. Thompson,48,18/23,3/4,2/2,23/29,0.7931,5,1,0,0,6,58:10,True,L,29,23,2025021194,20252026,2026-04-02
away,15,WSH,8479292,C. Lindgren,79,0/0,0/0,0/0,0/0,,0,0,0,0,0,00:00,False,,0,0,2025021194,20252026,2026-04-02
home,1,NJD,8474593,J. Markstrom,25,0/0,0/0,0/0,0/0,,0,0,0,0,0,00:00,False,,0,0,2025021194,20252026,2026-04-02
home,1,NJD,8474596,J. Allen,34,25/27,4/5,0/0,29/32,0.9062,2,1,0,0,3,60:00,True,W,32,29,2025021194,20252026,2026-04-02
away,8,MTL,8484170,J. Fowler,32,17/19,5/5,0/0,22/24,0.9167,2,0,0,0,2,60:00,True,W,24,22,2025021195,20252026,2026-04-02
away,8,MTL,8482487,J. Dobes,75,0/0,0/0,0/0,0/0,,0,0,0,0,0,00:00,False,,0,0,2025021195,20252026,2026-04-02
home,3,NYR,8478048,I. Shesterkin,31,19/22,2/2,1/1,22/25,0.88,3,0,0,0,3,57:59,True,L,25,22,2025021195,20252026,2026-04-02
home,3,NYR,8471734,J. Quick,32,0/0,0/0,0/0,0/0,,0,0,0,0,0,00:00,False,,0,0,2025021195,20252026,2026-04-02
away,17,DET,8476434,J. Gibson,36,27/29,5/5,0/0,32/34,0.9412,2,0,0,0,2,60:00,True,W,34,32,2025021196,20252026,2026-04-02
away,17,DET,8475660,C. Talbot,39,0/0,0/0,0/0,0/0,,0,0,0,0,0,00:00,False,,0,0,2025021196,20252026,2026-04-02
home,4,PHI,8481035,S. Ersson,33,13/16,2/3,0/0,15/19,0.7895,3,1,0,0,4,57:23,True,L,19,15,2025021196,20252026,2026-04-02
home,4,PHI,8478435,D. Vladar,80,0/0,0/0,0/0,0/0,,0,0,0,0,0,00:00,False,,0,0,2025021196,20252026,2026-04-02
away,29,CBJ,8482982,J. Greaves,73,0/0,0/0,0/0,0/0,,0,0,0,0,0,00:00,False,,0,0,2025021197,20252026,2026-04-02
away,29,CBJ,8478007,E. Merzlikins,90,15/18,0/1,1/2,16/21,0.7619,3,1,1,0,5,59:53,True,L,21,16,2025021197,20252026,2026-04-02
home,12,CAR,8475883,F. Andersen,31,8/9,1/1,0/0,9/10,0.9,1,0,0,0,1,60:00,True,W,10,9,2025021197,20252026,2026-04-02
home,12,CAR,8483548,B. Bussi,32,0/0,0/0,0/0,0/0,,0,0,0,0,0,00:00,False,,0,0,2025021197,20252026,2026-04-02
away,52,WPG,8477480,E. Comrie,1,0/0,0/0,0/0,0/0,,0,0,0,0,0,00:00,False,,0,0,2025021198,20252026,2026-04-02
away,52,WPG,8476945,C. Hellebuyck,37,18/20,0/1,0/0,18/21,0.8571,2,1,0,0,3,57:19,True,L,21,18,2025021198,20252026,2026-04-02
home,25,DAL,8479193,C. DeSmith,1,0/0,0/0,0/0,0/0,,0,0,0,0,0,00:00,False,,0,0,2025021198,20252026,2026-04-02
home,25,DAL,8479979,J. Oettinger,29,19/19,3/3,0/0,22/22,1.0,0,0,0,0,0,60:00,True,W,22,22,2025021198,20252026,2026-04-02
away,23,VAN,8480947,K. Lankinen,32,0/0,0/0,0/0,0/0,,0,0,0,0,0,00:00,False,,0,0,2025021199,20252026,2026-04-02
away,23,VAN,8484268,N. Tolopilo,60,32/36,2/2,0/0,34/38,0.8947,4,0,0,0,4,57:17,True,L,38,34,2025021199,20252026,2026-04-02
home,30,MIN,8482661,J. Wallstedt,30,0/0,0/0,0/0,0/0,,0,0,0,0,0,00:00,False,,0,0,2025021199,20252026,2026-04-02
home,30,MIN,8479406,F. Gustavsson,32,30/31,1/2,0/0,31/33,0.9394,1,1,0,0,2,60:00,True,W,33,31,2025021199,20252026,2026-04-02
away,16,CHI,8481519,S. Knight,30,22/22,9/10,1/1,32/33,0.9697,0,1,0,0,1,53:21,True,L,33,32,2025021200,20252026,2026-04-02
away,16,CHI,8482821,A. Soderblom,40,4/5,0/0,0/0,4/5,0.8,1,0,0,0,1,04:57,False,,5,4,2025021200,20252026,2026-04-02
home,22,EDM,8477465,T. Jarry,35,14/15,2/2,1/1,17/18,0.9444,1,0,0,0,1,59:37,True,W,18,17,2025021200,20252026,2026-04-02
home,22,EDM,8478971,C. Ingram,39,0/0,0/0,0/0,0/0,,0,0,0,0,0,00:00,False,,0,0,2025021200,20252026,2026-04-02
away,20,CGY,8482445,D. Cooley,1,0/0,0/0,0/0,0/0,,0,0,0,0,0,00:00,False,,0,0,2025021201,20252026,2026-04-02
away,20,CGY,8481692,D. Wolf,32,20/25,8/9,0/0,28/34,0.8235,5,1,0,0,6,59:11,True,L,34,28,2025021201,20252026,2026-04-02
home,54,VGK,8478499,A. Hill,33,0/0,0/0,0/0,0/0,,0,0,0,0,0,00:00,False,,0,0,2025021201,20252026,2026-04-02
home,54,VGK,8479394,C. Hart,79,15/18,3/3,1/1,19/22,0.8636,3,0,0,0,3,59:54,True,W,22,19,2025021201,20252026,2026-04-02
away,10,TOR,8476932,A. Stolarz,41,15/18,5/5,1/1,21/24,0.875,3,0,0,0,3,57:17,True,L,24,21,2025021202,20252026,2026-04-02
away,10,TOR,8479361,J. Woll,60,0/0,0/0,0/0,0/0,,0,0,0,0,0,00:00,False,,0,0,2025021202,20252026,2026-04-02
home,28,SJS,8482137,Y. Askarov,30,0/0,0/0,0/0,0/0,,0,0,0,0,0,00:00,False,,0,0,2025021202,20252026,2026-04-02
home,28,SJS,8477968,A. Nedeljkovic,33,17/17,0/1,2/2,19/20,0.95,0,1,0,0,1,60:00,True,W,20,19,2025021202,20252026,2026-04-02
away,68,UTA,8477970,V. Vanecek,41,0/0,0/0,0/0,0/0,,0,0,0,0,0,00:00,False,,0,0,2025021203,20252026,2026-04-02
away,68,UTA,8478872,K. Vejmelka,70,20/22,4/4,1/1,25/27,0.9259,2,0,0,0,2,59:51,True,W,27,25,2025021203,20252026,2026-04-02
home,55,SEA,8475831,P. Grubauer,31,0/0,0/0,0/0,0/0,,0,0,0,0,0,00:00,False,,0,0,2025021203,20252026,2026-04-02
home,55,SEA,8478916,J. Daccord,35,24/27,1/4,0/0,25/31,0.8065,3,3,0,0,6,59:55,True,L,31,25,2025021203,20252026,2026-04-02
away,18,NSH,8481020,J. Annunen,29,0/0,0/0,0/0,0/0,,0,0,0,0,0,00:00,False,,0,0,2025021204,20252026,2026-04-02
away,18,NSH,8477424,J. Saros,74,24/28,5/5,0/0,29/33,0.8788,4,0,0,0,4,64:45,True,W,33,29,2025021204,20252026,2026-04-02
home,26,LAK,8476341,A. Forsberg,31,0/0,0/0,0/0,0/0,,0,0,0,0,0,00:00,False,,0,0,2025021204,20252026,2026-04-02
home,26,LAK,8475311,D. Kuemper,35,23/27,4/4,3/3,30/34,0.8824,4,0,0,0,4,65:00,True,O,34,30,2025021204,20252026,2026-04-02
away,4,PHI,8481035,S. Ersson,33,0/0,0/0,0/0,0/0,,0,0,0,0,0,00:00,False,,0,0,2025021205,20252026,2026-04-03
away,4,PHI,8478435,D. Vladar,80,16/17,5/5,0/0,21/22,0.9545,1,0,0,0,1,60:00,True,W,22,21,2025021205,20252026,2026-04-03
home,2,NYI,8478009,I. Sorokin,30,13/17,3/3,1/1,17/21,0.8095,4,0,0,0,4,52:50,True,L,21,17,2025021205,20252026,2026-04-03
home,2,NYI,8479496,D. Rittich,33,0/0,0/0,0/0,0/0,,0,0,0,0,0,00:00,False,,0,0,2025021205,20252026,2026-04-03
away,19,STL,8480981,J. Hofer,30,21/23,3/3,1/1,25/27,0.9259,2,0,0,0,2,59:34,True,W,27,25,2025021206,20252026,2026-04-03
away,19,STL,8476412,J. Binnington,50,0/0,0/0,0/0,0/0,,0,0,0,0,0,00:00,False,,0,0,2025021206,20252026,2026-04-03
home,24,ANA,8480843,L. Dostal,1,20/24,3/5,0/0,23/29,0.7931,4,2,0,0,6,59:43,True,L,29,23,2025021206,20252026,2026-04-03
home,24,ANA,8478024,V. Husso,33,0/0,0/0,0/0,0/0,,0,0,0,0,0,00:00,False,,0,0,2025021206,20252026,2026-04-03
away,17,DET,8476434,J. Gibson,36,15/17,1/2,0/0,16/19,0.8421,2,1,0,0,3,55:33,True,L,19,16,2025021207,20252026,2026-04-04
away,17,DET,8475660,C. Talbot,39,0/0,0/0,0/0,0/0,,0,0,0,0,0,00:00,False,,0,0,2025021207,20252026,2026-04-04
home,3,NYR,8478048,I. Shesterkin,31,0/0,0/0,0/0,0/0,,0,0,0,0,0,00:00,False,,0,0,2025021207,20252026,2026-04-04
home,3,NYR,8471734,J. Quick,32,24/25,8/8,0/0,32/33,0.9697,1,0,0,0,1,59:45,True,W,33,32,2025021207,20252026,2026-04-04
away,30,MIN,8482661,J. Wallstedt,30,29/30,4/4,0/0,33/34,0.9706,1,0,0,0,1,60:00,True,W,34,33,2025021208,20252026,2026-04-04
away,30,MIN,8479406,F. Gustavsson,32,0/0,0/0,0/0,0/0,,0,0,0,0,0,00:00,False,,0,0,2025021208,20252026,2026-04-04
home,9,OTT,8476999,L. Ullmark,35,15/19,3/3,1/1,19/23,0.8261,4,0,0,0,4,60:00,True,L,23,19,2025021208,20252026,2026-04-04
home,9,OTT,8473503,J. Reimer,47,0/0,0/0,0/0,0/0,,0,0,0,0,0,00:00,False,,0,0,2025021208,20252026,2026-04-04
away,21,COL,8478406,M. Blackwood,39,0/0,0/0,0/0,0/0,,0,0,0,0,0,00:00,False,,0,0,2025021209,20252026,2026-04-04
away,21,COL,8475809,S. Wedgewood,41,14/14,2/2,1/1,17/17,1.0,0,0,0,0,0,60:00,True,W,17,17,2025021209,20252026,2026-04-04
home,25,DAL,8479193,C. DeSmith,1,19/20,0/0,1/1,20/21,0.9524,1,0,0,0,1,58:17,True,L,21,20,2025021209,20252026,2026-04-04
home,25,DAL,8479979,J. Oettinger,29,0/0,0/0,0/0,0/0,,0,0,0,0,0,00:00,False,,0,0,2025021209,20252026,2026-04-04
away,6,BOS,8480280,J. Swayman,1,16/18,2/2,2/2,20/22,0.9091,2,0,0,0,2,59:16,True,L,22,20,2025021210,20252026,2026-04-04
away,6,BOS,8476914,J. Korpisalo,70,0/0,0/0,0/0,0/0,,0,0,0,0,0,00:00,False,,0,0,2025021210,20252026,2026-04-04
home,14,TBL,8477992,J. Johansson,31,0/0,0/0,0/0,0/0,,0,0,0,0,0,00:00,False,,0,0,2025021210,20252026,2026-04-04
home,14,TBL,8476883,A. Vasilevskiy,88,15/16,6/6,0/0,21/22,0.9545,1,0,0,0,1,60:00,True,W,22,21,2025021210,20252026,2026-04-04
away,13,FLA,8480193,D. Tarasov,40,8/10,1/2,0/0,9/12,0.75,2,1,0,0,3,30:07,False,,12,9,2025021211,20252026,2026-04-04
away,13,FLA,8475683,S. Bobrovsky,72,12/16,1/3,0/0,13/19,0.6842,4,2,0,0,6,29:53,True,L,19,13,2025021211,20252026,2026-04-04
home,5,PIT,8481668,A. Silovs,37,18/22,0/0,1/1,19/23,0.8261,4,0,0,0,4,60:00,True,W,23,19,2025021211,20252026,2026-04-04
home,5,PIT,8479973,S. Skinner,74,0/0,0/0,0/0,0/0,,0,0,0,0,0,00:00,False,,0,0,2025021211,20252026,2026-04-04
away,8,MTL,8478470,S. Montembeault,35,0/0,0/0,0/0,0/0,,0,0,0,0,0,00:00,False,,0,0,2025021212,20252026,2026-04-04
away,8,MTL,8482487,J. Dobes,75,30/32,2/2,3/4,35/38,0.9211,2,0,1,0,3,65:00,True,W,38,35,2025021212,20252026,2026-04-04
home,1,NJD,8474593,J. Markstrom,25,0/0,0/0,0/0,0/0,,0,0,0,0,0,00:00,False,,0,0,2025021212,20252026,2026-04-04
home,1,NJD,8474596,J. Allen,34,23/25,3/4,0/0,26/29,0.8966,2,1,0,0,3,64:53,True,O,29,26,2025021212,20252026,2026-04-04
away,7,BUF,8479312,A. Lyon,34,2/5,0/0,0/0,2/5,0.4,3,0,0,0,3,05:52,True,L,5,2,2025021213,20252026,2026-04-04
away,7,BUF,8481551,C. Ellis,92,18/20,1/1,1/2,20/23,0.8696,2,0,1,0,3,54:08,False,,23,20,2025021213,20252026,2026-04-04
home,15,WSH,8480313,L. Thompson,48,29/31,8/8,0/0,37/39,0.9487,2,0,0,0,2,60:00,True,W,39,37,2025021213,20252026,2026-04-04
home,15,WSH,8479292,C. Lindgren,79,0/0,0/0,0/0,0/0,,0,0,0,0,0,00:00,False,,0,0,2025021213,20252026,2026-04-04
away,2,NYI,8478009,I. Sorokin,30,31/34,5/5,0/1,36/40,0.9,3,0,1,0,4,56:38,True,L,40,36,2025021214,20252026,2026-04-04
away,2,NYI,8479496,D. Rittich,33,0/0,0/0,0/0,0/0,,0,0,0,0,0,00:00,False,,0,0,2025021214,20252026,2026-04-04
home,12,CAR,8475883,F. Andersen,31,0/0,0/0,0/0,0/0,,0,0,0,0,0,00:00,False,,0,0,2025021214,20252026,2026-04-04
home,12,CAR,8483548,B. Bussi,32,11/14,1/1,1/1,13/16,0.8125,3,0,0,0,3,59:47,True,W,16,13,2025021214,20252026,2026-04-04
away,52,WPG,8477480,E. Comrie,1,0/0,0/0,0/0,0/0,,0,0,0,0,0,00:00,False,,0,0,2025021215,20252026,2026-04-04
away,52,WPG,8476945,C. Hellebuyck,37,14/15,1/1,0/0,15/16,0.9375,1,0,0,0,1,59:58,True,W,16,15,2025021215,20252026,2026-04-04
home,29,CBJ,8482982,J. Greaves,73,24/26,0/0,0/0,24/26,0.9231,2,0,0,0,2,58:33,True,L,26,24,2025021215,20252026,2026-04-04
home,29,CBJ,8478007,E. Merzlikins,90,0/0,0/0,0/0,0/0,,0,0,0,0,0,00:00,False,,0,0,2025021215,20252026,2026-04-04
away,68,UTA,8477970,V. Vanecek,41,0/0,0/0,0/0,0/0,,0,0,0,0,0,00:00,False,,0,0,2025021216,20252026,2026-04-04
away,68,UTA,8478872,K. Vejmelka,70,16/18,1/3,2/2,19/23,0.8261,2,2,0,0,4,60:00,True,W,23,19,2025021216,20252026,2026-04-04
home,23,VAN,8480238,J. Patera,30,0/0,0/0,0/0,0/0,,0,0,0,0,0,00:00,False,,0,0,2025021216,20252026,2026-04-04
home,23,VAN,8484268,N. Tolopilo,60,16/21,2/3,0/0,18/24,0.75,5,1,0,0,6,58:21,True,L,24,18,2025021216,20252026,2026-04-04
away,10,TOR,8476932,A. Stolarz,41,0/0,0/0,0/0,0/0,,0,0,0,0,0,00:00,False,,0,0,2025021217,20252026,2026-04-04
away,10,TOR,8479361,J. Woll,60,19/26,13/13,1/1,33/40,0.825,7,0,0,0,7,62:17,True,O,40,33,2025021217,20252026,2026-04-04
home,26,LAK,8476341,A. Forsberg,31,0/0,0/0,0/0,0/0,,0,0,0,0,0,00:00,False,,0,0,2025021217,20252026,2026-04-04
home,26,LAK,8475311,D. Kuemper,35,11/14,2/4,1/2,14/20,0.7,3,2,1,0,6,62:33,True,W,20,14,2025021217,20252026,2026-04-04
away,54,VGK,8478499,A. Hill,33,0/0,0/0,0/0,0/0,,0,0,0,0,0,00:00,False,,0,0,2025021218,20252026,2026-04-04
away,54,VGK,8479394,C. Hart,79,27/28,3/3,1/1,31/32,0.9688,1,0,0,0,1,60:00,True,W,32,31,2025021218,20252026,2026-04-04
home,22,EDM,8477465,T. Jarry,35,0/0,0/0,0/0,0/0,,0,0,0,0,0,00:00,False,,0,0,2025021218,20252026,2026-04-04
home,22,EDM,8478971,C. Ingram,39,26/30,2/3,0/0,28/33,0.8485,4,1,0,0,5,59:42,True,L,33,28,2025021218,20252026,2026-04-04
away,20,CGY,8482445,D. Cooley,1,32/34,4/5,0/0,36/39,0.9231,2,1,0,0,3,60:00,True,W,39,36,2025021219,20252026,2026-04-04
away,20,CGY,8481692,D. Wolf,32,0/0,0/0,0/0,0/0,,0,0,0,0,0,00:00,False,,0,0,2025021219,20252026,2026-04-04
home,24,ANA,8480843,L. Dostal,1,0/0,0/0,0/0,0/0,,0,0,0,0,0,00:00,False,,0,0,2025021219,20252026,2026-04-04
home,24,ANA,8478024,V. Husso,33,14/18,0/0,1/1,15/19,0.7895,4,0,0,0,4,58:28,True,L,19,15,2025021219,20252026,2026-04-04
away,18,NSH,8481020,J. Annunen,29,0/0,0/0,0/0,0/0,,0,0,0,0,0,00:00,False,,0,0,2025021220,20252026,2026-04-04
away,18,NSH,8477424,J. Saros,74,22/25,2/2,0/0,24/27,0.8889,3,0,0,0,3,59:42,True,W,27,24,2025021220,20252026,2026-04-04
home,28,SJS,8482137,Y. Askarov,30,25/27,2/4,1/2,28/33,0.8485,2,2,1,0,5,58:43,True,L,33,28,2025021220,20252026,2026-04-04
home,28,SJS,8477968,A. Nedeljkovic,33,0/0,0/0,0/0,0/0,,0,0,0,0,0,00:00,False,,0,0,2025021220,20252026,2026-04-04
away,16,CHI,8481519,S. Knight,30,0/0,0/0,0/0,0/0,,0,0,0,0,0,00:00,False,,0,0,2025021221,20252026,2026-04-04
away,16,CHI,8482821,A. Soderblom,40,20/22,3/3,2/2,25/27,0.9259,2,0,0,0,2,60:00,True,W,27,25,2025021221,20252026,2026-04-04
home,55,SEA,8476899,M. Murray,30,0/0,0/0,0/0,0/0,,0,0,0,0,0,00:00,False,,0,0,2025021221,20252026,2026-04-04
home,55,SEA,8475831,P. Grubauer,31,22/24,5/6,0/0,27/30,0.9,2,1,0,0,3,58:19,True,L,30,27,2025021221,20252026,2026-04-04
away,30,MIN,8482661,J. Wallstedt,30,0/0,0/0,0/0,0/0,,0,0,0,0,0,00:00,False,,0,0,2025021222,20252026,2026-04-05
away,30,MIN,8479406,F. Gustavsson,32,18/22,2/2,0/0,20/24,0.8333,4,0,0,0,4,60:00,True,W,24,20,2025021222,20252026,2026-04-05
home,17,DET,8476434,J. Gibson,36,0/0,0/0,0/0,0/0,,0,0,0,0,0,00:00,False,,0,0,2025021222,20252026,2026-04-05
home,17,DET,8475660,C. Talbot,39,14/18,1/2,0/0,15/20,0.75,4,1,0,0,5,58:24,True,L,20,15,2025021222,20252026,2026-04-05
away,13,FLA,8480193,D. Tarasov,40,8/12,10/11,0/0,18/23,0.7826,4,1,0,0,5,60:00,True,L,23,18,2025021223,20252026,2026-04-05
away,13,FLA,8475683,S. Bobrovsky,72,0/0,0/0,0/0,0/0,,0,0,0,0,0,00:00,False,,0,0,2025021223,20252026,2026-04-05
home,5,PIT,8481526,T. Gauthier,33,0/0,0/0,0/0,0/0,,0,0,0,0,0,00:00,False,,0,0,2025021223,20252026,2026-04-05
home,5,PIT,8481668,A. Silovs,37,18/19,9/10,2/2,29/31,0.9355,1,1,0,0,2,60:00,True,W,31,29,2025021223,20252026,2026-04-05
away,6,BOS,8480280,J. Swayman,1,0/0,0/0,0/0,0/0,,0,0,0,0,0,00:00,False,,0,0,2025021224,20252026,2026-04-05
away,6,BOS,8476914,J. Korpisalo,70,25/26,4/5,0/0,29/31,0.9355,1,1,0,0,2,62:31,True,O,31,29,2025021224,20252026,2026-04-05
home,4,PHI,8481035,S. Ersson,33,0/0,0/0,0/0,0/0,,0,0,0,0,0,00:00,False,,0,0,2025021224,20252026,2026-04-05
home,4,PHI,8478435,D. Vladar,80,15/15,2/3,1/1,18/19,0.9474,0,1,0,0,1,62:31,True,W,19,18,2025021224,20252026,2026-04-05
away,12,CAR,8475883,F. Andersen,31,19/22,5/7,1/1,25/30,0.8333,3,2,0,0,5,58:32,True,L,30,25,2025021225,20252026,2026-04-05
away,12,CAR,8483548,B. Bussi,32,0/0,0/0,0/0,0/0,,0,0,0,0,0,00:00,False,,0,0,2025021225,20252026,2026-04-05
home,9,OTT,8476999,L. Ullmark,35,22/24,3/4,0/0,25/28,0.8929,2,1,0,0,3,60:00,True,W,28,25,2025021225,20252026,2026-04-05
home,9,OTT,8473503,J. Reimer,47,0/0,0/0,0/0,0/0,,0,0,0,0,0,00:00,False,,0,0,2025021225,20252026,2026-04-05
away,1,NJD,8474593,J. Markstrom,25,13/13,3/3,2/2,18/18,1.0,0,0,0,0,0,60:00,True,W,18,18,2025021226,20252026,2026-04-05
away,1,NJD,8474596,J. Allen,34,0/0,0/0,0/0,0/0,,0,0,0,0,0,00:00,False,,0,0,2025021226,20252026,2026-04-05
home,8,MTL,8484170,J. Fowler,32,14/16,2/2,1/1,17/19,0.8947,2,0,0,0,2,57:29,True,L,19,17,2025021226,20252026,2026-04-05
home,8,MTL,8482487,J. Dobes,75,0/0,0/0,0/0,0/0,,0,0,0,0,0,00:00,False,,0,0,2025021226,20252026,2026-04-05
away,15,WSH,8480313,L. Thompson,48,0/0,0/0,0/0,0/0,,0,0,0,0,0,00:00,False,,0,0,2025021227,20252026,2026-04-05
away,15,WSH,8479292,C. Lindgren,79,19/25,5/7,1/1,25/33,0.7576,6,2,0,0,8,60:00,True,L,33,25,2025021227,20252026,2026-04-05
home,3,NYR,8478048,I. Shesterkin,31,15/16,5/5,0/0,20/21,0.9524,1,0,0,0,1,60:00,True,W,21,20,2025021227,20252026,2026-04-05
home,3,NYR,8471734,J. Quick,32,0/0,0/0,0/0,0/0,,0,0,0,0,0,00:00,False,,0,0,2025021227,20252026,2026-04-05
away,19,STL,8480981,J. Hofer,30,23/25,2/2,1/1,26/28,0.9286,2,0,0,0,2,60:00,True,W,28,26,2025021228,20252026,2026-04-05
away,19,STL,8476412,J. Binnington,50,0/0,0/0,0/0,0/0,,0,0,0,0,0,00:00,False,,0,0,2025021228,20252026,2026-04-05
home,21,COL,8478406,M. Blackwood,39,20/23,5/5,1/1,26/29,0.8966,3,0,0,0,3,58:35,True,L,29,26,2025021228,20252026,2026-04-05
home,21,COL,8475809,S. Wedgewood,41,0/0,0/0,0/0,0/0,,0,0,0,0,0,00:00,False,,0,0,2025021228,20252026,2026-04-05
away,14,TBL,8477992,J. Johansson,31,0/0,0/0,0/0,0/0,,0,0,0,0,0,00:00,False,,0,0,2025021229,20252026,2026-04-06
away,14,TBL,8476883,A. Vasilevskiy,88,16/19,7/7,3/3,26/29,0.8966,3,0,0,0,3,58:05,True,L,29,26,2025021229,20252026,2026-04-06
home,7,BUF,8480045,U. Luukkonen,1,19/20,4/5,0/0,23/25,0.92,1,1,0,0,2,60:00,True,W,25,23,2025021229,20252026,2026-04-06
home,7,BUF,8481551,C. Ellis,92,0/0,0/0,0/0,0/0,,0,0,0,0,0,00:00,False,,0,0,2025021229,20252026,2026-04-06
away,55,SEA,8475831,P. Grubauer,31,13/13,2/5,0/0,15/18,0.8333,0,3,0,0,3,33:20,True,L,18,15,2025021230,20252026,2026-04-06
away,55,SEA,8478916,J. Daccord,35,10/12,0/0,0/0,10/12,0.8333,2,0,0,0,2,26:05,False,,12,10,2025021230,20252026,2026-04-06
home,52,WPG,8477480,E. Comrie,1,0/0,0/0,0/0,0/0,,0,0,0,0,0,00:00,False,,0,0,2025021230,20252026,2026-04-06
home,52,WPG,8476945,C. Hellebuyck,37,22/24,0/0,0/0,22/24,0.9167,2,0,0,0,2,60:00,True,W,24,22,2025021230,20252026,2026-04-06
away,16,CHI,8481519,S. Knight,30,17/20,2/2,1/1,20/23,0.8696,3,0,0,0,3,58:41,True,L,23,20,2025021231,20252026,2026-04-06
away,16,CHI,8482821,A. Soderblom,40,0/0,0/0,0/0,0/0,,0,0,0,0,0,00:00,False,,0,0,2025021231,20252026,2026-04-06
home,28,SJS,8482137,Y. Askarov,30,0/0,0/0,0/0,0/0,,0,0,0,0,0,00:00,False,,0,0,2025021231,20252026,2026-04-06
home,28,SJS,8477968,A. Nedeljkovic,33,19/20,8/9,0/0,27/29,0.931,1,1,0,0,2,59:59,True,W,29,27,2025021231,20252026,2026-04-06
away,18,NSH,8481020,J. Annunen,29,0/0,0/0,0/0,0/0,,0,0,0,0,0,00:00,False,,0,0,2025021232,20252026,2026-04-06
away,18,NSH,8477424,J. Saros,74,26/28,0/0,0/0,26/28,0.9286,2,0,0,0,2,65:00,True,O,28,26,2025021232,20252026,2026-04-06
home,26,LAK,8476341,A. Forsberg,31,28/29,1/2,0/0,29/31,0.9355,1,1,0,0,2,65:00,True,W,31,29,2025021232,20252026,2026-04-06
home,26,LAK,8475311,D. Kuemper,35,0/0,0/0,0/0,0/0,,0,0,0,0,0,00:00,False,,0,0,2025021232,20252026,2026-04-06
away,13,FLA,8480193,D. Tarasov,40,20/22,9/10,0/0,29/32,0.9062,2,1,0,0,3,65:00,True,O,32,29,2025021233,20252026,2026-04-07
away,13,FLA,8475683,S. Bobrovsky,72,0/0,0/0,0/0,0/0,,0,0,0,0,0,00:00,False,,0,0,2025021233,20252026,2026-04-07
home,8,MTL,8484170,J. Fowler,32,0/0,0/0,0/0,0/0,,0,0,0,0,0,00:00,False,,0,0,2025021233,20252026,2026-04-07
home,8,MTL,8482487,J. Dobes,75,22/25,6/6,2/2,30/33,0.9091,3,0,0,0,3,63:28,True,W,33,30,2025021233,20252026,2026-04-07
away,14,TBL,8477992,J. Johansson,31,24/27,2/4,0/0,26/31,0.8387,3,2,0,0,5,58:46,True,L,31,26,2025021234,20252026,2026-04-07
away,14,TBL,8476883,A. Vasilevskiy,88,0/0,0/0,0/0,0/0,,0,0,0,0,0,00:00,False,,0,0,2025021234,20252026,2026-04-07
home,9,OTT,8476999,L. Ullmark,35,27/29,1/1,0/0,28/30,0.9333,2,0,0,0,2,60:00,True,W,30,28,2025021234,20252026,2026-04-07
home,9,OTT,8473503,J. Reimer,47,0/0,0/0,0/0,0/0,,0,0,0,0,0,00:00,False,,0,0,2025021234,20252026,2026-04-07
away,29,CBJ,8482982,J. Greaves,73,33/35,1/2,0/0,34/37,0.9189,2,1,0,0,3,63:58,True,W,37,34,2025021235,20252026,2026-04-07
away,29,CBJ,8478007,E. Merzlikins,90,0/0,0/0,0/0,0/0,,0,0,0,0,0,00:00,False,,0,0,2025021235,20252026,2026-04-07
home,17,DET,8476434,J. Gibson,36,30/32,2/3,0/0,32/35,0.9143,2,1,0,0,3,65:00,True,O,35,32,2025021235,20252026,2026-04-07
home,17,DET,8475660,C. Talbot,39,0/0,0/0,0/0,0/0,,0,0,0,0,0,00:00,False,,0,0,2025021235,20252026,2026-04-07
away,4,PHI,8481035,S. Ersson,33,0/0,0/0,0/0,0/0,,0,0,0,0,0,00:00,False,,0,0,2025021236,20252026,2026-04-07
away,4,PHI,8478435,D. Vladar,80,17/18,6/6,0/0,23/24,0.9583,1,0,0,0,1,60:00,True,W,24,23,2025021236,20252026,2026-04-07
home,1,NJD,8474593,J. Markstrom,25,11/14,4/5,0/0,15/19,0.7895,3,1,0,0,4,58:04,True,L,19,15,2025021236,20252026,2026-04-07
home,1,NJD,8474596,J. Allen,34,0/0,0/0,0/0,0/0,,0,0,0,0,0,00:00,False,,0,0,2025021236,20252026,2026-04-07
away,6,BOS,8480280,J. Swayman,1,16/20,2/3,1/1,19/24,0.7917,4,1,0,0,5,28:33,True,,24,19,2025021237,20252026,2026-04-07
away,6,BOS,8476914,J. Korpisalo,70,14/15,2/2,0/0,16/17,0.9412,1,0,0,0,1,32:40,False,O,17,16,2025021237,20252026,2026-04-07
home,12,CAR,8475883,F. Andersen,31,0/0,0/0,0/0,0/0,,0,0,0,0,0,00:00,False,,0,0,2025021237,20252026,2026-04-07
home,12,CAR,8483548,B. Bussi,32,14/19,1/1,1/1,16/21,0.7619,5,0,0,0,5,61:13,True,W,21,16,2025021237,20252026,2026-04-07
away,21,COL,8478406,M. Blackwood,39,0/0,0/0,0/0,0/0,,0,0,0,0,0,00:00,False,,0,0,2025021238,20252026,2026-04-07
away,21,COL,8475809,S. Wedgewood,41,15/16,3/3,0/0,18/19,0.9474,1,0,0,0,1,60:00,True,W,19,18,2025021238,20252026,2026-04-07
home,19,STL,8480981,J. Hofer,30,33/35,1/1,0/1,34/37,0.9189,2,0,1,0,3,55:51,True,L,37,34,2025021238,20252026,2026-04-07
home,19,STL,8476412,J. Binnington,50,0/0,0/0,0/0,0/0,,0,0,0,0,0,00:00,False,,0,0,2025021238,20252026,2026-04-07
away,20,CGY,8482445,D. Cooley,1,13/16,8/9,0/0,21/25,0.84,3,1,0,0,4,63:39,True,O,25,21,2025021239,20252026,2026-04-07
away,20,CGY,8481692,D. Wolf,32,0/0,0/0,0/0,0/0,,0,0,0,0,0,00:00,False,,0,0,2025021239,20252026,2026-04-07
home,25,DAL,8479193,C. DeSmith,1,0/0,0/0,0/0,0/0,,0,0,0,0,0,00:00,False,,0,0,2025021239,20252026,2026-04-07
home,25,DAL,8479979,J. Oettinger,29,15/17,2/3,0/0,17/20,0.85,2,1,0,0,3,63:38,True,W,20,17,2025021239,20252026,2026-04-07
away,55,SEA,8476899,M. Murray,30,0/0,0/0,0/0,0/0,,0,0,0,0,0,00:00,False,,0,0,2025021240,20252026,2026-04-07
away,55,SEA,8478916,J. Daccord,35,23/27,1/1,0/0,24/28,0.8571,4,0,0,0,4,58:08,True,L,28,24,2025021240,20252026,2026-04-07
home,30,MIN,8482661,J. Wallstedt,30,22/24,3/3,0/0,25/27,0.9259,2,0,0,0,2,60:00,True,W,27,25,2025021240,20252026,2026-04-07
home,30,MIN,8479406,F. Gustavsson,32,0/0,0/0,0/0,0/0,,0,0,0,0,0,00:00,False,,0,0,2025021240,20252026,2026-04-07
away,22,EDM,8477465,T. Jarry,35,21/25,3/4,1/2,25/31,0.8065,4,1,1,0,6,60:33,True,O,31,25,2025021241,20252026,2026-04-07
away,22,EDM,8478971,C. Ingram,39,0/0,0/0,0/0,0/0,,0,0,0,0,0,00:00,False,,0,0,2025021241,20252026,2026-04-07
home,68,UTA,8477970,V. Vanecek,41,0/0,0/0,0/0,0/0,,0,0,0,0,0,00:00,False,,0,0,2025021241,20252026,2026-04-07
home,68,UTA,8478872,K. Vejmelka,70,18/22,3/4,0/0,21/26,0.8077,4,1,0,0,5,60:06,True,W,26,21,2025021241,20252026,2026-04-07
away,54,VGK,8478499,A. Hill,33,0/0,0/0,0/0,0/0,,0,0,0,0,0,00:00,False,,0,0,2025021242,20252026,2026-04-07
away,54,VGK,8479394,C. Hart,79,7/8,3/3,0/0,10/11,0.9091,1,0,0,0,1,59:43,True,W,11,10,2025021242,20252026,2026-04-07
home,23,VAN,8480238,J. Patera,30,0/0,0/0,0/0,0/0,,0,0,0,0,0,00:00,False,,0,0,2025021242,20252026,2026-04-07
home,23,VAN,8484268,N. Tolopilo,60,25/27,1/1,1/1,27/29,0.931,2,0,0,0,2,58:19,True,L,29,27,2025021242,20252026,2026-04-07
away,18,NSH,8481020,J. Annunen,29,37/37,6/6,0/0,43/43,1.0,0,0,0,2,0,59:43,True,W,43,43,2025021243,20252026,2026-04-07
away,18,NSH,8477424,J. Saros,74,0/0,0/0,0/0,0/0,,0,0,0,0,0,00:00,False,,0,0,2025021243,20252026,2026-04-07
home,24,ANA,8480843,L. Dostal,1,12/15,6/7,2/3,20/25,0.8,3,1,1,0,5,60:00,True,L,25,20,2025021243,20252026,2026-04-07
home,24,ANA,8478024,V. Husso,33,0/0,0/0,0/0,0/0,,0,0,0,0,0,00:00,False,,0,0,2025021243,20252026,2026-04-07
away,7,BUF,8480045,U. Luukkonen,1,16/17,0/2,1/1,17/20,0.85,1,2,0,0,3,60:00,True,W,20,17,2025021244,20252026,2026-04-08
away,7,BUF,8481551,C. Ellis,92,0/0,0/0,0/0,0/0,,0,0,0,0,0,00:00,False,,0,0,2025021244,20252026,2026-04-08
home,3,NYR,8478048,I. Shesterkin,31,18/22,4/4,0/0,22/26,0.8462,4,0,0,0,4,58:27,True,L,26,22,2025021244,20252026,2026-04-08
home,3,NYR,8471734,J. Quick,32,0/0,0/0,0/0,0/0,,0,0,0,0,0,00:00,False,,0,0,2025021244,20252026,2026-04-08
away,15,WSH,8480313,L. Thompson,48,20/20,2/2,0/0,22/22,1.0,0,0,0,0,0,59:22,True,W,22,22,2025021245,20252026,2026-04-08
away,15,WSH,8481064,M. Gibson,78,0/0,0/0,0/0,0/0,,0,0,0,0,0,00:00,False,,0,0,2025021245,20252026,2026-04-08
home,10,TOR,8476932,A. Stolarz,41,2/2,0/0,0/0,2/2,1.0,0,0,0,0,0,02:34,True,,2,2,2025021245,20252026,2026-04-08
home,10,TOR,8479361,J. Woll,60,10/13,3/3,1/1,14/17,0.8235,3,0,0,0,3,57:05,False,L,17,14,2025021245,20252026,2026-04-08
away,22,EDM,8477465,T. Jarry,35,4/4,0/0,0/0,4/4,1.0,0,0,0,0,0,20:00,False,,4,4,2025021246,20252026,2026-04-08
away,22,EDM,8478971,C. Ingram,39,6/7,2/3,0/0,8/10,0.8,1,1,0,0,2,40:00,True,W,10,8,2025021246,20252026,2026-04-08
home,28,SJS,8482137,Y. Askarov,30,0/0,0/0,0/0,0/0,,0,0,0,0,0,00:00,False,,0,0,2025021246,20252026,2026-04-08
home,28,SJS,8477968,A. Nedeljkovic,33,18/20,2/5,1/1,21/26,0.8077,2,3,0,0,5,59:54,True,L,26,21,2025021246,20252026,2026-04-08
away,29,CBJ,8482982,J. Greaves,73,18/22,1/1,0/0,19/23,0.8261,4,0,0,0,4,57:52,True,L,23,19,2025021247,20252026,2026-04-09
away,29,CBJ,8478007,E. Merzlikins,90,0/0,0/0,0/0,0/0,,0,0,0,0,0,00:00,False,,0,0,2025021247,20252026,2026-04-09
home,7,BUF,8480045,U. Luukkonen,1,0/0,0/0,0/0,0/0,,0,0,0,0,0,00:00,False,,0,0,2025021247,20252026,2026-04-09
home,7,BUF,8481551,C. Ellis,92,24/24,11/11,2/2,37/37,1.0,0,0,0,0,0,60:00,True,W,37,37,2025021247,20252026,2026-04-09
away,14,TBL,8477992,J. Johansson,31,0/0,0/0,0/0,0/0,,0,0,0,0,0,00:00,False,,0,0,2025021248,20252026,2026-04-09
away,14,TBL,8476883,A. Vasilevskiy,88,11/13,7/7,1/1,19/21,0.9048,2,0,0,0,2,58:15,True,L,21,19,2025021248,20252026,2026-04-09
home,8,MTL,8484170,J. Fowler,32,0/0,0/0,0/0,0/0,,0,0,0,0,0,00:00,False,,0,0,2025021248,20252026,2026-04-09
home,8,MTL,8482487,J. Dobes,75,10/11,6/6,1/1,17/18,0.9444,1,0,0,0,1,60:00,True,W,18,17,2025021248,20252026,2026-04-09
away,13,FLA,8480193,D. Tarasov,40,0/0,0/0,0/0,0/0,,0,0,0,0,0,00:00,False,,0,0,2025021249,20252026,2026-04-09
away,13,FLA,8475683,S. Bobrovsky,72,20/23,1/2,0/0,21/25,0.84,3,1,0,0,4,59:12,True,L,25,21,2025021249,20252026,2026-04-09
home,9,OTT,8476999,L. Ullmark,35,20/21,1/1,1/1,22/23,0.9565,1,0,0,0,1,60:00,True,W,23,22,2025021249,20252026,2026-04-09
home,9,OTT,8473503,J. Reimer,47,0/0,0/0,0/0,0/0,,0,0,0,0,0,00:00,False,,0,0,2025021249,20252026,2026-04-09
away,4,PHI,8481035,S. Ersson,33,11/13,0/0,1/1,12/14,0.8571,2,0,0,0,2,35:04,False,,14,12,2025021250,20252026,2026-04-09
away,4,PHI,8478435,D. Vladar,80,2/2,1/4,1/2,4/8,0.5,0,3,1,0,4,24:56,True,L,8,4,2025021250,20252026,2026-04-09
home,17,DET,8476434,J. Gibson,36,7/8,6/7,0/0,13/15,0.8667,1,1,0,0,2,30:40,True,W,15,13,2025021250,20252026,2026-04-09
home,17,DET,8475660,C. Talbot,39,10/11,1/1,0/0,11/12,0.9167,1,0,0,0,1,29:20,False,,12,11,2025021250,20252026,2026-04-09
away,5,PIT,8481668,A. Silovs,37,0/0,0/0,0/0,0/0,,0,0,0,0,0,00:00,False,,0,0,2025021251,20252026,2026-04-09
away,5,PIT,8479973,S. Skinner,74,19/21,0/0,0/0,19/21,0.9048,2,0,0,0,2,60:00,True,W,21,19,2025021251,20252026,2026-04-09
home,1,NJD,8474593,J. Markstrom,25,0/0,0/0,0/0,0/0,,0,0,0,0,0,00:00,False,,0,0,2025021251,20252026,2026-04-09
home,1,NJD,8474596,J. Allen,34,24/28,1/1,0/0,25/29,0.8621,4,0,0,0,4,59:15,True,L,29,25,2025021251,20252026,2026-04-09
away,10,TOR,8479361,J. Woll,60,0/0,0/0,0/0,0/0,,0,0,0,0,0,00:00,False,,0,0,2025021252,20252026,2026-04-09
away,10,TOR,8482515,A. Akhtyamov,70,32/35,7/9,0/0,39/44,0.8864,3,2,0,0,5,56:23,True,L,44,39,2025021252,20252026,2026-04-09
home,2,NYI,8478009,I. Sorokin,30,12/14,1/2,0/0,13/16,0.8125,2,1,0,0,3,59:32,True,W,16,13,2025021252,20252026,2026-04-09
home,2,NYI,8479496,D. Rittich,33,0/0,0/0,0/0,0/0,,0,0,0,0,0,00:00,False,,0,0,2025021252,20252026,2026-04-09
away,52,WPG,8477480,E. Comrie,1,0/0,0/0,0/0,0/0,,0,0,0,0,0,00:00,False,,0,0,2025021253,20252026,2026-04-09
away,52,WPG,8476945,C. Hellebuyck,37,17/18,3/4,0/0,20/22,0.9091,1,1,0,0,2,60:00,True,W,22,20,2025021253,20252026,2026-04-09
home,19,STL,8480981,J. Hofer,30,0/0,0/0,0/0,0/0,,0,0,0,0,0,00:00,False,,0,0,2025021253,20252026,2026-04-09
home,19,STL,8476412,J. Binnington,50,24/27,5/5,2/2,31/34,0.9118,3,0,0,0,3,58:33,True,L,34,31,2025021253,20252026,2026-04-09
away,30,MIN,8482661,J. Wallstedt,30,0/0,0/0,0/0,0/0,,0,0,0,0,0,00:00,False,,0,0,2025021254,20252026,2026-04-09
away,30,MIN,8479406,F. Gustavsson,32,14/19,0/0,1/1,15/20,0.75,5,0,0,0,5,58:15,True,L,20,15,2025021254,20252026,2026-04-09
home,25,DAL,8479193,C. DeSmith,1,0/0,0/0,0/0,0/0,,0,0,0,0,0,00:00,False,,0,0,2025021254,20252026,2026-04-09
home,25,DAL,8479979,J. Oettinger,29,24/25,3/6,0/0,27/31,0.871,1,3,0,0,4,60:00,True,W,31,27,2025021254,20252026,2026-04-09
away,12,CAR,8475883,F. Andersen,31,20/22,3/3,0/0,23/25,0.92,2,0,0,0,2,60:00,True,W,25,23,2025021255,20252026,2026-04-09
away,12,CAR,8483548,B. Bussi,32,0/0,0/0,0/0,0/0,,0,0,0,0,0,00:00,False,,0,0,2025021255,20252026,2026-04-09
home,16,CHI,8481519,S. Knight,30,14/21,0/0,1/1,15/22,0.6818,7,0,0,0,7,59:55,True,L,22,15,2025021255,20252026,2026-04-09
home,16,CHI,8482821,A. Soderblom,40,0/0,0/0,0/0,0/0,,0,0,0,0,0,00:00,False,,0,0,2025021255,20252026,2026-04-09
away,20,CGY,8482445,D. Cooley,1,0/0,0/0,0/0,0/0,,0,0,0,0,0,00:00,False,,0,0,2025021256,20252026,2026-04-09
away,20,CGY,8481692,D. Wolf,32,34/35,2/3,2/2,38/40,0.95,1,1,0,0,2,57:38,True,L,40,38,2025021256,20252026,2026-04-09
home,21,COL,8478406,M. Blackwood,39,27/28,1/1,0/0,28/29,0.9655,1,0,0,0,1,60:00,True,W,29,28,2025021256,20252026,2026-04-09
home,21,COL,8475809,S. Wedgewood,41,0/0,0/0,0/0,0/0,,0,0,0,0,0,00:00,False,,0,0,2025021256,20252026,2026-04-09
away,18,NSH,8481020,J. Annunen,29,0/0,0/0,0/0,0/0,,0,0,0,0,0,00:00,False,,0,0,2025021257,20252026,2026-04-09
away,18,NSH,8477424,J. Saros,74,22/25,1/2,0/0,23/27,0.8519,3,1,0,0,4,59:42,True,L,27,23,2025021257,20252026,2026-04-09
home,68,UTA,8477970,V. Vanecek,41,0/0,0/0,0/0,0/0,,0,0,0,0,0,00:00,False,,0,0,2025021257,20252026,2026-04-09
home,68,UTA,8478872,K. Vejmelka,70,23/23,5/6,1/1,29/30,0.9667,0,1,0,0,1,60:00,True,W,30,29,2025021257,20252026,2026-04-09
away,28,SJS,8482137,Y. Askarov,30,22/26,2/4,0/0,24/30,0.8,4,2,0,0,6,60:00,True,L,30,24,2025021258,20252026,2026-04-09
away,28,SJS,8477968,A. Nedeljkovic,33,0/0,0/0,0/0,0/0,,0,0,0,0,0,00:00,False,,0,0,2025021258,20252026,2026-04-09
home,24,ANA,8480843,L. Dostal,1,18/19,0/0,0/0,18/19,0.9474,1,0,0,0,1,60:00,True,W,19,18,2025021258,20252026,2026-04-09
home,24,ANA,8478024,V. Husso,33,0/0,0/0,0/0,0/0,,0,0,0,0,0,00:00,False,,0,0,2025021258,20252026,2026-04-09
away,54,VGK,8478499,A. Hill,33,28/30,2/3,0/0,30/33,0.9091,2,1,0,0,3,65:00,True,O,33,30,2025021259,20252026,2026-04-09
away,54,VGK,8479394,C. Hart,79,0/0,0/0,0/0,0/0,,0,0,0,0,0,00:00,False,,0,0,2025021259,20252026,2026-04-09
home,55,SEA,8478916,J. Daccord,35,31/33,0/1,1/1,32/35,0.9143,2,1,0,0,3,65:00,True,W,35,32,2025021259,20252026,2026-04-09
home,55,SEA,8483668,N. Kokko,39,0/0,0/0,0/0,0/0,,0,0,0,0,0,00:00,False,,0,0,2025021259,20252026,2026-04-09
away,23,VAN,8480238,J. Patera,30,0/0,0/0,0/0,0/0,,0,0,0,0,0,00:00,False,,0,0,2025021260,20252026,2026-04-09
away,23,VAN,8484268,N. Tolopilo,60,22/26,0/0,0/0,22/26,0.8462,4,0,0,0,4,56:18,True,L,26,22,2025021260,20252026,2026-04-09
home,26,LAK,8476341,A. Forsberg,31,24/25,0/0,0/0,24/25,0.96,1,0,0,0,1,60:00,True,W,25,24,2025021260,20252026,2026-04-09
home,26,LAK,8475311,D. Kuemper,35,0/0,0/0,0/0,0/0,,0,0,0,0,0,00:00,False,,0,0,2025021260,20252026,2026-04-09
away,14,TBL,8477992,J. Johansson,31,0/0,0/0,0/0,0/0,,0,0,0,0,0,00:00,False,,0,0,2025021261,20252026,2026-04-11
away,14,TBL,8476883,A. Vasilevskiy,88,17/18,2/2,1/1,20/21,0.9524,1,0,0,0,1,59:57,True,W,21,20,2025021261,20252026,2026-04-11
home,6,BOS,8480280,J. Swayman,1,21/23,1/1,0/0,22/24,0.9167,2,0,0,0,2,58:34,True,L,24,22,2025021261,20252026,2026-04-11
home,6,BOS,8476914,J. Korpisalo,70,0/0,0/0,0/0,0/0,,0,0,0,0,0,00:00,False,,0,0,2025021261,20252026,2026-04-11
away,9,OTT,8476999,L. Ullmark,35,18/18,3/3,2/2,23/23,1.0,0,0,0,0,0,60:00,True,W,23,23,2025021262,20252026,2026-04-11
away,9,OTT,8473503,J. Reimer,47,0/0,0/0,0/0,0/0,,0,0,0,0,0,00:00,False,,0,0,2025021262,20252026,2026-04-11
home,2,NYI,8478009,I. Sorokin,30,7/7,5/6,1/2,13/15,0.8667,0,1,1,0,2,56:57,True,L,15,13,2025021262,20252026,2026-04-11
home,2,NYI,8479496,D. Rittich,33,0/0,0/0,0/0,0/0,,0,0,0,0,0,00:00,False,,0,0,2025021262,20252026,2026-04-11
away,15,WSH,8480313,L. Thompson,48,8/11,0/0,0/0,8/11,0.7273,3,0,0,0,3,60:00,True,W,11,8,2025021263,20252026,2026-04-11
away,15,WSH,8481064,M. Gibson,78,0/0,0/0,0/0,0/0,,0,0,0,0,0,00:00,False,,0,0,2025021263,20252026,2026-04-11
home,5,PIT,8481668,A. Silovs,37,24/28,2/3,0/0,26/31,0.8387,4,1,0,0,5,59:06,True,L,31,26,2025021263,20252026,2026-04-11
home,5,PIT,8479973,S. Skinner,74,0/0,0/0,0/0,0/0,,0,0,0,0,0,00:00,False,,0,0,2025021263,20252026,2026-04-11
away,22,EDM,8477465,T. Jarry,35,0/0,0/0,0/0,0/0,,0,0,0,0,0,00:00,False,,0,0,2025021264,20252026,2026-04-11
away,22,EDM,8478971,C. Ingram,39,17/18,3/3,0/0,20/21,0.9524,1,0,0,0,1,57:27,True,L,21,20,2025021264,20252026,2026-04-11
home,26,LAK,8476341,A. Forsberg,31,23/23,3/3,1/1,27/27,1.0,0,0,0,0,0,60:00,True,W,27,27,2025021264,20252026,2026-04-11
home,26,LAK,8475311,D. Kuemper,35,0/0,0/0,0/0,0/0,,0,0,0,0,0,00:00,False,,0,0,2025021264,20252026,2026-04-11
away,1,NJD,8474596,J. Allen,34,21/24,4/4,0/0,25/28,0.8929,3,0,0,0,3,60:00,True,W,28,25,2025021265,20252026,2026-04-11
away,1,NJD,8482076,N. Daws,50,0/0,0/0,0/0,0/0,,0,0,0,0,0,00:00,False,,0,0,2025021265,20252026,2026-04-11
home,17,DET,8476434,J. Gibson,36,28/32,0/0,0/0,28/32,0.875,4,0,0,0,4,58:45,True,L,32,28,2025021265,20252026,2026-04-11
home,17,DET,8475660,C. Talbot,39,0/0,0/0,0/0,0/0,,0,0,0,0,0,00:00,False,,0,0,2025021265,20252026,2026-04-11
away,19,STL,8480981,J. Hofer,30,26/29,5/5,0/0,31/34,0.9118,3,0,0,0,3,60:00,True,W,34,31,2025021266,20252026,2026-04-11
away,19,STL,8476412,J. Binnington,50,0/0,0/0,0/0,0/0,,0,0,0,0,0,00:00,False,,0,0,2025021266,20252026,2026-04-11
home,16,CHI,8481519,S. Knight,30,0/0,0/0,0/0,0/0,,0,0,0,0,0,00:00,False,,0,0,2025021266,20252026,2026-04-11
home,16,CHI,8482821,A. Soderblom,40,22/26,0/1,1/1,23/28,0.8214,4,1,0,0,5,57:28,True,L,28,23,2025021266,20252026,2026-04-11
away,30,MIN,8482661,J. Wallstedt,30,16/18,3/3,1/1,20/22,0.9091,2,0,0,0,2,57:06,True,L,22,20,2025021267,20252026,2026-04-11
away,30,MIN,8479406,F. Gustavsson,32,0/0,0/0,0/0,0/0,,0,0,0,0,0,00:00,False,,0,0,2025021267,20252026,2026-04-11
home,18,NSH,8481020,J. Annunen,29,19/20,2/2,0/0,21/22,0.9545,1,0,0,0,1,60:00,True,W,22,21,2025021267,20252026,2026-04-11
home,18,NSH,8477424,J. Saros,74,0/0,0/0,0/0,0/0,,0,0,0,0,0,00:00,False,,0,0,2025021267,20252026,2026-04-11
away,3,NYR,8478048,I. Shesterkin,31,12/12,5/6,0/0,17/18,0.9444,0,1,0,0,1,59:32,True,L,18,17,2025021268,20252026,2026-04-11
away,3,NYR,8482193,D. Garand,33,0/0,0/0,0/0,0/0,,0,0,0,0,0,00:00,False,,0,0,2025021268,20252026,2026-04-11
home,25,DAL,8479193,C. DeSmith,1,0/0,0/0,0/0,0/0,,0,0,0,0,0,00:00,False,,0,0,2025021268,20252026,2026-04-11
home,25,DAL,8479979,J. Oettinger,29,16/16,3/3,3/3,22/22,1.0,0,0,0,0,0,60:00,True,W,22,22,2025021268,20252026,2026-04-11
away,12,CAR,8475883,F. Andersen,31,22/22,4/5,0/0,26/27,0.963,0,1,0,0,1,60:00,True,W,27,26,2025021269,20252026,2026-04-11
away,12,CAR,8483548,B. Bussi,32,0/0,0/0,0/0,0/0,,0,0,0,0,0,00:00,False,,0,0,2025021269,20252026,2026-04-11
home,68,UTA,8477970,V. Vanecek,41,0/0,0/0,0/0,0/0,,0,0,0,0,0,00:00,False,,0,0,2025021269,20252026,2026-04-11
home,68,UTA,8478872,K. Vejmelka,70,17/19,5/6,3/3,25/28,0.8929,2,1,0,0,3,57:19,True,L,28,25,2025021269,20252026,2026-04-11
away,13,FLA,8480193,D. Tarasov,40,14/15,2/3,1/1,17/19,0.8947,1,1,0,0,2,60:00,True,W,19,17,2025021270,20252026,2026-04-11
away,13,FLA,8475683,S. Bobrovsky,72,0/0,0/0,0/0,0/0,,0,0,0,0,0,00:00,False,,0,0,2025021270,20252026,2026-04-11
home,10,TOR,8479361,J. Woll,60,19/23,0/0,0/0,19/23,0.8261,4,0,0,0,4,57:55,True,L,23,19,2025021270,20252026,2026-04-11
home,10,TOR,8482515,A. Akhtyamov,70,0/0,0/0,0/0,0/0,,0,0,0,0,0,00:00,False,,0,0,2025021270,20252026,2026-04-11
away,29,CBJ,8482982,J. Greaves,73,16/17,4/5,0/0,20/22,0.9091,1,1,0,0,2,60:00,True,W,22,20,2025021271,20252026,2026-04-11
away,29,CBJ,8478007,E. Merzlikins,90,0/0,0/0,0/0,0/0,,0,0,0,0,0,00:00,False,,0,0,2025021271,20252026,2026-04-11
home,8,MTL,8484170,J. Fowler,32,0/0,0/0,0/0,0/0,,0,0,0,0,0,00:00,False,,0,0,2025021271,20252026,2026-04-11
home,8,MTL,8482487,J. Dobes,75,20/24,7/8,1/1,28/33,0.8485,4,1,0,0,5,60:00,True,L,33,28,2025021271,20252026,2026-04-11
away,4,PHI,8481035,S. Ersson,33,0/0,0/0,0/0,0/0,,0,0,0,0,0,00:00,False,,0,0,2025021272,20252026,2026-04-11
away,4,PHI,8478435,D. Vladar,80,25/26,2/2,0/0,27/28,0.9643,1,0,0,0,1,59:55,True,W,28,27,2025021272,20252026,2026-04-11
home,52,WPG,8477480,E. Comrie,1,1/3,0/0,0/0,1/3,0.3333,2,0,0,0,2,20:00,False,,3,1,2025021272,20252026,2026-04-11
home,52,WPG,8476945,C. Hellebuyck,37,12/16,2/2,1/2,15/20,0.75,4,0,1,0,5,40:00,True,L,20,15,2025021272,20252026,2026-04-11
away,20,CGY,8482445,D. Cooley,1,15/18,2/2,0/0,17/20,0.85,3,0,0,0,3,58:48,True,L,20,17,2025021273,20252026,2026-04-11
away,20,CGY,8481692,D. Wolf,32,0/0,0/0,0/0,0/0,,0,0,0,0,0,00:00,False,,0,0,2025021273,20252026,2026-04-11
home,55,SEA,8484910,V. Ostman,1,0/0,0/0,0/0,0/0,,0,0,0,0,0,00:00,False,,0,0,2025021273,20252026,2026-04-11
home,55,SEA,8483668,N. Kokko,39,24/25,0/0,2/2,26/27,0.963,1,0,0,0,1,60:00,True,W,27,26,2025021273,20252026,2026-04-11
away,54,VGK,8478499,A. Hill,33,0/0,0/0,0/0,0/0,,0,0,0,0,0,00:00,False,,0,0,2025021274,20252026,2026-04-11
away,54,VGK,8479394,C. Hart,79,24/25,2/3,4/4,30/32,0.9375,1,1,0,0,2,61:19,True,W,32,30,2025021274,20252026,2026-04-11
home,21,COL,8478406,M. Blackwood,39,23/25,3/4,0/0,26/29,0.8966,2,1,0,0,3,61:19,True,O,29,26,2025021274,20252026,2026-04-11
home,21,COL,8475809,S. Wedgewood,41,0/0,0/0,0/0,0/0,,0,0,0,0,0,00:00,False,,0,0,2025021274,20252026,2026-04-11
away,23,VAN,8480947,K. Lankinen,32,28/31,1/1,0/0,29/32,0.9062,3,0,0,0,3,64:56,True,W,32,29,2025021275,20252026,2026-04-11
away,23,VAN,8484268,N. Tolopilo,60,0/0,0/0,0/0,0/0,,0,0,0,0,0,00:00,False,,0,0,2025021275,20252026,2026-04-11
home,28,SJS,8482137,Y. Askarov,30,28/29,9/11,1/1,38/41,0.9268,1,2,0,0,3,65:00,True,O,41,38,2025021275,20252026,2026-04-11
home,28,SJS,8477968,A. Nedeljkovic,33,0/0,0/0,0/0,0/0,,0,0,0,0,0,00:00,False,,0,0,2025021275,20252026,2026-04-11
away,5,PIT,8481668,A. Silovs,37,0/0,0/0,0/0,0/0,,0,0,0,0,0,00:00,False,,0,0,2025021276,20252026,2026-04-12
away,5,PIT,8479973,S. Skinner,74,20/22,4/4,0/0,24/26,0.9231,2,0,0,0,2,59:09,True,L,26,24,2025021276,20252026,2026-04-12
home,15,WSH,8483532,C. Stevenson,33,0/0,0/0,0/0,0/0,,0,0,0,0,0,00:00,False,,0,0,2025021276,20252026,2026-04-12
home,15,WSH,8480313,L. Thompson,48,22/22,2/2,0/0,24/24,1.0,0,0,0,0,0,60:00,True,W,24,24,2025021276,20252026,2026-04-12
away,8,MTL,8484170,J. Fowler,32,31/32,1/1,0/0,32/33,0.9697,1,0,0,0,1,59:53,True,W,33,32,2025021277,20252026,2026-04-12
away,8,MTL,8482487,J. Dobes,75,0/0,0/0,0/0,0/0,,0,0,0,0,0,00:00,False,,0,0,2025021277,20252026,2026-04-12
home,2,NYI,8478009,I. Sorokin,30,12/15,4/5,2/2,18/22,0.8182,3,1,0,0,4,56:57,True,L,22,18,2025021277,20252026,2026-04-12
home,2,NYI,8479496,D. Rittich,33,0/0,0/0,0/0,0/0,,0,0,0,0,0,00:00,False,,0,0,2025021277,20252026,2026-04-12
away,6,BOS,8480280,J. Swayman,1,0/0,0/0,0/0,0/0,,0,0,0,0,0,00:00,False,,0,0,2025021278,20252026,2026-04-12
away,6,BOS,8476914,J. Korpisalo,70,27/29,6/6,0/0,33/35,0.9429,2,0,0,0,2,60:00,True,W,35,33,2025021278,20252026,2026-04-12
home,29,CBJ,8482982,J. Greaves,73,18/21,0/0,1/1,19/22,0.8636,3,0,0,0,3,58:38,True,L,22,19,2025021278,20252026,2026-04-12
home,29,CBJ,8478007,E. Merzlikins,90,0/0,0/0,0/0,0/0,,0,0,0,0,0,00:00,False,,0,0,2025021278,20252026,2026-04-12
away,9,OTT,8476999,L. Ullmark,35,0/0,0/0,0/0,0/0,,0,0,0,0,0,00:00,False,,0,0,2025021279,20252026,2026-04-12
away,9,OTT,8473503,J. Reimer,47,16/17,9/10,1/3,26/30,0.8667,1,1,2,0,4,63:18,True,O,30,26,2025021279,20252026,2026-04-12
home,1,NJD,8474596,J. Allen,34,0/0,0/0,0/0,0/0,,0,0,0,0,0,00:00,False,,0,0,2025021279,20252026,2026-04-12
home,1,NJD,8482076,N. Daws,50,20/22,7/8,0/0,27/30,0.9,2,1,0,0,3,63:16,True,W,30,27,2025021279,20252026,2026-04-12
away,23,VAN,8480947,K. Lankinen,32,0/0,0/0,0/0,0/0,,0,0,0,0,0,00:00,False,,0,0,2025021280,20252026,2026-04-12
away,23,VAN,8484268,N. Tolopilo,60,22/24,2/3,0/0,24/27,0.8889,2,1,0,0,3,64:50,True,W,27,24,2025021280,20252026,2026-04-12
home,24,ANA,8480843,L. Dostal,1,15/16,6/8,1/2,22/26,0.8462,1,2,1,0,4,64:50,True,O,26,22,2025021280,20252026,2026-04-12
home,24,ANA,8478024,V. Husso,33,0/0,0/0,0/0,0/0,,0,0,0,0,0,00:00,False,,0,0,2025021280,20252026,2026-04-12
away,68,UTA,8480191,M. Villalta,31,0/0,0/0,0/0,0/0,,0,0,0,0,0,00:00,False,,0,0,2025021281,20252026,2026-04-12
away,68,UTA,8477970,V. Vanecek,41,12/16,6/6,1/1,19/23,0.8261,4,0,0,0,4,59:46,True,L,23,19,2025021281,20252026,2026-04-12
home,20,CGY,8482445,D. Cooley,1,0/0,0/0,0/0,0/0,,0,0,0,0,0,00:00,False,,0,0,2025021281,20252026,2026-04-12
home,20,CGY,8481692,D. Wolf,32,22/23,4/4,2/2,28/29,0.9655,1,0,0,0,1,59:59,True,W,29,28,2025021281,20252026,2026-04-12
away,17,DET,8476434,J. Gibson,36,0/0,0/0,0/0,0/0,,0,0,0,0,0,00:00,False,,0,0,2025021282,20252026,2026-04-13
away,17,DET,8475660,C. Talbot,39,17/21,1/1,0/0,18/22,0.8182,4,0,0,0,4,60:27,True,O,22,18,2025021282,20252026,2026-04-13
home,14,TBL,8483182,K. Konin,30,0/0,0/0,0/0,0/0,,0,0,0,0,0,00:00,False,,0,0,2025021282,20252026,2026-04-13
home,14,TBL,8476883,A. Vasilevskiy,88,22/25,5/5,0/0,27/30,0.9,3,0,0,0,3,60:27,True,W,30,27,2025021282,20252026,2026-04-13
away,3,NYR,8478048,I. Shesterkin,31,0/0,0/0,0/0,0/0,,0,0,0,0,0,00:00,False,,0,0,2025021283,20252026,2026-04-13
away,3,NYR,8471734,J. Quick,32,12/15,0/0,1/1,13/16,0.8125,3,0,0,0,3,58:17,True,L,16,13,2025021283,20252026,2026-04-13
home,13,FLA,8480193,D. Tarasov,40,21/23,3/3,1/1,25/27,0.9259,2,0,0,0,2,60:00,True,W,27,25,2025021283,20252026,2026-04-13
home,13,FLA,8475683,S. Bobrovsky,72,0/0,0/0,0/0,0/0,,0,0,0,0,0,00:00,False,,0,0,2025021283,20252026,2026-04-13
away,12,CAR,8475883,F. Andersen,31,0/0,0/0,0/0,0/0,,0,0,0,0,0,00:00,False,,0,0,2025021284,20252026,2026-04-13
away,12,CAR,8483548,B. Bussi,32,18/19,3/4,0/0,21/23,0.913,1,1,0,0,2,64:51,True,O,23,21,2025021284,20252026,2026-04-13
home,4,PHI,8481035,S. Ersson,33,0/0,0/0,0/0,0/0,,0,0,0,0,0,00:00,False,,0,0,2025021284,20252026,2026-04-13
home,4,PHI,8478435,D. Vladar,80,23/24,0/1,1/1,24/26,0.9231,1,1,0,0,2,65:00,True,W,26,24,2025021284,20252026,2026-04-13
away,25,DAL,8479193,C. DeSmith,1,19/23,2/3,1/1,22/27,0.8148,4,1,0,0,5,60:00,True,W,27,22,2025021285,20252026,2026-04-13
away,25,DAL,8479979,J. Oettinger,29,0/0,0/0,0/0,0/0,,0,0,0,0,0,00:00,False,,0,0,2025021285,20252026,2026-04-13
home,10,TOR,8479361,J. Woll,60,0/0,0/0,0/0,0/0,,0,0,0,0,0,00:00,False,,0,0,2025021285,20252026,2026-04-13
home,10,TOR,8482515,A. Akhtyamov,70,21/25,5/6,1/1,27/32,0.8438,5,1,0,0,6,59:05,True,L,32,27,2025021285,20252026,2026-04-13
away,30,MIN,8482661,J. Wallstedt,30,0/0,0/0,0/0,0/0,,0,0,0,0,0,00:00,False,,0,0,2025021286,20252026,2026-04-13
away,30,MIN,8479406,F. Gustavsson,32,9/14,6/6,1/1,16/21,0.7619,5,0,0,0,5,58:49,True,L,21,16,2025021286,20252026,2026-04-13
home,19,STL,8480981,J. Hofer,30,21/22,5/6,2/3,28/31,0.9032,1,1,1,0,3,59:50,True,W,31,28,2025021286,20252026,2026-04-13
home,19,STL,8476412,J. Binnington,50,0/0,0/0,0/0,0/0,,0,0,0,0,0,00:00,False,,0,0,2025021286,20252026,2026-04-13
away,28,SJS,8482137,Y. Askarov,30,0/0,0/0,0/0,0/0,,0,0,0,0,0,00:00,False,,0,0,2025021287,20252026,2026-04-13
away,28,SJS,8477968,A. Nedeljkovic,33,25/27,1/1,0/0,26/28,0.9286,2,0,0,0,2,59:53,True,W,28,26,2025021287,20252026,2026-04-13
home,18,NSH,8481020,J. Annunen,29,20/21,0/1,0/0,20/22,0.9091,1,1,0,0,2,58:08,True,L,22,20,2025021287,20252026,2026-04-13
home,18,NSH,8477424,J. Saros,74,0/0,0/0,0/0,0/0,,0,0,0,0,0,00:00,False,,0,0,2025021287,20252026,2026-04-13
away,7,BUF,8480045,U. Luukkonen,1,9/9,6/6,0/1,15/16,0.9375,0,0,1,0,1,60:00,True,W,16,15,2025021288,20252026,2026-04-13
away,7,BUF,8481551,C. Ellis,92,0/0,0/0,0/0,0/0,,0,0,0,0,0,00:00,False,,0,0,2025021288,20252026,2026-04-13
home,16,CHI,8481519,S. Knight,30,19/24,2/2,0/0,21/26,0.8077,5,0,0,0,5,59:41,True,L,26,21,2025021288,20252026,2026-04-13
home,16,CHI,8482821,A. Soderblom,40,0/0,0/0,0/0,0/0,,0,0,0,0,0,00:00,False,,0,0,2025021288,20252026,2026-04-13
away,21,COL,8478406,M. Blackwood,39,0/0,0/0,0/0,0/0,,0,0,0,0,0,00:00,False,,0,0,2025021289,20252026,2026-04-13
away,21,COL,8475809,S. Wedgewood,41,22/23,7/7,1/1,30/31,0.9677,1,0,0,0,1,64:59,True,W,31,30,2025021289,20252026,2026-04-13
home,22,EDM,8477465,T. Jarry,35,0/0,0/0,0/0,0/0,,0,0,0,0,0,00:00,False,,0,0,2025021289,20252026,2026-04-13
home,22,EDM,8478971,C. Ingram,39,26/27,5/5,0/0,31/32,0.9688,1,0,0,0,1,64:47,True,O,32,31,2025021289,20252026,2026-04-13
away,52,WPG,8477480,E. Comrie,1,0/0,0/0,0/0,0/0,,0,0,0,0,0,00:00,False,,0,0,2025021290,20252026,2026-04-13
away,52,WPG,8476945,C. Hellebuyck,37,18/21,13/15,1/2,32/38,0.8421,3,2,1,0,6,60:00,True,L,38,32,2025021290,20252026,2026-04-13
home,54,VGK,8478499,A. Hill,33,0/0,0/0,0/0,0/0,,0,0,0,0,0,00:00,False,,0,0,2025021290,20252026,2026-04-13
home,54,VGK,8479394,C. Hart,79,17/18,3/4,1/1,21/23,0.913,1,1,0,0,2,59:51,True,W,23,21,2025021290,20252026,2026-04-13
away,26,LAK,8476341,A. Forsberg,31,28/31,0/0,2/2,30/33,0.9091,3,0,0,0,3,60:00,True,W,33,30,2025021291,20252026,2026-04-13
away,26,LAK,8475311,D. Kuemper,35,0/0,0/0,0/0,0/0,,0,0,0,0,0,00:00,False,,0,0,2025021291,20252026,2026-04-13
home,55,SEA,8484910,V. Ostman,1,0/0,0/0,0/0,0/0,,0,0,0,0,0,00:00,False,,0,0,2025021291,20252026,2026-04-13
home,55,SEA,8483668,N. Kokko,39,23/27,2/2,0/0,25/29,0.8621,4,0,0,0,4,57:41,True,L,29,25,2025021291,20252026,2026-04-13
away,1,NJD,8474596,J. Allen,34,0/0,0/0,0/0,0/0,,0,0,0,0,0,00:00,False,,0,0,2025021292,20252026,2026-04-14
away,1,NJD,8482076,N. Daws,50,22/26,0/0,0/0,22/26,0.8462,4,0,0,0,4,60:00,True,L,26,22,2025021292,20252026,2026-04-14
home,6,BOS,8480280,J. Swayman,1,20/20,1/1,0/0,21/21,1.0,0,0,0,0,0,60:00,True,W,21,21,2025021292,20252026,2026-04-14
home,6,BOS,8476914,J. Korpisalo,70,0/0,0/0,0/0,0/0,,0,0,0,0,0,00:00,False,,0,0,2025021292,20252026,2026-04-14
away,12,CAR,8483548,B. Bussi,32,28/29,0/0,1/1,29/30,0.9667,1,0,0,0,1,60:00,True,W,30,29,2025021293,20252026,2026-04-14
home,2,NYI,8478009,I. Sorokin,30,0/0,0/0,0/0,0/0,,0,0,0,0,0,00:00,False,,0,0,2025021293,20252026,2026-04-14
home,2,NYI,8479496,D. Rittich,33,18/20,1/1,0/0,19/21,0.9048,2,0,0,0,2,56:29,True,L,21,19,2025021293,20252026,2026-04-14
away,8,MTL,8484170,J. Fowler,32,0/0,0/0,0/0,0/0,,0,0,0,0,0,00:00,False,,0,0,2025021294,20252026,2026-04-14
away,8,MTL,8482487,J. Dobes,75,21/25,0/0,0/0,21/25,0.84,4,0,0,0,4,56:12,True,L,25,21,2025021294,20252026,2026-04-14
home,4,PHI,8481035,S. Ersson,33,23/25,4/4,0/0,27/29,0.931,2,0,0,0,2,59:48,True,W,29,27,2025021294,20252026,2026-04-14
home,4,PHI,8482783,A. Kolosov,35,0/0,0/0,0/0,0/0,,0,0,0,0,0,00:00,False,,0,0,2025021294,20252026,2026-04-14
away,15,WSH,8483532,C. Stevenson,33,22/23,4/4,1/1,27/28,0.9643,1,0,0,0,1,59:37,True,W,28,27,2025021295,20252026,2026-04-14
away,15,WSH,8480313,L. Thompson,48,0/0,0/0,0/0,0/0,,0,0,0,0,0,00:00,False,,0,0,2025021295,20252026,2026-04-14
home,29,CBJ,8482982,J. Greaves,73,12/13,7/8,0/0,19/21,0.9048,1,1,0,0,2,58:24,True,L,21,19,2025021295,20252026,2026-04-14
home,29,CBJ,8478007,E. Merzlikins,90,0/0,0/0,0/0,0/0,,0,0,0,0,0,00:00,False,,0,0,2025021295,20252026,2026-04-14
away,24,ANA,8480843,L. Dostal,1,17/20,0/0,0/0,17/20,0.85,3,0,0,2,3,56:53,True,L,20,17,2025021296,20252026,2026-04-14
away,24,ANA,8478024,V. Husso,33,0/0,0/0,0/0,0/0,,0,0,0,0,0,00:00,False,,0,0,2025021296,20252026,2026-04-14
home,30,MIN,8482661,J. Wallstedt,30,28/29,6/7,1/1,35/37,0.9459,1,1,0,0,2,60:00,True,W,37,35,2025021296,20252026,2026-04-14
home,30,MIN,8479406,F. Gustavsson,32,0/0,0/0,0/0,0/0,,0,0,0,0,0,00:00,False,,0,0,2025021296,20252026,2026-04-14
away,52,WPG,8477480,E. Comrie,1,24/26,6/8,1/1,31/35,0.8857,2,2,0,0,4,59:26,True,L,35,31,2025021297,20252026,2026-04-14
away,52,WPG,8476945,C. Hellebuyck,37,0/0,0/0,0/0,0/0,,0,0,0,0,0,00:00,False,,0,0,2025021297,20252026,2026-04-14
home,68,UTA,8477970,V. Vanecek,41,0/0,0/0,0/0,0/0,,0,0,0,0,0,00:00,False,,0,0,2025021297,20252026,2026-04-14
home,68,UTA,8478872,K. Vejmelka,70,16/17,4/6,1/1,21/24,0.875,1,2,0,0,3,59:29,True,W,24,21,2025021297,20252026,2026-04-14
away,21,COL,8478406,M. Blackwood,39,26/27,0/0,4/4,30/31,0.9677,1,0,0,0,1,59:35,True,W,31,30,2025021298,20252026,2026-04-14
away,21,COL,8475809,S. Wedgewood,41,0/0,0/0,0/0,0/0,,0,0,0,0,0,00:00,False,,0,0,2025021298,20252026,2026-04-14
home,20,CGY,8482445,D. Cooley,1,0/0,0/0,0/0,0/0,,0,0,0,0,0,00:00,False,,0,0,2025021298,20252026,2026-04-14
home,20,CGY,8481692,D. Wolf,32,30/32,4/4,1/1,35/37,0.9459,2,0,0,0,2,59:25,True,L,37,35,2025021298,20252026,2026-04-14
away,5,PIT,8481668,A. Silovs,37,6/8,1/1,0/0,7/9,0.7778,2,0,0,0,2,17:30,False,L,9,7,2025021299,20252026,2026-04-14
away,5,PIT,8479973,S. Skinner,74,14/17,3/4,0/0,17/21,0.8095,3,1,0,0,4,40:00,True,,21,17,2025021299,20252026,2026-04-14
home,19,STL,8480981,J. Hofer,30,0/0,0/0,0/0,0/0,,0,0,0,0,0,00:00,False,,0,0,2025021299,20252026,2026-04-14
home,19,STL,8476412,J. Binnington,50,17/22,1/1,0/0,18/23,0.7826,5,0,0,0,5,60:00,True,W,23,18,2025021299,20252026,2026-04-14
away,26,LAK,8476341,A. Forsberg,31,0/0,0/0,0/0,0/0,,0,0,0,0,0,00:00,False,,0,0,2025021300,20252026,2026-04-14
away,26,LAK,8475311,D. Kuemper,35,16/19,3/4,2/2,21/25,0.84,3,1,0,0,4,62:34,True,O,25,21,2025021300,20252026,2026-04-14
home,23,VAN,8480947,K. Lankinen,32,29/32,2/2,0/0,31/34,0.9118,3,0,0,0,3,62:58,True,W,34,31,2025021300,20252026,2026-04-14
home,23,VAN,8484268,N. Tolopilo,60,0/0,0/0,0/0,0/0,,0,0,0,0,0,00:00,False,,0,0,2025021300,20252026,2026-04-14
away,25,DAL,8479193,C. DeSmith,1,0/0,0/0,0/0,0/0,,0,0,0,0,0,00:00,False,,0,0,2025021301,20252026,2026-04-15
away,25,DAL,8479979,J. Oettinger,29,17/19,4/4,0/1,21/24,0.875,2,0,1,0,3,65:00,True,W,24,21,2025021301,20252026,2026-04-15
home,7,BUF,8480045,U. Luukkonen,1,0/0,0/0,0/0,0/0,,0,0,0,0,0,00:00,False,,0,0,2025021301,20252026,2026-04-15
home,7,BUF,8481551,C. Ellis,92,25/27,0/1,0/0,25/28,0.8929,2,1,0,0,3,65:00,True,O,28,25,2025021301,20252026,2026-04-15
away,3,NYR,8478048,I. Shesterkin,31,0/0,0/0,0/0,0/0,,0,0,0,0,0,00:00,False,,0,0,2025021302,20252026,2026-04-15
away,3,NYR,8482193,D. Garand,33,22/24,7/7,0/0,29/31,0.9355,2,0,0,0,2,60:00,True,W,31,29,2025021302,20252026,2026-04-15
home,14,TBL,8477990,B. Halverson,33,14/17,2/3,1/1,17/21,0.8095,3,1,0,0,4,56:47,True,L,21,17,2025021302,20252026,2026-04-15
home,14,TBL,8476883,A. Vasilevskiy,88,0/0,0/0,0/0,0/0,,0,0,0,0,0,00:00,False,,0,0,2025021302,20252026,2026-04-15
away,17,DET,8476434,J. Gibson,36,10/13,1/2,0/0,11/15,0.7333,3,1,0,0,4,31:54,True,L,15,11,2025021303,20252026,2026-04-15
away,17,DET,8475660,C. Talbot,39,9/13,0/0,0/0,9/13,0.6923,4,0,0,0,4,28:06,False,,13,9,2025021303,20252026,2026-04-15
home,13,FLA,8480193,D. Tarasov,40,19/20,5/5,1/1,25/26,0.9615,1,0,0,0,1,60:00,True,W,26,25,2025021303,20252026,2026-04-15
home,13,FLA,8475683,S. Bobrovsky,72,0/0,0/0,0/0,0/0,,0,0,0,0,0,00:00,False,,0,0,2025021303,20252026,2026-04-15
away,10,TOR,8483710,D. Hildeby,35,28/28,5/7,2/2,35/37,0.9459,0,2,0,0,2,58:08,True,L,37,35,2025021304,20252026,2026-04-15
away,10,TOR,8479361,J. Woll,60,0/0,0/0,0/0,0/0,,0,0,0,0,0,00:00,False,,0,0,2025021304,20252026,2026-04-15
home,9,OTT,8476999,L. Ullmark,35,0/0,0/0,0/0,0/0,,0,0,0,0,0,00:00,False,,0,0,2025021304,20252026,2026-04-15
home,9,OTT,8473503,J. Reimer,47,18/19,1/1,0/0,19/20,0.95,1,0,0,0,1,60:00,True,W,20,19,2025021304,20252026,2026-04-15
away,28,SJS,8482137,Y. Askarov,30,14/19,5/5,0/0,19/24,0.7917,5,0,0,0,5,59:39,True,L,24,19,2025021305,20252026,2026-04-15
away,28,SJS,8477968,A. Nedeljkovic,33,0/0,0/0,0/0,0/0,,0,0,0,0,0,00:00,False,,0,0,2025021305,20252026,2026-04-15
home,16,CHI,8481519,S. Knight,30,15/16,0/1,0/0,15/17,0.8824,1,1,0,0,2,60:00,True,W,17,15,2025021305,20252026,2026-04-15
home,16,CHI,8482821,A. Soderblom,40,0/0,0/0,0/0,0/0,,0,0,0,0,0,00:00,False,,0,0,2025021305,20252026,2026-04-15
away,55,SEA,8484910,V. Ostman,1,0/0,0/0,0/0,0/0,,0,0,0,0,0,00:00,False,,0,0,2025021306,20252026,2026-04-15
away,55,SEA,8483668,N. Kokko,39,21/25,1/1,0/0,22/26,0.8462,4,0,0,0,4,60:00,True,L,26,22,2025021306,20252026,2026-04-15
home,54,VGK,8478499,A. Hill,33,0/0,0/0,0/0,0/0,,0,0,0,0,0,00:00,False,,0,0,2025021306,20252026,2026-04-15
home,54,VGK,8479394,C. Hart,79,22/23,0/0,0/0,22/23,0.9565,1,0,0,0,1,59:42,True,W,23,22,2025021306,20252026,2026-04-15
away,24,ANA,8480843,L. Dostal,1,0/0,0/0,0/0,0/0,,0,0,0,0,0,00:00,False,,0,0,2025021307,20252026,2026-04-16
away,24,ANA,8478024,V. Husso,33,15/17,2/4,0/0,17/21,0.8095,2,2,0,0,4,59:56,True,W,21,17,2025021307,20252026,2026-04-16
home,18,NSH,8481020,J. Annunen,29,0/0,0/0,0/0,0/0,,0,0,0,0,0,00:00,False,,0,0,2025021307,20252026,2026-04-16
home,18,NSH,8477424,J. Saros,74,25/29,10/11,0/0,35/40,0.875,4,1,0,0,5,59:25,True,L,40,35,2025021307,20252026,2026-04-16
away,28,SJS,8482137,Y. Askarov,30,0/0,0/0,0/0,0/0,,0,0,0,0,0,00:00,False,,0,0,2025021308,20252026,2026-04-16
away,28,SJS,8477968,A. Nedeljkovic,33,19/20,5/5,2/2,26/27,0.963,1,0,0,0,1,60:00,True,W,27,26,2025021308,20252026,2026-04-16
home,52,WPG,8477480,E. Comrie,1,25/30,2/3,0/0,27/33,0.8182,5,1,0,0,6,60:00,True,L,33,27,2025021308,20252026,2026-04-16
home,52,WPG,8476945,C. Hellebuyck,37,0/0,0/0,0/0,0/0,,0,0,0,0,0,00:00,False,,0,0,2025021308,20252026,2026-04-16
away,19,STL,8480981,J. Hofer,30,20/23,0/0,0/0,20/23,0.8696,3,0,0,0,3,60:00,True,W,23,20,2025021309,20252026,2026-04-16
away,19,STL,8476412,J. Binnington,50,0/0,0/0,0/0,0/0,,0,0,0,0,0,00:00,False,,0,0,2025021309,20252026,2026-04-16
home,68,UTA,8477970,V. Vanecek,41,9/10,0/0,0/0,9/10,0.9,1,0,0,0,1,18:31,False,L,10,9,2025021309,20252026,2026-04-16
home,68,UTA,8478872,K. Vejmelka,70,14/17,1/1,0/0,15/18,0.8333,3,0,0,0,3,40:00,True,,18,15,2025021309,20252026,2026-04-16
away,26,LAK,8476341,A. Forsberg,31,13/14,3/4,1/1,17/19,0.8947,1,1,0,0,2,58:35,True,L,19,17,2025021310,20252026,2026-04-16
away,26,LAK,8475311,D. Kuemper,35,0/0,0/0,0/0,0/0,,0,0,0,0,0,00:00,False,,0,0,2025021310,20252026,2026-04-16
home,20,CGY,8481692,D. Wolf,32,0/0,0/0,0/0,0/0,,0,0,0,0,0,00:00,False,,0,0,2025021310,20252026,2026-04-16
home,20,CGY,8482949,A. Sergeev,40,25/26,2/2,0/0,27/28,0.9643,1,0,0,0,1,60:00,True,W,28,27,2025021310,20252026,2026-04-16
away,23,VAN,8480947,K. Lankinen,32,21/25,7/9,1/1,29/35,0.8286,4,2,0,0,6,60:00,True,L,35,29,2025021311,20252026,2026-04-16
away,23,VAN,8484268,N. Tolopilo,60,0/0,0/0,0/0,0/0,,0,0,0,0,0,00:00,False,,0,0,2025021311,20252026,2026-04-16
home,22,EDM,8477465,T. Jarry,35,0/0,0/0,0/0,0/0,,0,0,0,0,0,00:00,False,,0,0,2025021311,20252026,2026-04-16
home,22,EDM,8478971,C. Ingram,39,9/10,2/2,0/0,11/12,0.9167,1,0,0,0,1,59:41,True,W,12,11,2025021311,20252026,2026-04-16
away,55,SEA,8484910,V. Ostman,1,28/30,5/5,0/0,33/35,0.9429,2,0,0,0,2,57:10,True,L,35,33,2025021312,20252026,2026-04-16
away,55,SEA,8483668,N. Kokko,39,0/0,0/0,0/0,0/0,,0,0,0,0,0,00:00,False,,0,0,2025021312,20252026,2026-04-16
home,21,COL,8478406,M. Blackwood,39,0/0,0/0,0/0,0/0,,0,0,0,0,0,00:00,False,,0,0,2025021312,20252026,2026-04-16
home,21,COL,8475809,S. Wedgewood,41,18/18,2/2,2/2,22/22,1.0,0,0,0,0,0,60:00,True,W,22,22,2025021312,20252026,2026-04-16
away,6,BOS,8480280,J. Swayman,1,24/27,8/8,2/2,34/37,0.9189,3,0,0,0,3,58:49,True,L,37,34,2025030111,20252026,2026-04-19
away,6,BOS,8476914,J. Korpisalo,70,0/0,0/0,0/0,0/0,,0,0,0,0,0,00:00,False,,0,0,2025030111,20252026,2026-04-19
home,7,BUF,8480045,U. Luukkonen,1,11/13,4/5,2/2,17/20,0.85,2,1,0,0,3,59:53,True,W,20,17,2025030111,20252026,2026-04-19
home,7,BUF,8479312,A. Lyon,34,0/0,0/0,0/0,0/0,,0,0,0,0,0,00:00,False,,0,0,2025030111,20252026,2026-04-19
away,6,BOS,8480280,J. Swayman,1,22/24,10/10,1/1,33/35,0.9429,2,0,0,0,2,59:25,True,W,35,33,2025030112,20252026,2026-04-21
away,6,BOS,8476914,J. Korpisalo,70,0/0,0/0,0/0,0/0,,0,0,0,0,0,00:00,False,,0,0,2025030112,20252026,2026-04-21
home,7,BUF,8480045,U. Luukkonen,1,14/17,1/2,1/1,16/20,0.8,3,1,0,0,4,40:16,True,L,20,16,2025030112,20252026,2026-04-21
home,7,BUF,8479312,A. Lyon,34,7/7,0/0,0/0,7/7,1.0,0,0,0,0,0,14:10,False,,7,7,2025030112,20252026,2026-04-21
away,7,BUF,8480045,U. Luukkonen,1,0/0,0/0,0/0,0/0,,0,0,0,0,0,00:00,False,,0,0,2025030113,20252026,2026-04-23
away,7,BUF,8479312,A. Lyon,34,15/16,8/8,1/1,24/25,0.96,1,0,0,0,1,59:55,True,W,25,24,2025030113,20252026,2026-04-23
home,6,BOS,8480280,J. Swayman,1,16/18,9/9,2/2,27/29,0.931,2,0,0,0,2,58:14,True,L,29,27,2025030113,20252026,2026-04-23
home,6,BOS,8476914,J. Korpisalo,70,0/0,0/0,0/0,0/0,,0,0,0,0,0,00:00,False,,0,0,2025030113,20252026,2026-04-23
away,7,BUF,8480045,U. Luukkonen,1,0/0,0/0,0/0,0/0,,0,0,0,0,0,00:00,False,,0,0,2025030114,20252026,2026-04-26
away,7,BUF,8479312,A. Lyon,34,18/18,2/2,3/4,23/24,0.9583,0,0,1,0,1,60:00,True,W,24,23,2025030114,20252026,2026-04-26
home,6,BOS,8480280,J. Swayman,1,21/27,2/2,0/0,23/29,0.7931,6,0,0,0,6,46:41,True,L,29,23,2025030114,20252026,2026-04-26
home,6,BOS,8476914,J. Korpisalo,70,3/3,3/3,0/0,6/6,1.0,0,0,0,0,0,13:19,False,,6,6,2025030114,20252026,2026-04-26
away,6,BOS,8480280,J. Swayman,1,20/20,5/6,0/0,25/26,0.9615,0,1,0,0,1,69:14,True,W,26,25,2025030115,20252026,2026-04-28
away,6,BOS,8476914,J. Korpisalo,70,0/0,0/0,0/0,0/0,,0,0,0,0,0,00:00,False,,0,0,2025030115,20252026,2026-04-28
home,7,BUF,8480045,U. Luukkonen,1,0/0,0/0,0/0,0/0,,0,0,0,0,0,00:00,False,,0,0,2025030115,20252026,2026-04-28
home,7,BUF,8479312,A. Lyon,34,20/22,7/7,0/0,27/29,0.931,2,0,0,0,2,69:14,True,L,29,27,2025030115,20252026,2026-04-28
away,7,BUF,8480045,U. Luukkonen,1,0/0,0/0,0/0,0/0,,0,0,0,0,0,00:00,False,,0,0,2025030116,20252026,2026-05-01
away,7,BUF,8479312,A. Lyon,34,23/24,0/0,2/2,25/26,0.9615,1,0,0,0,1,59:42,True,W,26,25,2025030116,20252026,2026-05-01
home,6,BOS,8480280,J. Swayman,1,16/19,6/6,0/0,22/25,0.88,3,0,0,0,3,58:08,True,L,25,22,2025030116,20252026,2026-05-01
home,6,BOS,8476914,J. Korpisalo,70,0/0,0/0,0/0,0/0,,0,0,0,0,0,00:00,False,,0,0,2025030116,20252026,2026-05-01
away,8,MTL,8484170,J. Fowler,32,0/0,0/0,0/0,0/0,,0,0,0,0,0,00:00,False,,0,0,2025030121,20252026,2026-04-19
away,8,MTL,8482487,J. Dobes,75,12/13,8/10,0/0,20/23,0.8696,1,2,0,0,3,61:13,True,W,23,20,2025030121,20252026,2026-04-19
home,14,TBL,8477992,J. Johansson,31,0/0,0/0,0/0,0/0,,0,0,0,0,0,00:00,False,,0,0,2025030121,20252026,2026-04-19
home,14,TBL,8476883,A. Vasilevskiy,88,8/9,7/10,0/0,15/19,0.7895,1,3,0,0,4,61:22,True,L,19,15,2025030121,20252026,2026-04-19
away,8,MTL,8484170,J. Fowler,32,0/0,0/0,0/0,0/0,,0,0,0,0,0,00:00,False,,0,0,2025030122,20252026,2026-04-21
away,8,MTL,8482487,J. Dobes,75,26/29,5/5,0/0,31/34,0.9118,3,0,0,0,3,72:48,True,L,34,31,2025030122,20252026,2026-04-21
home,14,TBL,8477992,J. Johansson,31,0/0,0/0,0/0,0/0,,0,0,0,0,0,00:00,False,,0,0,2025030122,20252026,2026-04-21
home,14,TBL,8476883,A. Vasilevskiy,88,18/19,6/7,1/1,25/27,0.9259,1,1,0,0,2,72:14,True,W,27,25,2025030122,20252026,2026-04-21
away,14,TBL,8477992,J. Johansson,31,0/0,0/0,0/0,0/0,,0,0,0,0,0,00:00,False,,0,0,2025030123,20252026,2026-04-24
away,14,TBL,8476883,A. Vasilevskiy,88,19/22,5/5,2/2,26/29,0.8966,3,0,0,0,3,62:09,True,L,29,26,2025030123,20252026,2026-04-24
home,8,MTL,8484170,J. Fowler,32,0/0,0/0,0/0,0/0,,0,0,0,0,0,00:00,False,,0,0,2025030123,20252026,2026-04-24
home,8,MTL,8482487,J. Dobes,75,10/11,5/6,0/0,15/17,0.8824,1,1,0,4,2,61:34,True,W,17,15,2025030123,20252026,2026-04-24
away,14,TBL,8477992,J. Johansson,31,0/0,0/0,0/0,0/0,,0,0,0,0,0,00:00,False,,0,0,2025030124,20252026,2026-04-26
away,14,TBL,8476883,A. Vasilevskiy,88,8/9,8/9,0/0,16/18,0.8889,1,1,0,0,2,60:00,True,W,18,16,2025030124,20252026,2026-04-26
home,8,MTL,8484170,J. Fowler,32,0/0,0/0,0/0,0/0,,0,0,0,0,0,00:00,False,,0,0,2025030124,20252026,2026-04-26
home,8,MTL,8482487,J. Dobes,75,11/13,6/7,0/0,17/20,0.85,2,1,0,0,3,58:17,True,L,20,17,2025030124,20252026,2026-04-26
away,8,MTL,8484170,J. Fowler,32,0/0,0/0,0/0,0/0,,0,0,0,0,0,00:00,False,,0,0,2025030125,20252026,2026-04-29
away,8,MTL,8482487,J. Dobes,75,32/34,6/6,0/0,38/40,0.95,2,0,0,0,2,60:00,True,W,40,38,2025030125,20252026,2026-04-29
home,14,TBL,8477992,J. Johansson,31,0/0,0/0,0/0,0/0,,0,0,0,0,0,00:00,False,,0,0,2025030125,20252026,2026-04-29
home,14,TBL,8476883,A. Vasilevskiy,88,18/21,1/1,2/2,21/24,0.875,3,0,0,0,3,57:27,True,L,24,21,2025030125,20252026,2026-04-29
away,14,TBL,8477992,J. Johansson,31,0/0,0/0,0/0,0/0,,0,0,0,0,0,00:00,False,,0,0,2025030126,20252026,2026-05-01
away,14,TBL,8476883,A. Vasilevskiy,88,25/25,4/4,1/1,30/30,1.0,0,0,0,0,0,69:03,True,W,30,30,2025030126,20252026,2026-05-01
home,8,MTL,8484170,J. Fowler,32,0/0,0/0,0/0,0/0,,0,0,0,0,0,00:00,False,,0,0,2025030126,20252026,2026-05-01
home,8,MTL,8482487,J. Dobes,75,28/29,4/4,0/0,32/33,0.9697,1,0,0,0,1,69:03,True,L,33,32,2025030126,20252026,2026-05-01
away,8,MTL,8484170,J. Fowler,32,0/0,0/0,0/0,0/0,,0,0,0,0,0,00:00,False,,0,0,2025030127,20252026,2026-05-03
away,8,MTL,8482487,J. Dobes,75,26/26,2/3,0/0,28/29,0.9655,0,1,0,0,1,60:00,True,W,29,28,2025030127,20252026,2026-05-03
home,14,TBL,8477992,J. Johansson,31,0/0,0/0,0/0,0/0,,0,0,0,0,0,00:00,False,,0,0,2025030127,20252026,2026-05-03
home,14,TBL,8476883,A. Vasilevskiy,88,7/9,0/0,0/0,7/9,0.7778,2,0,0,0,2,57:30,True,L,9,7,2025030127,20252026,2026-05-03
away,9,OTT,8476999,L. Ullmark,35,17/19,9/9,1/1,27/29,0.931,2,0,0,0,2,56:49,True,L,29,27,2025030131,20252026,2026-04-18
away,9,OTT,8473503,J. Reimer,47,0/0,0/0,0/0,0/0,,0,0,0,0,0,00:00,False,,0,0,2025030131,20252026,2026-04-18
home,12,CAR,8475883,F. Andersen,31,14/14,7/7,1/1,22/22,1.0,0,0,0,0,0,60:00,True,W,22,22,2025030131,20252026,2026-04-18
home,12,CAR,8483548,B. Bussi,32,0/0,0/0,0/0,0/0,,0,0,0,0,0,00:00,False,,0,0,2025030131,20252026,2026-04-18
away,9,OTT,8476999,L. Ullmark,35,42/44,2/3,2/2,46/49,0.9388,2,1,0,0,3,93:34,True,L,49,46,2025030132,20252026,2026-04-20
away,9,OTT,8473503,J. Reimer,47,0/0,0/0,0/0,0/0,,0,0,0,0,0,00:00,False,,0,0,2025030132,20252026,2026-04-20
home,12,CAR,8475883,F. Andersen,31,36/38,1/1,0/0,37/39,0.9487,2,0,0,0,2,93:33,True,W,39,37,2025030132,20252026,2026-04-20
home,12,CAR,8483548,B. Bussi,32,0/0,0/0,0/0,0/0,,0,0,0,0,0,00:00,False,,0,0,2025030132,20252026,2026-04-20
away,12,CAR,8475883,F. Andersen,31,17/18,4/4,0/0,21/22,0.9545,1,0,0,0,1,60:00,True,W,22,21,2025030133,20252026,2026-04-23
away,12,CAR,8483548,B. Bussi,32,0/0,0/0,0/0,0/0,,0,0,0,0,0,00:00,False,,0,0,2025030133,20252026,2026-04-23
home,9,OTT,8476999,L. Ullmark,35,20/22,3/3,2/2,25/27,0.9259,2,0,0,0,2,58:01,True,L,27,25,2025030133,20252026,2026-04-23
home,9,OTT,8473503,J. Reimer,47,0/0,0/0,0/0,0/0,,0,0,0,0,0,00:00,False,,0,0,2025030133,20252026,2026-04-23
away,12,CAR,8475883,F. Andersen,31,16/17,8/9,1/1,25/27,0.9259,1,1,0,0,2,59:49,True,W,27,25,2025030134,20252026,2026-04-25
away,12,CAR,8483548,B. Bussi,32,0/0,0/0,0/0,0/0,,0,0,0,0,0,00:00,False,,0,0,2025030134,20252026,2026-04-25
home,9,OTT,8476999,L. Ullmark,35,16/17,6/7,4/4,26/28,0.9286,1,1,0,0,2,58:01,True,L,28,26,2025030134,20252026,2026-04-25
home,9,OTT,8473503,J. Reimer,47,0/0,0/0,0/0,0/0,,0,0,0,0,0,00:00,False,,0,0,2025030134,20252026,2026-04-25
away,4,PHI,8481035,S. Ersson,33,0/0,0/0,0/0,0/0,,0,0,0,0,0,00:00,False,,0,0,2025030141,20252026,2026-04-18
away,4,PHI,8478435,D. Vladar,80,15/17,1/1,0/0,16/18,0.8889,2,0,0,0,2,60:00,True,W,18,16,2025030141,20252026,2026-04-18
home,5,PIT,8481668,A. Silovs,37,0/0,0/0,0/0,0/0,,0,0,0,0,0,00:00,False,,0,0,2025030141,20252026,2026-04-18
home,5,PIT,8479973,S. Skinner,74,14/17,2/2,1/1,17/20,0.85,3,0,0,0,3,57:40,True,L,20,17,2025030141,20252026,2026-04-18
away,4,PHI,8481035,S. Ersson,33,0/0,0/0,0/0,0/0,,0,0,0,0,0,00:00,False,,0,0,2025030142,20252026,2026-04-20
away,4,PHI,8478435,D. Vladar,80,25/25,2/2,0/0,27/27,1.0,0,0,0,0,0,60:00,True,W,27,27,2025030142,20252026,2026-04-20
home,5,PIT,8481668,A. Silovs,37,0/0,0/0,0/0,0/0,,0,0,0,0,0,00:00,False,,0,0,2025030142,20252026,2026-04-20
home,5,PIT,8479973,S. Skinner,74,13/14,6/6,2/3,21/23,0.913,1,0,1,0,2,59:31,True,L,23,21,2025030142,20252026,2026-04-20
away,5,PIT,8481668,A. Silovs,37,0/0,0/0,0/0,0/0,,0,0,0,0,0,00:00,False,,0,0,2025030143,20252026,2026-04-22
away,5,PIT,8479973,S. Skinner,74,16/18,7/9,1/1,24/28,0.8571,2,2,0,0,4,58:01,True,L,28,24,2025030143,20252026,2026-04-22
home,4,PHI,8481035,S. Ersson,33,0/0,0/0,0/0,0/0,,0,0,0,0,0,00:00,False,,0,0,2025030143,20252026,2026-04-22
home,4,PHI,8478435,D. Vladar,80,22/22,5/7,0/0,27/29,0.931,0,2,0,0,2,60:00,True,W,29,27,2025030143,20252026,2026-04-22
away,5,PIT,8481668,A. Silovs,37,21/23,4/4,3/3,28/30,0.9333,2,0,0,0,2,59:56,True,W,30,28,2025030144,20252026,2026-04-25
away,5,PIT,8479973,S. Skinner,74,0/0,0/0,0/0,0/0,,0,0,0,0,0,00:00,False,,0,0,2025030144,20252026,2026-04-25
home,4,PHI,8481035,S. Ersson,33,0/0,0/0,0/0,0/0,,0,0,0,0,0,00:00,False,,0,0,2025030144,20252026,2026-04-25
home,4,PHI,8478435,D. Vladar,80,17/19,1/2,0/0,18/21,0.8571,2,1,0,0,3,58:15,True,L,21,18,2025030144,20252026,2026-04-25
away,4,PHI,8481035,S. Ersson,33,0/0,0/0,0/0,0/0,,0,0,0,0,0,00:00,False,,0,0,2025030145,20252026,2026-04-27
away,4,PHI,8478435,D. Vladar,80,14/17,4/4,0/0,18/21,0.8571,3,0,0,0,3,58:02,True,L,21,18,2025030145,20252026,2026-04-27
home,5,PIT,8481668,A. Silovs,37,16/18,1/1,1/1,18/20,0.9,2,0,0,0,2,59:48,True,W,20,18,2025030145,20252026,2026-04-27
home,5,PIT,8479973,S. Skinner,74,0/0,0/0,0/0,0/0,,0,0,0,0,0,00:00,False,,0,0,2025030145,20252026,2026-04-27
away,5,PIT,8481668,A. Silovs,37,27/28,2/2,2/2,31/32,0.9688,1,0,0,0,1,77:32,True,L,32,31,2025030146,20252026,2026-04-29
away,5,PIT,8479973,S. Skinner,74,0/0,0/0,0/0,0/0,,0,0,0,0,0,00:00,False,,0,0,2025030146,20252026,2026-04-29
home,4,PHI,8481035,S. Ersson,33,0/0,0/0,0/0,0/0,,0,0,0,0,0,00:00,False,,0,0,2025030146,20252026,2026-04-29
home,4,PHI,8478435,D. Vladar,80,35/35,5/5,2/2,42/42,1.0,0,0,0,0,0,77:32,True,W,42,42,2025030146,20252026,2026-04-29
away,26,LAK,8476341,A. Forsberg,31,25/27,5/5,0/0,30/32,0.9375,2,0,0,0,2,58:42,True,L,32,30,2025030151,20252026,2026-04-19
away,26,LAK,8475311,D. Kuemper,35,0/0,0/0,0/0,0/0,,0,0,0,0,0,00:00,False,,0,0,2025030151,20252026,2026-04-19
home,21,COL,8478406,M. Blackwood,39,0/0,0/0,0/0,0/0,,0,0,0,0,0,00:00,False,,0,0,2025030151,20252026,2026-04-19
home,21,COL,8475809,S. Wedgewood,41,19/19,5/6,0/0,24/25,0.96,0,1,0,0,1,60:00,True,W,25,24,2025030151,20252026,2026-04-19
away,26,LAK,8476341,A. Forsberg,31,27/29,5/5,2/2,34/36,0.9444,2,0,0,0,2,67:44,True,L,36,34,2025030152,20252026,2026-04-21
away,26,LAK,8475311,D. Kuemper,35,0/0,0/0,0/0,0/0,,0,0,0,0,0,00:00,False,,0,0,2025030152,20252026,2026-04-21
home,21,COL,8478406,M. Blackwood,39,0/0,0/0,0/0,0/0,,0,0,0,0,0,00:00,False,,0,0,2025030152,20252026,2026-04-21
home,21,COL,8475809,S. Wedgewood,41,18/18,4/5,2/2,24/25,0.96,0,1,0,0,1,67:28,True,W,25,24,2025030152,20252026,2026-04-21
away,21,COL,8478406,M. Blackwood,39,0/0,0/0,0/0,0/0,,0,0,0,0,0,00:00,False,,0,0,2025030153,20252026,2026-04-23
away,21,COL,8475809,S. Wedgewood,41,19/20,4/5,1/1,24/26,0.9231,1,1,0,0,2,60:00,True,W,26,24,2025030153,20252026,2026-04-23
home,26,LAK,8476341,A. Forsberg,31,17/19,2/2,0/1,19/22,0.8636,2,0,1,0,3,57:56,True,L,22,19,2025030153,20252026,2026-04-23
home,26,LAK,8475311,D. Kuemper,35,0/0,0/0,0/0,0/0,,0,0,0,0,0,00:00,False,,0,0,2025030153,20252026,2026-04-23
away,21,COL,8478406,M. Blackwood,39,0/0,0/0,0/0,0/0,,0,0,0,0,0,00:00,False,,0,0,2025030154,20252026,2026-04-26
away,21,COL,8475809,S. Wedgewood,41,17/18,6/6,1/1,24/25,0.96,1,0,0,0,1,60:00,True,W,25,24,2025030154,20252026,2026-04-26
home,26,LAK,8476341,A. Forsberg,31,23/26,1/2,3/3,27/31,0.871,3,1,0,0,4,59:50,True,L,31,27,2025030154,20252026,2026-04-26
home,26,LAK,8475311,D. Kuemper,35,0/0,0/0,0/0,0/0,,0,0,0,0,0,00:00,False,,0,0,2025030154,20252026,2026-04-26
away,30,MIN,8482661,J. Wallstedt,30,18/18,9/10,0/0,27/28,0.9643,0,1,0,0,1,60:00,True,W,28,27,2025030161,20252026,2026-04-18
away,30,MIN,8479406,F. Gustavsson,32,0/0,0/0,0/0,0/0,,0,0,0,0,0,00:00,False,,0,0,2025030161,20252026,2026-04-18
home,25,DAL,8479193,C. DeSmith,1,0/0,0/0,0/0,0/0,,0,0,0,0,0,00:00,False,,0,0,2025030161,20252026,2026-04-18
home,25,DAL,8479979,J. Oettinger,29,18/21,5/7,0/0,23/28,0.8214,3,2,0,0,5,58:34,True,L,28,23,2025030161,20252026,2026-04-18
away,30,MIN,8482661,J. Wallstedt,30,24/26,2/3,2/2,28/31,0.9032,2,1,0,0,3,59:04,True,L,31,28,2025030162,20252026,2026-04-20
away,30,MIN,8479406,F. Gustavsson,32,0/0,0/0,0/0,0/0,,0,0,0,0,0,00:00,False,,0,0,2025030162,20252026,2026-04-20
home,25,DAL,8479193,C. DeSmith,1,0/0,0/0,0/0,0/0,,0,0,0,0,0,00:00,False,,0,0,2025030162,20252026,2026-04-20
home,25,DAL,8479979,J. Oettinger,29,21/23,5/5,2/2,28/30,0.9333,2,0,0,0,2,60:00,True,W,30,28,2025030162,20252026,2026-04-20
away,25,DAL,8479193,C. DeSmith,1,0/0,0/0,0/0,0/0,,0,0,0,0,0,00:00,False,,0,0,2025030163,20252026,2026-04-22
away,25,DAL,8479979,J. Oettinger,29,21/23,6/7,2/2,29/32,0.9062,2,1,0,0,3,92:10,True,W,32,29,2025030163,20252026,2026-04-22
home,30,MIN,8482661,J. Wallstedt,30,17/18,15/18,0/0,32/36,0.8889,1,3,0,0,4,92:10,True,L,36,32,2025030163,20252026,2026-04-22
home,30,MIN,8479406,F. Gustavsson,32,0/0,0/0,0/0,0/0,,0,0,0,0,0,00:00,False,,0,0,2025030163,20252026,2026-04-22
away,25,DAL,8479193,C. DeSmith,1,0/0,0/0,0/0,0/0,,0,0,0,0,0,00:00,False,,0,0,2025030164,20252026,2026-04-25
away,25,DAL,8479979,J. Oettinger,29,36/39,3/3,0/0,39/42,0.9286,3,0,0,0,3,79:31,True,L,42,39,2025030164,20252026,2026-04-25
home,30,MIN,8482661,J. Wallstedt,30,40/40,3/5,0/0,43/45,0.9556,0,2,0,0,2,79:31,True,W,45,43,2025030164,20252026,2026-04-25
home,30,MIN,8479406,F. Gustavsson,32,0/0,0/0,0/0,0/0,,0,0,0,0,0,00:00,False,,0,0,2025030164,20252026,2026-04-25
away,30,MIN,8482661,J. Wallstedt,30,17/18,3/4,0/0,20/22,0.9091,1,1,0,0,2,59:47,True,W,22,20,2025030165,20252026,2026-04-28
away,30,MIN,8479406,F. Gustavsson,32,0/0,0/0,0/0,0/0,,0,0,0,0,0,00:00,False,,0,0,2025030165,20252026,2026-04-28
home,25,DAL,8479193,C. DeSmith,1,0/0,0/0,0/0,0/0,,0,0,0,0,0,00:00,False,,0,0,2025030165,20252026,2026-04-28
home,25,DAL,8479979,J. Oettinger,29,13/15,11/12,0/0,24/27,0.8889,2,1,0,0,3,55:28,True,L,27,24,2025030165,20252026,2026-04-28
away,25,DAL,8479193,C. DeSmith,1,0/0,0/0,0/0,0/0,,0,0,0,0,0,00:00,False,,0,0,2025030166,20252026,2026-04-30
away,25,DAL,8479979,J. Oettinger,29,12/15,4/4,0/0,16/19,0.8421,3,0,0,0,3,57:30,True,L,19,16,2025030166,20252026,2026-04-30
home,30,MIN,8482661,J. Wallstedt,30,20/21,0/1,1/1,21/23,0.913,1,1,0,0,2,59:07,True,W,23,21,2025030166,20252026,2026-04-30
home,30,MIN,8479406,F. Gustavsson,32,0/0,0/0,0/0,0/0,,0,0,0,0,0,00:00,False,,0,0,2025030166,20252026,2026-04-30
away,68,UTA,8477970,V. Vanecek,41,0/0,0/0,0/0,0/0,,0,0,0,0,0,00:00,False,,0,0,2025030171,20252026,2026-04-19
away,68,UTA,8478872,K. Vejmelka,70,24/26,2/3,1/1,27/30,0.9,2,1,0,0,3,58:38,True,L,30,27,2025030171,20252026,2026-04-19
home,54,VGK,8478499,A. Hill,33,0/0,0/0,0/0,0/0,,0,0,0,0,0,00:00,False,,0,0,2025030171,20252026,2026-04-19
home,54,VGK,8479394,C. Hart,79,29/31,2/2,0/0,31/33,0.9394,2,0,0,0,2,59:50,True,W,33,31,2025030171,20252026,2026-04-19
away,68,UTA,8477970,V. Vanecek,41,0/0,0/0,0/0,0/0,,0,0,0,0,0,00:00,False,,0,0,2025030172,20252026,2026-04-21
away,68,UTA,8478872,K. Vejmelka,70,15/16,3/4,1/1,19/21,0.9048,1,1,0,0,2,59:30,True,W,21,19,2025030172,20252026,2026-04-21
home,54,VGK,8478499,A. Hill,33,0/0,0/0,0/0,0/0,,0,0,0,0,0,00:00,False,,0,0,2025030172,20252026,2026-04-21
home,54,VGK,8479394,C. Hart,79,15/17,12/12,0/0,27/29,0.931,3,0,0,0,3,57:09,True,L,29,27,2025030172,20252026,2026-04-21
away,54,VGK,8478499,A. Hill,33,0/0,0/0,0/0,0/0,,0,0,0,0,0,00:00,False,,0,0,2025030173,20252026,2026-04-24
away,54,VGK,8479394,C. Hart,79,8/11,0/1,0/0,8/12,0.6667,3,1,0,0,4,56:57,True,L,12,8,2025030173,20252026,2026-04-24
home,68,UTA,8477970,V. Vanecek,41,0/0,0/0,0/0,0/0,,0,0,0,0,0,00:00,False,,0,0,2025030173,20252026,2026-04-24
home,68,UTA,8478872,K. Vejmelka,70,23/25,7/7,0/0,30/32,0.9375,2,0,0,0,2,60:00,True,W,32,30,2025030173,20252026,2026-04-24
away,54,VGK,8478499,A. Hill,33,0/0,0/0,0/0,0/0,,0,0,0,0,0,00:00,False,,0,0,2025030174,20252026,2026-04-27
away,54,VGK,8479394,C. Hart,79,23/27,4/4,0/0,27/31,0.871,4,0,0,0,4,79:08,True,W,31,27,2025030174,20252026,2026-04-27
home,68,UTA,8477970,V. Vanecek,41,0/0,0/0,0/0,0/0,,0,0,0,0,0,00:00,False,,0,0,2025030174,20252026,2026-04-27
home,68,UTA,8478872,K. Vejmelka,70,24/28,6/6,1/2,31/36,0.8611,4,0,1,0,5,79:08,True,L,36,31,2025030174,20252026,2026-04-27
away,68,UTA,8477970,V. Vanecek,41,0/0,0/0,0/0,0/0,,0,0,0,0,0,00:00,False,,0,0,2025030175,20252026,2026-04-29
away,68,UTA,8478872,K. Vejmelka,70,28/31,2/3,3/4,33/38,0.8684,3,1,1,0,5,85:28,True,L,38,33,2025030175,20252026,2026-04-29
home,54,VGK,8478499,A. Hill,33,0/0,0/0,0/0,0/0,,0,0,0,0,0,00:00,False,,0,0,2025030175,20252026,2026-04-29
home,54,VGK,8479394,C. Hart,79,27/31,7/7,0/0,34/38,0.8947,4,0,0,0,4,84:40,True,W,38,34,2025030175,20252026,2026-04-29
away,54,VGK,8478499,A. Hill,33,0/0,0/0,0/0,0/0,,0,0,0,0,0,00:00,False,,0,0,2025030176,20252026,2026-05-01
away,54,VGK,8479394,C. Hart,79,18/19,4/4,0/0,22/23,0.9565,1,0,0,0,1,59:32,True,W,23,22,2025030176,20252026,2026-05-01
home,68,UTA,8477970,V. Vanecek,41,0/0,0/0,0/0,0/0,,0,0,0,0,0,00:00,False,,0,0,2025030176,20252026,2026-05-01
home,68,UTA,8478872,K. Vejmelka,70,20/23,1/2,0/0,21/25,0.84,3,1,0,0,4,59:21,True,L,25,21,2025030176,20252026,2026-05-01
away,24,ANA,8480843,L. Dostal,1,25/29,2/2,3/3,30/34,0.8824,4,0,0,0,4,58:17,True,L,34,30,2025030181,20252026,2026-04-20
away,24,ANA,8478024,V. Husso,33,0/0,0/0,0/0,0/0,,0,0,0,0,0,00:00,False,,0,0,2025030181,20252026,2026-04-20
home,22,EDM,8477465,T. Jarry,35,0/0,0/0,0/0,0/0,,0,0,0,0,0,00:00,False,,0,0,2025030181,20252026,2026-04-20
home,22,EDM,8478971,C. Ingram,39,23/25,2/3,0/0,25/28,0.8929,2,1,0,0,3,60:00,True,W,28,25,2025030181,20252026,2026-04-20
away,24,ANA,8480843,L. Dostal,1,24/28,9/9,0/0,33/37,0.8919,4,0,0,0,4,59:20,True,W,37,33,2025030182,20252026,2026-04-22
away,24,ANA,8478024,V. Husso,33,0/0,0/0,0/0,0/0,,0,0,0,0,0,00:00,False,,0,0,2025030182,20252026,2026-04-22
home,22,EDM,8477465,T. Jarry,35,0/0,0/0,0/0,0/0,,0,0,0,0,0,00:00,False,,0,0,2025030182,20252026,2026-04-22
home,22,EDM,8478971,C. Ingram,39,17/19,5/7,0/1,22/27,0.8148,2,2,1,0,5,59:15,True,L,27,22,2025030182,20252026,2026-04-22
away,22,EDM,8477465,T. Jarry,35,0/0,0/0,0/0,0/0,,0,0,0,0,0,00:00,False,,0,0,2025030183,20252026,2026-04-24
away,22,EDM,8478971,C. Ingram,39,25/30,7/8,0/0,32/38,0.8421,5,1,0,0,6,59:24,True,L,38,32,2025030183,20252026,2026-04-24
home,24,ANA,8480843,L. Dostal,1,19/22,1/2,1/1,21/25,0.84,3,1,0,0,4,60:00,True,W,25,21,2025030183,20252026,2026-04-24
home,24,ANA,8478024,V. Husso,33,0/0,0/0,0/0,0/0,,0,0,0,0,0,00:00,False,,0,0,2025030183,20252026,2026-04-24
away,22,EDM,8477465,T. Jarry,35,27/29,6/8,1/1,34/38,0.8947,2,2,0,0,4,62:29,True,L,38,34,2025030184,20252026,2026-04-26
away,22,EDM,8478971,C. Ingram,39,0/0,0/0,0/0,0/0,,0,0,0,0,0,00:00,False,,0,0,2025030184,20252026,2026-04-26
home,24,ANA,8480843,L. Dostal,1,22/23,1/3,1/1,24/27,0.8889,1,2,0,0,3,62:10,True,W,27,24,2025030184,20252026,2026-04-26
home,24,ANA,8478024,V. Husso,33,0/0,0/0,0/0,0/0,,0,0,0,0,0,00:00,False,,0,0,2025030184,20252026,2026-04-26
away,24,ANA,8480843,L. Dostal,1,6/9,0/0,0/0,6/9,0.6667,3,0,0,0,3,10:13,True,L,9,6,2025030185,20252026,2026-04-28
away,24,ANA,8478024,V. Husso,33,7/7,3/4,0/0,10/11,0.9091,0,1,0,0,1,47:14,False,,11,10,2025030185,20252026,2026-04-28
home,22,EDM,8477465,T. Jarry,35,0/0,0/0,0/0,0/0,,0,0,0,0,0,00:00,False,,0,0,2025030185,20252026,2026-04-28
home,22,EDM,8478971,C. Ingram,39,26/26,2/3,1/1,29/30,0.9667,0,1,0,0,1,60:00,True,W,30,29,2025030185,20252026,2026-04-28
away,22,EDM,8477465,T. Jarry,35,0/0,0/0,0/0,0/0,,0,0,0,0,0,00:00,False,,0,0,2025030186,20252026,2026-04-30
away,22,EDM,8478971,C. Ingram,39,24/27,2/3,0/0,26/30,0.8667,3,1,0,0,4,56:31,True,L,30,26,2025030186,20252026,2026-04-30
home,24,ANA,8480843,L. Dostal,1,25/27,0/0,0/0,25/27,0.9259,2,0,0,0,2,60:00,True,W,27,25,2025030186,20252026,2026-04-30
home,24,ANA,8478024,V. Husso,33,0/0,0/0,0/0,0/0,,0,0,0,0,0,00:00,False,,0,0,2025030186,20252026,2026-04-30
away,8,MTL,8484170,J. Fowler,32,0/0,0/0,0/0,0/0,,0,0,0,0,0,00:00,False,,0,0,2025030211,20252026,2026-05-06
away,8,MTL,8482487,J. Dobes,75,9/11,3/5,0/0,12/16,0.75,2,2,0,0,4,56:48,True,L,16,12,2025030211,20252026,2026-05-06
home,7,BUF,8480045,U. Luukkonen,1,0/0,0/0,0/0,0/0,,0,0,0,0,0,00:00,False,,0,0,2025030211,20252026,2026-05-06
home,7,BUF,8479312,A. Lyon,34,22/23,2/3,2/2,26/28,0.9286,1,1,0,0,2,59:40,True,W,28,26,2025030211,20252026,2026-05-06
away,8,MTL,8484170,J. Fowler,32,0/0,0/0,0/0,0/0,,0,0,0,0,0,00:00,False,,0,0,2025030212,20252026,2026-05-08
away,8,MTL,8482487,J. Dobes,75,18/19,10/10,0/0,28/29,0.9655,1,0,0,0,1,60:00,True,W,29,28,2025030212,20252026,2026-05-08
home,7,BUF,8480045,U. Luukkonen,1,0/0,0/0,0/0,0/0,,0,0,0,0,0,00:00,False,,0,0,2025030212,20252026,2026-05-08
home,7,BUF,8479312,A. Lyon,34,14/18,7/7,2/2,23/27,0.8519,4,0,0,0,4,58:13,True,L,27,23,2025030212,20252026,2026-05-08
away,7,BUF,8480045,U. Luukkonen,1,0/0,0/0,0/0,0/0,,0,0,0,0,0,00:00,False,,0,0,2025030213,20252026,2026-05-10
away,7,BUF,8479312,A. Lyon,34,23/26,7/9,1/1,31/36,0.8611,3,2,0,0,5,58:39,True,L,36,31,2025030213,20252026,2026-05-10
home,8,MTL,8484170,J. Fowler,32,0/0,0/0,0/0,0/0,,0,0,0,0,0,00:00,False,,0,0,2025030213,20252026,2026-05-10
home,8,MTL,8482487,J. Dobes,75,21/22,4/5,1/1,26/28,0.9286,1,1,0,0,2,59:53,True,W,28,26,2025030213,20252026,2026-05-10
away,7,BUF,8480045,U. Luukkonen,1,20/21,9/10,0/0,29/31,0.9355,1,1,0,0,2,60:00,True,W,31,29,2025030214,20252026,2026-05-12
away,7,BUF,8479312,A. Lyon,34,0/0,0/0,0/0,0/0,,0,0,0,0,0,00:00,False,,0,0,2025030214,20252026,2026-05-12
home,8,MTL,8484170,J. Fowler,32,0/0,0/0,0/0,0/0,,0,0,0,0,0,00:00,False,,0,0,2025030214,20252026,2026-05-12
home,8,MTL,8482487,J. Dobes,75,15/16,3/5,1/1,19/22,0.8636,1,2,0,0,3,57:17,True,L,22,19,2025030214,20252026,2026-05-12
away,8,MTL,8484170,J. Fowler,32,0/0,0/0,0/0,0/0,,0,0,0,0,0,00:00,False,,0,0,2025030215,20252026,2026-05-14
away,8,MTL,8482487,J. Dobes,75,30/33,3/3,0/0,33/36,0.9167,3,0,0,0,3,60:00,True,W,36,33,2025030215,20252026,2026-05-14
home,7,BUF,8480045,U. Luukkonen,1,18/22,0/1,0/0,18/23,0.7826,4,1,0,0,5,40:00,True,L,23,18,2025030215,20252026,2026-05-14
home,7,BUF,8479312,A. Lyon,34,2/2,0/1,0/0,2/3,0.6667,0,1,0,0,1,13:39,False,,3,2,2025030215,20252026,2026-05-14
away,7,BUF,8480045,U. Luukkonen,1,15/15,3/3,0/0,18/18,1.0,0,0,0,0,0,49:41,False,W,18,18,2025030216,20252026,2026-05-16
away,7,BUF,8479312,A. Lyon,34,1/2,0/1,0/1,1/4,0.25,1,1,1,0,3,10:14,True,,4,1,2025030216,20252026,2026-05-16
home,8,MTL,8484170,J. Fowler,32,1/1,0/1,0/0,1/2,0.5,0,1,0,0,1,08:23,False,,2,1,2025030216,20252026,2026-05-16
home,8,MTL,8482487,J. Dobes,75,19/22,6/9,2/2,27/33,0.8182,3,3,0,2,6,49:58,True,L,33,27,2025030216,20252026,2026-05-16
away,8,MTL,8484170,J. Fowler,32,0/0,0/0,0/0,0/0,,0,0,0,0,0,00:00,False,,0,0,2025030217,20252026,2026-05-18
away,8,MTL,8482487,J. Dobes,75,36/38,1/1,0/0,37/39,0.9487,2,0,0,0,2,71:22,True,W,39,37,2025030217,20252026,2026-05-18
home,7,BUF,8480045,U. Luukkonen,1,22/24,0/1,0/0,22/25,0.88,2,1,0,0,3,71:22,True,L,25,22,2025030217,20252026,2026-05-18
home,7,BUF,8479312,A. Lyon,34,0/0,0/0,0/0,0/0,,0,0,0,0,0,00:00,False,,0,0,2025030217,20252026,2026-05-18
away,4,PHI,8481035,S. Ersson,33,0/0,0/0,0/0,0/0,,0,0,0,0,0,00:00,False,,0,0,2025030221,20252026,2026-05-02
away,4,PHI,8478435,D. Vladar,80,12/15,5/5,3/3,20/23,0.8696,3,0,0,0,3,55:12,True,L,23,20,2025030221,20252026,2026-05-02
home,12,CAR,8475883,F. Andersen,31,13/13,2/2,4/4,19/19,1.0,0,0,0,2,0,60:00,True,W,19,19,2025030221,20252026,2026-05-02
home,12,CAR,8483548,B. Bussi,32,0/0,0/0,0/0,0/0,,0,0,0,0,0,00:00,False,,0,0,2025030221,20252026,2026-05-02
away,4,PHI,8481035,S. Ersson,33,0/0,0/0,0/0,0/0,,0,0,0,0,0,00:00,False,,0,0,2025030222,20252026,2026-05-04
away,4,PHI,8478435,D. Vladar,80,27/29,7/8,5/5,39/42,0.9286,2,1,0,2,3,78:54,True,L,42,39,2025030222,20252026,2026-05-04
home,12,CAR,8475883,F. Andersen,31,29/30,2/3,3/3,34/36,0.9444,1,1,0,0,2,78:49,True,W,36,34,2025030222,20252026,2026-05-04
home,12,CAR,8483548,B. Bussi,32,0/0,0/0,0/0,0/0,,0,0,0,0,0,00:00,False,,0,0,2025030222,20252026,2026-05-04
away,12,CAR,8475883,F. Andersen,31,13/14,4/4,1/1,18/19,0.9474,1,0,0,0,1,60:00,True,W,19,18,2025030223,20252026,2026-05-07
away,12,CAR,8483548,B. Bussi,32,0/0,0/0,0/0,0/0,,0,0,0,0,0,00:00,False,,0,0,2025030223,20252026,2026-05-07
home,4,PHI,8481035,S. Ersson,33,0/0,0/0,0/0,0/0,,0,0,0,0,0,00:00,False,,0,0,2025030223,20252026,2026-05-07
home,4,PHI,8478435,D. Vladar,80,21/22,6/8,0/1,27/31,0.871,1,2,1,0,4,59:54,True,L,31,27,2025030223,20252026,2026-05-07
away,12,CAR,8475883,F. Andersen,31,13/15,2/2,0/0,15/17,0.8824,2,0,0,0,2,65:19,True,W,17,15,2025030224,20252026,2026-05-09
away,12,CAR,8483548,B. Bussi,32,0/0,0/0,0/0,0/0,,0,0,0,0,0,00:00,False,,0,0,2025030224,20252026,2026-05-09
home,4,PHI,8481035,S. Ersson,33,0/0,0/0,0/0,0/0,,0,0,0,0,0,00:00,False,,0,0,2025030224,20252026,2026-05-09
home,4,PHI,8478435,D. Vladar,80,34/37,3/3,0/0,37/40,0.925,3,0,0,0,3,65:31,True,L,40,37,2025030224,20252026,2026-05-09
away,30,MIN,8482661,J. Wallstedt,30,32/39,2/3,0/0,34/42,0.8095,7,1,0,0,8,59:28,True,L,42,34,2025030231,20252026,2026-05-03
away,30,MIN,8479406,F. Gustavsson,32,0/0,0/0,0/0,0/0,,0,0,0,0,0,00:00,False,,0,0,2025030231,20252026,2026-05-03
home,21,COL,8478406,M. Blackwood,39,0/0,0/0,0/0,0/0,,0,0,0,0,0,00:00,False,,0,0,2025030231,20252026,2026-05-03
home,21,COL,8475809,S. Wedgewood,41,26/31,2/2,2/3,30/36,0.8333,5,0,1,0,6,60:00,True,W,36,30,2025030231,20252026,2026-05-03
away,30,MIN,8482661,J. Wallstedt,30,0/0,0/0,0/0,0/0,,0,0,0,0,0,00:00,False,,0,0,2025030232,20252026,2026-05-05
away,30,MIN,8479406,F. Gustavsson,32,11/13,6/8,1/1,18/22,0.8182,2,2,0,0,4,57:08,True,L,22,18,2025030232,20252026,2026-05-05
home,21,COL,8478406,M. Blackwood,39,0/0,0/0,0/0,0/0,,0,0,0,0,0,00:00,False,,0,0,2025030232,20252026,2026-05-05
home,21,COL,8475809,S. Wedgewood,41,18/20,9/9,2/2,29/31,0.9355,2,0,0,0,2,60:00,True,W,31,29,2025030232,20252026,2026-05-05
away,21,COL,8478406,M. Blackwood,39,11/12,1/1,0/0,12/13,0.9231,1,0,0,0,1,32:27,False,,13,12,2025030233,20252026,2026-05-09
away,21,COL,8475809,S. Wedgewood,41,6/7,2/4,1/1,9/12,0.75,1,2,0,0,3,24:23,True,L,12,9,2025030233,20252026,2026-05-09
home,30,MIN,8482661,J. Wallstedt,30,29/29,6/7,0/0,35/36,0.9722,0,1,0,0,1,59:57,True,W,36,35,2025030233,20252026,2026-05-09
home,30,MIN,8479406,F. Gustavsson,32,0/0,0/0,0/0,0/0,,0,0,0,0,0,00:00,False,,0,0,2025030233,20252026,2026-05-09
away,21,COL,8478406,M. Blackwood,39,15/16,4/5,0/0,19/21,0.9048,1,1,0,0,2,60:00,True,W,21,19,2025030234,20252026,2026-05-11
away,21,COL,8475809,S. Wedgewood,41,0/0,0/0,0/0,0/0,,0,0,0,0,0,00:00,False,,0,0,2025030234,20252026,2026-05-11
home,30,MIN,8482661,J. Wallstedt,30,26/28,2/3,1/1,29/32,0.9062,2,1,0,0,3,58:30,True,L,32,29,2025030234,20252026,2026-05-11
home,30,MIN,8479406,F. Gustavsson,32,0/0,0/0,0/0,0/0,,0,0,0,0,0,00:00,False,,0,0,2025030234,20252026,2026-05-11
away,30,MIN,8482661,J. Wallstedt,30,27/31,3/3,0/0,30/34,0.8824,4,0,0,0,4,63:21,True,L,34,30,2025030235,20252026,2026-05-13
away,30,MIN,8479406,F. Gustavsson,32,0/0,0/0,0/0,0/0,,0,0,0,0,0,00:00,False,,0,0,2025030235,20252026,2026-05-13
home,21,COL,8478406,M. Blackwood,39,6/9,4/4,0/0,10/13,0.7692,3,0,0,0,3,20:00,True,,13,10,2025030235,20252026,2026-05-13
home,21,COL,8475809,S. Wedgewood,41,7/7,0/0,0/0,7/7,1.0,0,0,0,0,0,43:14,False,W,7,7,2025030235,20252026,2026-05-13
away,24,ANA,8480843,L. Dostal,1,15/17,4/4,0/0,19/21,0.9048,2,0,0,0,2,58:10,True,L,21,19,2025030241,20252026,2026-05-04
away,24,ANA,8478024,V. Husso,33,0/0,0/0,0/0,0/0,,0,0,0,0,0,00:00,False,,0,0,2025030241,20252026,2026-05-04
home,54,VGK,8478499,A. Hill,33,0/0,0/0,0/0,0/0,,0,0,0,0,0,00:00,False,,0,0,2025030241,20252026,2026-05-04
home,54,VGK,8479394,C. Hart,79,28/29,5/5,0/0,33/34,0.9706,1,0,0,0,1,59:46,True,W,34,33,2025030241,20252026,2026-05-04
away,24,ANA,8480843,L. Dostal,1,16/16,5/6,0/0,21/22,0.9545,0,1,0,0,1,60:00,True,W,22,21,2025030242,20252026,2026-05-06
away,24,ANA,8478024,V. Husso,33,0/0,0/0,0/0,0/0,,0,0,0,0,0,00:00,False,,0,0,2025030242,20252026,2026-05-06
home,54,VGK,8478499,A. Hill,33,0/0,0/0,0/0,0/0,,0,0,0,0,0,00:00,False,,0,0,2025030242,20252026,2026-05-06
home,54,VGK,8479394,C. Hart,79,17/19,6/6,2/2,25/27,0.9259,2,0,0,0,2,59:36,True,L,27,25,2025030242,20252026,2026-05-06
away,54,VGK,8478499,A. Hill,33,0/0,0/0,0/0,0/0,,0,0,0,0,0,00:00,False,,0,0,2025030243,20252026,2026-05-08
away,54,VGK,8479394,C. Hart,79,28/30,2/2,1/1,31/33,0.9394,2,0,0,0,2,60:00,True,W,33,31,2025030243,20252026,2026-05-08
home,24,ANA,8480843,L. Dostal,1,3/4,1/2,1/2,5/8,0.625,1,1,1,0,3,20:00,True,L,8,5,2025030243,20252026,2026-05-08
home,24,ANA,8478024,V. Husso,33,14/16,3/3,0/0,17/19,0.8947,2,0,0,2,2,37:49,False,,19,17,2025030243,20252026,2026-05-08
away,54,VGK,8478499,A. Hill,33,0/0,0/0,0/0,0/0,,0,0,0,0,0,00:00,False,,0,0,2025030244,20252026,2026-05-10
away,54,VGK,8479394,C. Hart,79,14/16,5/7,0/0,19/23,0.8261,2,2,0,0,4,57:43,True,L,23,19,2025030244,20252026,2026-05-10
home,24,ANA,8480843,L. Dostal,1,11/13,6/7,1/1,18/21,0.8571,2,1,0,0,3,59:53,True,W,21,18,2025030244,20252026,2026-05-10
home,24,ANA,8478024,V. Husso,33,0/0,0/0,0/0,0/0,,0,0,0,0,0,00:00,False,,0,0,2025030244,20252026,2026-05-10
away,24,ANA,8480843,L. Dostal,1,27/29,2/3,0/0,29/32,0.9062,2,1,0,0,3,64:10,True,L,32,29,2025030245,20252026,2026-05-12
away,24,ANA,8478024,V. Husso,33,0/0,0/0,0/0,0/0,,0,0,0,0,0,00:00,False,,0,0,2025030245,20252026,2026-05-12
home,54,VGK,8478499,A. Hill,33,0/0,0/0,0/0,0/0,,0,0,0,0,0,00:00,False,,0,0,2025030245,20252026,2026-05-12
home,54,VGK,8479394,C. Hart,79,31/32,3/4,0/0,34/36,0.9444,1,1,0,0,2,64:10,True,W,36,34,2025030245,20252026,2026-05-12
away,54,VGK,8478499,A. Hill,33,0/0,0/0,0/0,0/0,,0,0,0,0,0,00:00,False,,0,0,2025030246,20252026,2026-05-14
away,54,VGK,8479394,C. Hart,79,26/26,4/5,1/1,31/32,0.9688,0,1,0,2,1,60:00,True,W,32,31,2025030246,20252026,2026-05-14
home,24,ANA,8480843,L. Dostal,1,15/18,1/2,0/1,16/21,0.7619,3,1,1,0,5,55:31,True,L,21,16,2025030246,20252026,2026-05-14
home,24,ANA,8478024,V. Husso,33,0/0,0/0,0/0,0/0,,0,0,0,0,0,00:00,False,,0,0,2025030246,20252026,2026-05-14
away,8,MTL,8484170,J. Fowler,32,0/0,0/0,0/0,0/0,,0,0,0,0,0,00:00,False,,0,0,2025030311,20252026,2026-05-21
away,8,MTL,8482487,J. Dobes,75,26/28,0/0,0/0,26/28,0.9286,2,0,0,0,2,60:00,True,W,28,26,2025030311,20252026,2026-05-21
home,12,CAR,8475883,F. Andersen,31,15/20,1/1,0/0,16/21,0.7619,5,0,0,0,5,57:11,True,L,21,16,2025030311,20252026,2026-05-21
home,12,CAR,8483548,B. Bussi,32,0/0,0/0,0/0,0/0,,0,0,0,0,0,00:00,False,,0,0,2025030311,20252026,2026-05-21
away,8,MTL,8484170,J. Fowler,32,0/0,0/0,0/0,0/0,,0,0,0,0,0,00:00,False,,0,0,2025030312,20252026,2026-05-23
away,8,MTL,8482487,J. Dobes,75,18/21,4/4,1/1,23/26,0.8846,3,0,0,2,3,63:29,True,L,26,23,2025030312,20252026,2026-05-23
home,12,CAR,8475883,F. Andersen,31,10/12,0/0,0/0,10/12,0.8333,2,0,0,0,2,63:29,True,W,12,10,2025030312,20252026,2026-05-23
home,12,CAR,8483548,B. Bussi,32,0/0,0/0,0/0,0/0,,0,0,0,0,0,00:00,False,,0,0,2025030312,20252026,2026-05-23
away,12,CAR,8475883,F. Andersen,31,10/11,1/2,0/0,11/13,0.8462,1,1,0,0,2,73:58,True,W,13,11,2025030313,20252026,2026-05-25
away,12,CAR,8483548,B. Bussi,32,0/0,0/0,0/0,0/0,,0,0,0,0,0,00:00,False,,0,0,2025030313,20252026,2026-05-25
home,8,MTL,8484170,J. Fowler,32,0/0,0/0,0/0,0/0,,0,0,0,0,0,00:00,False,,0,0,2025030313,20252026,2026-05-25
home,8,MTL,8482487,J. Dobes,75,29/32,7/7,0/0,36/39,0.9231,3,0,0,0,3,74:06,True,L,39,36,2025030313,20252026,2026-05-25
away,12,CAR,8475883,F. Andersen,31,16/16,1/1,1/1,18/18,1.0,0,0,0,0,0,60:00,True,W,18,18,2025030314,20252026,2026-05-27
away,12,CAR,8483548,B. Bussi,32,0/0,0/0,0/0,0/0,,0,0,0,0,0,00:00,False,,0,0,2025030314,20252026,2026-05-27
home,8,MTL,8484170,J. Fowler,32,0/0,0/0,0/0,0/0,,0,0,0,0,0,00:00,False,,0,0,2025030314,20252026,2026-05-27
home,8,MTL,8482487,J. Dobes,75,34/36,5/6,1/1,40/43,0.9302,2,1,0,0,3,59:01,True,L,43,40,2025030314,20252026,2026-05-27
away,8,MTL,8484170,J. Fowler,32,0/0,0/0,0/0,0/0,,0,0,0,0,0,00:00,False,,0,0,2025030315,20252026,2026-05-29
away,8,MTL,8482487,J. Dobes,75,19/23,4/5,1/1,24/29,0.8276,4,1,0,0,5,58:22,True,L,29,24,2025030315,20252026,2026-05-29
home,12,CAR,8475883,F. Andersen,31,17/17,5/6,1/1,23/24,0.9583,0,1,0,0,1,60:00,True,W,24,23,2025030315,20252026,2026-05-29
home,12,CAR,8483548,B. Bussi,32,0/0,0/0,0/0,0/0,,0,0,0,0,0,00:00,False,,0,0,2025030315,20252026,2026-05-29
away,54,VGK,8478499,A. Hill,33,0/0,0/0,0/0,0/0,,0,0,0,0,0,00:00,False,,0,0,2025030321,20252026,2026-05-20
away,54,VGK,8479394,C. Hart,79,33/34,3/4,0/0,36/38,0.9474,1,1,0,0,2,60:00,True,W,38,36,2025030321,20252026,2026-05-20
home,21,COL,8478406,M. Blackwood,39,0/0,0/0,0/0,0/0,,0,0,0,0,0,00:00,False,,0,0,2025030321,20252026,2026-05-20
home,21,COL,8475809,S. Wedgewood,41,24/26,0/1,0/0,24/27,0.8889,2,1,0,0,3,57:15,True,L,27,24,2025030321,20252026,2026-05-20
away,54,VGK,8478499,A. Hill,33,0/0,0/0,0/0,0/0,,0,0,0,0,0,00:00,False,,0,0,2025030322,20252026,2026-05-22
away,54,VGK,8479394,C. Hart,79,28/29,0/0,2/2,30/31,0.9677,1,0,0,0,1,60:00,True,W,31,30,2025030322,20252026,2026-05-22
home,21,COL,8478406,M. Blackwood,39,0/0,0/0,0/0,0/0,,0,0,0,0,0,00:00,False,,0,0,2025030322,20252026,2026-05-22
home,21,COL,8475809,S. Wedgewood,41,20/22,2/2,0/0,22/24,0.9167,2,0,0,0,2,55:32,True,L,24,22,2025030322,20252026,2026-05-22
away,21,COL,8478406,M. Blackwood,39,0/0,0/0,0/0,0/0,,0,0,0,0,0,00:00,False,,0,0,2025030323,20252026,2026-05-24
away,21,COL,8475809,S. Wedgewood,41,11/14,6/7,1/1,18/22,0.8182,3,1,0,0,4,58:15,True,L,22,18,2025030323,20252026,2026-05-24
home,54,VGK,8478499,A. Hill,33,0/0,0/0,0/0,0/0,,0,0,0,0,0,00:00,False,,0,0,2025030323,20252026,2026-05-24
home,54,VGK,8479394,C. Hart,79,24/26,6/6,2/3,32/35,0.9143,2,0,1,0,3,59:44,True,W,35,32,2025030323,20252026,2026-05-24
away,21,COL,8478406,M. Blackwood,39,17/19,7/7,0/0,24/26,0.9231,2,0,0,0,2,57:54,True,L,26,24,2025030324,20252026,2026-05-26
away,21,COL,8475809,S. Wedgewood,41,0/0,0/0,0/0,0/0,,0,0,0,0,0,00:00,False,,0,0,2025030324,20252026,2026-05-26
home,54,VGK,8478499,A. Hill,33,0/0,0/0,0/0,0/0,,0,0,0,0,0,00:00,False,,0,0,2025030324,20252026,2026-05-26
home,54,VGK,8479394,C. Hart,79,19/20,1/1,0/0,20/21,0.9524,1,0,0,0,1,60:00,True,W,21,20,2025030324,20252026,2026-05-26
away,54,VGK,8478499,A. Hill,33,0/0,0/0,0/0,0/0,,0,0,0,0,0,00:00,False,,0,0,2025030411,20252026,2026-06-02
away,54,VGK,8479394,C. Hart,79,24/28,0/0,1/1,25/29,0.8621,4,0,0,0,4,59:30,True,W,29,25,2025030411,20252026,2026-06-02
home,12,CAR,8475883,F. Andersen,31,15/20,2/2,1/1,18/23,0.7826,5,0,0,0,5,58:14,True,L,23,18,2025030411,20252026,2026-06-02
home,12,CAR,8483548,B. Bussi,32,0/0,0/0,0/0,0/0,,0,0,0,0,0,00:00,False,,0,0,2025030411,20252026,2026-06-02
away,54,VGK,8478499,A. Hill,33,0/0,0/0,0/0,0/0,,0,0,0,0,0,00:00,False,,0,0,2025030412,20252026,2026-06-04
away,54,VGK,8479394,C. Hart,79,19/21,1/3,2/2,22/26,0.8462,2,2,0,0,4,63:32,True,L,26,22,2025030412,20252026,2026-06-04
home,12,CAR,8475883,F. Andersen,31,22/25,1/1,0/0,23/26,0.8846,3,0,0,0,3,63:56,True,W,26,23,2025030412,20252026,2026-06-04
home,12,CAR,8483548,B. Bussi,32,0/0,0/0,0/0,0/0,,0,0,0,0,0,00:00,False,,0,0,2025030412,20252026,2026-06-04
away,12,CAR,8475883,F. Andersen,31,11/14,1/2,0/0,12/16,0.75,3,1,0,0,4,40:00,True,,16,12,2025030413,20252026,2026-06-06
away,12,CAR,8483548,B. Bussi,32,16/17,1/1,1/1,18/19,0.9474,1,0,0,0,1,45:26,False,L,19,18,2025030413,20252026,2026-06-06
home,54,VGK,8478499,A. Hill,33,0/0,0/0,0/0,0/0,,0,0,0,0,0,00:00,False,,0,0,2025030413,20252026,2026-06-06
home,54,VGK,8479394,C. Hart,79,23/26,5/6,1/1,29/33,0.8788,3,1,0,0,4,85:38,True,W,33,29,2025030413,20252026,2026-06-06
away,12,CAR,8483548,B. Bussi,32,12/15,5/5,1/1,18/21,0.8571,3,0,0,0,3,60:00,True,W,21,18,2025030414,20252026,2026-06-09
away,12,CAR,8481611,P. Kochetkov,52,0/0,0/0,0/0,0/0,,0,0,0,0,0,00:00,False,,0,0,2025030414,20252026,2026-06-09
home,54,VGK,8478499,A. Hill,33,0/0,0/0,0/0,0/0,,0,0,0,0,0,00:00,False,,0,0,2025030414,20252026,2026-06-09
home,54,VGK,8479394,C. Hart,79,20/23,3/4,0/0,23/27,0.8519,3,1,0,0,4,58:15,True,L,27,23,2025030414,20252026,2026-06-09
away,54,VGK,8478499,A. Hill,33,0/0,0/0,0/0,0/0,,0,0,0,0,0,00:00,False,,0,0,2025030415,20252026,2026-06-11
away,54,VGK,8479394,C. Hart,79,14/16,6/8,0/0,20/24,0.8333,2,2,0,0,4,57:07,True,L,24,20,2025030415,20252026,2026-06-11
home,12,CAR,8483548,B. Bussi,32,19/20,4/5,0/0,23/25,0.92,1,1,0,0,2,60:00,True,W,25,23,2025030415,20252026,2026-06-11
home,12,CAR,8481611,P. Kochetkov,52,0/0,0/0,0/0,0/0,,0,0,0,0,0,00:00,False,,0,0,2025030415,20252026,2026-06-11
away,12,CAR,8483548,B. Bussi,32,15/15,7/7,0/0,22/22,1.0,0,0,0,0,0,60:00,True,W,22,22,2025030416,20252026,2026-06-14
away,12,CAR,8481611,P. Kochetkov,52,0/0,0/0,0/0,0/0,,0,0,0,0,0,00:00,False,,0,0,2025030416,20252026,2026-06-14
home,54,VGK,8478499,A. Hill,33,0/0,0/0,0/0,0/0,,0,0,0,0,0,00:00,False,,0,0,2025030416,20252026,2026-06-14
home,54,VGK,8479394,C. Hart,79,17/19,2/2,1/1,20/22,0.9091,2,0,0,0,2,58:02,True,L,22,20,2025030416,20252026,2026-06-14
