club_previous_season,club_current_season,club_next_season,club_timezone,id,season,game_type,game_date,neutral_site,start_time_utc,eastern_utc_offset,venue_utc_offset,venue_timezone,game_state,game_schedule_state,tv_broadcasts,three_min_recap,three_min_recap_fr,condensed_game,game_center_link,venue_default,away_team_id,away_team_common_name_default,away_team_place_name_default,away_team_place_name_with_preposition_default,away_team_place_name_with_preposition_fr,away_team_abbrev,away_team_logo,away_team_dark_logo,away_team_away_split_squad,away_team_score,home_team_id,home_team_common_name_default,home_team_place_name_default,home_team_place_name_with_preposition_default,home_team_place_name_with_preposition_fr,home_team_abbrev,home_team_logo,home_team_dark_logo,home_team_home_split_squad,home_team_score,period_descriptor_number,period_descriptor_period_type,period_descriptor_max_regulation_periods,game_outcome_last_period_type,winning_goalie_player_id,winning_goalie_first_initial_default,winning_goalie_last_name_default,winning_goal_scorer_player_id,winning_goal_scorer_first_initial_default,winning_goal_scorer_last_name_default,away_team_airline_link,away_team_airline_desc,winning_goalie_last_name_cs,winning_goalie_last_name_fi,winning_goalie_last_name_sk,tickets_link,tickets_link_fr,away_team_radio_link,home_team_radio_link,home_team_promo_link,home_team_promo_desc,home_team_airline_link,home_team_airline_desc,home_team_hotel_link,home_team_hotel_desc,venue_fr,home_team_common_name_fr,away_team_place_name_fr,away_team_promo_link,away_team_promo_desc,away_team_hotel_link,away_team_hotel_desc,home_team_place_name_fr,venue_es,away_team_common_name_fr
20252026,20262027,,America/New_York,2026010019,20262027,1,2026-09-21,False,2026-09-21T23:00:00Z,-04:00,-04:00,US/Eastern,FINAL,OK,"[{'id': 27, 'market': 'A', 'countryCode': 'US', 'network': 'MSG', 'sequenceNumber': 417}, {'id': 409, 'market': 'H', 'countryCode': 'US', 'network': 'MSGSN', 'sequenceNumber': 411}]",/video/nyr-at-njd-recap-6405392392112,/fr/video/nyr-vs-njd-21-09-2026-resume-6405391397112,/video/nyr-at-njd-condensed-game-6405392394112,/gamecenter/nyr-vs-njd/2026/09/21/2026010019,Prudential Center,3,Rangers,New York,New York,de New York,NYR,https://assets.nhle.com/logos/nhl/svg/NYR_light.svg,https://assets.nhle.com/logos/nhl/svg/NYR_dark.svg,False,2.0,1,Devils,New Jersey,New Jersey,du New Jersey,NJD,https://assets.nhle.com/logos/nhl/svg/NJD_light.svg,https://assets.nhle.com/logos/nhl/svg/NJD_dark.svg,False,3.0,3,REG,3,REG,8482076.0,N.,Daws,8481559.0,J.,Hughes,,,,,,,,,,,,,,,,,,,,,,,,,
20252026,20262027,,America/New_York,2026010027,20262027,1,2026-09-22,False,2026-09-22T23:00:00Z,-04:00,-04:00,America/New_York,FINAL,OK,"[{'id': 27, 'market': 'H', 'countryCode': 'US', 'network': 'MSG', 'sequenceNumber': 417}, {'id': 409, 'market': 'A', 'countryCode': 'US', 'network': 'MSGSN', 'sequenceNumber': 411}]",/video/nyi-at-nyr-recap-6405461623112,/fr/video/nyi-vs-nyr-22-09-2026-resume-6405462124112,/video/nyi-at-nyr-condensed-game-6405461250112,/gamecenter/nyi-vs-nyr/2026/09/22/2026010027,Madison Square Garden,2,Islanders,New York,New York,de New York,NYI,https://assets.nhle.com/logos/nhl/svg/NYI_light.svg,https://assets.nhle.com/logos/nhl/svg/NYI_dark.svg,False,4.0,3,Rangers,New York,New York,de New York,NYR,https://assets.nhle.com/logos/nhl/svg/NYR_light.svg,https://assets.nhle.com/logos/nhl/svg/NYR_dark.svg,False,3.0,3,REG,3,REG,8473575.0,S.,Varlamov,8481711.0,M.,Maccelli,https://www.jetblue.com/?utm_source=nyi_website&utm_medium=schedulepage&utm_campaign=nyi_belmontdepositcampaign&utm_content=jetblueicon,Fly JetBlue,,,,,,,,,,,,,,,,,,,,,,,
20252026,20262027,,America/New_York,2026010045,20262027,1,2026-09-24,False,2026-09-24T23:00:00Z,-04:00,-04:00,America/New_York,FINAL,OK,"[{'id': 324, 'market': 'N', 'countryCode': 'US', 'network': 'NHLN', 'sequenceNumber': 35}, {'id': 27, 'market': 'H', 'countryCode': 'US', 'network': 'MSG', 'sequenceNumber': 417}, {'id': 409, 'market': 'A', 'countryCode': 'US', 'network': 'MSGSN', 'sequenceNumber': 411}]",/video/njd-at-nyr-recap-6405599637112,/fr/video/njd-vs-nyr-24-09-2026-resume-6405599454112,/video/njd-at-nyr-condensed-game-6405599752112,/gamecenter/njd-vs-nyr/2026/09/24/2026010045,Madison Square Garden,1,Devils,New Jersey,New Jersey,du New Jersey,NJD,https://assets.nhle.com/logos/nhl/svg/NJD_light.svg,https://assets.nhle.com/logos/nhl/svg/NJD_dark.svg,False,3.0,3,Rangers,New York,New York,de New York,NYR,https://assets.nhle.com/logos/nhl/svg/NYR_light.svg,https://assets.nhle.com/logos/nhl/svg/NYR_dark.svg,False,4.0,5,SO,3,SO,8476914.0,J.,Korpisalo,,,,,,,,,,,,,,,,,,,,,,,,,,,,
20252026,20262027,,America/New_York,2026010051,20262027,1,2026-09-25,False,2026-09-25T23:30:00Z,-04:00,-04:00,America/New_York,FINAL,OK,"[{'id': 27, 'market': 'A', 'countryCode': 'US', 'network': 'MSG', 'sequenceNumber': 417}, {'id': 409, 'market': 'H', 'countryCode': 'US', 'network': 'MSGSN', 'sequenceNumber': 411}]",,/fr/video/nyr-vs-nyi-25-09-2026-resume-6405653277112,/video/nyr-at-nyi-condensed-game-6405652849112,/gamecenter/nyr-vs-nyi/2026/09/25/2026010051,UBS Arena,3,Rangers,New York,New York,de New York,NYR,https://assets.nhle.com/logos/nhl/svg/NYR_light.svg,https://assets.nhle.com/logos/nhl/svg/NYR_dark.svg,False,6.0,2,Islanders,New York,New York,de New York,NYI,https://assets.nhle.com/logos/nhl/svg/NYI_light.svg,https://assets.nhle.com/logos/nhl/svg/NYI_dark.svg,False,1.0,3,REG,3,REG,8478048.0,I.,Shesterkin,8476468.0,J.,Miller,,,Šesťorkin,Shestjorkin,Šesťorkin,,,,,,,,,,,,,,,,,,,,
20252026,20262027,,America/New_York,2026020003,20262027,2,2026-09-29,False,2026-09-30T00:00:00Z,-04:00,-04:00,US/Eastern,OFF,OK,"[{'id': 309, 'market': 'N', 'countryCode': 'US', 'network': 'ESPN', 'sequenceNumber': 10}]",/video/nyr-at-bos-recap-6405936325112,/fr/video/nyr-vs-bos-29-09-2026-resume-6405935637112,/video/nyr-at-bos-condensed-game-6405935272112,/gamecenter/nyr-vs-bos/2026/09/29/2026020003,TD Garden,3,Rangers,New York,New York,de New York,NYR,https://assets.nhle.com/logos/nhl/svg/NYR_light.svg,https://assets.nhle.com/logos/nhl/svg/NYR_dark.svg,False,0.0,6,Bruins,Boston,Boston,de Boston,BOS,https://assets.nhle.com/logos/nhl/svg/BOS_light.svg,https://assets.nhle.com/logos/nhl/svg/BOS_dark.svg,False,3.0,3,REG,3,REG,8480280.0,J.,Swayman,8483489.0,F.,Minten,,,,,,,,,,,,,,,,,,,,,,,,,
20252026,20262027,,America/New_York,2026020010,20262027,2,2026-10-01,False,2026-10-01T23:00:00Z,-04:00,-04:00,America/New_York,FUT,OK,"[{'id': 281, 'market': 'N', 'countryCode': 'CA', 'network': 'TVAS', 'sequenceNumber': 120}, {'id': 27, 'market': 'H', 'countryCode': 'US', 'network': 'MSG', 'sequenceNumber': 417}, {'id': 581, 'market': 'A', 'countryCode': 'US', 'network': 'The Spot', 'sequenceNumber': 211}]",,,,/gamecenter/tbl-vs-nyr/2026/10/01/2026020010,Madison Square Garden,14,Lightning,Tampa Bay,Tampa Bay,de Tampa Bay,TBL,https://assets.nhle.com/logos/nhl/svg/TBL_light.svg,https://assets.nhle.com/logos/nhl/svg/TBL_dark.svg,False,,3,Rangers,New York,New York,de New York,NYR,https://assets.nhle.com/logos/nhl/svg/NYR_light.svg,https://assets.nhle.com/logos/nhl/svg/NYR_dark.svg,False,,1,REG,3,,,,,,,,,,,,,https://www.ticketmaster.com/event/3B0064F1B1D5443B?brand=nyrangers&artistid=805991&landing=s&wt.mc_id=NHL_TEAM_NYR_SCHEDULE_GM1&utm_source=NHL.com&utm_medium=client&utm_campaign=NHL_TEAM_NYR&utm_content=SCHEDULE_GM1&CAMEFROM=CFC_RANGERS_WEB_NYR_SCHED_260803,https://www.ticketmaster.com/event/3B0064F1B1D5443B?brand=nyrangers&artistid=805991&landing=s&wt.mc_id=NHL_TEAM_NYR_SCHEDULE_GM1&utm_source=NHL.com&utm_medium=client&utm_campaign=NHL_TEAM_NYR&utm_content=SCHEDULE_GM1&CAMEFROM=CFC_RANGERS_WEB_NYR_SCHED_260803,https://d2igy0yla8zi0u.cloudfront.net/TBL/20262027/TBL-radio.m3u8,https://d2igy0yla8zi0u.cloudfront.net/NYR/20262027/NYR-radio.m3u8,,,,,,,,,,,,,,,,
20252026,20262027,,America/New_York,2026020017,20262027,2,2026-10-02,False,2026-10-02T22:30:00Z,-04:00,-04:00,America/Detroit,FUT,OK,"[{'id': 385, 'market': 'N', 'countryCode': 'US', 'network': 'TNT', 'sequenceNumber': 11}, {'id': 501, 'market': 'N', 'countryCode': 'US', 'network': 'truTV', 'sequenceNumber': 14}, {'id': 578, 'market': 'N', 'countryCode': 'US', 'network': 'HBO MAX', 'sequenceNumber': 19}, {'id': 284, 'market': 'N', 'countryCode': 'CA', 'network': 'SN1', 'sequenceNumber': 113}]",,,,/gamecenter/nyr-vs-det/2026/10/02/2026020017,Little Caesars Arena,3,Rangers,New York,New York,de New York,NYR,https://assets.nhle.com/logos/nhl/svg/NYR_light.svg,https://assets.nhle.com/logos/nhl/svg/NYR_dark.svg,False,,17,Red Wings,Detroit,Detroit,de Detroit,DET,https://assets.nhle.com/logos/nhl/svg/DET_light.svg,https://assets.nhle.com/logos/nhl/svg/DET_dark.svg,False,,1,REG,3,,,,,,,,,,,,,https://www.ticketmaster.com/event/080064EED7A57FA7?brand=redwings&artistid=805938&wt.mc_id=NHL_TEAM_DET_SCHEDULE_GM1&utm_source=NHL.com&utm_medium=client&utm_campaign=NHL_TEAM_DET&utm_content=SCHEDULE_GM1,https://www.ticketmaster.com/event/080064EED7A57FA7?brand=redwings&artistid=805938&wt.mc_id=NHL_TEAM_DET_SCHEDULE_GM1&utm_source=NHL.com&utm_medium=client&utm_campaign=NHL_TEAM_DET&utm_content=SCHEDULE_GM1,https://d2igy0yla8zi0u.cloudfront.net/NYR/20262027/NYR-radio.m3u8,https://d2igy0yla8zi0u.cloudfront.net/DET/20262027/DET-radio.m3u8,https://www.ticketmaster.com/event/080064EED7A57FA7?brand=redwings&artistid=805938&wt.mc_id=NHL_TEAM_DET_SGT_PG_GM1&utm_source=NHL.com&utm_medium=client&utm_campaign=NHL_TEAM_DET&utm_content=SGT_PG_GM1&_gl=1*1q7t6pj*_ga*OTMyNDQ5ODguMTc5MDI3NzE2Ng..*_ga_XZHCNEQSGP*czE3OTAyNzcxNjYkbzEkZzEkdDE3OTAyNzcxNzEkajU1JGwwJGgw,Home Opener,,,,,,,,,,,,,,
20252026,20262027,,America/New_York,2026020036,20262027,2,2026-10-04,False,2026-10-04T22:00:00Z,-04:00,-04:00,America/New_York,FUT,OK,"[{'id': 283, 'market': 'N', 'countryCode': 'CA', 'network': 'SN360', 'sequenceNumber': 114}, {'id': 281, 'market': 'N', 'countryCode': 'CA', 'network': 'TVAS', 'sequenceNumber': 120}, {'id': 27, 'market': 'H', 'countryCode': 'US', 'network': 'MSG', 'sequenceNumber': 417}, {'id': 558, 'market': 'A', 'countryCode': 'US', 'network': 'Utah16', 'sequenceNumber': 381}]",,,,/gamecenter/uta-vs-nyr/2026/10/04/2026020036,Madison Square Garden,68,Mammoth,Utah,Utah,de l'Utah,UTA,https://assets.nhle.com/logos/nhl/svg/UTA_light.svg,https://assets.nhle.com/logos/nhl/svg/UTA_dark.svg,False,,3,Rangers,New York,New York,de New York,NYR,https://assets.nhle.com/logos/nhl/svg/NYR_light.svg,https://assets.nhle.com/logos/nhl/svg/NYR_dark.svg,False,,1,REG,3,,,,,,,,,,,,,https://www.ticketmaster.com/event/3B0064F1B1D6443F?brand=nyrangers&artistid=805991&landing=s&wt.mc_id=NHL_TEAM_NYR_SCHEDULE_GM2&utm_source=NHL.com&utm_medium=client&utm_campaign=NHL_TEAM_NYR&utm_content=SCHEDULE_GM2&CAMEFROM=CFC_RANGERS_WEB_NYR_SCHED_260803,https://www.ticketmaster.com/event/3B0064F1B1D6443F?brand=nyrangers&artistid=805991&landing=s&wt.mc_id=NHL_TEAM_NYR_SCHEDULE_GM2&utm_source=NHL.com&utm_medium=client&utm_campaign=NHL_TEAM_NYR&utm_content=SCHEDULE_GM2&CAMEFROM=CFC_RANGERS_WEB_NYR_SCHED_260803,https://d2igy0yla8zi0u.cloudfront.net/UTA/20262027/UTA-radio.m3u8,https://d2igy0yla8zi0u.cloudfront.net/NYR/20262027/NYR-radio.m3u8,,,,,,,,,,,,,,,,
20252026,20262027,,America/New_York,2026020048,20262027,2,2026-10-06,False,2026-10-06T23:30:00Z,-04:00,-04:00,America/New_York,FUT,OK,"[{'id': 309, 'market': 'N', 'countryCode': 'US', 'network': 'ESPN', 'sequenceNumber': 10}, {'id': 549, 'market': 'N', 'countryCode': 'CA', 'network': 'SN+', 'sequenceNumber': 117}]",,,,/gamecenter/nyi-vs-nyr/2026/10/06/2026020048,Madison Square Garden,2,Islanders,New York,New York,de New York,NYI,https://assets.nhle.com/logos/nhl/svg/NYI_light.svg,https://assets.nhle.com/logos/nhl/svg/NYI_dark.svg,False,,3,Rangers,New York,New York,de New York,NYR,https://assets.nhle.com/logos/nhl/svg/NYR_light.svg,https://assets.nhle.com/logos/nhl/svg/NYR_dark.svg,False,,1,REG,3,,,,,,,,https://www.jetblue.com/?utm_source=nyi_website&utm_medium=schedulepage&utm_campaign=nyi_belmontdepositcampaign&utm_content=jetblueicon,Fly JetBlue,,,,https://www.ticketmaster.com/event/3B0064F1B1D64441?brand=nyrangers&artistid=805991&landing=s&wt.mc_id=NHL_TEAM_NYR_SCHEDULE_GM3&utm_source=NHL.com&utm_medium=client&utm_campaign=NHL_TEAM_NYR&utm_content=SCHEDULE_GM3&CAMEFROM=CFC_RANGERS_WEB_NYR_SCHED_260803,https://www.ticketmaster.com/event/3B0064F1B1D64441?brand=nyrangers&artistid=805991&landing=s&wt.mc_id=NHL_TEAM_NYR_SCHEDULE_GM3&utm_source=NHL.com&utm_medium=client&utm_campaign=NHL_TEAM_NYR&utm_content=SCHEDULE_GM3&CAMEFROM=CFC_RANGERS_WEB_NYR_SCHED_260803,https://d2igy0yla8zi0u.cloudfront.net/NYI/20262027/NYI-radio.m3u8,https://d2igy0yla8zi0u.cloudfront.net/NYR/20262027/NYR-radio.m3u8,,,,,,,,,,,,,,,,
20252026,20262027,,America/New_York,2026020067,20262027,2,2026-10-09,False,2026-10-09T23:00:00Z,-04:00,-04:00,US/Eastern,FUT,OK,"[{'id': 324, 'market': 'N', 'countryCode': 'US', 'network': 'NHLN', 'sequenceNumber': 35}, {'id': 27, 'market': 'A', 'countryCode': 'US', 'network': 'MSG', 'sequenceNumber': 417}, {'id': 517, 'market': 'H', 'countryCode': 'US', 'network': 'MNMT', 'sequenceNumber': 396}]",,,,/gamecenter/nyr-vs-wsh/2026/10/09/2026020067,Capital One Arena,3,Rangers,New York,New York,de New York,NYR,https://assets.nhle.com/logos/nhl/svg/NYR_light.svg,https://assets.nhle.com/logos/nhl/svg/NYR_dark.svg,False,,15,Capitals,Washington,Washington,de Washington,WSH,https://assets.nhle.com/logos/nhl/svg/WSH_secondary_light.svg,https://assets.nhle.com/logos/nhl/svg/WSH_secondary_dark.svg,False,,1,REG,3,,,,,,,,,,,,,https://www.ticketmaster.com/event/150064F0345BE27A?brand=capitals&artistid=806039&wt.mc_id=NHL_TEAM_WSH_SCHEDULE_GM2&utm_source=club_schedule&utm_medium=web_organic&utm_campaign=2627sgb_ca109nr,https://www.ticketmaster.com/event/150064F0345BE27A?brand=capitals&artistid=806039&wt.mc_id=NHL_TEAM_WSH_SCHEDULE_GM2&utm_source=club_schedule&utm_medium=web_organic&utm_campaign=2627sgb_ca109nr,https://d2igy0yla8zi0u.cloudfront.net/NYR/20262027/NYR-radio.m3u8,https://d2igy0yla8zi0u.cloudfront.net/WSH/20262027/WSH-radio.m3u8,,,https://www.united.com/en/us?utm_source=washcaps_schedulepage&utm_medium=web_organic&utm_campaign=2627_washcaps&utm_content=united,Fly with United Arlines,,,,,,,,,,,,
20252026,20262027,,America/New_York,2026020085,20262027,2,2026-10-11,False,2026-10-11T22:00:00Z,-04:00,-04:00,America/New_York,FUT,OK,"[{'id': 290, 'market': 'N', 'countryCode': 'CA', 'network': 'SNP', 'sequenceNumber': 33}, {'id': 27, 'market': 'H', 'countryCode': 'US', 'network': 'MSG', 'sequenceNumber': 417}]",,,,/gamecenter/van-vs-nyr/2026/10/11/2026020085,Madison Square Garden,23,Canucks,Vancouver,Vancouver,de Vancouver,VAN,https://assets.nhle.com/logos/nhl/svg/VAN_light.svg,https://assets.nhle.com/logos/nhl/svg/VAN_dark.svg,False,,3,Rangers,New York,New York,de New York,NYR,https://assets.nhle.com/logos/nhl/svg/NYR_light.svg,https://assets.nhle.com/logos/nhl/svg/NYR_dark.svg,False,,1,REG,3,,,,,,,,https://www.aircanada.com/?utm_source=canuckscom&utm_medium=calendar,Book with Air Canada,,,,https://www.ticketmaster.com/event/3B0064F1B1D74443?brand=nyrangers&artistid=805991&landing=s&wt.mc_id=NHL_TEAM_NYR_SCHEDULE_GM4&utm_source=NHL.com&utm_medium=client&utm_campaign=NHL_TEAM_NYR&utm_content=SCHEDULE_GM4&CAMEFROM=CFC_RANGERS_WEB_NYR_SCHED_260803,https://www.ticketmaster.com/event/3B0064F1B1D74443?brand=nyrangers&artistid=805991&landing=s&wt.mc_id=NHL_TEAM_NYR_SCHEDULE_GM4&utm_source=NHL.com&utm_medium=client&utm_campaign=NHL_TEAM_NYR&utm_content=SCHEDULE_GM4&CAMEFROM=CFC_RANGERS_WEB_NYR_SCHED_260803,https://d2igy0yla8zi0u.cloudfront.net/VAN/20262027/VAN-radio.m3u8,https://d2igy0yla8zi0u.cloudfront.net/NYR/20262027/NYR-radio.m3u8,,,,,,,,,,,,,,,,
20252026,20262027,,America/New_York,2026020095,20262027,2,2026-10-13,False,2026-10-13T23:15:00Z,-04:00,-04:00,America/New_York,FUT,OK,"[{'id': 27, 'market': 'H', 'countryCode': 'US', 'network': 'MSG', 'sequenceNumber': 417}, {'id': 581, 'market': 'A', 'countryCode': 'US', 'network': 'The Spot', 'sequenceNumber': 211}]",,,,/gamecenter/tbl-vs-nyr/2026/10/13/2026020095,Madison Square Garden,14,Lightning,Tampa Bay,Tampa Bay,de Tampa Bay,TBL,https://assets.nhle.com/logos/nhl/svg/TBL_light.svg,https://assets.nhle.com/logos/nhl/svg/TBL_dark.svg,False,,3,Rangers,New York,New York,de New York,NYR,https://assets.nhle.com/logos/nhl/svg/NYR_light.svg,https://assets.nhle.com/logos/nhl/svg/NYR_dark.svg,False,,1,REG,3,,,,,,,,,,,,,https://www.ticketmaster.com/event/3B0064F1B1D84445?brand=nyrangers&artistid=805991&landing=s&wt.mc_id=NHL_TEAM_NYR_SCHEDULE_GM5&utm_source=NHL.com&utm_medium=client&utm_campaign=NHL_TEAM_NYR&utm_content=SCHEDULE_GM5&CAMEFROM=CFC_RANGERS_WEB_NYR_SCHED_260803,https://www.ticketmaster.com/event/3B0064F1B1D84445?brand=nyrangers&artistid=805991&landing=s&wt.mc_id=NHL_TEAM_NYR_SCHEDULE_GM5&utm_source=NHL.com&utm_medium=client&utm_campaign=NHL_TEAM_NYR&utm_content=SCHEDULE_GM5&CAMEFROM=CFC_RANGERS_WEB_NYR_SCHED_260803,https://d2igy0yla8zi0u.cloudfront.net/TBL/20262027/TBL-radio.m3u8,https://d2igy0yla8zi0u.cloudfront.net/NYR/20262027/NYR-radio.m3u8,,,,,,,,,,,,,,,,
20252026,20262027,,America/New_York,2026020113,20262027,2,2026-10-15,False,2026-10-15T23:00:00Z,-04:00,-04:00,US/Eastern,FUT,OK,"[{'id': 27, 'market': 'A', 'countryCode': 'US', 'network': 'MSG', 'sequenceNumber': 417}, {'id': 410, 'market': 'H', 'countryCode': 'US', 'network': 'MSGSN2', 'sequenceNumber': 406}]",,,,/gamecenter/nyr-vs-njd/2026/10/15/2026020113,Prudential Center,3,Rangers,New York,New York,de New York,NYR,https://assets.nhle.com/logos/nhl/svg/NYR_light.svg,https://assets.nhle.com/logos/nhl/svg/NYR_dark.svg,False,,1,Devils,New Jersey,New Jersey,du New Jersey,NJD,https://assets.nhle.com/logos/nhl/svg/NJD_light.svg,https://assets.nhle.com/logos/nhl/svg/NJD_dark.svg,False,,1,REG,3,,,,,,,,,,,,,https://www.ticketmaster.com/event/020064F0919F9C79?brand=devils&artistid=805982&wt.mc_id=NHL_TEAM_NJD_SCHEDULE_GM5&camefrom=CFC_DEVILS_NHL_TEAM_NJD_SCHEDULE_GM5,https://www.ticketmaster.com/event/020064F0919F9C79?brand=devils&artistid=805982&wt.mc_id=NHL_TEAM_NJD_SCHEDULE_GM5&camefrom=CFC_DEVILS_NHL_TEAM_NJD_SCHEDULE_GM5,https://d2igy0yla8zi0u.cloudfront.net/NYR/20262027/NYR-radio.m3u8,https://d2igy0yla8zi0u.cloudfront.net/NJD/20262027/NJD-radio.m3u8,,,,,,,,,,,,,,,,
20252026,20262027,,America/New_York,2026020129,20262027,2,2026-10-17,False,2026-10-17T23:00:00Z,-04:00,-04:00,US/Eastern,FUT,OK,"[{'id': 27, 'market': 'A', 'countryCode': 'US', 'network': 'MSG', 'sequenceNumber': 417}, {'id': 647, 'market': 'H', 'countryCode': 'US', 'network': 'CBJNHL', 'sequenceNumber': 1}, {'id': 755, 'market': 'H', 'countryCode': 'US', 'network': 'CBJHN', 'sequenceNumber': 1}]",,,,/gamecenter/nyr-vs-cbj/2026/10/17/2026020129,Nationwide Arena,3,Rangers,New York,New York,de New York,NYR,https://assets.nhle.com/logos/nhl/svg/NYR_light.svg,https://assets.nhle.com/logos/nhl/svg/NYR_dark.svg,False,,29,Blue Jackets,Columbus,Columbus,de Columbus,CBJ,https://assets.nhle.com/logos/nhl/svg/CBJ_light.svg,https://assets.nhle.com/logos/nhl/svg/CBJ_dark.svg,False,,1,REG,3,,,,,,,,,,,,,https://www.ticketmaster.com/event/050064EDB0BB8000?brand=bluejackets&artistid=805927&wt.mc_id=NHL_TEAM_CBJ_SCHEDULE_GM5&utm_source=web_schedule_club&utm_medium=NHL.com&utm_campaign=single_game_tickets&utm_content=SCHEDULE_GM5,https://www.ticketmaster.com/event/050064EDB0BB8000?brand=bluejackets&artistid=805927&wt.mc_id=NHL_TEAM_CBJ_SCHEDULE_GM5&utm_source=web_schedule_club&utm_medium=NHL.com&utm_campaign=single_game_tickets&utm_content=SCHEDULE_GM5,https://d2igy0yla8zi0u.cloudfront.net/NYR/20262027/NYR-radio.m3u8,https://d2igy0yla8zi0u.cloudfront.net/CBJ/20262027/CBJ-radio.m3u8,,,,,https://www.sonesta.com/sonesta-hotels-resorts/oh/columbus/sonesta-columbus-downtown?isGroupCode=false&promoCode=CBJPROMO,Stay at Sonesta Columbus Downtown,,,,,,,,,,
20252026,20262027,,America/New_York,2026020137,20262027,2,2026-10-19,False,2026-10-19T23:00:00Z,-04:00,-04:00,America/New_York,FUT,OK,"[{'id': 27, 'market': 'H', 'countryCode': 'US', 'network': 'MSG', 'sequenceNumber': 417}, {'id': 652, 'market': 'A', 'countryCode': 'US', 'network': 'Prime Video', 'sequenceNumber': 117}, {'id': 219, 'market': 'A', 'countryCode': 'US', 'network': 'KCOP-13', 'sequenceNumber': 656}]",,,,/gamecenter/ana-vs-nyr/2026/10/19/2026020137,Madison Square Garden,24,Ducks,Anaheim,Anaheim,d'Anaheim,ANA,https://assets.nhle.com/logos/nhl/svg/ANA_light.svg,https://assets.nhle.com/logos/nhl/svg/ANA_dark.svg,False,,3,Rangers,New York,New York,de New York,NYR,https://assets.nhle.com/logos/nhl/svg/NYR_light.svg,https://assets.nhle.com/logos/nhl/svg/NYR_dark.svg,False,,1,REG,3,,,,,,,,,,,,,https://www.ticketmaster.com/event/3B0064F1B1D84447?brand=nyrangers&artistid=805991&landing=s&wt.mc_id=NHL_TEAM_NYR_SCHEDULE_GM6&utm_source=NHL.com&utm_medium=client&utm_campaign=NHL_TEAM_NYR&utm_content=SCHEDULE_GM6&CAMEFROM=CFC_RANGERS_WEB_NYR_SCHED_260803,https://www.ticketmaster.com/event/3B0064F1B1D84447?brand=nyrangers&artistid=805991&landing=s&wt.mc_id=NHL_TEAM_NYR_SCHEDULE_GM6&utm_source=NHL.com&utm_medium=client&utm_campaign=NHL_TEAM_NYR&utm_content=SCHEDULE_GM6&CAMEFROM=CFC_RANGERS_WEB_NYR_SCHED_260803,https://d2igy0yla8zi0u.cloudfront.net/ANA/20262027/ANA-radio.m3u8,https://d2igy0yla8zi0u.cloudfront.net/NYR/20262027/NYR-radio.m3u8,,,,,,,,,,,,,,,,
20252026,20262027,,America/New_York,2026020155,20262027,2,2026-10-22,False,2026-10-22T23:00:00Z,-04:00,-04:00,America/Toronto,FUT,OK,"[{'id': 27, 'market': 'A', 'countryCode': 'US', 'network': 'MSG', 'sequenceNumber': 417}, {'id': 293, 'market': 'H', 'countryCode': 'CA', 'network': 'TSN4', 'sequenceNumber': 137}]",,,,/gamecenter/nyr-vs-tor/2026/10/22/2026020155,Scotiabank Arena,3,Rangers,New York,New York,de New York,NYR,https://assets.nhle.com/logos/nhl/svg/NYR_light.svg,https://assets.nhle.com/logos/nhl/svg/NYR_dark.svg,False,,10,Maple Leafs,Toronto,Toronto,de Toronto,TOR,https://assets.nhle.com/logos/nhl/svg/TOR_light.svg,https://assets.nhle.com/logos/nhl/svg/TOR_dark.svg,False,,1,REG,3,,,,,,,,,,,,,https://www.ticketmaster.ca/event/100064FECCE7F807?brand=torontomapleleafs&artistid=806033&wt.mc_id=NHL_TEAM_TOR_SCHEDULE_GM8&utm_source=NHL.com&utm_medium=client_PM&utm_campaign=NHL_TEAM_TOR&utm_content=SCHEDULE_GM8,https://www.ticketmaster.ca/event/100064FECCE7F807?brand=torontomapleleafs&artistid=806033&wt.mc_id=NHL_TEAM_TOR_SCHEDULE_GM8&utm_source=NHL.com&utm_medium=client_PM&utm_campaign=NHL_TEAM_TOR&utm_content=SCHEDULE_GM8,https://d2igy0yla8zi0u.cloudfront.net/NYR/20262027/NYR-radio.m3u8,https://d2igy0yla8zi0u.cloudfront.net/TOR/20262027/TOR-radio.m3u8,,,,,"https://www.marriott.com/search/findHotels.mi?destinationAddress.destination=SCOTIABANK+ARENA,+TORONTO,+CANADA&cid=DIS_GLB000791Q_GLE000HJ7H_GLF0017USO",Book Now,,,,,,,,,,
20252026,20262027,,America/New_York,2026020171,20262027,2,2026-10-24,False,2026-10-24T23:00:00Z,-04:00,-04:00,US/Eastern,FUT,OK,"[{'id': 287, 'market': 'N', 'countryCode': 'CA', 'network': 'SNE', 'sequenceNumber': 30}, {'id': 324, 'market': 'N', 'countryCode': 'US', 'network': 'NHLN', 'sequenceNumber': 35}, {'id': 281, 'market': 'N', 'countryCode': 'CA', 'network': 'TVAS', 'sequenceNumber': 120}, {'id': 27, 'market': 'A', 'countryCode': 'US', 'network': 'MSG', 'sequenceNumber': 417}]",,,,/gamecenter/nyr-vs-ott/2026/10/24/2026020171,Canadian Tire Centre,3,Rangers,New York,New York,de New York,NYR,https://assets.nhle.com/logos/nhl/svg/NYR_light.svg,https://assets.nhle.com/logos/nhl/svg/NYR_dark.svg,False,,9,Senators,Ottawa,Ottawa,d'Ottawa,OTT,https://assets.nhle.com/logos/nhl/svg/OTT_light.svg,https://assets.nhle.com/logos/nhl/svg/OTT_dark.svg,False,,1,REG,3,,,,,,,,,,,,,https://www.ticketmaster.ca/event/31006507E6912870?brand=ottawasenators&artistid=805997&landing=s&wt.mc_id=NHL_TEAM_OTT_SGT_PG_GM7&,https://www.nhl.com/fr/senators/tickets/,https://d2igy0yla8zi0u.cloudfront.net/NYR/20262027/NYR-radio.m3u8,https://d2igy0yla8zi0u.cloudfront.net/OTT/20262027/OTT-radio.m3u8,,,https://www.aircanada.com/home/ca/en/aco/flights,Air  Canada Flights,https://www.brookstreethotel.com/,Hotel,Centre Canadian Tire,Sénateurs,,,,,,,,
20252026,20262027,,America/New_York,2026020185,20262027,2,2026-10-26,False,2026-10-26T23:00:00Z,-04:00,-04:00,America/New_York,FUT,OK,"[{'id': 324, 'market': 'N', 'countryCode': 'US', 'network': 'NHLN', 'sequenceNumber': 35}, {'id': 281, 'market': 'N', 'countryCode': 'CA', 'network': 'TVAS', 'sequenceNumber': 120}, {'id': 27, 'market': 'H', 'countryCode': 'US', 'network': 'MSG', 'sequenceNumber': 417}, {'id': 651, 'market': 'A', 'countryCode': 'US', 'network': 'ABTV ', 'sequenceNumber': 1}]",,,,/gamecenter/lak-vs-nyr/2026/10/26/2026020185,Madison Square Garden,26,Kings,Los Angeles,Los Angeles,de Los Angeles,LAK,https://assets.nhle.com/logos/nhl/svg/LAK_light.svg,https://assets.nhle.com/logos/nhl/svg/LAK_dark.svg,False,,3,Rangers,New York,New York,de New York,NYR,https://assets.nhle.com/logos/nhl/svg/NYR_light.svg,https://assets.nhle.com/logos/nhl/svg/NYR_dark.svg,False,,1,REG,3,,,,,,,,,,,,,https://www.ticketmaster.com/event/3B0064F1B1D9444A?brand=nyrangers&artistid=805991&landing=s&wt.mc_id=NHL_TEAM_NYR_SCHEDULE_GM7&utm_source=NHL.com&utm_medium=client&utm_campaign=NHL_TEAM_NYR&utm_content=SCHEDULE_GM7&CAMEFROM=CFC_RANGERS_WEB_NYR_SCHED_260803,https://www.ticketmaster.com/event/3B0064F1B1D9444A?brand=nyrangers&artistid=805991&landing=s&wt.mc_id=NHL_TEAM_NYR_SCHEDULE_GM7&utm_source=NHL.com&utm_medium=client&utm_campaign=NHL_TEAM_NYR&utm_content=SCHEDULE_GM7&CAMEFROM=CFC_RANGERS_WEB_NYR_SCHED_260803,https://d2igy0yla8zi0u.cloudfront.net/LAK/20262027/LAK-radio.m3u8,https://d2igy0yla8zi0u.cloudfront.net/NYR/20262027/NYR-radio.m3u8,,,,,,,,,,,,,,,,
20252026,20262027,,America/New_York,2026020230,20262027,2,2026-11-01,False,2026-11-01T23:00:00Z,-05:00,-05:00,America/New_York,FUT,OK,"[{'id': 324, 'market': 'N', 'countryCode': 'US', 'network': 'NHLN', 'sequenceNumber': 35}, {'id': 282, 'market': 'N', 'countryCode': 'CA', 'network': 'SN', 'sequenceNumber': 107}, {'id': 281, 'market': 'N', 'countryCode': 'CA', 'network': 'TVAS', 'sequenceNumber': 120}, {'id': 27, 'market': 'H', 'countryCode': 'US', 'network': 'MSG', 'sequenceNumber': 417}]",,,,/gamecenter/edm-vs-nyr/2026/11/01/2026020230,Madison Square Garden,22,Oilers,Edmonton,Edmonton,d'Edmonton,EDM,https://assets.nhle.com/logos/nhl/svg/EDM_light.svg,https://assets.nhle.com/logos/nhl/svg/EDM_dark.svg,False,,3,Rangers,New York,New York,de New York,NYR,https://assets.nhle.com/logos/nhl/svg/NYR_light.svg,https://assets.nhle.com/logos/nhl/svg/NYR_dark.svg,False,,1,REG,3,,,,,,,,,,,,,https://www.ticketmaster.com/event/3B0064F1B1D9444C?brand=nyrangers&artistid=805991&landing=s&wt.mc_id=NHL_TEAM_NYR_SCHEDULE_GM8&utm_source=NHL.com&utm_medium=client&utm_campaign=NHL_TEAM_NYR&utm_content=SCHEDULE_GM8&CAMEFROM=CFC_RANGERS_WEB_NYR_SCHED_260803,https://www.ticketmaster.com/event/3B0064F1B1D9444C?brand=nyrangers&artistid=805991&landing=s&wt.mc_id=NHL_TEAM_NYR_SCHEDULE_GM8&utm_source=NHL.com&utm_medium=client&utm_campaign=NHL_TEAM_NYR&utm_content=SCHEDULE_GM8&CAMEFROM=CFC_RANGERS_WEB_NYR_SCHED_260803,https://d2igy0yla8zi0u.cloudfront.net/EDM/20262027/EDM-radio.m3u8,https://d2igy0yla8zi0u.cloudfront.net/NYR/20262027/NYR-radio.m3u8,,,,,,,,,,,,,,,,
20252026,20262027,,America/New_York,2026020240,20262027,2,2026-11-03,False,2026-11-04T00:00:00Z,-05:00,-05:00,America/New_York,FUT,OK,"[{'id': 27, 'market': 'H', 'countryCode': 'US', 'network': 'MSG', 'sequenceNumber': 417}, {'id': 649, 'market': 'A', 'countryCode': 'US', 'network': 'STLNHL', 'sequenceNumber': 1}, {'id': 650, 'market': 'A', 'countryCode': 'US', 'network': 'BN+', 'sequenceNumber': 1}]",,,,/gamecenter/stl-vs-nyr/2026/11/03/2026020240,Madison Square Garden,19,Blues,St. Louis,St. Louis,de St. Louis,STL,https://assets.nhle.com/logos/nhl/svg/STL_light.svg,https://assets.nhle.com/logos/nhl/svg/STL_dark.svg,False,,3,Rangers,New York,New York,de New York,NYR,https://assets.nhle.com/logos/nhl/svg/NYR_light.svg,https://assets.nhle.com/logos/nhl/svg/NYR_dark.svg,False,,1,REG,3,,,,,,,,,,,,,https://www.ticketmaster.com/event/3B0064F1B1DA444E?brand=nyrangers&artistid=805991&landing=s&wt.mc_id=NHL_TEAM_NYR_SCHEDULE_GM9&utm_source=NHL.com&utm_medium=client&utm_campaign=NHL_TEAM_NYR&utm_content=SCHEDULE_GM9&CAMEFROM=CFC_RANGERS_WEB_NYR_SCHED_260803,https://www.ticketmaster.com/event/3B0064F1B1DA444E?brand=nyrangers&artistid=805991&landing=s&wt.mc_id=NHL_TEAM_NYR_SCHEDULE_GM9&utm_source=NHL.com&utm_medium=client&utm_campaign=NHL_TEAM_NYR&utm_content=SCHEDULE_GM9&CAMEFROM=CFC_RANGERS_WEB_NYR_SCHED_260803,https://d2igy0yla8zi0u.cloudfront.net/STL/20262027/STL-radio.m3u8,https://d2igy0yla8zi0u.cloudfront.net/NYR/20262027/NYR-radio.m3u8,,,,,,,,,,,,,,,,
20252026,20262027,,America/New_York,2026020256,20262027,2,2026-11-05,False,2026-11-06T00:00:00Z,-05:00,-05:00,America/New_York,FUT,OK,"[{'id': 27, 'market': 'H', 'countryCode': 'US', 'network': 'MSG', 'sequenceNumber': 417}, {'id': 322, 'market': 'A', 'countryCode': 'US', 'network': 'NBCSP', 'sequenceNumber': 389}]",,,,/gamecenter/phi-vs-nyr/2026/11/05/2026020256,Madison Square Garden,4,Flyers,Philadelphia,Philadelphia,de Philadelphie,PHI,https://assets.nhle.com/logos/nhl/svg/PHI_light.svg,https://assets.nhle.com/logos/nhl/svg/PHI_dark.svg,False,,3,Rangers,New York,New York,de New York,NYR,https://assets.nhle.com/logos/nhl/svg/NYR_light.svg,https://assets.nhle.com/logos/nhl/svg/NYR_dark.svg,False,,1,REG,3,,,,,,,,,,,,,https://www.ticketmaster.com/event/3B0064F1B1DB4451?brand=nyrangers&artistid=805991&landing=s&wt.mc_id=NHL_TEAM_NYR_SCHEDULE_GM10&utm_source=NHL.com&utm_medium=client&utm_campaign=NHL_TEAM_NYR&utm_content=SCHEDULE_GM10&CAMEFROM=CFC_RANGERS_WEB_NYR_SCHED_260803,https://www.ticketmaster.com/event/3B0064F1B1DB4451?brand=nyrangers&artistid=805991&landing=s&wt.mc_id=NHL_TEAM_NYR_SCHEDULE_GM10&utm_source=NHL.com&utm_medium=client&utm_campaign=NHL_TEAM_NYR&utm_content=SCHEDULE_GM10&CAMEFROM=CFC_RANGERS_WEB_NYR_SCHED_260803,https://d2igy0yla8zi0u.cloudfront.net/PHI/20262027/PHI-radio.m3u8,https://d2igy0yla8zi0u.cloudfront.net/NYR/20262027/NYR-radio.m3u8,,,,,,,,,Philadelphie,,,,,,,
20252026,20262027,,America/New_York,2026020267,20262027,2,2026-11-07,False,2026-11-07T22:00:00Z,-05:00,-08:00,US/Pacific,FUT,OK,"[{'id': 55, 'market': 'A', 'countryCode': 'US', 'network': 'MSG 2', 'sequenceNumber': 416}, {'id': 27, 'market': 'A', 'countryCode': 'US', 'network': 'MSG', 'sequenceNumber': 417}, {'id': 652, 'market': 'H', 'countryCode': 'US', 'network': 'Prime Video', 'sequenceNumber': 117}, {'id': 388, 'market': 'H', 'countryCode': 'US', 'network': 'KONG', 'sequenceNumber': 654}]",,,,/gamecenter/nyr-vs-sea/2026/11/07/2026020267,Climate Pledge Arena,3,Rangers,New York,New York,de New York,NYR,https://assets.nhle.com/logos/nhl/svg/NYR_light.svg,https://assets.nhle.com/logos/nhl/svg/NYR_dark.svg,False,,55,Kraken,Seattle,Seattle,de Seattle,SEA,https://assets.nhle.com/logos/nhl/svg/SEA_light.svg,https://assets.nhle.com/logos/nhl/svg/SEA_dark.svg,False,,1,REG,3,,,,,,,,,,,,,https://www.ticketmaster.com/event/0F0064C4A05AA27A?brand=seattlekraken&artistid=2763657&wt.mc_id=NHL_TEAM_SEA_SCHEDULE_GM8&utm_source=NHL.com&utm_medium=client&utm_campaign=NHL_TEAM_SEA&utm_content=SCHEDULE_GM8,https://www.ticketmaster.com/event/0F0064C4A05AA27A?brand=seattlekraken&artistid=2763657&wt.mc_id=NHL_TEAM_SEA_SCHEDULE_GM8&utm_source=NHL.com&utm_medium=client&utm_campaign=NHL_TEAM_SEA&utm_content=SCHEDULE_GM8,https://d2igy0yla8zi0u.cloudfront.net/NYR/20262027/NYR-radio.m3u8,https://d2igy0yla8zi0u.cloudfront.net/SEA/20262027/SEA-radio.m3u8,,,,,https://stayinglevel.com/offers/seattle-climate-pledge-arena-fans/,Stay close to the action at Level,,,,,,,,,,
20252026,20262027,,America/New_York,2026020283,20262027,2,2026-11-09,False,2026-11-10T01:00:00Z,-05:00,-07:00,America/Edmonton,FUT,OK,"[{'id': 549, 'market': 'N', 'countryCode': 'CA', 'network': 'SN+', 'sequenceNumber': 117}, {'id': 281, 'market': 'N', 'countryCode': 'CA', 'network': 'TVAS', 'sequenceNumber': 120}, {'id': 27, 'market': 'A', 'countryCode': 'US', 'network': 'MSG', 'sequenceNumber': 417}]",,,,/gamecenter/nyr-vs-edm/2026/11/09/2026020283,Rogers Place,3,Rangers,New York,New York,de New York,NYR,https://assets.nhle.com/logos/nhl/svg/NYR_light.svg,https://assets.nhle.com/logos/nhl/svg/NYR_dark.svg,False,,22,Oilers,Edmonton,Edmonton,d'Edmonton,EDM,https://assets.nhle.com/logos/nhl/svg/EDM_light.svg,https://assets.nhle.com/logos/nhl/svg/EDM_dark.svg,False,,1,REG,3,,,,,,,,,,,,,https://www.ticketmaster.ca/event/11006513A61AA4D7?brand=edmontonoilers&artistid=805943&wt.mc_id=NHL_TEAM_EDM_SCHEDULE_GM11&utm_source=NHL.com&utm_medium=client_PM&utm_campaign=NHL_TEAM_EDM&utm_content=SCHEDULE_GM11,https://www.ticketmaster.ca/event/11006513A61AA4D7?brand=edmontonoilers&artistid=805943&wt.mc_id=NHL_TEAM_EDM_SCHEDULE_GM11&utm_source=NHL.com&utm_medium=client_PM&utm_campaign=NHL_TEAM_EDM&utm_content=SCHEDULE_GM11,https://d2igy0yla8zi0u.cloudfront.net/NYR/20262027/NYR-radio.m3u8,https://d2igy0yla8zi0u.cloudfront.net/EDM/20262027/EDM-radio.m3u8,,,,,,,,,,,,,,,,
20252026,20262027,,America/New_York,2026020294,20262027,2,2026-11-11,False,2026-11-12T00:30:00Z,-05:00,-07:00,America/Edmonton,FUT,OK,"[{'id': 548, 'market': 'N', 'countryCode': 'CA', 'network': 'Prime', 'sequenceNumber': 116}, {'id': 409, 'market': 'A', 'countryCode': 'US', 'network': 'MSGSN', 'sequenceNumber': 411}]",,,,/gamecenter/nyr-vs-cgy/2026/11/11/2026020294,Scotiabank Saddledome,3,Rangers,New York,New York,de New York,NYR,https://assets.nhle.com/logos/nhl/svg/NYR_light.svg,https://assets.nhle.com/logos/nhl/svg/NYR_dark.svg,False,,20,Flames,Calgary,Calgary,de Calgary,CGY,https://assets.nhle.com/logos/nhl/svg/CGY_light.svg,https://assets.nhle.com/logos/nhl/svg/CGY_dark.svg,False,,1,REG,3,,,,,,,,,,,,,https://www.ticketmaster.ca/event/110064FB8C6434B6?brand=calgaryflames&artistid=805907&wt.mc_id=NHL_TEAM_CGY_SCHEDULE_GM11&utm_source=NHL.com&utm_medium=client_PM&utm_campaign=NHL_TEAM_CGY&utm_content=SCHEDULE_GM11,https://www.ticketmaster.ca/event/110064FB8C6434B6?brand=calgaryflames&artistid=805907&wt.mc_id=NHL_TEAM_CGY_SCHEDULE_GM11&utm_source=NHL.com&utm_medium=client_PM&utm_campaign=NHL_TEAM_CGY&utm_content=SCHEDULE_GM11,https://d2igy0yla8zi0u.cloudfront.net/NYR/20262027/NYR-radio.m3u8,https://d2igy0yla8zi0u.cloudfront.net/CGY/20262027/CGY-radio.m3u8,,,,,,,,,,,,,,,,
20252026,20262027,,America/New_York,2026020310,20262027,2,2026-11-13,False,2026-11-14T02:00:00Z,-05:00,-07:00,America/Vancouver,FUT,OK,"[{'id': 282, 'market': 'N', 'countryCode': 'CA', 'network': 'SN', 'sequenceNumber': 107}, {'id': 281, 'market': 'N', 'countryCode': 'CA', 'network': 'TVAS', 'sequenceNumber': 120}, {'id': 409, 'market': 'A', 'countryCode': 'US', 'network': 'MSGSN', 'sequenceNumber': 411}]",,,,/gamecenter/nyr-vs-van/2026/11/13/2026020310,Rogers Arena,3,Rangers,New York,New York,de New York,NYR,https://assets.nhle.com/logos/nhl/svg/NYR_light.svg,https://assets.nhle.com/logos/nhl/svg/NYR_dark.svg,False,,23,Canucks,Vancouver,Vancouver,de Vancouver,VAN,https://assets.nhle.com/logos/nhl/svg/VAN_light.svg,https://assets.nhle.com/logos/nhl/svg/VAN_dark.svg,False,,1,REG,3,,,,,,,,,,,,,https://www.ticketmaster.ca/event/11006503F0ADBB93?brand=canucks&artistid=806037&wt.mc_id=NHL_TEAM_VAN_SCHEDULE_GM10&utm_source=NHL.com&utm_medium=client_PM&utm_campaign=NHL_TEAM_VAN&utm_content=SCHEDULE_GM10,https://www.ticketmaster.ca/event/11006503F0ADBB93?brand=canucks&artistid=806037&wt.mc_id=NHL_TEAM_VAN_SCHEDULE_GM10&utm_source=NHL.com&utm_medium=client_PM&utm_campaign=NHL_TEAM_VAN&utm_content=SCHEDULE_GM10,https://d2igy0yla8zi0u.cloudfront.net/NYR/20262027/NYR-radio.m3u8,https://d2igy0yla8zi0u.cloudfront.net/VAN/20262027/VAN-radio.m3u8,,,,,,,,,,,,,,,,
20252026,20262027,,America/New_York,2026020331,20262027,2,2026-11-16,False,2026-11-17T00:30:00Z,-05:00,-05:00,America/New_York,FUT,OK,"[{'id': 385, 'market': 'N', 'countryCode': 'US', 'network': 'TNT', 'sequenceNumber': 11}, {'id': 501, 'market': 'N', 'countryCode': 'US', 'network': 'truTV', 'sequenceNumber': 14}, {'id': 578, 'market': 'N', 'countryCode': 'US', 'network': 'HBO MAX', 'sequenceNumber': 19}, {'id': 549, 'market': 'N', 'countryCode': 'CA', 'network': 'SN+', 'sequenceNumber': 117}, {'id': 281, 'market': 'N', 'countryCode': 'CA', 'network': 'TVAS', 'sequenceNumber': 120}]",,,,/gamecenter/mtl-vs-nyr/2026/11/16/2026020331,Madison Square Garden,8,Canadiens,Montréal,Montréal,de Montréal,MTL,https://assets.nhle.com/logos/nhl/svg/MTL_light.svg,https://assets.nhle.com/logos/nhl/svg/MTL_dark.svg,False,,3,Rangers,New York,New York,de New York,NYR,https://assets.nhle.com/logos/nhl/svg/NYR_light.svg,https://assets.nhle.com/logos/nhl/svg/NYR_dark.svg,False,,1,REG,3,,,,,,,,,,,,,https://www.ticketmaster.com/event/3B0064F1B1DB4455?brand=nyrangers&artistid=805991&landing=s&wt.mc_id=NHL_TEAM_NYR_SCHEDULE_GM11&utm_source=NHL.com&utm_medium=client&utm_campaign=NHL_TEAM_NYR&utm_content=SCHEDULE_GM11&CAMEFROM=CFC_RANGERS_WEB_NYR_SCHED_260803,https://www.ticketmaster.com/event/3B0064F1B1DB4455?brand=nyrangers&artistid=805991&landing=s&wt.mc_id=NHL_TEAM_NYR_SCHEDULE_GM11&utm_source=NHL.com&utm_medium=client&utm_campaign=NHL_TEAM_NYR&utm_content=SCHEDULE_GM11&CAMEFROM=CFC_RANGERS_WEB_NYR_SCHED_260803,https://d2igy0yla8zi0u.cloudfront.net/MTL/20262027/MTL-radio.m3u8,https://d2igy0yla8zi0u.cloudfront.net/NYR/20262027/NYR-radio.m3u8,,,,,,,,,,,,,,,,
20252026,20262027,,America/New_York,2026020373,20262027,2,2026-11-22,False,2026-11-22T17:30:00Z,-05:00,-05:00,America/New_York,FUT,OK,"[{'id': 284, 'market': 'N', 'countryCode': 'CA', 'network': 'SN1', 'sequenceNumber': 113}, {'id': 281, 'market': 'N', 'countryCode': 'CA', 'network': 'TVAS', 'sequenceNumber': 120}, {'id': 27, 'market': 'H', 'countryCode': 'US', 'network': 'MSG', 'sequenceNumber': 417}, {'id': 646, 'market': 'A', 'countryCode': 'US', 'network': 'CARNHL', 'sequenceNumber': 1}, {'id': 754, 'market': 'A', 'countryCode': 'US', 'network': 'HHN', 'sequenceNumber': 1}]",,,,/gamecenter/car-vs-nyr/2026/11/22/2026020373,Madison Square Garden,12,Hurricanes,Carolina,Carolina,de la Caroline,CAR,https://assets.nhle.com/logos/nhl/svg/CAR_light.svg,https://assets.nhle.com/logos/nhl/svg/CAR_dark.svg,False,,3,Rangers,New York,New York,de New York,NYR,https://assets.nhle.com/logos/nhl/svg/NYR_light.svg,https://assets.nhle.com/logos/nhl/svg/NYR_dark.svg,False,,1,REG,3,,,,,,,,,,,,,https://www.ticketmaster.com/event/3B0064F1B1DC4458?brand=nyrangers&artistid=805991&landing=s&wt.mc_id=NHL_TEAM_NYR_SCHEDULE_GM12&utm_source=NHL.com&utm_medium=client&utm_campaign=NHL_TEAM_NYR&utm_content=SCHEDULE_GM12&CAMEFROM=CFC_RANGERS_WEB_NYR_SCHED_260803,https://www.ticketmaster.com/event/3B0064F1B1DC4458?brand=nyrangers&artistid=805991&landing=s&wt.mc_id=NHL_TEAM_NYR_SCHEDULE_GM12&utm_source=NHL.com&utm_medium=client&utm_campaign=NHL_TEAM_NYR&utm_content=SCHEDULE_GM12&CAMEFROM=CFC_RANGERS_WEB_NYR_SCHED_260803,https://d2igy0yla8zi0u.cloudfront.net/CAR/20262027/CAR-radio.m3u8,https://d2igy0yla8zi0u.cloudfront.net/NYR/20262027/NYR-radio.m3u8,,,,,,,,,Caroline,,,,,,,
20252026,20262027,,America/New_York,2026020387,20262027,2,2026-11-25,False,2026-11-26T00:00:00Z,-05:00,-05:00,America/New_York,FUT,OK,"[{'id': 55, 'market': 'A', 'countryCode': 'US', 'network': 'MSG 2', 'sequenceNumber': 416}, {'id': 28, 'market': 'H', 'countryCode': 'US', 'network': 'MSG-B', 'sequenceNumber': 392}]",,,,/gamecenter/nyr-vs-buf/2026/11/25/2026020387,KeyBank Center,3,Rangers,New York,New York,de New York,NYR,https://assets.nhle.com/logos/nhl/svg/NYR_light.svg,https://assets.nhle.com/logos/nhl/svg/NYR_dark.svg,False,,7,Sabres,Buffalo,Buffalo,de Buffalo,BUF,https://assets.nhle.com/logos/nhl/svg/BUF_light.svg,https://assets.nhle.com/logos/nhl/svg/BUF_dark.svg,False,,1,REG,3,,,,,,,,,,,,,https://www.ticketmaster.com/event/000064EFCB3B806F?brand=sabres&artistid=805906&wt.mc_id=NHL_TEAM_BUF_SCHEDULE_GM11&utm_source=NHL.com&utm_medium=client&utm_campaign=NHL_TEAM_BUF&utm_content=SCHEDULE_GM11,https://www.ticketmaster.com/event/000064EFCB3B806F?brand=sabres&artistid=805906&wt.mc_id=NHL_TEAM_BUF_SCHEDULE_GM11&utm_source=NHL.com&utm_medium=client&utm_campaign=NHL_TEAM_BUF&utm_content=SCHEDULE_GM11,https://d2igy0yla8zi0u.cloudfront.net/NYR/20262027/NYR-radio.m3u8,https://d2igy0yla8zi0u.cloudfront.net/BUF/20262027/BUF-radio.m3u8,https://www.nhl.com/sabres/tickets/theme-nights, Thanksgiving Eve,,,,,,,,,,,,,,
20252026,20262027,,America/New_York,2026020411,20262027,2,2026-11-27,False,2026-11-27T22:30:00Z,-05:00,-06:00,America/Chicago,FUT,OK,"[{'id': 385, 'market': 'N', 'countryCode': 'US', 'network': 'TNT', 'sequenceNumber': 11}, {'id': 501, 'market': 'N', 'countryCode': 'US', 'network': 'truTV', 'sequenceNumber': 14}, {'id': 578, 'market': 'N', 'countryCode': 'US', 'network': 'HBO MAX', 'sequenceNumber': 19}, {'id': 549, 'market': 'N', 'countryCode': 'CA', 'network': 'SN+', 'sequenceNumber': 117}]",,,,/gamecenter/nyr-vs-chi/2026/11/27/2026020411,United Center,3,Rangers,New York,New York,de New York,NYR,https://assets.nhle.com/logos/nhl/svg/NYR_light.svg,https://assets.nhle.com/logos/nhl/svg/NYR_dark.svg,False,,16,Blackhawks,Chicago,Chicago,de Chicago,CHI,https://assets.nhle.com/logos/nhl/svg/CHI_light.svg,https://assets.nhle.com/logos/nhl/svg/CHI_dark.svg,False,,1,REG,3,,,,,,,,,,,,,https://www.ticketmaster.com/event/040064F0906E787F?brand=blackhawks&artistid=805913&wt.mc_id=NHL_TEAM_CHI_SCHEDULE_GM14,https://www.ticketmaster.com/event/040064F0906E787F?brand=blackhawks&artistid=805913&wt.mc_id=NHL_TEAM_CHI_SCHEDULE_GM14,https://d2igy0yla8zi0u.cloudfront.net/NYR/20262027/NYR-radio.m3u8,https://d2igy0yla8zi0u.cloudfront.net/CHI/20262027/CHI-radio.m3u8,,,,,,,,,,,,,,,,
20252026,20262027,,America/New_York,2026020419,20262027,2,2026-11-28,False,2026-11-29T00:00:00Z,-05:00,-05:00,America/New_York,FUT,OK,"[{'id': 289, 'market': 'N', 'countryCode': 'CA', 'network': 'SNW', 'sequenceNumber': 34}, {'id': 27, 'market': 'H', 'countryCode': 'US', 'network': 'MSG', 'sequenceNumber': 417}]",,,,/gamecenter/cgy-vs-nyr/2026/11/28/2026020419,Madison Square Garden,20,Flames,Calgary,Calgary,de Calgary,CGY,https://assets.nhle.com/logos/nhl/svg/CGY_light.svg,https://assets.nhle.com/logos/nhl/svg/CGY_dark.svg,False,,3,Rangers,New York,New York,de New York,NYR,https://assets.nhle.com/logos/nhl/svg/NYR_light.svg,https://assets.nhle.com/logos/nhl/svg/NYR_dark.svg,False,,1,REG,3,,,,,,,,,,,,,https://www.ticketmaster.com/event/3B0064F1B1DD445D?brand=nyrangers&artistid=805991&landing=s&wt.mc_id=NHL_TEAM_NYR_SCHEDULE_GM13&utm_source=NHL.com&utm_medium=client&utm_campaign=NHL_TEAM_NYR&utm_content=SCHEDULE_GM13&CAMEFROM=CFC_RANGERS_WEB_NYR_SCHED_260803,https://www.ticketmaster.com/event/3B0064F1B1DD445D?brand=nyrangers&artistid=805991&landing=s&wt.mc_id=NHL_TEAM_NYR_SCHEDULE_GM13&utm_source=NHL.com&utm_medium=client&utm_campaign=NHL_TEAM_NYR&utm_content=SCHEDULE_GM13&CAMEFROM=CFC_RANGERS_WEB_NYR_SCHED_260803,https://d2igy0yla8zi0u.cloudfront.net/CGY/20262027/CGY-radio.m3u8,https://d2igy0yla8zi0u.cloudfront.net/NYR/20262027/NYR-radio.m3u8,,,,,,,,,,,,,,,,
20252026,20262027,,America/New_York,2026020431,20262027,2,2026-11-30,False,2026-12-01T00:00:00Z,-05:00,-05:00,America/New_York,FUT,OK,"[{'id': 27, 'market': 'H', 'countryCode': 'US', 'network': 'MSG', 'sequenceNumber': 417}, {'id': 646, 'market': 'A', 'countryCode': 'US', 'network': 'CARNHL', 'sequenceNumber': 1}, {'id': 754, 'market': 'A', 'countryCode': 'US', 'network': 'HHN', 'sequenceNumber': 1}]",,,,/gamecenter/car-vs-nyr/2026/11/30/2026020431,Madison Square Garden,12,Hurricanes,Carolina,Carolina,de la Caroline,CAR,https://assets.nhle.com/logos/nhl/svg/CAR_light.svg,https://assets.nhle.com/logos/nhl/svg/CAR_dark.svg,False,,3,Rangers,New York,New York,de New York,NYR,https://assets.nhle.com/logos/nhl/svg/NYR_light.svg,https://assets.nhle.com/logos/nhl/svg/NYR_dark.svg,False,,1,REG,3,,,,,,,,,,,,,https://www.ticketmaster.com/event/3B0064F1B1DD4461?brand=nyrangers&artistid=805991&landing=s&wt.mc_id=NHL_TEAM_NYR_SCHEDULE_GM14&utm_source=NHL.com&utm_medium=client&utm_campaign=NHL_TEAM_NYR&utm_content=SCHEDULE_GM14&CAMEFROM=CFC_RANGERS_WEB_NYR_SCHED_260803,https://www.ticketmaster.com/event/3B0064F1B1DD4461?brand=nyrangers&artistid=805991&landing=s&wt.mc_id=NHL_TEAM_NYR_SCHEDULE_GM14&utm_source=NHL.com&utm_medium=client&utm_campaign=NHL_TEAM_NYR&utm_content=SCHEDULE_GM14&CAMEFROM=CFC_RANGERS_WEB_NYR_SCHED_260803,https://d2igy0yla8zi0u.cloudfront.net/CAR/20262027/CAR-radio.m3u8,https://d2igy0yla8zi0u.cloudfront.net/NYR/20262027/NYR-radio.m3u8,,,,,,,,,Caroline,,,,,,,
20252026,20262027,,America/New_York,2026020451,20262027,2,2026-12-03,False,2026-12-04T00:00:00Z,-05:00,-05:00,America/New_York,FUT,OK,"[{'id': 27, 'market': 'H', 'countryCode': 'US', 'network': 'MSG', 'sequenceNumber': 417}, {'id': 314, 'market': 'A', 'countryCode': 'US', 'network': 'NBCSCA', 'sequenceNumber': 393}]",,,,/gamecenter/sjs-vs-nyr/2026/12/03/2026020451,Madison Square Garden,28,Sharks,San Jose,San Jose,de San Jose,SJS,https://assets.nhle.com/logos/nhl/svg/SJS_light.svg,https://assets.nhle.com/logos/nhl/svg/SJS_dark.svg,False,,3,Rangers,New York,New York,de New York,NYR,https://assets.nhle.com/logos/nhl/svg/NYR_light.svg,https://assets.nhle.com/logos/nhl/svg/NYR_dark.svg,False,,1,REG,3,,,,,,,,,,,,,https://www.ticketmaster.com/event/3B0064F1B1DE4464?brand=nyrangers&artistid=805991&landing=s&wt.mc_id=NHL_TEAM_NYR_SCHEDULE_GM15&utm_source=NHL.com&utm_medium=client&utm_campaign=NHL_TEAM_NYR&utm_content=SCHEDULE_GM15&CAMEFROM=CFC_RANGERS_WEB_NYR_SCHED_260803,https://www.ticketmaster.com/event/3B0064F1B1DE4464?brand=nyrangers&artistid=805991&landing=s&wt.mc_id=NHL_TEAM_NYR_SCHEDULE_GM15&utm_source=NHL.com&utm_medium=client&utm_campaign=NHL_TEAM_NYR&utm_content=SCHEDULE_GM15&CAMEFROM=CFC_RANGERS_WEB_NYR_SCHED_260803,https://d2igy0yla8zi0u.cloudfront.net/SJS/20262027/SJS-radio.m3u8,https://d2igy0yla8zi0u.cloudfront.net/NYR/20262027/NYR-radio.m3u8,,,,,,,,,,,,,,,,
20252026,20262027,,America/New_York,2026020470,20262027,2,2026-12-05,False,2026-12-06T00:00:00Z,-05:00,-05:00,America/New_York,FUT,OK,"[{'id': 27, 'market': 'H', 'countryCode': 'US', 'network': 'MSG', 'sequenceNumber': 417}, {'id': 2, 'market': 'A', 'countryCode': 'US', 'network': 'ALT', 'sequenceNumber': 385}]",,,,/gamecenter/col-vs-nyr/2026/12/05/2026020470,Madison Square Garden,21,Avalanche,Colorado,Colorado,du Colorado,COL,https://assets.nhle.com/logos/nhl/svg/COL_light.svg,https://assets.nhle.com/logos/nhl/svg/COL_dark.svg,False,,3,Rangers,New York,New York,de New York,NYR,https://assets.nhle.com/logos/nhl/svg/NYR_light.svg,https://assets.nhle.com/logos/nhl/svg/NYR_dark.svg,False,,1,REG,3,,,,,,,,,,,,,https://www.ticketmaster.com/event/3B0064F1B1DF4466?brand=nyrangers&artistid=805991&landing=s&wt.mc_id=NHL_TEAM_NYR_SCHEDULE_GM16&utm_source=NHL.com&utm_medium=client&utm_campaign=NHL_TEAM_NYR&utm_content=SCHEDULE_GM16&CAMEFROM=CFC_RANGERS_WEB_NYR_SCHED_260803,https://www.ticketmaster.com/event/3B0064F1B1DF4466?brand=nyrangers&artistid=805991&landing=s&wt.mc_id=NHL_TEAM_NYR_SCHEDULE_GM16&utm_source=NHL.com&utm_medium=client&utm_campaign=NHL_TEAM_NYR&utm_content=SCHEDULE_GM16&CAMEFROM=CFC_RANGERS_WEB_NYR_SCHED_260803,https://d2igy0yla8zi0u.cloudfront.net/COL/20262027/COL-radio.m3u8,https://d2igy0yla8zi0u.cloudfront.net/NYR/20262027/NYR-radio.m3u8,,,,,,,,,,,,,,,,
20252026,20262027,,America/New_York,2026020484,20262027,2,2026-12-07,False,2026-12-08T00:00:00Z,-05:00,-05:00,America/New_York,FUT,OK,"[{'id': 27, 'market': 'H', 'countryCode': 'US', 'network': 'MSG', 'sequenceNumber': 417}, {'id': 409, 'market': 'A', 'countryCode': 'US', 'network': 'MSGSN', 'sequenceNumber': 411}]",,,,/gamecenter/njd-vs-nyr/2026/12/07/2026020484,Madison Square Garden,1,Devils,New Jersey,New Jersey,du New Jersey,NJD,https://assets.nhle.com/logos/nhl/svg/NJD_light.svg,https://assets.nhle.com/logos/nhl/svg/NJD_dark.svg,False,,3,Rangers,New York,New York,de New York,NYR,https://assets.nhle.com/logos/nhl/svg/NYR_light.svg,https://assets.nhle.com/logos/nhl/svg/NYR_dark.svg,False,,1,REG,3,,,,,,,,,,,,,https://www.ticketmaster.com/event/3B0064F1B1DF4468?brand=nyrangers&artistid=805991&landing=s&wt.mc_id=NHL_TEAM_NYR_SCHEDULE_GM17&utm_source=NHL.com&utm_medium=client&utm_campaign=NHL_TEAM_NYR&utm_content=SCHEDULE_GM17&CAMEFROM=CFC_RANGERS_WEB_NYR_SCHED_260803,https://www.ticketmaster.com/event/3B0064F1B1DF4468?brand=nyrangers&artistid=805991&landing=s&wt.mc_id=NHL_TEAM_NYR_SCHEDULE_GM17&utm_source=NHL.com&utm_medium=client&utm_campaign=NHL_TEAM_NYR&utm_content=SCHEDULE_GM17&CAMEFROM=CFC_RANGERS_WEB_NYR_SCHED_260803,https://d2igy0yla8zi0u.cloudfront.net/NJD/20262027/NJD-radio.m3u8,https://d2igy0yla8zi0u.cloudfront.net/NYR/20262027/NYR-radio.m3u8,,,,,,,,,,,,,,,,
20252026,20262027,,America/New_York,2026020490,20262027,2,2026-12-08,False,2026-12-09T00:00:00Z,-05:00,-05:00,US/Eastern,FUT,OK,"[{'id': 27, 'market': 'A', 'countryCode': 'US', 'network': 'MSG', 'sequenceNumber': 417}, {'id': 646, 'market': 'H', 'countryCode': 'US', 'network': 'CARNHL', 'sequenceNumber': 1}, {'id': 754, 'market': 'H', 'countryCode': 'US', 'network': 'HHN', 'sequenceNumber': 1}]",,,,/gamecenter/nyr-vs-car/2026/12/08/2026020490,Lenovo Center,3,Rangers,New York,New York,de New York,NYR,https://assets.nhle.com/logos/nhl/svg/NYR_light.svg,https://assets.nhle.com/logos/nhl/svg/NYR_dark.svg,False,,12,Hurricanes,Carolina,Carolina,de la Caroline,CAR,https://assets.nhle.com/logos/nhl/svg/CAR_light.svg,https://assets.nhle.com/logos/nhl/svg/CAR_dark.svg,False,,1,REG,3,,,,,,,,,,,,,https://www.ticketmaster.com/event/2D0064F4BD82D214?brand=carolinahurricanes&artistid=805908&wt.mc_id=NHL_TEAM_CAR_SCHEDULE_GM14&utm_source=NHL.com&utm_medium=client&utm_campaign=NHL_TEAM_CAR&utm_content=SCHEDULE_GM14,https://www.ticketmaster.com/event/2D0064F4BD82D214?brand=carolinahurricanes&artistid=805908&wt.mc_id=NHL_TEAM_CAR_SCHEDULE_GM14&utm_source=NHL.com&utm_medium=client&utm_campaign=NHL_TEAM_CAR&utm_content=SCHEDULE_GM14,https://d2igy0yla8zi0u.cloudfront.net/NYR/20262027/NYR-radio.m3u8,https://d2igy0yla8zi0u.cloudfront.net/CAR/20262027/CAR-radio.m3u8,,,,,,,,,,,,,,Caroline,,
20252026,20262027,,America/New_York,2026020510,20262027,2,2026-12-11,False,2026-12-12T00:00:00Z,-05:00,-05:00,America/Detroit,FUT,OK,"[{'id': 27, 'market': 'A', 'countryCode': 'US', 'network': 'MSG', 'sequenceNumber': 417}, {'id': 645, 'market': 'H', 'countryCode': 'US', 'network': 'DSN', 'sequenceNumber': 1}]",,,,/gamecenter/nyr-vs-det/2026/12/11/2026020510,Little Caesars Arena,3,Rangers,New York,New York,de New York,NYR,https://assets.nhle.com/logos/nhl/svg/NYR_light.svg,https://assets.nhle.com/logos/nhl/svg/NYR_dark.svg,False,,17,Red Wings,Detroit,Detroit,de Detroit,DET,https://assets.nhle.com/logos/nhl/svg/DET_light.svg,https://assets.nhle.com/logos/nhl/svg/DET_dark.svg,False,,1,REG,3,,,,,,,,,,,,,https://www.ticketmaster.com/event/080064EED7F7800A?brand=redwings&artistid=805938&wt.mc_id=NHL_TEAM_DET_SCHEDULE_GM17&utm_source=NHL.com&utm_medium=client&utm_campaign=NHL_TEAM_DET&utm_content=SCHEDULE_GM17,https://www.ticketmaster.com/event/080064EED7F7800A?brand=redwings&artistid=805938&wt.mc_id=NHL_TEAM_DET_SCHEDULE_GM17&utm_source=NHL.com&utm_medium=client&utm_campaign=NHL_TEAM_DET&utm_content=SCHEDULE_GM17,https://d2igy0yla8zi0u.cloudfront.net/NYR/20262027/NYR-radio.m3u8,https://d2igy0yla8zi0u.cloudfront.net/DET/20262027/DET-radio.m3u8,,,,,,,,,,,,,,,,
20252026,20262027,,America/New_York,2026020528,20262027,2,2026-12-13,False,2026-12-13T23:00:00Z,-05:00,-05:00,America/New_York,FUT,OK,"[{'id': 27, 'market': 'H', 'countryCode': 'US', 'network': 'MSG', 'sequenceNumber': 417}, {'id': 647, 'market': 'A', 'countryCode': 'US', 'network': 'CBJNHL', 'sequenceNumber': 1}, {'id': 755, 'market': 'A', 'countryCode': 'US', 'network': 'CBJHN', 'sequenceNumber': 1}]",,,,/gamecenter/cbj-vs-nyr/2026/12/13/2026020528,Madison Square Garden,29,Blue Jackets,Columbus,Columbus,de Columbus,CBJ,https://assets.nhle.com/logos/nhl/svg/CBJ_light.svg,https://assets.nhle.com/logos/nhl/svg/CBJ_dark.svg,False,,3,Rangers,New York,New York,de New York,NYR,https://assets.nhle.com/logos/nhl/svg/NYR_light.svg,https://assets.nhle.com/logos/nhl/svg/NYR_dark.svg,False,,1,REG,3,,,,,,,,,,,,,https://www.ticketmaster.com/event/3B0064F1B1E0446A?brand=nyrangers&artistid=805991&landing=s&wt.mc_id=NHL_TEAM_NYR_SCHEDULE_GM18&utm_source=NHL.com&utm_medium=client&utm_campaign=NHL_TEAM_NYR&utm_content=SCHEDULE_GM18&CAMEFROM=CFC_RANGERS_WEB_NYR_SCHED_260803,https://www.ticketmaster.com/event/3B0064F1B1E0446A?brand=nyrangers&artistid=805991&landing=s&wt.mc_id=NHL_TEAM_NYR_SCHEDULE_GM18&utm_source=NHL.com&utm_medium=client&utm_campaign=NHL_TEAM_NYR&utm_content=SCHEDULE_GM18&CAMEFROM=CFC_RANGERS_WEB_NYR_SCHED_260803,https://d2igy0yla8zi0u.cloudfront.net/CBJ/20262027/CBJ-radio.m3u8,https://d2igy0yla8zi0u.cloudfront.net/NYR/20262027/NYR-radio.m3u8,,,,,,,,,,,,,,,,
20252026,20262027,,America/New_York,2026020539,20262027,2,2026-12-15,False,2026-12-16T00:00:00Z,-05:00,-05:00,US/Eastern,FUT,OK,"[{'id': 27, 'market': 'A', 'countryCode': 'US', 'network': 'MSG', 'sequenceNumber': 417}, {'id': 410, 'market': 'H', 'countryCode': 'US', 'network': 'MSGSN2', 'sequenceNumber': 406}]",,,,/gamecenter/nyr-vs-njd/2026/12/15/2026020539,Prudential Center,3,Rangers,New York,New York,de New York,NYR,https://assets.nhle.com/logos/nhl/svg/NYR_light.svg,https://assets.nhle.com/logos/nhl/svg/NYR_dark.svg,False,,1,Devils,New Jersey,New Jersey,du New Jersey,NJD,https://assets.nhle.com/logos/nhl/svg/NJD_light.svg,https://assets.nhle.com/logos/nhl/svg/NJD_dark.svg,False,,1,REG,3,,,,,,,,,,,,,https://www.ticketmaster.com/event/020064F091E59D0B?brand=devils&artistid=805982&wt.mc_id=NHL_TEAM_NJD_SCHEDULE_GM18&camefrom=CFC_DEVILS_NHL_TEAM_NJD_SCHEDULE_GM18,https://www.ticketmaster.com/event/020064F091E59D0B?brand=devils&artistid=805982&wt.mc_id=NHL_TEAM_NJD_SCHEDULE_GM18&camefrom=CFC_DEVILS_NHL_TEAM_NJD_SCHEDULE_GM18,https://d2igy0yla8zi0u.cloudfront.net/NYR/20262027/NYR-radio.m3u8,https://d2igy0yla8zi0u.cloudfront.net/NJD/20262027/NJD-radio.m3u8,,,,,,,,,,,,,,,,
20252026,20262027,,America/New_York,2026020547,20262027,2,2026-12-16,False,2026-12-17T00:30:00Z,-05:00,-05:00,US/Eastern,FUT,OK,"[{'id': 385, 'market': 'N', 'countryCode': 'US', 'network': 'TNT', 'sequenceNumber': 11}, {'id': 501, 'market': 'N', 'countryCode': 'US', 'network': 'truTV', 'sequenceNumber': 14}, {'id': 578, 'market': 'N', 'countryCode': 'US', 'network': 'HBO MAX', 'sequenceNumber': 19}]",,,,/gamecenter/nyr-vs-phi/2026/12/16/2026020547,Xfinity Mobile Arena,3,Rangers,New York,New York,de New York,NYR,https://assets.nhle.com/logos/nhl/svg/NYR_light.svg,https://assets.nhle.com/logos/nhl/svg/NYR_dark.svg,False,,4,Flyers,Philadelphia,Philadelphia,de Philadelphie,PHI,https://assets.nhle.com/logos/nhl/svg/PHI_light.svg,https://assets.nhle.com/logos/nhl/svg/PHI_dark.svg,False,,1,REG,3,,,,,,,,,,,,,https://www.ticketmaster.com/event/300064EEEEDEE1D0?brand=flyers&artistid=806000&wt.mc_id=NHL_TEAM_PHI_SCHEDULE_GM18&utm_source=NHL.com&utm_medium=client&utm_campaign=NHL_TEAM_PHI&utm_content=SCHEDULE_GM18,https://www.ticketmaster.com/event/300064EEEEDEE1D0?brand=flyers&artistid=806000&wt.mc_id=NHL_TEAM_PHI_SCHEDULE_GM18&utm_source=NHL.com&utm_medium=client&utm_campaign=NHL_TEAM_PHI&utm_content=SCHEDULE_GM18,https://d2igy0yla8zi0u.cloudfront.net/NYR/20262027/NYR-radio.m3u8,https://d2igy0yla8zi0u.cloudfront.net/PHI/20262027/PHI-radio.m3u8,,,,,,,,,,,,,,Philadelphie,,
20252026,20262027,,America/New_York,2026020561,20262027,2,2026-12-18,False,2026-12-19T00:00:00Z,-05:00,-05:00,America/New_York,FUT,OK,"[{'id': 409, 'market': 'H', 'countryCode': 'US', 'network': 'MSGSN', 'sequenceNumber': 411}, {'id': 55, 'market': 'H', 'countryCode': 'US', 'network': 'MSG 2', 'sequenceNumber': 416}, {'id': 521, 'market': 'A', 'countryCode': 'US', 'network': 'SCRIPPS', 'sequenceNumber': 657}]",,,,/gamecenter/nsh-vs-nyr/2026/12/18/2026020561,Madison Square Garden,18,Predators,Nashville,Nashville,de Nashville,NSH,https://assets.nhle.com/logos/nhl/svg/NSH_light.svg,https://assets.nhle.com/logos/nhl/svg/NSH_dark.svg,False,,3,Rangers,New York,New York,de New York,NYR,https://assets.nhle.com/logos/nhl/svg/NYR_light.svg,https://assets.nhle.com/logos/nhl/svg/NYR_dark.svg,False,,1,REG,3,,,,,,,,,,,,,https://www.ticketmaster.com/event/3B0064F1B1E1446D?brand=nyrangers&artistid=805991&landing=s&wt.mc_id=NHL_TEAM_NYR_SCHEDULE_GM19&utm_source=NHL.com&utm_medium=client&utm_campaign=NHL_TEAM_NYR&utm_content=SCHEDULE_GM19&CAMEFROM=CFC_RANGERS_WEB_NYR_SCHED_260803,https://www.ticketmaster.com/event/3B0064F1B1E1446D?brand=nyrangers&artistid=805991&landing=s&wt.mc_id=NHL_TEAM_NYR_SCHEDULE_GM19&utm_source=NHL.com&utm_medium=client&utm_campaign=NHL_TEAM_NYR&utm_content=SCHEDULE_GM19&CAMEFROM=CFC_RANGERS_WEB_NYR_SCHED_260803,https://d2igy0yla8zi0u.cloudfront.net/NSH/20262027/NSH-radio.m3u8,https://d2igy0yla8zi0u.cloudfront.net/NYR/20262027/NYR-radio.m3u8,,,,,,,,,,,,,,,,
20252026,20262027,,America/New_York,2026020582,20262027,2,2026-12-20,False,2026-12-21T00:00:00Z,-05:00,-05:00,America/New_York,FUT,OK,"[{'id': 27, 'market': 'A', 'countryCode': 'US', 'network': 'MSG', 'sequenceNumber': 417}, {'id': 410, 'market': 'H', 'countryCode': 'US', 'network': 'MSGSN2', 'sequenceNumber': 406}]",,,,/gamecenter/nyr-vs-nyi/2026/12/20/2026020582,UBS Arena,3,Rangers,New York,New York,de New York,NYR,https://assets.nhle.com/logos/nhl/svg/NYR_light.svg,https://assets.nhle.com/logos/nhl/svg/NYR_dark.svg,False,,2,Islanders,New York,New York,de New York,NYI,https://assets.nhle.com/logos/nhl/svg/NYI_light.svg,https://assets.nhle.com/logos/nhl/svg/NYI_dark.svg,False,,1,REG,3,,,,,,,,,,,,,https://www.ticketmaster.com/event/300064E2D2A1621F?brand=nyislanders&artistid=805986&wt.mc_id=NHL_TEAM_NYI_SCHEDULE_GM18&utm_source=nyi_website&utm_medium=schedulepage&utm_campaign=NHL_TEAM_NYI&utm_content=SCHEDULE_GM18,https://www.ticketmaster.com/event/300064E2D2A1621F?brand=nyislanders&artistid=805986&wt.mc_id=NHL_TEAM_NYI_SCHEDULE_GM18&utm_source=nyi_website&utm_medium=schedulepage&utm_campaign=NHL_TEAM_NYI&utm_content=SCHEDULE_GM18,https://d2igy0yla8zi0u.cloudfront.net/NYR/20262027/NYR-radio.m3u8,https://d2igy0yla8zi0u.cloudfront.net/NYI/20262027/NYI-radio.m3u8,,,,,,,,,,,,,,,,
20252026,20262027,,America/New_York,2026020592,20262027,2,2026-12-22,False,2026-12-23T00:00:00Z,-05:00,-05:00,America/New_York,FUT,OK,"[{'id': 27, 'market': 'H', 'countryCode': 'US', 'network': 'MSG', 'sequenceNumber': 417}, {'id': 410, 'market': 'A', 'countryCode': 'US', 'network': 'MSGSN2', 'sequenceNumber': 406}]",,,,/gamecenter/njd-vs-nyr/2026/12/22/2026020592,Madison Square Garden,1,Devils,New Jersey,New Jersey,du New Jersey,NJD,https://assets.nhle.com/logos/nhl/svg/NJD_light.svg,https://assets.nhle.com/logos/nhl/svg/NJD_dark.svg,False,,3,Rangers,New York,New York,de New York,NYR,https://assets.nhle.com/logos/nhl/svg/NYR_light.svg,https://assets.nhle.com/logos/nhl/svg/NYR_dark.svg,False,,1,REG,3,,,,,,,,,,,,,https://www.ticketmaster.com/event/3B0064F1B1E1446F?brand=nyrangers&artistid=805991&landing=s&wt.mc_id=NHL_TEAM_NYR_SCHEDULE_GM20&utm_source=NHL.com&utm_medium=client&utm_campaign=NHL_TEAM_NYR&utm_content=SCHEDULE_GM20&CAMEFROM=CFC_RANGERS_WEB_NYR_SCHED_260803,https://www.ticketmaster.com/event/3B0064F1B1E1446F?brand=nyrangers&artistid=805991&landing=s&wt.mc_id=NHL_TEAM_NYR_SCHEDULE_GM20&utm_source=NHL.com&utm_medium=client&utm_campaign=NHL_TEAM_NYR&utm_content=SCHEDULE_GM20&CAMEFROM=CFC_RANGERS_WEB_NYR_SCHED_260803,https://d2igy0yla8zi0u.cloudfront.net/NJD/20262027/NJD-radio.m3u8,https://d2igy0yla8zi0u.cloudfront.net/NYR/20262027/NYR-radio.m3u8,,,,,,,,,,,,,,,,
20252026,20262027,,America/New_York,2026020614,20262027,2,2026-12-27,False,2026-12-27T22:00:00Z,-05:00,-06:00,US/Central,FUT,OK,"[{'id': 549, 'market': 'N', 'countryCode': 'CA', 'network': 'SN+', 'sequenceNumber': 117}, {'id': 55, 'market': 'A', 'countryCode': 'US', 'network': 'MSG 2', 'sequenceNumber': 416}, {'id': 649, 'market': 'H', 'countryCode': 'US', 'network': 'STLNHL', 'sequenceNumber': 1}, {'id': 650, 'market': 'H', 'countryCode': 'US', 'network': 'BN+', 'sequenceNumber': 1}]",,,,/gamecenter/nyr-vs-stl/2026/12/27/2026020614,Enterprise Center,3,Rangers,New York,New York,de New York,NYR,https://assets.nhle.com/logos/nhl/svg/NYR_light.svg,https://assets.nhle.com/logos/nhl/svg/NYR_dark.svg,False,,19,Blues,St. Louis,St. Louis,de St. Louis,STL,https://assets.nhle.com/logos/nhl/svg/STL_light.svg,https://assets.nhle.com/logos/nhl/svg/STL_dark.svg,False,,1,REG,3,,,,,,,,,,,,,https://www.ticketmaster.com/event/060064EECE591C18?brand=blues&artistid=806025&wt.mc_id=NHL_TEAM_STL_SCHEDULE_GM21&utm_source=NHL.com&utm_medium=client&utm_campaign=NHL_TEAM_STL&utm_content=SCHEDULE_GM21,https://www.ticketmaster.com/event/060064EECE591C18?brand=blues&artistid=806025&wt.mc_id=NHL_TEAM_STL_SCHEDULE_GM21&utm_source=NHL.com&utm_medium=client&utm_campaign=NHL_TEAM_STL&utm_content=SCHEDULE_GM21,https://d2igy0yla8zi0u.cloudfront.net/NYR/20262027/NYR-radio.m3u8,https://d2igy0yla8zi0u.cloudfront.net/STL/20262027/STL-radio.m3u8,,,,,https://www.stlouisunionstation.com/hotel-packages,Stay at Union Station,,,,,,,,,,
20252026,20262027,,America/New_York,2026020629,20262027,2,2026-12-29,False,2026-12-30T00:00:00Z,-05:00,-05:00,America/New_York,FUT,OK,"[{'id': 27, 'market': 'H', 'countryCode': 'US', 'network': 'MSG', 'sequenceNumber': 417}, {'id': 645, 'market': 'A', 'countryCode': 'US', 'network': 'DSN', 'sequenceNumber': 1}]",,,,/gamecenter/det-vs-nyr/2026/12/29/2026020629,Madison Square Garden,17,Red Wings,Detroit,Detroit,de Detroit,DET,https://assets.nhle.com/logos/nhl/svg/DET_light.svg,https://assets.nhle.com/logos/nhl/svg/DET_dark.svg,False,,3,Rangers,New York,New York,de New York,NYR,https://assets.nhle.com/logos/nhl/svg/NYR_light.svg,https://assets.nhle.com/logos/nhl/svg/NYR_dark.svg,False,,1,REG,3,,,,,,,,,,,,,https://www.ticketmaster.com/event/3B0064F1B1E24472?brand=nyrangers&artistid=805991&landing=s&wt.mc_id=NHL_TEAM_NYR_SCHEDULE_GM21&utm_source=NHL.com&utm_medium=client&utm_campaign=NHL_TEAM_NYR&utm_content=SCHEDULE_GM21&CAMEFROM=CFC_RANGERS_WEB_NYR_SCHED_260803,https://www.ticketmaster.com/event/3B0064F1B1E24472?brand=nyrangers&artistid=805991&landing=s&wt.mc_id=NHL_TEAM_NYR_SCHEDULE_GM21&utm_source=NHL.com&utm_medium=client&utm_campaign=NHL_TEAM_NYR&utm_content=SCHEDULE_GM21&CAMEFROM=CFC_RANGERS_WEB_NYR_SCHED_260803,https://d2igy0yla8zi0u.cloudfront.net/DET/20262027/DET-radio.m3u8,https://d2igy0yla8zi0u.cloudfront.net/NYR/20262027/NYR-radio.m3u8,,,,,,,,,,,,,,,,
20252026,20262027,,America/New_York,2026020649,20262027,2,2026-12-31,False,2027-01-01T02:00:00Z,-05:00,-06:00,US/Central,FUT,OK,"[{'id': 282, 'market': 'N', 'countryCode': 'CA', 'network': 'SN', 'sequenceNumber': 21}, {'id': 409, 'market': 'A', 'countryCode': 'US', 'network': 'MSGSN', 'sequenceNumber': 411}, {'id': 652, 'market': 'H', 'countryCode': 'US', 'network': 'Prime Video', 'sequenceNumber': 117}, {'id': 23, 'market': 'H', 'countryCode': 'US', 'network': 'KDFI', 'sequenceNumber': 610}]",,,,/gamecenter/nyr-vs-dal/2026/12/31/2026020649,American Airlines Center,3,Rangers,New York,New York,de New York,NYR,https://assets.nhle.com/logos/nhl/svg/NYR_light.svg,https://assets.nhle.com/logos/nhl/svg/NYR_dark.svg,False,,25,Stars,Dallas,Dallas,de Dallas,DAL,https://assets.nhle.com/logos/nhl/svg/DAL_light.svg,https://assets.nhle.com/logos/nhl/svg/DAL_dark.svg,False,,1,REG,3,,,,,,,,,,,,,https://www.ticketmaster.com/event/0C0064EDD1AF9781?brand=dallas_stars&wt.mc_id=NHL_TEAM_DAL_SCHEDULE_GM21&utm_source=NHL.com&utm_medium=client&utm_campaign=NHL_TEAM_DAL&utm_content=SCHEDULE_GM21,https://www.ticketmaster.com/event/0C0064EDD1AF9781?brand=dallas_stars&wt.mc_id=NHL_TEAM_DAL_SCHEDULE_GM21&utm_source=NHL.com&utm_medium=client&utm_campaign=NHL_TEAM_DAL&utm_content=SCHEDULE_GM21,https://d2igy0yla8zi0u.cloudfront.net/NYR/20262027/NYR-radio.m3u8,https://d2igy0yla8zi0u.cloudfront.net/DAL/20262027/DAL-radio.m3u8,https://www.nhl.com/stars/tickets/promotional-schedule,View promotional schedule,https://www.aa.com/homePage.do?c=SPNS%7CDSP%7CSTR%7C2026%7CSCH%7C_STARS_2026_SCHEDULE_PAGE,Book flights with American Airlines,,,,,,,,,,,,
20252026,20262027,,America/New_York,2026020670,20262027,2,2027-01-03,False,2027-01-03T23:00:00Z,-05:00,-05:00,America/New_York,FUT,OK,"[{'id': 549, 'market': 'N', 'countryCode': 'CA', 'network': 'SN+', 'sequenceNumber': 117}, {'id': 281, 'market': 'N', 'countryCode': 'CA', 'network': 'TVAS', 'sequenceNumber': 120}, {'id': 27, 'market': 'H', 'countryCode': 'US', 'network': 'MSG', 'sequenceNumber': 417}, {'id': 647, 'market': 'A', 'countryCode': 'US', 'network': 'CBJNHL', 'sequenceNumber': 1}, {'id': 755, 'market': 'A', 'countryCode': 'US', 'network': 'CBJHN', 'sequenceNumber': 1}]",,,,/gamecenter/cbj-vs-nyr/2027/01/03/2026020670,Madison Square Garden,29,Blue Jackets,Columbus,Columbus,de Columbus,CBJ,https://assets.nhle.com/logos/nhl/svg/CBJ_light.svg,https://assets.nhle.com/logos/nhl/svg/CBJ_dark.svg,False,,3,Rangers,New York,New York,de New York,NYR,https://assets.nhle.com/logos/nhl/svg/NYR_light.svg,https://assets.nhle.com/logos/nhl/svg/NYR_dark.svg,False,,1,REG,3,,,,,,,,,,,,,https://www.ticketmaster.com/event/3B0064F1B1E34475?brand=nyrangers&artistid=805991&landing=s&wt.mc_id=NHL_TEAM_NYR_SCHEDULE_GM22&utm_source=NHL.com&utm_medium=client&utm_campaign=NHL_TEAM_NYR&utm_content=SCHEDULE_GM22&CAMEFROM=CFC_RANGERS_WEB_NYR_SCHED_260803,https://www.ticketmaster.com/event/3B0064F1B1E34475?brand=nyrangers&artistid=805991&landing=s&wt.mc_id=NHL_TEAM_NYR_SCHEDULE_GM22&utm_source=NHL.com&utm_medium=client&utm_campaign=NHL_TEAM_NYR&utm_content=SCHEDULE_GM22&CAMEFROM=CFC_RANGERS_WEB_NYR_SCHED_260803,https://d2igy0yla8zi0u.cloudfront.net/CBJ/20262027/CBJ-radio.m3u8,https://d2igy0yla8zi0u.cloudfront.net/NYR/20262027/NYR-radio.m3u8,,,,,,,,,,,,,,,,
20252026,20262027,,America/New_York,2026020682,20262027,2,2027-01-05,False,2027-01-06T00:00:00Z,-05:00,-05:00,US/Eastern,FUT,OK,"[{'id': 27, 'market': 'A', 'countryCode': 'US', 'network': 'MSG', 'sequenceNumber': 417}, {'id': 647, 'market': 'H', 'countryCode': 'US', 'network': 'CBJNHL', 'sequenceNumber': 1}, {'id': 755, 'market': 'H', 'countryCode': 'US', 'network': 'CBJHN', 'sequenceNumber': 1}]",,,,/gamecenter/nyr-vs-cbj/2027/01/05/2026020682,Nationwide Arena,3,Rangers,New York,New York,de New York,NYR,https://assets.nhle.com/logos/nhl/svg/NYR_light.svg,https://assets.nhle.com/logos/nhl/svg/NYR_dark.svg,False,,29,Blue Jackets,Columbus,Columbus,de Columbus,CBJ,https://assets.nhle.com/logos/nhl/svg/CBJ_light.svg,https://assets.nhle.com/logos/nhl/svg/CBJ_dark.svg,False,,1,REG,3,,,,,,,,,,,,,https://www.ticketmaster.com/event/050064EDDA7DD4B4?brand=bluejackets&artistid=805927&wt.mc_id=NHL_TEAM_CBJ_SCHEDULE_GM24&utm_source=web_schedule_club&utm_medium=NHL.com&utm_campaign=single_game_tickets&utm_content=SCHEDULE_GM24,https://www.ticketmaster.com/event/050064EDDA7DD4B4?brand=bluejackets&artistid=805927&wt.mc_id=NHL_TEAM_CBJ_SCHEDULE_GM24&utm_source=web_schedule_club&utm_medium=NHL.com&utm_campaign=single_game_tickets&utm_content=SCHEDULE_GM24,https://d2igy0yla8zi0u.cloudfront.net/NYR/20262027/NYR-radio.m3u8,https://d2igy0yla8zi0u.cloudfront.net/CBJ/20262027/CBJ-radio.m3u8,,,,,https://www.sonesta.com/sonesta-hotels-resorts/oh/columbus/sonesta-columbus-downtown?isGroupCode=false&promoCode=CBJPROMO,Stay at Sonesta Columbus Downtown,,,,,,,,,,
20252026,20262027,,America/New_York,2026020696,20262027,2,2027-01-07,False,2027-01-08T00:00:00Z,-05:00,-05:00,America/New_York,FUT,OK,"[{'id': 309, 'market': 'N', 'countryCode': 'US', 'network': 'ESPN', 'sequenceNumber': 10}, {'id': 549, 'market': 'N', 'countryCode': 'CA', 'network': 'SN+', 'sequenceNumber': 117}]",,,,/gamecenter/chi-vs-nyr/2027/01/07/2026020696,Madison Square Garden,16,Blackhawks,Chicago,Chicago,de Chicago,CHI,https://assets.nhle.com/logos/nhl/svg/CHI_light.svg,https://assets.nhle.com/logos/nhl/svg/CHI_dark.svg,False,,3,Rangers,New York,New York,de New York,NYR,https://assets.nhle.com/logos/nhl/svg/NYR_light.svg,https://assets.nhle.com/logos/nhl/svg/NYR_dark.svg,False,,1,REG,3,,,,,,,,,,,,,https://www.ticketmaster.com/event/3B0064F1B1E34479?brand=nyrangers&artistid=805991&landing=s&wt.mc_id=NHL_TEAM_NYR_SCHEDULE_GM23&utm_source=NHL.com&utm_medium=client&utm_campaign=NHL_TEAM_NYR&utm_content=SCHEDULE_GM23&CAMEFROM=CFC_RANGERS_WEB_NYR_SCHED_260803,https://www.ticketmaster.com/event/3B0064F1B1E34479?brand=nyrangers&artistid=805991&landing=s&wt.mc_id=NHL_TEAM_NYR_SCHEDULE_GM23&utm_source=NHL.com&utm_medium=client&utm_campaign=NHL_TEAM_NYR&utm_content=SCHEDULE_GM23&CAMEFROM=CFC_RANGERS_WEB_NYR_SCHED_260803,https://d2igy0yla8zi0u.cloudfront.net/CHI/20262027/CHI-radio.m3u8,https://d2igy0yla8zi0u.cloudfront.net/NYR/20262027/NYR-radio.m3u8,,,,,,,,,,,,,,,,
20252026,20262027,,America/New_York,2026020721,20262027,2,2027-01-09,False,2027-01-10T03:00:00Z,-05:00,-08:00,US/Pacific,FUT,OK,"[{'id': 27, 'market': 'A', 'countryCode': 'US', 'network': 'MSG', 'sequenceNumber': 417}, {'id': 314, 'market': 'H', 'countryCode': 'US', 'network': 'NBCSCA', 'sequenceNumber': 393}]",,,,/gamecenter/nyr-vs-sjs/2027/01/09/2026020721,SAP Center at San Jose,3,Rangers,New York,New York,de New York,NYR,https://assets.nhle.com/logos/nhl/svg/NYR_light.svg,https://assets.nhle.com/logos/nhl/svg/NYR_dark.svg,False,,28,Sharks,San Jose,San Jose,de San Jose,SJS,https://assets.nhle.com/logos/nhl/svg/SJS_light.svg,https://assets.nhle.com/logos/nhl/svg/SJS_dark.svg,False,,1,REG,3,,,,,,,,,,,,,https://www.ticketmaster.com/event/1C0064E79B409CD3?brand=sharks&artistid=806018&wt.mc_id=NHL_TEAM_SJS_SCHEDULE_GM25&utm_source=NHL.com&utm_medium=client&utm_campaign=NHL_TEAM_SJS&utm_content=SCHEDULE_GM25,https://www.ticketmaster.com/event/1C0064E79B409CD3?brand=sharks&artistid=806018&wt.mc_id=NHL_TEAM_SJS_SCHEDULE_GM25&utm_source=NHL.com&utm_medium=client&utm_campaign=NHL_TEAM_SJS&utm_content=SCHEDULE_GM25,https://d2igy0yla8zi0u.cloudfront.net/NYR/20262027/NYR-radio.m3u8,https://d2igy0yla8zi0u.cloudfront.net/SJS/20262027/SJS-radio.m3u8,https://teal.sjsharks.com/trk/GHmqc,First Responders Appreciation,,,https://teal.sjsharks.com/trk/ibdqc,Rest Easy at San Jose Marriott,SAP Center de San Jose,,,,,,,,SAP Center en San Jose,
20252026,20262027,,America/New_York,2026020727,20262027,2,2027-01-11,False,2027-01-12T03:00:00Z,-05:00,-08:00,America/Los_Angeles,FUT,OK,"[{'id': 549, 'market': 'N', 'countryCode': 'CA', 'network': 'SN+', 'sequenceNumber': 117}, {'id': 281, 'market': 'N', 'countryCode': 'CA', 'network': 'TVAS', 'sequenceNumber': 120}, {'id': 27, 'market': 'A', 'countryCode': 'US', 'network': 'MSG', 'sequenceNumber': 417}, {'id': 651, 'market': 'H', 'countryCode': 'US', 'network': 'ABTV ', 'sequenceNumber': 1}]",,,,/gamecenter/nyr-vs-lak/2027/01/11/2026020727,Crypto.com Arena,3,Rangers,New York,New York,de New York,NYR,https://assets.nhle.com/logos/nhl/svg/NYR_light.svg,https://assets.nhle.com/logos/nhl/svg/NYR_dark.svg,False,,26,Kings,Los Angeles,Los Angeles,de Los Angeles,LAK,https://assets.nhle.com/logos/nhl/svg/LAK_light.svg,https://assets.nhle.com/logos/nhl/svg/LAK_dark.svg,False,,1,REG,3,,,,,,,,,,,,,https://www.nhl.com/kings/tickets/single-game-tickets,https://www.nhl.com/kings/tickets/single-game-tickets,https://d2igy0yla8zi0u.cloudfront.net/NYR/20262027/NYR-radio.m3u8,https://d2igy0yla8zi0u.cloudfront.net/LAK/20262027/LAK-radio.m3u8,https://tix.axs.com/hIZzMgAAAACNNriTAgAAAAAq%2fv%2f%2f%2fwD%2f%2f%2f%2f%2fB2xha2luZ3MA%2f%2f%2f%2f%2f%2f%2f%2f%2f%2f8%3d?locale=en-US,Korean Heritage,,,,,,,,,,,,,,
20252026,20262027,,America/New_York,2026020737,20262027,2,2027-01-12,False,2027-01-13T03:00:00Z,-05:00,-08:00,America/Los_Angeles,FUT,OK,"[{'id': 27, 'market': 'A', 'countryCode': 'US', 'network': 'MSG', 'sequenceNumber': 417}, {'id': 652, 'market': 'H', 'countryCode': 'US', 'network': 'Prime Video', 'sequenceNumber': 117}, {'id': 219, 'market': 'H', 'countryCode': 'US', 'network': 'KCOP-13', 'sequenceNumber': 656}]",,,,/gamecenter/nyr-vs-ana/2027/01/12/2026020737,Honda Center,3,Rangers,New York,New York,de New York,NYR,https://assets.nhle.com/logos/nhl/svg/NYR_light.svg,https://assets.nhle.com/logos/nhl/svg/NYR_dark.svg,False,,24,Ducks,Anaheim,Anaheim,d'Anaheim,ANA,https://assets.nhle.com/logos/nhl/svg/ANA_light.svg,https://assets.nhle.com/logos/nhl/svg/ANA_dark.svg,False,,1,REG,3,,,,,,,,,,,,,https://www.ticketmaster.com/event/090064EA357F925C?brand=ducks&artistid=805893&wt.mc_id=NHL_TEAM_ANA_SCHEDULE_GM26&utm_source=NHL.com&utm_medium=client&utm_campaign=NHL_TEAM_ANA&utm_content=SCHEDULE_GM26,https://www.ticketmaster.com/event/090064EA357F925C?brand=ducks&artistid=805893&wt.mc_id=NHL_TEAM_ANA_SCHEDULE_GM26&utm_source=NHL.com&utm_medium=client&utm_campaign=NHL_TEAM_ANA&utm_content=SCHEDULE_GM26,https://d2igy0yla8zi0u.cloudfront.net/NYR/20262027/NYR-radio.m3u8,https://d2igy0yla8zi0u.cloudfront.net/ANA/20262027/ANA-radio.m3u8,,,,,,,,,,,,,,,,
20252026,20262027,,America/New_York,2026020758,20262027,2,2027-01-16,False,2027-01-16T17:00:00Z,-05:00,-05:00,America/New_York,FUT,OK,"[{'id': 384, 'market': 'N', 'countryCode': 'US', 'network': 'ABC', 'sequenceNumber': 1}, {'id': 282, 'market': 'N', 'countryCode': 'CA', 'network': 'SN', 'sequenceNumber': 107}, {'id': 281, 'market': 'N', 'countryCode': 'CA', 'network': 'TVAS', 'sequenceNumber': 120}]",,,,/gamecenter/bos-vs-nyr/2027/01/16/2026020758,Madison Square Garden,6,Bruins,Boston,Boston,de Boston,BOS,https://assets.nhle.com/logos/nhl/svg/BOS_light.svg,https://assets.nhle.com/logos/nhl/svg/BOS_dark.svg,False,,3,Rangers,New York,New York,de New York,NYR,https://assets.nhle.com/logos/nhl/svg/NYR_light.svg,https://assets.nhle.com/logos/nhl/svg/NYR_dark.svg,False,,1,REG,3,,,,,,,,,,,,,https://www.ticketmaster.com/event/3B0064F1B1E4447C?brand=nyrangers&artistid=805991&landing=s&wt.mc_id=NHL_TEAM_NYR_SCHEDULE_GM24&utm_source=NHL.com&utm_medium=client&utm_campaign=NHL_TEAM_NYR&utm_content=SCHEDULE_GM24&CAMEFROM=CFC_RANGERS_WEB_NYR_SCHED_260803,https://www.ticketmaster.com/event/3B0064F1B1E4447C?brand=nyrangers&artistid=805991&landing=s&wt.mc_id=NHL_TEAM_NYR_SCHEDULE_GM24&utm_source=NHL.com&utm_medium=client&utm_campaign=NHL_TEAM_NYR&utm_content=SCHEDULE_GM24&CAMEFROM=CFC_RANGERS_WEB_NYR_SCHED_260803,https://d2igy0yla8zi0u.cloudfront.net/BOS/20262027/BOS-radio.m3u8,https://d2igy0yla8zi0u.cloudfront.net/NYR/20262027/NYR-radio.m3u8,,,,,,,,,,,,,,,,
20252026,20262027,,America/New_York,2026020773,20262027,2,2027-01-17,False,2027-01-17T23:00:00Z,-05:00,-05:00,America/New_York,FUT,OK,"[{'id': 27, 'market': 'H', 'countryCode': 'US', 'network': 'MSG', 'sequenceNumber': 417}, {'id': 652, 'market': 'A', 'countryCode': 'US', 'network': 'Prime Video', 'sequenceNumber': 117}]",,,,/gamecenter/dal-vs-nyr/2027/01/17/2026020773,Madison Square Garden,25,Stars,Dallas,Dallas,de Dallas,DAL,https://assets.nhle.com/logos/nhl/svg/DAL_light.svg,https://assets.nhle.com/logos/nhl/svg/DAL_dark.svg,False,,3,Rangers,New York,New York,de New York,NYR,https://assets.nhle.com/logos/nhl/svg/NYR_light.svg,https://assets.nhle.com/logos/nhl/svg/NYR_dark.svg,False,,1,REG,3,,,,,,,,https://www.aa.com/homePage.do?c=SPNS%7CDSP%7CSTR%7C2026%7CSCH%7C_STARS_2026_SCHEDULE_PAGE,Book flights with American Airlines,,,,https://www.ticketmaster.com/event/3B0064F1B1E5447E?brand=nyrangers&artistid=805991&landing=s&wt.mc_id=NHL_TEAM_NYR_SCHEDULE_GM25&utm_source=NHL.com&utm_medium=client&utm_campaign=NHL_TEAM_NYR&utm_content=SCHEDULE_GM25&CAMEFROM=CFC_RANGERS_WEB_NYR_SCHED_260803,https://www.ticketmaster.com/event/3B0064F1B1E5447E?brand=nyrangers&artistid=805991&landing=s&wt.mc_id=NHL_TEAM_NYR_SCHEDULE_GM25&utm_source=NHL.com&utm_medium=client&utm_campaign=NHL_TEAM_NYR&utm_content=SCHEDULE_GM25&CAMEFROM=CFC_RANGERS_WEB_NYR_SCHED_260803,https://d2igy0yla8zi0u.cloudfront.net/DAL/20262027/DAL-radio.m3u8,https://d2igy0yla8zi0u.cloudfront.net/NYR/20262027/NYR-radio.m3u8,,,,,,,,,,,,,,,,
20252026,20262027,,America/New_York,2026020788,20262027,2,2027-01-19,False,2027-01-20T00:00:00Z,-05:00,-05:00,America/New_York,FUT,OK,"[{'id': 27, 'market': 'H', 'countryCode': 'US', 'network': 'MSG', 'sequenceNumber': 417}, {'id': 322, 'market': 'A', 'countryCode': 'US', 'network': 'NBCSP', 'sequenceNumber': 389}]",,,,/gamecenter/phi-vs-nyr/2027/01/19/2026020788,Madison Square Garden,4,Flyers,Philadelphia,Philadelphia,de Philadelphie,PHI,https://assets.nhle.com/logos/nhl/svg/PHI_light.svg,https://assets.nhle.com/logos/nhl/svg/PHI_dark.svg,False,,3,Rangers,New York,New York,de New York,NYR,https://assets.nhle.com/logos/nhl/svg/NYR_light.svg,https://assets.nhle.com/logos/nhl/svg/NYR_dark.svg,False,,1,REG,3,,,,,,,,,,,,,https://www.ticketmaster.com/event/3B0064F1B1E64480?brand=nyrangers&artistid=805991&landing=s&wt.mc_id=NHL_TEAM_NYR_SCHEDULE_GM26&utm_source=NHL.com&utm_medium=client&utm_campaign=NHL_TEAM_NYR&utm_content=SCHEDULE_GM26&CAMEFROM=CFC_RANGERS_WEB_NYR_SCHED_260803,https://www.ticketmaster.com/event/3B0064F1B1E64480?brand=nyrangers&artistid=805991&landing=s&wt.mc_id=NHL_TEAM_NYR_SCHEDULE_GM26&utm_source=NHL.com&utm_medium=client&utm_campaign=NHL_TEAM_NYR&utm_content=SCHEDULE_GM26&CAMEFROM=CFC_RANGERS_WEB_NYR_SCHED_260803,https://d2igy0yla8zi0u.cloudfront.net/PHI/20262027/PHI-radio.m3u8,https://d2igy0yla8zi0u.cloudfront.net/NYR/20262027/NYR-radio.m3u8,,,,,,,,,Philadelphie,,,,,,,
20252026,20262027,,America/New_York,2026020805,20262027,2,2027-01-21,False,2027-01-22T00:00:00Z,-05:00,-06:00,America/Winnipeg,FUT,OK,"[{'id': 27, 'market': 'A', 'countryCode': 'US', 'network': 'MSG', 'sequenceNumber': 417}, {'id': 292, 'market': 'H', 'countryCode': 'CA', 'network': 'TSN3', 'sequenceNumber': 134}]",,,,/gamecenter/nyr-vs-wpg/2027/01/21/2026020805,Canada Life Centre,3,Rangers,New York,New York,de New York,NYR,https://assets.nhle.com/logos/nhl/svg/NYR_light.svg,https://assets.nhle.com/logos/nhl/svg/NYR_dark.svg,False,,52,Jets,Winnipeg,Winnipeg,de Winnipeg,WPG,https://assets.nhle.com/logos/nhl/svg/WPG_light.svg,https://assets.nhle.com/logos/nhl/svg/WPG_dark.svg,False,,1,REG,3,,,,,,,,,,,,,https://www.ticketmaster.ca/event/11006505D08CAFB2?brand=winnipegjets&artistid=1613893&wt.mc_id=NHL_TEAM_WPG_SCHEDULE_GM25&utm_source=NHL.com&utm_medium=client_PM&utm_campaign=NHL_TEAM_WPG&utm_content=SCHEDULE_GM25,https://www.ticketmaster.ca/event/11006505D08CAFB2?brand=winnipegjets&artistid=1613893&wt.mc_id=NHL_TEAM_WPG_SCHEDULE_GM25&utm_source=NHL.com&utm_medium=client_PM&utm_campaign=NHL_TEAM_WPG&utm_content=SCHEDULE_GM25,https://d2igy0yla8zi0u.cloudfront.net/NYR/20262027/NYR-radio.m3u8,https://d2igy0yla8zi0u.cloudfront.net/WPG/20262027/WPG-radio.m3u8,,,,,,,,,,,,,,,,
20252026,20262027,,America/New_York,2026020821,20262027,2,2027-01-23,False,2027-01-24T01:00:00Z,-05:00,-06:00,US/Central,FUT,OK,"[{'id': 27, 'market': 'A', 'countryCode': 'US', 'network': 'MSG', 'sequenceNumber': 417}, {'id': 648, 'market': 'H', 'countryCode': 'US', 'network': 'MINNHL', 'sequenceNumber': 1}, {'id': 758, 'market': 'H', 'countryCode': 'US', 'network': 'Wild+', 'sequenceNumber': 1}]",,,,/gamecenter/nyr-vs-min/2027/01/23/2026020821,Grand Casino Arena,3,Rangers,New York,New York,de New York,NYR,https://assets.nhle.com/logos/nhl/svg/NYR_light.svg,https://assets.nhle.com/logos/nhl/svg/NYR_dark.svg,False,,30,Wild,Minnesota,Minnesota,du Minnesota,MIN,https://assets.nhle.com/logos/nhl/svg/MIN_light.svg,https://assets.nhle.com/logos/nhl/svg/MIN_dark.svg,False,,1,REG,3,,,,,,,,,,,,,https://mnwild.co/npnsl1p1,https://mnwild.co/npnsl1p1,https://d2igy0yla8zi0u.cloudfront.net/NYR/20262027/NYR-radio.m3u8,https://d2igy0yla8zi0u.cloudfront.net/MIN/20262027/MIN-radio.m3u8,,,,,,,,,,,,,,,,
20252026,20262027,,America/New_York,2026020831,20262027,2,2027-01-25,False,2027-01-26T00:00:00Z,-05:00,-05:00,America/New_York,FUT,OK,"[{'id': 27, 'market': 'H', 'countryCode': 'US', 'network': 'MSG', 'sequenceNumber': 417}, {'id': 652, 'market': 'A', 'countryCode': 'US', 'network': 'Prime Video', 'sequenceNumber': 117}, {'id': 387, 'market': 'A', 'countryCode': 'US', 'network': 'KING', 'sequenceNumber': 615}, {'id': 388, 'market': 'A', 'countryCode': 'US', 'network': 'KONG', 'sequenceNumber': 654}]",,,,/gamecenter/sea-vs-nyr/2027/01/25/2026020831,Madison Square Garden,55,Kraken,Seattle,Seattle,de Seattle,SEA,https://assets.nhle.com/logos/nhl/svg/SEA_light.svg,https://assets.nhle.com/logos/nhl/svg/SEA_dark.svg,False,,3,Rangers,New York,New York,de New York,NYR,https://assets.nhle.com/logos/nhl/svg/NYR_light.svg,https://assets.nhle.com/logos/nhl/svg/NYR_dark.svg,False,,1,REG,3,,,,,,,,,,,,,https://www.ticketmaster.com/event/3B0064F1B1E64484?brand=nyrangers&artistid=805991&landing=s&wt.mc_id=NHL_TEAM_NYR_SCHEDULE_GM27&utm_source=NHL.com&utm_medium=client&utm_campaign=NHL_TEAM_NYR&utm_content=SCHEDULE_GM27&CAMEFROM=CFC_RANGERS_WEB_NYR_SCHED_260803,https://www.ticketmaster.com/event/3B0064F1B1E64484?brand=nyrangers&artistid=805991&landing=s&wt.mc_id=NHL_TEAM_NYR_SCHEDULE_GM27&utm_source=NHL.com&utm_medium=client&utm_campaign=NHL_TEAM_NYR&utm_content=SCHEDULE_GM27&CAMEFROM=CFC_RANGERS_WEB_NYR_SCHED_260803,https://d2igy0yla8zi0u.cloudfront.net/SEA/20262027/SEA-radio.m3u8,https://d2igy0yla8zi0u.cloudfront.net/NYR/20262027/NYR-radio.m3u8,,,,,,,,,,,,,,,,
20252026,20262027,,America/New_York,2026020847,20262027,2,2027-01-27,False,2027-01-28T00:30:00Z,-05:00,-05:00,America/New_York,FUT,OK,"[{'id': 385, 'market': 'N', 'countryCode': 'US', 'network': 'TNT', 'sequenceNumber': 11}, {'id': 501, 'market': 'N', 'countryCode': 'US', 'network': 'truTV', 'sequenceNumber': 14}, {'id': 578, 'market': 'N', 'countryCode': 'US', 'network': 'HBO MAX', 'sequenceNumber': 19}, {'id': 27, 'market': 'H', 'countryCode': 'US', 'network': 'MSG', 'sequenceNumber': 417}]",,,,/gamecenter/fla-vs-nyr/2027/01/27/2026020847,Madison Square Garden,13,Panthers,Florida,Florida,de la Floride,FLA,https://assets.nhle.com/logos/nhl/svg/FLA_light.svg,https://assets.nhle.com/logos/nhl/svg/FLA_dark.svg,False,,3,Rangers,New York,New York,de New York,NYR,https://assets.nhle.com/logos/nhl/svg/NYR_light.svg,https://assets.nhle.com/logos/nhl/svg/NYR_dark.svg,False,,1,REG,3,,,,,,,,,,,,,https://www.ticketmaster.com/event/3B0064F1B1E74486?brand=nyrangers&artistid=805991&landing=s&wt.mc_id=NHL_TEAM_NYR_SCHEDULE_GM28&utm_source=NHL.com&utm_medium=client&utm_campaign=NHL_TEAM_NYR&utm_content=SCHEDULE_GM28&CAMEFROM=CFC_RANGERS_WEB_NYR_SCHED_260803,https://www.ticketmaster.com/event/3B0064F1B1E74486?brand=nyrangers&artistid=805991&landing=s&wt.mc_id=NHL_TEAM_NYR_SCHEDULE_GM28&utm_source=NHL.com&utm_medium=client&utm_campaign=NHL_TEAM_NYR&utm_content=SCHEDULE_GM28&CAMEFROM=CFC_RANGERS_WEB_NYR_SCHED_260803,https://d2igy0yla8zi0u.cloudfront.net/FLA/20262027/FLA-radio.m3u8,https://d2igy0yla8zi0u.cloudfront.net/NYR/20262027/NYR-radio.m3u8,,,,,,,,,Floride,,,,,,,
20252026,20262027,,America/New_York,2026020862,20262027,2,2027-01-29,False,2027-01-30T00:00:00Z,-05:00,-05:00,US/Eastern,FUT,OK,"[{'id': 282, 'market': 'N', 'countryCode': 'CA', 'network': 'SN', 'sequenceNumber': 21}, {'id': 281, 'market': 'N', 'countryCode': 'CA', 'network': 'TVAS', 'sequenceNumber': 120}, {'id': 27, 'market': 'A', 'countryCode': 'US', 'network': 'MSG', 'sequenceNumber': 417}, {'id': 528, 'market': 'H', 'countryCode': 'US', 'network': 'SN-PIT', 'sequenceNumber': 384}]",,,,/gamecenter/nyr-vs-pit/2027/01/29/2026020862,PPG Paints Arena,3,Rangers,New York,New York,de New York,NYR,https://assets.nhle.com/logos/nhl/svg/NYR_light.svg,https://assets.nhle.com/logos/nhl/svg/NYR_dark.svg,False,,5,Penguins,Pittsburgh,Pittsburgh,de Pittsburgh,PIT,https://assets.nhle.com/logos/nhl/svg/PIT_light.svg,https://assets.nhle.com/logos/nhl/svg/PIT_dark.svg,False,,1,REG,3,,,,,,,,,,,,,https://www.ticketmaster.com/event/160064EAF5D1B94C?brand=penguins&artistid=806005&wt.mc_id=NHL_TEAM_PIT_SCHEDULE_GM29&utm_source=NHL.com&utm_medium=client&utm_campaign=NHL_TEAM_PIT&utm_content=SCHEDULE_GM29&camefrom=NHLPENGUINS_WEB_SCHEDULE,https://www.ticketmaster.com/event/160064EAF5D1B94C?brand=penguins&artistid=806005&wt.mc_id=NHL_TEAM_PIT_SCHEDULE_GM29&utm_source=NHL.com&utm_medium=client&utm_campaign=NHL_TEAM_PIT&utm_content=SCHEDULE_GM29&camefrom=NHLPENGUINS_WEB_SCHEDULE,https://d2igy0yla8zi0u.cloudfront.net/NYR/20262027/NYR-radio.m3u8,https://d2igy0yla8zi0u.cloudfront.net/PIT/20262027/PIT-radio.m3u8,,,,,,,,,,,,,,,,
20252026,20262027,,America/New_York,2026020870,20262027,2,2027-01-30,False,2027-01-31T00:00:00Z,-05:00,-05:00,US/Eastern,FUT,OK,"[{'id': 284, 'market': 'N', 'countryCode': 'CA', 'network': 'SN1', 'sequenceNumber': 113}, {'id': 291, 'market': 'N', 'countryCode': 'CA', 'network': 'TVAS2', 'sequenceNumber': 121}, {'id': 27, 'market': 'A', 'countryCode': 'US', 'network': 'MSG', 'sequenceNumber': 417}]",,,,/gamecenter/nyr-vs-ott/2027/01/30/2026020870,Canadian Tire Centre,3,Rangers,New York,New York,de New York,NYR,https://assets.nhle.com/logos/nhl/svg/NYR_light.svg,https://assets.nhle.com/logos/nhl/svg/NYR_dark.svg,False,,9,Senators,Ottawa,Ottawa,d'Ottawa,OTT,https://assets.nhle.com/logos/nhl/svg/OTT_light.svg,https://assets.nhle.com/logos/nhl/svg/OTT_dark.svg,False,,1,REG,3,,,,,,,,,,,,,https://www.ticketmaster.ca/event/31006507E6822834?brand=ottawasenators&artistid=805997&landing=s&wt.mc_id=NHL_TEAM_OTT_SGT_PG_GM27&,https://www.nhl.com/fr/senators/tickets/,https://d2igy0yla8zi0u.cloudfront.net/NYR/20262027/NYR-radio.m3u8,https://d2igy0yla8zi0u.cloudfront.net/OTT/20262027/OTT-radio.m3u8,,,https://www.aircanada.com/home/ca/en/aco/flights,Air  Canada Flights,https://www.brookstreethotel.com/,Hotel,Centre Canadian Tire,Sénateurs,,,,,,,,
20252026,20262027,,America/New_York,2026020889,20262027,2,2027-02-03,False,2027-02-04T00:30:00Z,-05:00,-05:00,America/New_York,FUT,OK,"[{'id': 548, 'market': 'N', 'countryCode': 'CA', 'network': 'Prime', 'sequenceNumber': 116}, {'id': 55, 'market': 'H', 'countryCode': 'US', 'network': 'MSG 2', 'sequenceNumber': 416}]",,,,/gamecenter/wpg-vs-nyr/2027/02/03/2026020889,Madison Square Garden,52,Jets,Winnipeg,Winnipeg,de Winnipeg,WPG,https://assets.nhle.com/logos/nhl/svg/WPG_light.svg,https://assets.nhle.com/logos/nhl/svg/WPG_dark.svg,False,,3,Rangers,New York,New York,de New York,NYR,https://assets.nhle.com/logos/nhl/svg/NYR_light.svg,https://assets.nhle.com/logos/nhl/svg/NYR_dark.svg,False,,1,REG,3,,,,,,,,,,,,,https://www.ticketmaster.com/event/3B0064F1B1E84488?brand=nyrangers&artistid=805991&landing=s&wt.mc_id=NHL_TEAM_NYR_SCHEDULE_GM29&utm_source=NHL.com&utm_medium=client&utm_campaign=NHL_TEAM_NYR&utm_content=SCHEDULE_GM29&CAMEFROM=CFC_RANGERS_WEB_NYR_SCHED_260803,https://www.ticketmaster.com/event/3B0064F1B1E84488?brand=nyrangers&artistid=805991&landing=s&wt.mc_id=NHL_TEAM_NYR_SCHEDULE_GM29&utm_source=NHL.com&utm_medium=client&utm_campaign=NHL_TEAM_NYR&utm_content=SCHEDULE_GM29&CAMEFROM=CFC_RANGERS_WEB_NYR_SCHED_260803,https://d2igy0yla8zi0u.cloudfront.net/WPG/20262027/WPG-radio.m3u8,https://d2igy0yla8zi0u.cloudfront.net/NYR/20262027/NYR-radio.m3u8,,,,,,,,,,,,,,,,
20252026,20262027,,America/New_York,2026020909,20262027,2,2027-02-12,False,2027-02-13T00:00:00Z,-05:00,-05:00,America/New_York,FUT,OK,"[{'id': 27, 'market': 'H', 'countryCode': 'US', 'network': 'MSG', 'sequenceNumber': 417}, {'id': 409, 'market': 'A', 'countryCode': 'US', 'network': 'MSGSN', 'sequenceNumber': 411}]",,,,/gamecenter/nyi-vs-nyr/2027/02/12/2026020909,Madison Square Garden,2,Islanders,New York,New York,de New York,NYI,https://assets.nhle.com/logos/nhl/svg/NYI_light.svg,https://assets.nhle.com/logos/nhl/svg/NYI_dark.svg,False,,3,Rangers,New York,New York,de New York,NYR,https://assets.nhle.com/logos/nhl/svg/NYR_light.svg,https://assets.nhle.com/logos/nhl/svg/NYR_dark.svg,False,,1,REG,3,,,,,,,,https://www.jetblue.com/?utm_source=nyi_website&utm_medium=schedulepage&utm_campaign=nyi_belmontdepositcampaign&utm_content=jetblueicon,Fly JetBlue,,,,https://www.ticketmaster.com/event/3B0064F1B1E9448A?brand=nyrangers&artistid=805991&landing=s&wt.mc_id=NHL_TEAM_NYR_SCHEDULE_GM30&utm_source=NHL.com&utm_medium=client&utm_campaign=NHL_TEAM_NYR&utm_content=SCHEDULE_GM30&CAMEFROM=CFC_RANGERS_WEB_NYR_SCHED_260803,https://www.ticketmaster.com/event/3B0064F1B1E9448A?brand=nyrangers&artistid=805991&landing=s&wt.mc_id=NHL_TEAM_NYR_SCHEDULE_GM30&utm_source=NHL.com&utm_medium=client&utm_campaign=NHL_TEAM_NYR&utm_content=SCHEDULE_GM30&CAMEFROM=CFC_RANGERS_WEB_NYR_SCHED_260803,https://d2igy0yla8zi0u.cloudfront.net/NYI/20262027/NYI-radio.m3u8,https://d2igy0yla8zi0u.cloudfront.net/NYR/20262027/NYR-radio.m3u8,,,,,,,,,,,,,,,,
20252026,20262027,,America/New_York,2026020927,20262027,2,2027-02-14,False,2027-02-14T18:00:00Z,-05:00,-05:00,America/Montreal,FUT,OK,"[{'id': 27, 'market': 'A', 'countryCode': 'US', 'network': 'MSG', 'sequenceNumber': 417}, {'id': 131, 'market': 'H', 'countryCode': 'CA', 'network': 'TSN2', 'sequenceNumber': 112}, {'id': 33, 'market': 'H', 'countryCode': 'CA', 'network': 'RDS', 'sequenceNumber': 145}]",,,,/gamecenter/nyr-vs-mtl/2027/02/14/2026020927,Centre Bell,3,Rangers,New York,New York,de New York,NYR,https://assets.nhle.com/logos/nhl/svg/NYR_light.svg,https://assets.nhle.com/logos/nhl/svg/NYR_dark.svg,False,,8,Canadiens,Montréal,Montréal,de Montréal,MTL,https://assets.nhle.com/logos/nhl/svg/MTL_light.svg,https://assets.nhle.com/logos/nhl/svg/MTL_dark.svg,False,,1,REG,3,,,,,,,,,,,,,https://www.ticketmaster.ca/event/310064FACA638664?lang=en-ca&brand=canadiens&artistid=805975&wt.mc_id=NHL_TEAM_MTL_SCHEDULE_GM31&utm_source=NHL.com&utm_medium=client&utm_campaign=NHL_TEAM_MTL&utm_content=SCHEDULE_GM31,https://www.ticketmaster.ca/event/310064FACA638664?lang=fr-ca&brand=canadiens&artistid=805975&wt.mc_id=NHL_TEAM_MTL_SCHEDULE_GM31&utm_source=NHL.com&utm_medium=client&utm_campaign=NHL_TEAM_MTL&utm_content=SCHEDULE_GM31,https://d2igy0yla8zi0u.cloudfront.net/NYR/20262027/NYR-radio.m3u8,https://d2igy0yla8zi0u.cloudfront.net/MTL/20262027/MTL-radio.m3u8,,,,,,,,,,,,,,,,
20252026,20262027,,America/New_York,2026020931,20262027,2,2027-02-15,False,2027-02-15T23:00:00Z,-05:00,-05:00,America/New_York,FUT,OK,"[{'id': 409, 'market': 'H', 'countryCode': 'US', 'network': 'MSGSN', 'sequenceNumber': 411}, {'id': 28, 'market': 'A', 'countryCode': 'US', 'network': 'MSG-B', 'sequenceNumber': 392}]",,,,/gamecenter/buf-vs-nyr/2027/02/15/2026020931,Madison Square Garden,7,Sabres,Buffalo,Buffalo,de Buffalo,BUF,https://assets.nhle.com/logos/nhl/svg/BUF_light.svg,https://assets.nhle.com/logos/nhl/svg/BUF_dark.svg,False,,3,Rangers,New York,New York,de New York,NYR,https://assets.nhle.com/logos/nhl/svg/NYR_light.svg,https://assets.nhle.com/logos/nhl/svg/NYR_dark.svg,False,,1,REG,3,,,,,,,,,,,,,https://www.ticketmaster.com/event/3B0064F1B1E9448D?brand=nyrangers&artistid=805991&landing=s&wt.mc_id=NHL_TEAM_NYR_SCHEDULE_GM31&utm_source=NHL.com&utm_medium=client&utm_campaign=NHL_TEAM_NYR&utm_content=SCHEDULE_GM31&CAMEFROM=CFC_RANGERS_WEB_NYR_SCHED_260803,https://www.ticketmaster.com/event/3B0064F1B1E9448D?brand=nyrangers&artistid=805991&landing=s&wt.mc_id=NHL_TEAM_NYR_SCHEDULE_GM31&utm_source=NHL.com&utm_medium=client&utm_campaign=NHL_TEAM_NYR&utm_content=SCHEDULE_GM31&CAMEFROM=CFC_RANGERS_WEB_NYR_SCHED_260803,https://d2igy0yla8zi0u.cloudfront.net/BUF/20262027/BUF-radio.m3u8,https://d2igy0yla8zi0u.cloudfront.net/NYR/20262027/NYR-radio.m3u8,,,,,,,,,,,,,,,,
20252026,20262027,,America/New_York,2026020955,20262027,2,2027-02-18,False,2027-02-19T00:00:00Z,-05:00,-05:00,America/New_York,FUT,OK,"[{'id': 27, 'market': 'A', 'countryCode': 'US', 'network': 'MSG', 'sequenceNumber': 417}, {'id': 410, 'market': 'H', 'countryCode': 'US', 'network': 'MSGSN2', 'sequenceNumber': 406}]",,,,/gamecenter/nyr-vs-nyi/2027/02/18/2026020955,UBS Arena,3,Rangers,New York,New York,de New York,NYR,https://assets.nhle.com/logos/nhl/svg/NYR_light.svg,https://assets.nhle.com/logos/nhl/svg/NYR_dark.svg,False,,2,Islanders,New York,New York,de New York,NYI,https://assets.nhle.com/logos/nhl/svg/NYI_light.svg,https://assets.nhle.com/logos/nhl/svg/NYI_dark.svg,False,,1,REG,3,,,,,,,,,,,,,https://www.ticketmaster.com/event/300064E2D2E56278?brand=nyislanders&artistid=805986&wt.mc_id=NHL_TEAM_NYI_SCHEDULE_GM29&utm_source=nyi_website&utm_medium=schedulepage&utm_campaign=NHL_TEAM_NYI&utm_content=SCHEDULE_GM29,https://www.ticketmaster.com/event/300064E2D2E56278?brand=nyislanders&artistid=805986&wt.mc_id=NHL_TEAM_NYI_SCHEDULE_GM29&utm_source=nyi_website&utm_medium=schedulepage&utm_campaign=NHL_TEAM_NYI&utm_content=SCHEDULE_GM29,https://d2igy0yla8zi0u.cloudfront.net/NYR/20262027/NYR-radio.m3u8,https://d2igy0yla8zi0u.cloudfront.net/NYI/20262027/NYI-radio.m3u8,,,,,,,,,,,,,,,,
20252026,20262027,,America/New_York,2026020967,20262027,2,2027-02-20,False,2027-02-20T17:30:00Z,-05:00,-05:00,US/Eastern,FUT,OK,"[{'id': 384, 'market': 'N', 'countryCode': 'US', 'network': 'ABC', 'sequenceNumber': 1}, {'id': 282, 'market': 'N', 'countryCode': 'CA', 'network': 'SN', 'sequenceNumber': 107}]",,,,/gamecenter/nyr-vs-phi/2027/02/20/2026020967,Xfinity Mobile Arena,3,Rangers,New York,New York,de New York,NYR,https://assets.nhle.com/logos/nhl/svg/NYR_light.svg,https://assets.nhle.com/logos/nhl/svg/NYR_dark.svg,False,,4,Flyers,Philadelphia,Philadelphia,de Philadelphie,PHI,https://assets.nhle.com/logos/nhl/svg/PHI_light.svg,https://assets.nhle.com/logos/nhl/svg/PHI_dark.svg,False,,1,REG,3,,,,,,,,,,,,,https://www.ticketmaster.com/event/300064EEEE45E0A0?brand=flyers&artistid=806000&wt.mc_id=NHL_TEAM_PHI_SCHEDULE_GM31&utm_source=NHL.com&utm_medium=client&utm_campaign=NHL_TEAM_PHI&utm_content=SCHEDULE_GM31,https://www.ticketmaster.com/event/300064EEEE45E0A0?brand=flyers&artistid=806000&wt.mc_id=NHL_TEAM_PHI_SCHEDULE_GM31&utm_source=NHL.com&utm_medium=client&utm_campaign=NHL_TEAM_PHI&utm_content=SCHEDULE_GM31,https://d2igy0yla8zi0u.cloudfront.net/NYR/20262027/NYR-radio.m3u8,https://d2igy0yla8zi0u.cloudfront.net/PHI/20262027/PHI-radio.m3u8,,,,,,,,,,,,,,Philadelphie,,
20252026,20262027,,America/New_York,2026020977,20262027,2,2027-02-21,False,2027-02-21T18:00:00Z,-05:00,-05:00,US/Eastern,FUT,OK,"[{'id': 385, 'market': 'N', 'countryCode': 'US', 'network': 'TNT', 'sequenceNumber': 11}, {'id': 501, 'market': 'N', 'countryCode': 'US', 'network': 'truTV', 'sequenceNumber': 14}, {'id': 578, 'market': 'N', 'countryCode': 'US', 'network': 'HBO MAX', 'sequenceNumber': 19}, {'id': 282, 'market': 'N', 'countryCode': 'CA', 'network': 'SN', 'sequenceNumber': 107}]",,,,/gamecenter/nyr-vs-car/2027/02/21/2026020977,Lenovo Center,3,Rangers,New York,New York,de New York,NYR,https://assets.nhle.com/logos/nhl/svg/NYR_light.svg,https://assets.nhle.com/logos/nhl/svg/NYR_dark.svg,False,,12,Hurricanes,Carolina,Carolina,de la Caroline,CAR,https://assets.nhle.com/logos/nhl/svg/CAR_light.svg,https://assets.nhle.com/logos/nhl/svg/CAR_dark.svg,False,,1,REG,3,,,,,,,,,,,,,https://www.ticketmaster.com/event/2D0064F4BD1AD05D?brand=carolinahurricanes&artistid=805908&wt.mc_id=NHL_TEAM_CAR_SCHEDULE_GM31&utm_source=NHL.com&utm_medium=client&utm_campaign=NHL_TEAM_CAR&utm_content=SCHEDULE_GM31,https://www.ticketmaster.com/event/2D0064F4BD1AD05D?brand=carolinahurricanes&artistid=805908&wt.mc_id=NHL_TEAM_CAR_SCHEDULE_GM31&utm_source=NHL.com&utm_medium=client&utm_campaign=NHL_TEAM_CAR&utm_content=SCHEDULE_GM31,https://d2igy0yla8zi0u.cloudfront.net/NYR/20262027/NYR-radio.m3u8,https://d2igy0yla8zi0u.cloudfront.net/CAR/20262027/CAR-radio.m3u8,,,,,,,,,,,,,,Caroline,,
20252026,20262027,,America/New_York,2026020994,20262027,2,2027-02-23,False,2027-02-24T00:00:00Z,-05:00,-05:00,US/Eastern,FUT,OK,"[{'id': 27, 'market': 'A', 'countryCode': 'US', 'network': 'MSG', 'sequenceNumber': 417}, {'id': 517, 'market': 'H', 'countryCode': 'US', 'network': 'MNMT', 'sequenceNumber': 396}]",,,,/gamecenter/nyr-vs-wsh/2027/02/23/2026020994,Capital One Arena,3,Rangers,New York,New York,de New York,NYR,https://assets.nhle.com/logos/nhl/svg/NYR_light.svg,https://assets.nhle.com/logos/nhl/svg/NYR_dark.svg,False,,15,Capitals,Washington,Washington,de Washington,WSH,https://assets.nhle.com/logos/nhl/svg/WSH_secondary_light.svg,https://assets.nhle.com/logos/nhl/svg/WSH_secondary_dark.svg,False,,1,REG,3,,,,,,,,,,,,,https://www.ticketmaster.com/event/150064F037A4E844?brand=capitals&artistid=806039&wt.mc_id=NHL_TEAM_WSH_SCHEDULE_GM33&utm_source=club_schedule&utm_medium=web_organic&utm_campaign=2627sgb_cb0223nr,https://www.ticketmaster.com/event/150064F037A4E844?brand=capitals&artistid=806039&wt.mc_id=NHL_TEAM_WSH_SCHEDULE_GM33&utm_source=club_schedule&utm_medium=web_organic&utm_campaign=2627sgb_cb0223nr,https://d2igy0yla8zi0u.cloudfront.net/NYR/20262027/NYR-radio.m3u8,https://d2igy0yla8zi0u.cloudfront.net/WSH/20262027/WSH-radio.m3u8,,,https://www.united.com/en/us?utm_source=washcaps_schedulepage&utm_medium=web_organic&utm_campaign=2627_washcaps&utm_content=united,Fly with United Arlines,,,,,,,,,,,,
20252026,20262027,,America/New_York,2026021014,20262027,2,2027-02-26,False,2027-02-27T00:00:00Z,-05:00,-05:00,America/New_York,FUT,OK,"[{'id': 27, 'market': 'H', 'countryCode': 'US', 'network': 'MSG', 'sequenceNumber': 417}, {'id': 517, 'market': 'A', 'countryCode': 'US', 'network': 'MNMT', 'sequenceNumber': 396}]",,,,/gamecenter/wsh-vs-nyr/2027/02/26/2026021014,Madison Square Garden,15,Capitals,Washington,Washington,de Washington,WSH,https://assets.nhle.com/logos/nhl/svg/WSH_secondary_light.svg,https://assets.nhle.com/logos/nhl/svg/WSH_secondary_dark.svg,False,,3,Rangers,New York,New York,de New York,NYR,https://assets.nhle.com/logos/nhl/svg/NYR_light.svg,https://assets.nhle.com/logos/nhl/svg/NYR_dark.svg,False,,1,REG,3,,,,,,,,https://www.united.com/en/us?utm_source=washcaps_schedulepage&utm_medium=web_organic&utm_campaign=2627_washcaps&utm_content=united,Fly with United Airlines,,,,https://www.ticketmaster.com/event/3B0064F1B1EA4490?brand=nyrangers&artistid=805991&landing=s&wt.mc_id=NHL_TEAM_NYR_SCHEDULE_GM32&utm_source=NHL.com&utm_medium=client&utm_campaign=NHL_TEAM_NYR&utm_content=SCHEDULE_GM32&CAMEFROM=CFC_RANGERS_WEB_NYR_SCHED_260803,https://www.ticketmaster.com/event/3B0064F1B1EA4490?brand=nyrangers&artistid=805991&landing=s&wt.mc_id=NHL_TEAM_NYR_SCHEDULE_GM32&utm_source=NHL.com&utm_medium=client&utm_campaign=NHL_TEAM_NYR&utm_content=SCHEDULE_GM32&CAMEFROM=CFC_RANGERS_WEB_NYR_SCHED_260803,https://d2igy0yla8zi0u.cloudfront.net/WSH/20262027/WSH-radio.m3u8,https://d2igy0yla8zi0u.cloudfront.net/NYR/20262027/NYR-radio.m3u8,,,,,,,,,,,,,,,,
20252026,20262027,,America/New_York,2026021031,20262027,2,2027-02-28,False,2027-02-28T18:00:00Z,-05:00,-05:00,US/Eastern,FUT,OK,"[{'id': 385, 'market': 'N', 'countryCode': 'US', 'network': 'TNT', 'sequenceNumber': 11}, {'id': 578, 'market': 'N', 'countryCode': 'US', 'network': 'HBO MAX', 'sequenceNumber': 19}, {'id': 282, 'market': 'N', 'countryCode': 'CA', 'network': 'SN', 'sequenceNumber': 107}, {'id': 281, 'market': 'N', 'countryCode': 'CA', 'network': 'TVAS', 'sequenceNumber': 120}]",,,,/gamecenter/nyr-vs-pit/2027/02/28/2026021031,PPG Paints Arena,3,Rangers,New York,New York,de New York,NYR,https://assets.nhle.com/logos/nhl/svg/NYR_light.svg,https://assets.nhle.com/logos/nhl/svg/NYR_dark.svg,False,,5,Penguins,Pittsburgh,Pittsburgh,de Pittsburgh,PIT,https://assets.nhle.com/logos/nhl/svg/PIT_light.svg,https://assets.nhle.com/logos/nhl/svg/PIT_dark.svg,False,,1,REG,3,,,,,,,,,,,,,https://www.ticketmaster.com/event/160064EAF542B84F?brand=penguins&artistid=806005&wt.mc_id=NHL_TEAM_PIT_SCHEDULE_GM33&utm_source=NHL.com&utm_medium=client&utm_campaign=NHL_TEAM_PIT&utm_content=SCHEDULE_GM33&camefrom=NHLPENGUINS_WEB_SCHEDULE,https://www.ticketmaster.com/event/160064EAF542B84F?brand=penguins&artistid=806005&wt.mc_id=NHL_TEAM_PIT_SCHEDULE_GM33&utm_source=NHL.com&utm_medium=client&utm_campaign=NHL_TEAM_PIT&utm_content=SCHEDULE_GM33&camefrom=NHLPENGUINS_WEB_SCHEDULE,https://d2igy0yla8zi0u.cloudfront.net/NYR/20262027/NYR-radio.m3u8,https://d2igy0yla8zi0u.cloudfront.net/PIT/20262027/PIT-radio.m3u8,https://www.nhl.com/penguins/tickets/promotional-schedule,"Evgeni Malkin Coffee Table Book | Presented by Highmark | First 7,500 Fans",,,,,,,,,,,,,,
20252026,20262027,,America/New_York,2026021049,20262027,2,2027-03-03,False,2027-03-04T00:00:00Z,-05:00,-05:00,America/New_York,FUT,OK,"[{'id': 27, 'market': 'H', 'countryCode': 'US', 'network': 'MSG', 'sequenceNumber': 417}, {'id': 31, 'market': 'A', 'countryCode': 'US', 'network': 'NESN', 'sequenceNumber': 405}]",,,,/gamecenter/bos-vs-nyr/2027/03/03/2026021049,Madison Square Garden,6,Bruins,Boston,Boston,de Boston,BOS,https://assets.nhle.com/logos/nhl/svg/BOS_light.svg,https://assets.nhle.com/logos/nhl/svg/BOS_dark.svg,False,,3,Rangers,New York,New York,de New York,NYR,https://assets.nhle.com/logos/nhl/svg/NYR_light.svg,https://assets.nhle.com/logos/nhl/svg/NYR_dark.svg,False,,1,REG,3,,,,,,,,,,,,,https://www.ticketmaster.com/event/3B0064F1B1EB4492?brand=nyrangers&artistid=805991&landing=s&wt.mc_id=NHL_TEAM_NYR_SCHEDULE_GM33&utm_source=NHL.com&utm_medium=client&utm_campaign=NHL_TEAM_NYR&utm_content=SCHEDULE_GM33&CAMEFROM=CFC_RANGERS_WEB_NYR_SCHED_260803,https://www.ticketmaster.com/event/3B0064F1B1EB4492?brand=nyrangers&artistid=805991&landing=s&wt.mc_id=NHL_TEAM_NYR_SCHEDULE_GM33&utm_source=NHL.com&utm_medium=client&utm_campaign=NHL_TEAM_NYR&utm_content=SCHEDULE_GM33&CAMEFROM=CFC_RANGERS_WEB_NYR_SCHED_260803,https://d2igy0yla8zi0u.cloudfront.net/BOS/20262027/BOS-radio.m3u8,https://d2igy0yla8zi0u.cloudfront.net/NYR/20262027/NYR-radio.m3u8,,,,,,,,,,,,,,,,
20252026,20262027,,America/New_York,2026021072,20262027,2,2027-03-06,False,2027-03-06T20:00:00Z,-05:00,-05:00,America/New_York,FUT,OK,"[{'id': 384, 'market': 'N', 'countryCode': 'US', 'network': 'ABC', 'sequenceNumber': 1}]",,,,/gamecenter/nyr-vs-buf/2027/03/06/2026021072,KeyBank Center,3,Rangers,New York,New York,de New York,NYR,https://assets.nhle.com/logos/nhl/svg/NYR_light.svg,https://assets.nhle.com/logos/nhl/svg/NYR_dark.svg,False,,7,Sabres,Buffalo,Buffalo,de Buffalo,BUF,https://assets.nhle.com/logos/nhl/svg/BUF_light.svg,https://assets.nhle.com/logos/nhl/svg/BUF_dark.svg,False,,1,REG,3,,,,,,,,,,,,,https://www.ticketmaster.com/event/000064EFCACF7E29?brand=sabres&artistid=805906&wt.mc_id=NHL_TEAM_BUF_SCHEDULE_GM33&utm_source=NHL.com&utm_medium=client&utm_campaign=NHL_TEAM_BUF&utm_content=SCHEDULE_GM33,https://www.ticketmaster.com/event/000064EFCACF7E29?brand=sabres&artistid=805906&wt.mc_id=NHL_TEAM_BUF_SCHEDULE_GM33&utm_source=NHL.com&utm_medium=client&utm_campaign=NHL_TEAM_BUF&utm_content=SCHEDULE_GM33,https://d2igy0yla8zi0u.cloudfront.net/NYR/20262027/NYR-radio.m3u8,https://d2igy0yla8zi0u.cloudfront.net/BUF/20262027/BUF-radio.m3u8,https://www.nhl.com/sabres/tickets/theme-nights,Kids Takeover,,,,,,,,,,,,,,
20252026,20262027,,America/New_York,2026021086,20262027,2,2027-03-07,False,2027-03-08T00:00:00Z,-05:00,-05:00,America/New_York,FUT,OK,"[{'id': 309, 'market': 'N', 'countryCode': 'US', 'network': 'ESPN', 'sequenceNumber': 10}, {'id': 282, 'market': 'N', 'countryCode': 'CA', 'network': 'SN', 'sequenceNumber': 107}]",,,,/gamecenter/vgk-vs-nyr/2027/03/07/2026021086,Madison Square Garden,54,Golden Knights,Vegas,Vegas,de Vegas,VGK,https://assets.nhle.com/logos/nhl/svg/VGK_light.svg,https://assets.nhle.com/logos/nhl/svg/VGK_dark.svg,False,,3,Rangers,New York,New York,de New York,NYR,https://assets.nhle.com/logos/nhl/svg/NYR_light.svg,https://assets.nhle.com/logos/nhl/svg/NYR_dark.svg,False,,1,REG,3,,,,,,,,,,,,,https://www.ticketmaster.com/event/3B0064F1B1EB4494?brand=nyrangers&artistid=805991&landing=s&wt.mc_id=NHL_TEAM_NYR_SCHEDULE_GM34&utm_source=NHL.com&utm_medium=client&utm_campaign=NHL_TEAM_NYR&utm_content=SCHEDULE_GM34&CAMEFROM=CFC_RANGERS_WEB_NYR_SCHED_260803,https://www.ticketmaster.com/event/3B0064F1B1EB4494?brand=nyrangers&artistid=805991&landing=s&wt.mc_id=NHL_TEAM_NYR_SCHEDULE_GM34&utm_source=NHL.com&utm_medium=client&utm_campaign=NHL_TEAM_NYR&utm_content=SCHEDULE_GM34&CAMEFROM=CFC_RANGERS_WEB_NYR_SCHED_260803,https://d2igy0yla8zi0u.cloudfront.net/VGK/20262027/VGK-radio.m3u8,https://d2igy0yla8zi0u.cloudfront.net/NYR/20262027/NYR-radio.m3u8,,,,,,,,,,,,,,,,
20252026,20262027,,America/New_York,2026021102,20262027,2,2027-03-09,False,2027-03-10T02:00:00Z,-05:00,-07:00,America/Denver,FUT,OK,"[{'id': 27, 'market': 'A', 'countryCode': 'US', 'network': 'MSG', 'sequenceNumber': 417}, {'id': 558, 'market': 'H', 'countryCode': 'US', 'network': 'Utah16', 'sequenceNumber': 381}]",,,,/gamecenter/nyr-vs-uta/2027/03/09/2026021102,Delta Center,3,Rangers,New York,New York,de New York,NYR,https://assets.nhle.com/logos/nhl/svg/NYR_light.svg,https://assets.nhle.com/logos/nhl/svg/NYR_dark.svg,False,,68,Mammoth,Utah,Utah,de l'Utah,UTA,https://assets.nhle.com/logos/nhl/svg/UTA_light.svg,https://assets.nhle.com/logos/nhl/svg/UTA_dark.svg,False,,1,REG,3,,,,,,,,,,,,,https://seatgeek.com/utah-mammoth-tickets/8-10-2026-salt-lake-city-utah-delta-center-1/nhl/18242316?wid=club-web-schedule,https://seatgeek.com/utah-mammoth-tickets/8-10-2026-salt-lake-city-utah-delta-center-1/nhl/18242316?wid=club-web-schedule,https://d2igy0yla8zi0u.cloudfront.net/NYR/20262027/NYR-radio.m3u8,https://d2igy0yla8zi0u.cloudfront.net/UTA/20262027/UTA-radio.m3u8,,,,,,,,,,,,,,,,
20252026,20262027,,America/New_York,2026021114,20262027,2,2027-03-11,False,2027-03-12T02:00:00Z,-05:00,-07:00,America/Denver,FUT,OK,"[{'id': 281, 'market': 'N', 'countryCode': 'CA', 'network': 'TVAS', 'sequenceNumber': 120}, {'id': 55, 'market': 'A', 'countryCode': 'US', 'network': 'MSG 2', 'sequenceNumber': 416}, {'id': 555, 'market': 'H', 'countryCode': 'US', 'network': 'KUSA', 'sequenceNumber': 352}, {'id': 2, 'market': 'H', 'countryCode': 'US', 'network': 'ALT', 'sequenceNumber': 385}, {'id': 336, 'market': 'H', 'countryCode': 'US', 'network': 'KTVD', 'sequenceNumber': 623}]",,,,/gamecenter/nyr-vs-col/2027/03/11/2026021114,Ball Arena,3,Rangers,New York,New York,de New York,NYR,https://assets.nhle.com/logos/nhl/svg/NYR_light.svg,https://assets.nhle.com/logos/nhl/svg/NYR_dark.svg,False,,21,Avalanche,Colorado,Colorado,du Colorado,COL,https://assets.nhle.com/logos/nhl/svg/COL_light.svg,https://assets.nhle.com/logos/nhl/svg/COL_dark.svg,False,,1,REG,3,,,,,,,,,,,,,https://avs.social/2627_SCHEDULE_GM34,https://avs.social/2627_SCHEDULE_GM34,https://d2igy0yla8zi0u.cloudfront.net/NYR/20262027/NYR-radio.m3u8,https://d2igy0yla8zi0u.cloudfront.net/COL/20262027/COL-radio.m3u8,https://avalanchepremium.com/events/Colorado-Avalanche-vs-New-York-Rangers-125269/,Premium Spaces,,,,,,,,,,,,,,
20252026,20262027,,America/New_York,2026021132,20262027,2,2027-03-13,False,2027-03-14T03:00:00Z,-05:00,-08:00,US/Pacific,FUT,OK,"[{'id': 27, 'market': 'A', 'countryCode': 'US', 'network': 'MSG', 'sequenceNumber': 417}, {'id': 521, 'market': 'H', 'countryCode': 'US', 'network': 'SCRIPPS', 'sequenceNumber': 657}]",,,,/gamecenter/nyr-vs-vgk/2027/03/13/2026021132,T-Mobile Arena,3,Rangers,New York,New York,de New York,NYR,https://assets.nhle.com/logos/nhl/svg/NYR_light.svg,https://assets.nhle.com/logos/nhl/svg/NYR_dark.svg,False,,54,Golden Knights,Vegas,Vegas,de Vegas,VGK,https://assets.nhle.com/logos/nhl/svg/VGK_light.svg,https://assets.nhle.com/logos/nhl/svg/VGK_dark.svg,False,,1,REG,3,,,,,,,,,,,,,https://tix.axs.com/c8egKQAAAACYoiDvAgAAAACy%2fv%2f%2f%2fwD%2f%2f%2f%2f%2fEnZlZ2FzZ29sZGVua25pZ2h0cwD%2f%2f%2f%2f%2f%2f%2f%2f%2f%2fw%3d%3d,https://tix.axs.com/c8egKQAAAACYoiDvAgAAAACy%2fv%2f%2f%2fwD%2f%2f%2f%2f%2fEnZlZ2FzZ29sZGVua25pZ2h0cwD%2f%2f%2f%2f%2f%2f%2f%2f%2f%2fw%3d%3d,https://d2igy0yla8zi0u.cloudfront.net/NYR/20262027/NYR-radio.m3u8,https://d2igy0yla8zi0u.cloudfront.net/VGK/20262027/VGK-radio.m3u8,,,,,,,,,,,,,,,,
20252026,20262027,,America/New_York,2026021148,20262027,2,2027-03-16,False,2027-03-16T23:00:00Z,-04:00,-04:00,America/New_York,FUT,OK,"[{'id': 409, 'market': 'H', 'countryCode': 'US', 'network': 'MSGSN', 'sequenceNumber': 411}, {'id': 294, 'market': 'A', 'countryCode': 'CA', 'network': 'TSN5', 'sequenceNumber': 135}, {'id': 230, 'market': 'A', 'countryCode': 'CA', 'network': 'RDS2', 'sequenceNumber': 146}]",,,,/gamecenter/ott-vs-nyr/2027/03/16/2026021148,Madison Square Garden,9,Senators,Ottawa,Ottawa,d'Ottawa,OTT,https://assets.nhle.com/logos/nhl/svg/OTT_light.svg,https://assets.nhle.com/logos/nhl/svg/OTT_dark.svg,False,,3,Rangers,New York,New York,de New York,NYR,https://assets.nhle.com/logos/nhl/svg/NYR_light.svg,https://assets.nhle.com/logos/nhl/svg/NYR_dark.svg,False,,1,REG,3,,,,,,,,https://www.aircanada.com/home/ca/en/aco/flights,Book Flights with Air Canada,,,,https://www.ticketmaster.com/event/3B0064F1B1EC4497?brand=nyrangers&artistid=805991&landing=s&wt.mc_id=NHL_TEAM_NYR_SCHEDULE_GM35&utm_source=NHL.com&utm_medium=client&utm_campaign=NHL_TEAM_NYR&utm_content=SCHEDULE_GM35&CAMEFROM=CFC_RANGERS_WEB_NYR_SCHED_260803,https://www.ticketmaster.com/event/3B0064F1B1EC4497?brand=nyrangers&artistid=805991&landing=s&wt.mc_id=NHL_TEAM_NYR_SCHEDULE_GM35&utm_source=NHL.com&utm_medium=client&utm_campaign=NHL_TEAM_NYR&utm_content=SCHEDULE_GM35&CAMEFROM=CFC_RANGERS_WEB_NYR_SCHED_260803,https://d2igy0yla8zi0u.cloudfront.net/OTT/20262027/OTT-radio.m3u8,https://d2igy0yla8zi0u.cloudfront.net/NYR/20262027/NYR-radio.m3u8,,,,,,,,,,,,https://www.brookstreethotel.com/?gad_source=1&gad_campaignid=361534260&gbraid=0AAAAAD7lh6gowt52ky_hNFfUfpIJrBOLt&gclid=CjwKCAjws_DTBhB_EiwAXZknGWgxgnsGfRdBp1sxO_Bjc5W4YaWOrsfOWgCMIIPHfxIA9-A04EYXdhoClb8QAvD_BwE,Brookstreet Hotel,,,Sénateurs
20252026,20262027,,America/New_York,2026021165,20262027,2,2027-03-18,False,2027-03-18T23:00:00Z,-04:00,-04:00,America/New_York,FUT,OK,"[{'id': 282, 'market': 'N', 'countryCode': 'CA', 'network': 'SN', 'sequenceNumber': 21}, {'id': 27, 'market': 'H', 'countryCode': 'US', 'network': 'MSG', 'sequenceNumber': 417}]",,,,/gamecenter/tor-vs-nyr/2027/03/18/2026021165,Madison Square Garden,10,Maple Leafs,Toronto,Toronto,de Toronto,TOR,https://assets.nhle.com/logos/nhl/svg/TOR_light.svg,https://assets.nhle.com/logos/nhl/svg/TOR_dark.svg,False,,3,Rangers,New York,New York,de New York,NYR,https://assets.nhle.com/logos/nhl/svg/NYR_light.svg,https://assets.nhle.com/logos/nhl/svg/NYR_dark.svg,False,,1,REG,3,,,,,,,,,,,,,https://www.ticketmaster.com/event/3B0064F1B1ED449A?brand=nyrangers&artistid=805991&landing=s&wt.mc_id=NHL_TEAM_NYR_SCHEDULE_GM36&utm_source=NHL.com&utm_medium=client&utm_campaign=NHL_TEAM_NYR&utm_content=SCHEDULE_GM36&CAMEFROM=CFC_RANGERS_WEB_NYR_SCHED_260803,https://www.ticketmaster.com/event/3B0064F1B1ED449A?brand=nyrangers&artistid=805991&landing=s&wt.mc_id=NHL_TEAM_NYR_SCHEDULE_GM36&utm_source=NHL.com&utm_medium=client&utm_campaign=NHL_TEAM_NYR&utm_content=SCHEDULE_GM36&CAMEFROM=CFC_RANGERS_WEB_NYR_SCHED_260803,https://d2igy0yla8zi0u.cloudfront.net/TOR/20262027/TOR-radio.m3u8,https://d2igy0yla8zi0u.cloudfront.net/NYR/20262027/NYR-radio.m3u8,,,,,,,,,,,,"https://marriott.com/search/findHotels.mi?destinationAddress.destination=MADISON+SQUARE+GARDEN,+MANHATTEN,+NEW+YORK,+USA&cid=DIS_GLB000791Q_GLE000HJ7H_GLF0017UVU",Book Now,,,
20252026,20262027,,America/New_York,2026021182,20262027,2,2027-03-20,False,2027-03-21T00:00:00Z,-04:00,-04:00,America/New_York,FUT,OK,"[{'id': 384, 'market': 'N', 'countryCode': 'US', 'network': 'ABC', 'sequenceNumber': 1}]",,,,/gamecenter/pit-vs-nyr/2027/03/20/2026021182,Madison Square Garden,5,Penguins,Pittsburgh,Pittsburgh,de Pittsburgh,PIT,https://assets.nhle.com/logos/nhl/svg/PIT_light.svg,https://assets.nhle.com/logos/nhl/svg/PIT_dark.svg,False,,3,Rangers,New York,New York,de New York,NYR,https://assets.nhle.com/logos/nhl/svg/NYR_light.svg,https://assets.nhle.com/logos/nhl/svg/NYR_dark.svg,False,,1,REG,3,,,,,,,,,,,,,https://www.ticketmaster.com/event/3B0064F1B1EE449C?brand=nyrangers&artistid=805991&landing=s&wt.mc_id=NHL_TEAM_NYR_SCHEDULE_GM37&utm_source=NHL.com&utm_medium=client&utm_campaign=NHL_TEAM_NYR&utm_content=SCHEDULE_GM37&CAMEFROM=CFC_RANGERS_WEB_NYR_SCHED_260803,https://www.ticketmaster.com/event/3B0064F1B1EE449C?brand=nyrangers&artistid=805991&landing=s&wt.mc_id=NHL_TEAM_NYR_SCHEDULE_GM37&utm_source=NHL.com&utm_medium=client&utm_campaign=NHL_TEAM_NYR&utm_content=SCHEDULE_GM37&CAMEFROM=CFC_RANGERS_WEB_NYR_SCHED_260803,https://d2igy0yla8zi0u.cloudfront.net/PIT/20262027/PIT-radio.m3u8,https://d2igy0yla8zi0u.cloudfront.net/NYR/20262027/NYR-radio.m3u8,,,,,,,,,,,,,,,,
20252026,20262027,,America/New_York,2026021189,20262027,2,2027-03-21,False,2027-03-22T00:00:00Z,-04:00,-04:00,America/New_York,FUT,OK,"[{'id': 385, 'market': 'N', 'countryCode': 'US', 'network': 'TNT', 'sequenceNumber': 11}, {'id': 501, 'market': 'N', 'countryCode': 'US', 'network': 'truTV', 'sequenceNumber': 14}, {'id': 578, 'market': 'N', 'countryCode': 'US', 'network': 'HBO MAX', 'sequenceNumber': 19}, {'id': 549, 'market': 'N', 'countryCode': 'CA', 'network': 'SN+', 'sequenceNumber': 117}, {'id': 281, 'market': 'N', 'countryCode': 'CA', 'network': 'TVAS', 'sequenceNumber': 120}]",,,,/gamecenter/wsh-vs-nyr/2027/03/21/2026021189,Madison Square Garden,15,Capitals,Washington,Washington,de Washington,WSH,https://assets.nhle.com/logos/nhl/svg/WSH_secondary_light.svg,https://assets.nhle.com/logos/nhl/svg/WSH_secondary_dark.svg,False,,3,Rangers,New York,New York,de New York,NYR,https://assets.nhle.com/logos/nhl/svg/NYR_light.svg,https://assets.nhle.com/logos/nhl/svg/NYR_dark.svg,False,,1,REG,3,,,,,,,,https://www.united.com/en/us?utm_source=washcaps_schedulepage&utm_medium=web_organic&utm_campaign=2627_washcaps&utm_content=united,Fly with United Airlines,,,,https://www.ticketmaster.com/event/3B0064F1B1EE449E?brand=nyrangers&artistid=805991&landing=s&wt.mc_id=NHL_TEAM_NYR_SCHEDULE_GM38&utm_source=NHL.com&utm_medium=client&utm_campaign=NHL_TEAM_NYR&utm_content=SCHEDULE_GM38&CAMEFROM=CFC_RANGERS_WEB_NYR_SCHED_260803,https://www.ticketmaster.com/event/3B0064F1B1EE449E?brand=nyrangers&artistid=805991&landing=s&wt.mc_id=NHL_TEAM_NYR_SCHEDULE_GM38&utm_source=NHL.com&utm_medium=client&utm_campaign=NHL_TEAM_NYR&utm_content=SCHEDULE_GM38&CAMEFROM=CFC_RANGERS_WEB_NYR_SCHED_260803,https://d2igy0yla8zi0u.cloudfront.net/WSH/20262027/WSH-radio.m3u8,https://d2igy0yla8zi0u.cloudfront.net/NYR/20262027/NYR-radio.m3u8,,,,,,,,,,,,,,,,
20252026,20262027,,America/New_York,2026021200,20262027,2,2027-03-23,False,2027-03-24T00:00:00Z,-04:00,-05:00,US/Central,FUT,OK,"[{'id': 55, 'market': 'A', 'countryCode': 'US', 'network': 'MSG 2', 'sequenceNumber': 416}, {'id': 521, 'market': 'H', 'countryCode': 'US', 'network': 'SCRIPPS', 'sequenceNumber': 657}]",,,,/gamecenter/nyr-vs-nsh/2027/03/23/2026021200,Bridgestone Arena,3,Rangers,New York,New York,de New York,NYR,https://assets.nhle.com/logos/nhl/svg/NYR_light.svg,https://assets.nhle.com/logos/nhl/svg/NYR_dark.svg,False,,18,Predators,Nashville,Nashville,de Nashville,NSH,https://assets.nhle.com/logos/nhl/svg/NSH_light.svg,https://assets.nhle.com/logos/nhl/svg/NSH_dark.svg,False,,1,REG,3,,,,,,,,,,,,,https://www.ticketmaster.com/event/1B006507EFBCE3C0?brand=predators&artistid=805978&landing=s&wt.mc_id=NHL_TEAM_NSH_SGT_PG_GM37&utm_source=NHL.com&utm_medium=PredsWebSchedule&utm_campaign=NHL_TEAM_NSH_SGT_PG_GM37,https://www.ticketmaster.com/event/1B006507EFBCE3C0?brand=predators&artistid=805978&landing=s&wt.mc_id=NHL_TEAM_NSH_SGT_PG_GM37&utm_source=NHL.com&utm_medium=PredsWebSchedule&utm_campaign=NHL_TEAM_NSH_SGT_PG_GM37,https://d2igy0yla8zi0u.cloudfront.net/NYR/20262027/NYR-radio.m3u8,https://d2igy0yla8zi0u.cloudfront.net/NSH/20262027/NSH-radio.m3u8,,,,,,,,,,,,,,,,
20252026,20262027,,America/New_York,2026021214,20262027,2,2027-03-25,False,2027-03-25T23:00:00Z,-04:00,-04:00,US/Eastern,FUT,OK,"[{'id': 27, 'market': 'A', 'countryCode': 'US', 'network': 'MSG', 'sequenceNumber': 417}, {'id': 521, 'market': 'H', 'countryCode': 'US', 'network': 'SCRIPPS', 'sequenceNumber': 657}]",,,,/gamecenter/nyr-vs-fla/2027/03/25/2026021214,Amerant Bank Arena,3,Rangers,New York,New York,de New York,NYR,https://assets.nhle.com/logos/nhl/svg/NYR_light.svg,https://assets.nhle.com/logos/nhl/svg/NYR_dark.svg,False,,13,Panthers,Florida,Florida,de la Floride,FLA,https://assets.nhle.com/logos/nhl/svg/FLA_light.svg,https://assets.nhle.com/logos/nhl/svg/FLA_dark.svg,False,,1,REG,3,,,,,,,,,,,,,https://www.nhl.com/panthers/tickets/,https://www.nhl.com/panthers/tickets/,https://d2igy0yla8zi0u.cloudfront.net/NYR/20262027/NYR-radio.m3u8,https://d2igy0yla8zi0u.cloudfront.net/FLA/20262027/FLA-radio.m3u8,,,https://www.jetblue.com/,Fly with JetBlue,,,,,,,,,,Floride,,
20252026,20262027,,America/New_York,2026021233,20262027,2,2027-03-27,False,2027-03-27T23:00:00Z,-04:00,-04:00,US/Eastern,FUT,OK,"[{'id': 27, 'market': 'A', 'countryCode': 'US', 'network': 'MSG', 'sequenceNumber': 417}, {'id': 581, 'market': 'H', 'countryCode': 'US', 'network': 'The Spot', 'sequenceNumber': 211}]",,,,/gamecenter/nyr-vs-tbl/2027/03/27/2026021233,Benchmark International Arena,3,Rangers,New York,New York,de New York,NYR,https://assets.nhle.com/logos/nhl/svg/NYR_light.svg,https://assets.nhle.com/logos/nhl/svg/NYR_dark.svg,False,,14,Lightning,Tampa Bay,Tampa Bay,de Tampa Bay,TBL,https://assets.nhle.com/logos/nhl/svg/TBL_light.svg,https://assets.nhle.com/logos/nhl/svg/TBL_dark.svg,False,,1,REG,3,,,,,,,,,,,,,https://www.ticketmaster.com/event/0D0064F8CFE69EFE?brand=tblightning&artistid=806028&landing=s&wt.mc_id=NHL_TEAM_TBL_SCHEDULE_GM38&utm_source=NHL.com&utm_medium=client&utm_campaign=NHL_TEAM_TBL&utm_content=SCHEDULE_GM38,https://www.ticketmaster.com/event/0D0064F8CFE69EFE?brand=tblightning&artistid=806028&landing=s&wt.mc_id=NHL_TEAM_TBL_SCHEDULE_GM38&utm_source=NHL.com&utm_medium=client&utm_campaign=NHL_TEAM_TBL&utm_content=SCHEDULE_GM38,https://d2igy0yla8zi0u.cloudfront.net/NYR/20262027/NYR-radio.m3u8,https://d2igy0yla8zi0u.cloudfront.net/TBL/20262027/TBL-radio.m3u8,,,,,,,,,,,,,,,,
20252026,20262027,,America/New_York,2026021245,20262027,2,2027-03-29,False,2027-03-29T23:00:00Z,-04:00,-04:00,America/New_York,FUT,OK,"[{'id': 281, 'market': 'N', 'countryCode': 'CA', 'network': 'TVAS', 'sequenceNumber': 120}, {'id': 27, 'market': 'H', 'countryCode': 'US', 'network': 'MSG', 'sequenceNumber': 417}, {'id': 648, 'market': 'A', 'countryCode': 'US', 'network': 'MINNHL', 'sequenceNumber': 1}, {'id': 758, 'market': 'A', 'countryCode': 'US', 'network': 'Wild+', 'sequenceNumber': 1}]",,,,/gamecenter/min-vs-nyr/2027/03/29/2026021245,Madison Square Garden,30,Wild,Minnesota,Minnesota,du Minnesota,MIN,https://assets.nhle.com/logos/nhl/svg/MIN_light.svg,https://assets.nhle.com/logos/nhl/svg/MIN_dark.svg,False,,3,Rangers,New York,New York,de New York,NYR,https://assets.nhle.com/logos/nhl/svg/NYR_light.svg,https://assets.nhle.com/logos/nhl/svg/NYR_dark.svg,False,,1,REG,3,,,,,,,,,,,,,https://www.ticketmaster.com/event/3B0064F1B1EF44A0?brand=nyrangers&artistid=805991&landing=s&wt.mc_id=NHL_TEAM_NYR_SCHEDULE_GM39&utm_source=NHL.com&utm_medium=client&utm_campaign=NHL_TEAM_NYR&utm_content=SCHEDULE_GM39&CAMEFROM=CFC_RANGERS_WEB_NYR_SCHED_260803,https://www.ticketmaster.com/event/3B0064F1B1EF44A0?brand=nyrangers&artistid=805991&landing=s&wt.mc_id=NHL_TEAM_NYR_SCHEDULE_GM39&utm_source=NHL.com&utm_medium=client&utm_campaign=NHL_TEAM_NYR&utm_content=SCHEDULE_GM39&CAMEFROM=CFC_RANGERS_WEB_NYR_SCHED_260803,https://d2igy0yla8zi0u.cloudfront.net/MIN/20262027/MIN-radio.m3u8,https://d2igy0yla8zi0u.cloudfront.net/NYR/20262027/NYR-radio.m3u8,,,,,,,,,,,,,,,,
20252026,20262027,,America/New_York,2026021263,20262027,2,2027-04-01,False,2027-04-01T23:00:00Z,-04:00,-04:00,America/Montreal,FUT,OK,"[{'id': 55, 'market': 'A', 'countryCode': 'US', 'network': 'MSG 2', 'sequenceNumber': 416}, {'id': 131, 'market': 'H', 'countryCode': 'CA', 'network': 'TSN2', 'sequenceNumber': 112}, {'id': 33, 'market': 'H', 'countryCode': 'CA', 'network': 'RDS', 'sequenceNumber': 145}]",,,,/gamecenter/nyr-vs-mtl/2027/04/01/2026021263,Centre Bell,3,Rangers,New York,New York,de New York,NYR,https://assets.nhle.com/logos/nhl/svg/NYR_light.svg,https://assets.nhle.com/logos/nhl/svg/NYR_dark.svg,False,,8,Canadiens,Montréal,Montréal,de Montréal,MTL,https://assets.nhle.com/logos/nhl/svg/MTL_light.svg,https://assets.nhle.com/logos/nhl/svg/MTL_dark.svg,False,,1,REG,3,,,,,,,,,,,,,https://www.ticketmaster.ca/event/310064FACA9586D8?lang=en-ca&brand=canadiens&artistid=805975&wt.mc_id=NHL_TEAM_MTL_SCHEDULE_GM42&utm_source=NHL.com&utm_medium=client&utm_campaign=NHL_TEAM_MTL&utm_content=SCHEDULE_GM42,https://www.ticketmaster.ca/event/310064FACA9586D8?lang=fr-ca&brand=canadiens&artistid=805975&wt.mc_id=NHL_TEAM_MTL_SCHEDULE_GM42&utm_source=NHL.com&utm_medium=client&utm_campaign=NHL_TEAM_MTL&utm_content=SCHEDULE_GM42,https://d2igy0yla8zi0u.cloudfront.net/NYR/20262027/NYR-radio.m3u8,https://d2igy0yla8zi0u.cloudfront.net/MTL/20262027/MTL-radio.m3u8,,,,,,,,,,,,,,,,
20252026,20262027,,America/New_York,2026021277,20262027,2,2027-04-03,False,2027-04-03T16:30:00Z,-04:00,-04:00,America/New_York,FUT,OK,"[{'id': 384, 'market': 'N', 'countryCode': 'US', 'network': 'ABC', 'sequenceNumber': 1}, {'id': 283, 'market': 'N', 'countryCode': 'CA', 'network': 'SN360', 'sequenceNumber': 114}]",,,,/gamecenter/fla-vs-nyr/2027/04/03/2026021277,Madison Square Garden,13,Panthers,Florida,Florida,de la Floride,FLA,https://assets.nhle.com/logos/nhl/svg/FLA_light.svg,https://assets.nhle.com/logos/nhl/svg/FLA_dark.svg,False,,3,Rangers,New York,New York,de New York,NYR,https://assets.nhle.com/logos/nhl/svg/NYR_light.svg,https://assets.nhle.com/logos/nhl/svg/NYR_dark.svg,False,,1,REG,3,,,,,,,,,,,,,https://www.ticketmaster.com/event/3B0064F1B1F044A2?brand=nyrangers&artistid=805991&landing=s&wt.mc_id=NHL_TEAM_NYR_SCHEDULE_GM40&utm_source=NHL.com&utm_medium=client&utm_campaign=NHL_TEAM_NYR&utm_content=SCHEDULE_GM40&CAMEFROM=CFC_RANGERS_WEB_NYR_SCHED_260803,https://www.ticketmaster.com/event/3B0064F1B1F044A2?brand=nyrangers&artistid=805991&landing=s&wt.mc_id=NHL_TEAM_NYR_SCHEDULE_GM40&utm_source=NHL.com&utm_medium=client&utm_campaign=NHL_TEAM_NYR&utm_content=SCHEDULE_GM40&CAMEFROM=CFC_RANGERS_WEB_NYR_SCHED_260803,https://d2igy0yla8zi0u.cloudfront.net/FLA/20262027/FLA-radio.m3u8,https://d2igy0yla8zi0u.cloudfront.net/NYR/20262027/NYR-radio.m3u8,,,,,,,,,Floride,,,,,,,
20252026,20262027,,America/New_York,2026021306,20262027,2,2027-04-06,False,2027-04-06T23:00:00Z,-04:00,-04:00,America/New_York,FUT,OK,"[{'id': 309, 'market': 'N', 'countryCode': 'US', 'network': 'ESPN', 'sequenceNumber': 10}, {'id': 283, 'market': 'N', 'countryCode': 'CA', 'network': 'SN360', 'sequenceNumber': 114}, {'id': 281, 'market': 'N', 'countryCode': 'CA', 'network': 'TVAS', 'sequenceNumber': 120}]",,,,/gamecenter/pit-vs-nyr/2027/04/06/2026021306,Madison Square Garden,5,Penguins,Pittsburgh,Pittsburgh,de Pittsburgh,PIT,https://assets.nhle.com/logos/nhl/svg/PIT_light.svg,https://assets.nhle.com/logos/nhl/svg/PIT_dark.svg,False,,3,Rangers,New York,New York,de New York,NYR,https://assets.nhle.com/logos/nhl/svg/NYR_light.svg,https://assets.nhle.com/logos/nhl/svg/NYR_dark.svg,False,,1,REG,3,,,,,,,,,,,,,https://www.ticketmaster.com/event/3B0064F1B1F044A4?brand=nyrangers&artistid=805991&landing=s&wt.mc_id=NHL_TEAM_NYR_SCHEDULE_GM41&utm_source=NHL.com&utm_medium=client&utm_campaign=NHL_TEAM_NYR&utm_content=SCHEDULE_GM41&CAMEFROM=CFC_RANGERS_WEB_NYR_SCHED_260803,https://www.ticketmaster.com/event/3B0064F1B1F044A4?brand=nyrangers&artistid=805991&landing=s&wt.mc_id=NHL_TEAM_NYR_SCHEDULE_GM41&utm_source=NHL.com&utm_medium=client&utm_campaign=NHL_TEAM_NYR&utm_content=SCHEDULE_GM41&CAMEFROM=CFC_RANGERS_WEB_NYR_SCHED_260803,https://d2igy0yla8zi0u.cloudfront.net/PIT/20262027/PIT-radio.m3u8,https://d2igy0yla8zi0u.cloudfront.net/NYR/20262027/NYR-radio.m3u8,,,,,,,,,,,,,,,,
20252026,20262027,,America/New_York,2026021339,20262027,2,2027-04-10,False,2027-04-10T23:00:00Z,-04:00,-04:00,America/New_York,FUT,OK,"[{'id': 282, 'market': 'N', 'countryCode': 'CA', 'network': 'SN', 'sequenceNumber': 21}, {'id': 27, 'market': 'H', 'countryCode': 'US', 'network': 'MSG', 'sequenceNumber': 417}]",,,,/gamecenter/tor-vs-nyr/2027/04/10/2026021339,Madison Square Garden,10,Maple Leafs,Toronto,Toronto,de Toronto,TOR,https://assets.nhle.com/logos/nhl/svg/TOR_light.svg,https://assets.nhle.com/logos/nhl/svg/TOR_dark.svg,False,,3,Rangers,New York,New York,de New York,NYR,https://assets.nhle.com/logos/nhl/svg/NYR_light.svg,https://assets.nhle.com/logos/nhl/svg/NYR_dark.svg,False,,1,REG,3,,,,,,,,,,,,,https://www.ticketmaster.com/event/3B0064F1B1F144A6?brand=nyrangers&artistid=805991&landing=s&wt.mc_id=NHL_TEAM_NYR_SCHEDULE_GM42&utm_source=NHL.com&utm_medium=client&utm_campaign=NHL_TEAM_NYR&utm_content=SCHEDULE_GM42&CAMEFROM=CFC_RANGERS_WEB_NYR_SCHED_260803,https://www.ticketmaster.com/event/3B0064F1B1F144A6?brand=nyrangers&artistid=805991&landing=s&wt.mc_id=NHL_TEAM_NYR_SCHEDULE_GM42&utm_source=NHL.com&utm_medium=client&utm_campaign=NHL_TEAM_NYR&utm_content=SCHEDULE_GM42&CAMEFROM=CFC_RANGERS_WEB_NYR_SCHED_260803,https://d2igy0yla8zi0u.cloudfront.net/TOR/20262027/TOR-radio.m3u8,https://d2igy0yla8zi0u.cloudfront.net/NYR/20262027/NYR-radio.m3u8,,,,,,,,,,,,"https://marriott.com/search/findHotels.mi?destinationAddress.destination=MADISON+SQUARE+GARDEN,+MANHATTEN,+NEW+YORK,+USA&cid=DIS_GLB000791Q_GLE000HJ7H_GLF0017UVU",Book Now,,,
