club_previous_season,club_current_season,club_next_season,club_timezone,id,season,game_type,game_date,neutral_site,start_time_utc,eastern_utc_offset,venue_utc_offset,venue_timezone,game_state,game_schedule_state,tv_broadcasts,three_min_recap,three_min_recap_fr,condensed_game,game_center_link,venue_default,away_team_id,away_team_common_name_default,away_team_place_name_default,away_team_place_name_with_preposition_default,away_team_place_name_with_preposition_fr,away_team_abbrev,away_team_logo,away_team_dark_logo,away_team_away_split_squad,away_team_airline_link,away_team_airline_desc,away_team_hotel_link,away_team_hotel_desc,away_team_score,home_team_id,home_team_common_name_default,home_team_place_name_default,home_team_place_name_with_preposition_default,home_team_place_name_with_preposition_fr,home_team_abbrev,home_team_logo,home_team_dark_logo,home_team_home_split_squad,home_team_airline_link,home_team_airline_desc,home_team_hotel_link,home_team_hotel_desc,home_team_score,period_descriptor_number,period_descriptor_period_type,period_descriptor_max_regulation_periods,game_outcome_last_period_type,winning_goalie_player_id,winning_goalie_first_initial_default,winning_goalie_last_name_default,winning_goal_scorer_player_id,winning_goal_scorer_first_initial_default,winning_goal_scorer_last_name_default,tickets_link,tickets_link_fr,away_team_promo_link,away_team_promo_desc,away_team_radio_link,home_team_promo_link,home_team_promo_desc,home_team_radio_link,home_team_place_name_fr,venue_fr,home_team_common_name_fr,away_team_place_name_fr,away_team_common_name_fr,venue_es
20252026,20262027,,America/Denver,2026010012,20262027,1,2026-09-20,False,2026-09-20T23:00:00Z,-04:00,-06:00,America/Denver,FINAL,OK,"[{'id': 558, 'market': 'A', 'countryCode': 'US', 'network': 'Utah16', 'sequenceNumber': 381}]",/video/uta-at-col-recap-6405348194112,/fr/video/uta-vs-col-20-09-2026-resume-6405347784112,/video/uta-at-col-condensed-game-6405348195112,/gamecenter/uta-vs-col/2026/09/20/2026010012,Ball Arena,68,Mammoth,Utah,Utah,de l'Utah,UTA,https://assets.nhle.com/logos/nhl/svg/UTA_light.svg,https://assets.nhle.com/logos/nhl/svg/UTA_dark.svg,False,,,,,1.0,21,Avalanche,Colorado,Colorado,du Colorado,COL,https://assets.nhle.com/logos/nhl/svg/COL_light.svg,https://assets.nhle.com/logos/nhl/svg/COL_dark.svg,False,,,,,4.0,3,REG,3,REG,8484996.0,I.,Nabokov,8484149.0,G.,Brindley,,,,,,,,,,,,,,
20252026,20262027,,America/Denver,2026010015,20262027,1,2026-09-21,False,2026-09-22T00:00:00Z,-04:00,-05:00,America/Winnipeg,FINAL,OK,[],,,,/gamecenter/col-vs-wpg/2026/09/21/2026010015,Canada Life Centre,21,Avalanche,Colorado,Colorado,du Colorado,COL,https://assets.nhle.com/logos/nhl/svg/COL_light.svg,https://assets.nhle.com/logos/nhl/svg/COL_dark.svg,False,,,,,1.0,52,Jets,Winnipeg,Winnipeg,de Winnipeg,WPG,https://assets.nhle.com/logos/nhl/svg/WPG_light.svg,https://assets.nhle.com/logos/nhl/svg/WPG_dark.svg,False,,,,,3.0,3,REG,3,REG,8479973.0,S.,Skinner,8482149.0,C.,Perfetti,,,,,,,,,,,,,,
20252026,20262027,,America/Denver,2026010048,20262027,1,2026-09-25,False,2026-09-26T00:30:00Z,-04:00,-06:00,America/Denver,FINAL,OK,[],,,,/gamecenter/wpg-vs-col/2026/09/25/2026010048,Ball Arena,52,Jets,Winnipeg,Winnipeg,de Winnipeg,WPG,https://assets.nhle.com/logos/nhl/svg/WPG_light.svg,https://assets.nhle.com/logos/nhl/svg/WPG_dark.svg,False,,,,,2.0,21,Avalanche,Colorado,Colorado,du Colorado,COL,https://assets.nhle.com/logos/nhl/svg/COL_light.svg,https://assets.nhle.com/logos/nhl/svg/COL_dark.svg,False,,,,,5.0,3,REG,3,REG,8478406.0,M.,Blackwood,8486171.0,T.,Hughes,,,,,,,,,,,,,,
20252026,20262027,,America/Denver,2026010054,20262027,1,2026-09-26,False,2026-09-26T21:00:00Z,-04:00,-06:00,America/Denver,FINAL,OK,"[{'id': 558, 'market': 'H', 'countryCode': 'US', 'network': 'Utah16', 'sequenceNumber': 381}]",/video/col-at-uta-recap-6405683680112,/fr/video/col-vs-uta-26-09-2026-resume-6405684179112,/video/col-at-uta-condensed-game-6405684070112,/gamecenter/col-vs-uta/2026/09/26/2026010054,Delta Center,21,Avalanche,Colorado,Colorado,du Colorado,COL,https://assets.nhle.com/logos/nhl/svg/COL_light.svg,https://assets.nhle.com/logos/nhl/svg/COL_dark.svg,False,,,,,0.0,68,Mammoth,Utah,Utah,de l'Utah,UTA,https://assets.nhle.com/logos/nhl/svg/UTA_light.svg,https://assets.nhle.com/logos/nhl/svg/UTA_dark.svg,False,,,,,2.0,3,REG,3,REG,8478872.0,K.,Vejmelka,8480855.0,J.,McBain,,,,,,,,,,,,,,
20252026,20262027,,America/Denver,2026020007,20262027,2,2026-09-30,False,2026-10-01T02:00:00Z,-04:00,-06:00,America/Denver,OFF,OK,"[{'id': 385, 'market': 'N', 'countryCode': 'US', 'network': 'TNT', 'sequenceNumber': 11}, {'id': 501, 'market': 'N', 'countryCode': 'US', 'network': 'truTV', 'sequenceNumber': 14}, {'id': 578, 'market': 'N', 'countryCode': 'US', 'network': 'HBO MAX', 'sequenceNumber': 19}]",/video/lak-at-col-recap-6406000814112,/fr/video/lak-vs-col-30-09-2026-resume-6406002269112,/video/lak-at-col-condensed-game-6406002366112,/gamecenter/lak-vs-col/2026/09/30/2026020007,Ball Arena,26,Kings,Los Angeles,Los Angeles,de Los Angeles,LAK,https://assets.nhle.com/logos/nhl/svg/LAK_light.svg,https://assets.nhle.com/logos/nhl/svg/LAK_dark.svg,False,,,,,4.0,21,Avalanche,Colorado,Colorado,du Colorado,COL,https://assets.nhle.com/logos/nhl/svg/COL_light.svg,https://assets.nhle.com/logos/nhl/svg/COL_dark.svg,False,,,,,8.0,3,REG,3,REG,8478406.0,M.,Blackwood,8478462.0,N.,Roy,,,,,,,,,,,,,,
20252026,20262027,,America/Denver,2026020032,20262027,2,2026-10-03,False,2026-10-04T01:00:00Z,-04:00,-06:00,America/Denver,FUT,OK,"[{'id': 2, 'market': 'H', 'countryCode': 'US', 'network': 'ALT', 'sequenceNumber': 385}, {'id': 649, 'market': 'A', 'countryCode': 'US', 'network': 'STLNHL', 'sequenceNumber': 1}, {'id': 650, 'market': 'A', 'countryCode': 'US', 'network': 'BN+', 'sequenceNumber': 1}]",,,,/gamecenter/stl-vs-col/2026/10/03/2026020032,Ball Arena,19,Blues,St. Louis,St. Louis,de St. Louis,STL,https://assets.nhle.com/logos/nhl/svg/STL_light.svg,https://assets.nhle.com/logos/nhl/svg/STL_dark.svg,False,,,,,,21,Avalanche,Colorado,Colorado,du Colorado,COL,https://assets.nhle.com/logos/nhl/svg/COL_light.svg,https://assets.nhle.com/logos/nhl/svg/COL_dark.svg,False,,,,,,1,REG,3,,,,,,,,https://avs.social/2627_SCHEDULE_GM2,https://avs.social/2627_SCHEDULE_GM2,,,https://d2igy0yla8zi0u.cloudfront.net/STL/20262027/STL-radio.m3u8,https://avalanchepremium.com/events/Colorado-Avalanche-vs-St-Louis-Blues-125237/,Premium Spaces,https://d2igy0yla8zi0u.cloudfront.net/COL/20262027/COL-radio.m3u8,,,,,,
20252026,20262027,,America/Denver,2026020054,20262027,2,2026-10-07,False,2026-10-07T23:30:00Z,-04:00,-05:00,America/Winnipeg,FUT,OK,"[{'id': 548, 'market': 'N', 'countryCode': 'CA', 'network': 'Prime', 'sequenceNumber': 116}, {'id': 2, 'market': 'A', 'countryCode': 'US', 'network': 'ALT', 'sequenceNumber': 385}]",,,,/gamecenter/col-vs-wpg/2026/10/07/2026020054,Canada Life Centre,21,Avalanche,Colorado,Colorado,du Colorado,COL,https://assets.nhle.com/logos/nhl/svg/COL_light.svg,https://assets.nhle.com/logos/nhl/svg/COL_dark.svg,False,,,,,,52,Jets,Winnipeg,Winnipeg,de Winnipeg,WPG,https://assets.nhle.com/logos/nhl/svg/WPG_light.svg,https://assets.nhle.com/logos/nhl/svg/WPG_dark.svg,False,,,,,,1,REG,3,,,,,,,,https://www.ticketmaster.ca/event/11006505D0ACAFE3?brand=winnipegjets&artistid=1613893&wt.mc_id=NHL_TEAM_WPG_SCHEDULE_GM2&utm_source=NHL.com&utm_medium=client_PM&utm_campaign=NHL_TEAM_WPG&utm_content=SCHEDULE_GM2,https://www.ticketmaster.ca/event/11006505D0ACAFE3?brand=winnipegjets&artistid=1613893&wt.mc_id=NHL_TEAM_WPG_SCHEDULE_GM2&utm_source=NHL.com&utm_medium=client_PM&utm_campaign=NHL_TEAM_WPG&utm_content=SCHEDULE_GM2,,,https://d2igy0yla8zi0u.cloudfront.net/COL/20262027/COL-radio.m3u8,,,https://d2igy0yla8zi0u.cloudfront.net/WPG/20262027/WPG-radio.m3u8,,,,,,
20252026,20262027,,America/Denver,2026020064,20262027,2,2026-10-08,False,2026-10-09T01:00:00Z,-04:00,-06:00,America/Edmonton,FUT,OK,"[{'id': 289, 'market': 'N', 'countryCode': 'CA', 'network': 'SNW', 'sequenceNumber': 34}, {'id': 2, 'market': 'A', 'countryCode': 'US', 'network': 'ALT', 'sequenceNumber': 385}, {'id': 336, 'market': 'A', 'countryCode': 'US', 'network': 'KTVD', 'sequenceNumber': 623}]",,,,/gamecenter/col-vs-cgy/2026/10/08/2026020064,Scotiabank Saddledome,21,Avalanche,Colorado,Colorado,du Colorado,COL,https://assets.nhle.com/logos/nhl/svg/COL_light.svg,https://assets.nhle.com/logos/nhl/svg/COL_dark.svg,False,,,,,,20,Flames,Calgary,Calgary,de Calgary,CGY,https://assets.nhle.com/logos/nhl/svg/CGY_light.svg,https://assets.nhle.com/logos/nhl/svg/CGY_dark.svg,False,,,,,,1,REG,3,,,,,,,,https://www.ticketmaster.ca/event/110064FBA5A45410?brand=calgaryflames&artistid=805907&wt.mc_id=NHL_TEAM_CGY_SCHEDULE_GM2&utm_source=NHL.com&utm_medium=client_PM&utm_campaign=NHL_TEAM_CGY&utm_content=SCHEDULE_GM2,https://www.ticketmaster.ca/event/110064FBA5A45410?brand=calgaryflames&artistid=805907&wt.mc_id=NHL_TEAM_CGY_SCHEDULE_GM2&utm_source=NHL.com&utm_medium=client_PM&utm_campaign=NHL_TEAM_CGY&utm_content=SCHEDULE_GM2,,,https://d2igy0yla8zi0u.cloudfront.net/COL/20262027/COL-radio.m3u8,,,https://d2igy0yla8zi0u.cloudfront.net/CGY/20262027/CGY-radio.m3u8,,,,,,
20252026,20262027,,America/Denver,2026020080,20262027,2,2026-10-10,False,2026-10-10T23:00:00Z,-04:00,-06:00,America/Denver,FUT,OK,"[{'id': 282, 'market': 'N', 'countryCode': 'CA', 'network': 'SN', 'sequenceNumber': 21}, {'id': 324, 'market': 'N', 'countryCode': 'US', 'network': 'NHLN', 'sequenceNumber': 35}, {'id': 2, 'market': 'H', 'countryCode': 'US', 'network': 'ALT', 'sequenceNumber': 385}]",,,,/gamecenter/tor-vs-col/2026/10/10/2026020080,Ball Arena,10,Maple Leafs,Toronto,Toronto,de Toronto,TOR,https://assets.nhle.com/logos/nhl/svg/TOR_light.svg,https://assets.nhle.com/logos/nhl/svg/TOR_dark.svg,False,,,"https://marriott.com/search/findHotels.mi?destinationAddress.destination=BALL+ARENA,+,DENVER,+COLORADO,+USA&cid=DIS_GLB000791Q_GLE000HJ7H_GLF0017UUW",Book Now,,21,Avalanche,Colorado,Colorado,du Colorado,COL,https://assets.nhle.com/logos/nhl/svg/COL_light.svg,https://assets.nhle.com/logos/nhl/svg/COL_dark.svg,False,,,,,,1,REG,3,,,,,,,,https://avs.social/2627_SCHEDULE_GM3,https://avs.social/2627_SCHEDULE_GM3,,,https://d2igy0yla8zi0u.cloudfront.net/TOR/20262027/TOR-radio.m3u8,https://avalanchepremium.com/events/Colorado-Avalanche-vs-Toronto-Maple-Leafs-125238/,Premium Spaces,https://d2igy0yla8zi0u.cloudfront.net/COL/20262027/COL-radio.m3u8,,,,,,
20252026,20262027,,America/Denver,2026020100,20262027,2,2026-10-13,False,2026-10-14T00:30:00Z,-04:00,-05:00,US/Central,FUT,OK,"[{'id': 309, 'market': 'N', 'countryCode': 'US', 'network': 'ESPN', 'sequenceNumber': 10}, {'id': 549, 'market': 'N', 'countryCode': 'CA', 'network': 'SN+', 'sequenceNumber': 117}, {'id': 281, 'market': 'N', 'countryCode': 'CA', 'network': 'TVAS', 'sequenceNumber': 120}]",,,,/gamecenter/col-vs-dal/2026/10/13/2026020100,American Airlines Center,21,Avalanche,Colorado,Colorado,du Colorado,COL,https://assets.nhle.com/logos/nhl/svg/COL_light.svg,https://assets.nhle.com/logos/nhl/svg/COL_dark.svg,False,,,,,,25,Stars,Dallas,Dallas,de Dallas,DAL,https://assets.nhle.com/logos/nhl/svg/DAL_light.svg,https://assets.nhle.com/logos/nhl/svg/DAL_dark.svg,False,https://www.aa.com/homePage.do?c=SPNS%7CDSP%7CSTR%7C2026%7CSCH%7C_STARS_2026_SCHEDULE_PAGE,Book flights with American Airlines,,,,1,REG,3,,,,,,,,https://www.ticketmaster.com/event/0C0064EDD5FE9D0A?brand=dallas_stars&wt.mc_id=NHL_TEAM_DAL_SCHEDULE_GM3&utm_source=NHL.com&utm_medium=client&utm_campaign=NHL_TEAM_DAL&utm_content=SCHEDULE_GM3,https://www.ticketmaster.com/event/0C0064EDD5FE9D0A?brand=dallas_stars&wt.mc_id=NHL_TEAM_DAL_SCHEDULE_GM3&utm_source=NHL.com&utm_medium=client&utm_campaign=NHL_TEAM_DAL&utm_content=SCHEDULE_GM3,,,https://d2igy0yla8zi0u.cloudfront.net/COL/20262027/COL-radio.m3u8,https://www.nhl.com/stars/tickets/promotional-schedule,View promotional schedule,https://d2igy0yla8zi0u.cloudfront.net/DAL/20262027/DAL-radio.m3u8,,,,,,
20252026,20262027,,America/Denver,2026020107,20262027,2,2026-10-14,False,2026-10-15T00:30:00Z,-04:00,-06:00,America/Denver,FUT,OK,"[{'id': 385, 'market': 'N', 'countryCode': 'US', 'network': 'TNT', 'sequenceNumber': 11}, {'id': 501, 'market': 'N', 'countryCode': 'US', 'network': 'truTV', 'sequenceNumber': 14}, {'id': 578, 'market': 'N', 'countryCode': 'US', 'network': 'HBO MAX', 'sequenceNumber': 19}]",,,,/gamecenter/dal-vs-col/2026/10/14/2026020107,Ball Arena,25,Stars,Dallas,Dallas,de Dallas,DAL,https://assets.nhle.com/logos/nhl/svg/DAL_light.svg,https://assets.nhle.com/logos/nhl/svg/DAL_dark.svg,False,https://www.aa.com/homePage.do?c=SPNS%7CDSP%7CSTR%7C2026%7CSCH%7C_STARS_2026_SCHEDULE_PAGE,Book flights with American Airlines,,,,21,Avalanche,Colorado,Colorado,du Colorado,COL,https://assets.nhle.com/logos/nhl/svg/COL_light.svg,https://assets.nhle.com/logos/nhl/svg/COL_dark.svg,False,,,,,,1,REG,3,,,,,,,,https://avs.social/2627_SCHEDULE_GM4,https://avs.social/2627_SCHEDULE_GM4,,,https://d2igy0yla8zi0u.cloudfront.net/DAL/20262027/DAL-radio.m3u8,https://avalanchepremium.com/events/Colorado-Avalanche-vs-Dallas-Stars-125239/,Premium Spaces,https://d2igy0yla8zi0u.cloudfront.net/COL/20262027/COL-radio.m3u8,,,,,,
20252026,20262027,,America/Denver,2026020119,20262027,2,2026-10-16,False,2026-10-17T01:00:00Z,-04:00,-06:00,America/Denver,FUT,OK,"[{'id': 549, 'market': 'N', 'countryCode': 'CA', 'network': 'SN+', 'sequenceNumber': 117}, {'id': 281, 'market': 'N', 'countryCode': 'CA', 'network': 'TVAS', 'sequenceNumber': 120}, {'id': 2, 'market': 'H', 'countryCode': 'US', 'network': 'ALT', 'sequenceNumber': 385}, {'id': 336, 'market': 'H', 'countryCode': 'US', 'network': 'KTVD', 'sequenceNumber': 623}, {'id': 528, 'market': 'A', 'countryCode': 'US', 'network': 'SN-PIT', 'sequenceNumber': 384}]",,,,/gamecenter/pit-vs-col/2026/10/16/2026020119,Ball Arena,5,Penguins,Pittsburgh,Pittsburgh,de Pittsburgh,PIT,https://assets.nhle.com/logos/nhl/svg/PIT_light.svg,https://assets.nhle.com/logos/nhl/svg/PIT_dark.svg,False,,,,,,21,Avalanche,Colorado,Colorado,du Colorado,COL,https://assets.nhle.com/logos/nhl/svg/COL_light.svg,https://assets.nhle.com/logos/nhl/svg/COL_dark.svg,False,,,,,,1,REG,3,,,,,,,,https://avs.social/2627_SCHEDULE_GM5,https://avs.social/2627_SCHEDULE_GM5,,,https://d2igy0yla8zi0u.cloudfront.net/PIT/20262027/PIT-radio.m3u8,https://avalanchepremium.com/events/Colorado-Avalanche-vs-Pittsburgh-Penguins-125240/,Premium Spaces,https://d2igy0yla8zi0u.cloudfront.net/COL/20262027/COL-radio.m3u8,,,,,,
20252026,20262027,,America/Denver,2026020138,20262027,2,2026-10-19,False,2026-10-19T23:00:00Z,-04:00,-04:00,US/Eastern,FUT,OK,"[{'id': 2, 'market': 'A', 'countryCode': 'US', 'network': 'ALT', 'sequenceNumber': 385}, {'id': 322, 'market': 'H', 'countryCode': 'US', 'network': 'NBCSP', 'sequenceNumber': 389}]",,,,/gamecenter/col-vs-phi/2026/10/19/2026020138,Xfinity Mobile Arena,21,Avalanche,Colorado,Colorado,du Colorado,COL,https://assets.nhle.com/logos/nhl/svg/COL_light.svg,https://assets.nhle.com/logos/nhl/svg/COL_dark.svg,False,,,,,,4,Flyers,Philadelphia,Philadelphia,de Philadelphie,PHI,https://assets.nhle.com/logos/nhl/svg/PHI_light.svg,https://assets.nhle.com/logos/nhl/svg/PHI_dark.svg,False,,,,,,1,REG,3,,,,,,,,https://www.ticketmaster.com/event/300064EEEE9EE15E?brand=flyers&artistid=806000&wt.mc_id=NHL_TEAM_PHI_SCHEDULE_GM6&utm_source=NHL.com&utm_medium=client&utm_campaign=NHL_TEAM_PHI&utm_content=SCHEDULE_GM6,https://www.ticketmaster.com/event/300064EEEE9EE15E?brand=flyers&artistid=806000&wt.mc_id=NHL_TEAM_PHI_SCHEDULE_GM6&utm_source=NHL.com&utm_medium=client&utm_campaign=NHL_TEAM_PHI&utm_content=SCHEDULE_GM6,,,https://d2igy0yla8zi0u.cloudfront.net/COL/20262027/COL-radio.m3u8,,,https://d2igy0yla8zi0u.cloudfront.net/PHI/20262027/PHI-radio.m3u8,Philadelphie,,,,,
20252026,20262027,,America/Denver,2026020142,20262027,2,2026-10-20,False,2026-10-20T23:00:00Z,-04:00,-04:00,US/Eastern,FUT,OK,"[{'id': 2, 'market': 'A', 'countryCode': 'US', 'network': 'ALT', 'sequenceNumber': 385}, {'id': 336, 'market': 'A', 'countryCode': 'US', 'network': 'KTVD', 'sequenceNumber': 623}, {'id': 55, 'market': 'H', 'countryCode': 'US', 'network': 'MSG 2', 'sequenceNumber': 416}, {'id': 27, 'market': 'H', 'countryCode': 'US', 'network': 'MSG', 'sequenceNumber': 417}]",,,,/gamecenter/col-vs-njd/2026/10/20/2026020142,Prudential Center,21,Avalanche,Colorado,Colorado,du Colorado,COL,https://assets.nhle.com/logos/nhl/svg/COL_light.svg,https://assets.nhle.com/logos/nhl/svg/COL_dark.svg,False,,,,,,1,Devils,New Jersey,New Jersey,du New Jersey,NJD,https://assets.nhle.com/logos/nhl/svg/NJD_light.svg,https://assets.nhle.com/logos/nhl/svg/NJD_dark.svg,False,,,,,,1,REG,3,,,,,,,,https://www.ticketmaster.com/event/020064F091A59C84?brand=devils&artistid=805982&wt.mc_id=NHL_TEAM_NJD_SCHEDULE_GM6&camefrom=CFC_DEVILS_NHL_TEAM_NJD_SCHEDULE_GM6,https://www.ticketmaster.com/event/020064F091A59C84?brand=devils&artistid=805982&wt.mc_id=NHL_TEAM_NJD_SCHEDULE_GM6&camefrom=CFC_DEVILS_NHL_TEAM_NJD_SCHEDULE_GM6,,,https://d2igy0yla8zi0u.cloudfront.net/COL/20262027/COL-radio.m3u8,,,https://d2igy0yla8zi0u.cloudfront.net/NJD/20262027/NJD-radio.m3u8,,,,,,
20252026,20262027,,America/Denver,2026020167,20262027,2,2026-10-23,False,2026-10-24T01:00:00Z,-04:00,-06:00,America/Denver,FUT,OK,"[{'id': 283, 'market': 'N', 'countryCode': 'CA', 'network': 'SN360', 'sequenceNumber': 114}, {'id': 281, 'market': 'N', 'countryCode': 'CA', 'network': 'TVAS', 'sequenceNumber': 120}, {'id': 2, 'market': 'H', 'countryCode': 'US', 'network': 'ALT', 'sequenceNumber': 385}, {'id': 581, 'market': 'A', 'countryCode': 'US', 'network': 'The Spot', 'sequenceNumber': 211}]",,,,/gamecenter/tbl-vs-col/2026/10/23/2026020167,Ball Arena,14,Lightning,Tampa Bay,Tampa Bay,de Tampa Bay,TBL,https://assets.nhle.com/logos/nhl/svg/TBL_light.svg,https://assets.nhle.com/logos/nhl/svg/TBL_dark.svg,False,,,,,,21,Avalanche,Colorado,Colorado,du Colorado,COL,https://assets.nhle.com/logos/nhl/svg/COL_light.svg,https://assets.nhle.com/logos/nhl/svg/COL_dark.svg,False,,,,,,1,REG,3,,,,,,,,https://avs.social/2627_SCHEDULE_GM6,https://avs.social/2627_SCHEDULE_GM6,,,https://d2igy0yla8zi0u.cloudfront.net/TBL/20262027/TBL-radio.m3u8,https://avalanchepremium.com/events/Colorado-Avalanche-vs-Tampa-Bay-Lightning-125241/,Premium Spaces,https://d2igy0yla8zi0u.cloudfront.net/COL/20262027/COL-radio.m3u8,,,,,,
20252026,20262027,,America/Denver,2026020183,20262027,2,2026-10-25,False,2026-10-26T00:00:00Z,-04:00,-05:00,US/Central,FUT,OK,"[{'id': 2, 'market': 'A', 'countryCode': 'US', 'network': 'ALT', 'sequenceNumber': 385}, {'id': 521, 'market': 'H', 'countryCode': 'US', 'network': 'SCRIPPS', 'sequenceNumber': 657}]",,,,/gamecenter/col-vs-nsh/2026/10/25/2026020183,Bridgestone Arena,21,Avalanche,Colorado,Colorado,du Colorado,COL,https://assets.nhle.com/logos/nhl/svg/COL_light.svg,https://assets.nhle.com/logos/nhl/svg/COL_dark.svg,False,,,,,,18,Predators,Nashville,Nashville,de Nashville,NSH,https://assets.nhle.com/logos/nhl/svg/NSH_light.svg,https://assets.nhle.com/logos/nhl/svg/NSH_dark.svg,False,,,,,,1,REG,3,,,,,,,,https://www.ticketmaster.com/event/1B006507EFFAE44B?brand=predators&artistid=805978&landing=s&wt.mc_id=NHL_TEAM_NSH_SGT_PG_GM6&utm_source=NHL.com&utm_medium=PredsWebSchedule&utm_campaign=NHL_TEAM_NSH_SGT_PG_GM6,https://www.ticketmaster.com/event/1B006507EFFAE44B?brand=predators&artistid=805978&landing=s&wt.mc_id=NHL_TEAM_NSH_SGT_PG_GM6&utm_source=NHL.com&utm_medium=PredsWebSchedule&utm_campaign=NHL_TEAM_NSH_SGT_PG_GM6,,,https://d2igy0yla8zi0u.cloudfront.net/COL/20262027/COL-radio.m3u8,https://www.gofevo.com/event/262761?ref=Web&utm_source=Web&utm_medium=FEVO&utm_campaign=2627Preds,Faith & Family Night,https://d2igy0yla8zi0u.cloudfront.net/NSH/20262027/NSH-radio.m3u8,,,,,,
20252026,20262027,,America/Denver,2026020201,20262027,2,2026-10-28,False,2026-10-29T01:00:00Z,-04:00,-06:00,America/Denver,FUT,OK,"[{'id': 2, 'market': 'H', 'countryCode': 'US', 'network': 'ALT', 'sequenceNumber': 385}, {'id': 409, 'market': 'A', 'countryCode': 'US', 'network': 'MSGSN', 'sequenceNumber': 411}]",,,,/gamecenter/njd-vs-col/2026/10/28/2026020201,Ball Arena,1,Devils,New Jersey,New Jersey,du New Jersey,NJD,https://assets.nhle.com/logos/nhl/svg/NJD_light.svg,https://assets.nhle.com/logos/nhl/svg/NJD_dark.svg,False,,,,,,21,Avalanche,Colorado,Colorado,du Colorado,COL,https://assets.nhle.com/logos/nhl/svg/COL_light.svg,https://assets.nhle.com/logos/nhl/svg/COL_dark.svg,False,,,,,,1,REG,3,,,,,,,,https://avs.social/2627_SCHEDULE_GM7,https://avs.social/2627_SCHEDULE_GM7,,,https://d2igy0yla8zi0u.cloudfront.net/NJD/20262027/NJD-radio.m3u8,https://avalanchepremium.com/events/Colorado-Avalanche-vs-New-Jersey-Devils-125242/,Premium Spaces,https://d2igy0yla8zi0u.cloudfront.net/COL/20262027/COL-radio.m3u8,,,,,,
20252026,20262027,,America/Denver,2026020226,20262027,2,2026-10-31,False,2026-11-01T02:00:00Z,-04:00,-06:00,America/Denver,FUT,OK,"[{'id': 282, 'market': 'N', 'countryCode': 'CA', 'network': 'SN', 'sequenceNumber': 107}, {'id': 2, 'market': 'H', 'countryCode': 'US', 'network': 'ALT', 'sequenceNumber': 385}]",,,,/gamecenter/cgy-vs-col/2026/10/31/2026020226,Ball Arena,20,Flames,Calgary,Calgary,de Calgary,CGY,https://assets.nhle.com/logos/nhl/svg/CGY_light.svg,https://assets.nhle.com/logos/nhl/svg/CGY_dark.svg,False,,,,,,21,Avalanche,Colorado,Colorado,du Colorado,COL,https://assets.nhle.com/logos/nhl/svg/COL_light.svg,https://assets.nhle.com/logos/nhl/svg/COL_dark.svg,False,,,,,,1,REG,3,,,,,,,,https://avs.social/2627_SCHEDULE_GM8,https://avs.social/2627_SCHEDULE_GM8,,,https://d2igy0yla8zi0u.cloudfront.net/CGY/20262027/CGY-radio.m3u8,https://avalanchepremium.com/events/Colorado-Avalanche-vs-Calgary-Flames-125243/,Premium Spaces,https://d2igy0yla8zi0u.cloudfront.net/COL/20262027/COL-radio.m3u8,,,,,,
20252026,20262027,,America/Denver,2026020234,20262027,2,2026-11-02,False,2026-11-03T01:00:00Z,-05:00,-06:00,America/Chicago,FUT,OK,"[{'id': 2, 'market': 'A', 'countryCode': 'US', 'network': 'ALT', 'sequenceNumber': 385}, {'id': 571, 'market': 'H', 'countryCode': 'US', 'network': 'CHSN+', 'sequenceNumber': 207}]",,,,/gamecenter/col-vs-chi/2026/11/02/2026020234,United Center,21,Avalanche,Colorado,Colorado,du Colorado,COL,https://assets.nhle.com/logos/nhl/svg/COL_light.svg,https://assets.nhle.com/logos/nhl/svg/COL_dark.svg,False,,,,,,16,Blackhawks,Chicago,Chicago,de Chicago,CHI,https://assets.nhle.com/logos/nhl/svg/CHI_light.svg,https://assets.nhle.com/logos/nhl/svg/CHI_dark.svg,False,,,,,,1,REG,3,,,,,,,,https://www.ticketmaster.com/event/040064F09053781C?brand=blackhawks&artistid=805913&wt.mc_id=NHL_TEAM_CHI_SCHEDULE_GM9,https://www.ticketmaster.com/event/040064F09053781C?brand=blackhawks&artistid=805913&wt.mc_id=NHL_TEAM_CHI_SCHEDULE_GM9,,,https://d2igy0yla8zi0u.cloudfront.net/COL/20262027/COL-radio.m3u8,,,https://d2igy0yla8zi0u.cloudfront.net/CHI/20262027/CHI-radio.m3u8,,,,,,
20252026,20262027,,America/Denver,2026020244,20262027,2,2026-11-03,False,2026-11-04T00:00:00Z,-05:00,-05:00,US/Eastern,FUT,OK,"[{'id': 2, 'market': 'A', 'countryCode': 'US', 'network': 'ALT', 'sequenceNumber': 385}, {'id': 647, 'market': 'H', 'countryCode': 'US', 'network': 'CBJNHL', 'sequenceNumber': 1}, {'id': 755, 'market': 'H', 'countryCode': 'US', 'network': 'CBJHN', 'sequenceNumber': 1}]",,,,/gamecenter/col-vs-cbj/2026/11/03/2026020244,Nationwide Arena,21,Avalanche,Colorado,Colorado,du Colorado,COL,https://assets.nhle.com/logos/nhl/svg/COL_light.svg,https://assets.nhle.com/logos/nhl/svg/COL_dark.svg,False,,,,,,29,Blue Jackets,Columbus,Columbus,de Columbus,CBJ,https://assets.nhle.com/logos/nhl/svg/CBJ_light.svg,https://assets.nhle.com/logos/nhl/svg/CBJ_dark.svg,False,,,https://www.sonesta.com/sonesta-hotels-resorts/oh/columbus/sonesta-columbus-downtown?isGroupCode=false&promoCode=CBJPROMO,Stay at Sonesta Columbus Downtown,,1,REG,3,,,,,,,,https://www.ticketmaster.com/event/050064EDB0C5802A?brand=bluejackets&artistid=805927&wt.mc_id=NHL_TEAM_CBJ_SCHEDULE_GM8&utm_source=web_schedule_club&utm_medium=NHL.com&utm_campaign=single_game_tickets&utm_content=SCHEDULE_GM8,https://www.ticketmaster.com/event/050064EDB0C5802A?brand=bluejackets&artistid=805927&wt.mc_id=NHL_TEAM_CBJ_SCHEDULE_GM8&utm_source=web_schedule_club&utm_medium=NHL.com&utm_campaign=single_game_tickets&utm_content=SCHEDULE_GM8,,,https://d2igy0yla8zi0u.cloudfront.net/COL/20262027/COL-radio.m3u8,,,https://d2igy0yla8zi0u.cloudfront.net/CBJ/20262027/CBJ-radio.m3u8,,,,,,
20252026,20262027,,America/Denver,2026020261,20262027,2,2026-11-05,False,2026-11-06T02:30:00Z,-05:00,-07:00,America/Denver,FUT,OK,"[{'id': 329, 'market': 'N', 'countryCode': 'US', 'network': 'ESPN+', 'sequenceNumber': 16}, {'id': 391, 'market': 'N', 'countryCode': 'US', 'network': 'HULU', 'sequenceNumber': 17}, {'id': 574, 'market': 'N', 'countryCode': 'US', 'network': 'Disney+', 'sequenceNumber': 21}, {'id': 549, 'market': 'N', 'countryCode': 'CA', 'network': 'SN+', 'sequenceNumber': 117}, {'id': 281, 'market': 'N', 'countryCode': 'CA', 'network': 'TVAS', 'sequenceNumber': 120}]",,,,/gamecenter/nsh-vs-col/2026/11/05/2026020261,Ball Arena,18,Predators,Nashville,Nashville,de Nashville,NSH,https://assets.nhle.com/logos/nhl/svg/NSH_light.svg,https://assets.nhle.com/logos/nhl/svg/NSH_dark.svg,False,,,,,,21,Avalanche,Colorado,Colorado,du Colorado,COL,https://assets.nhle.com/logos/nhl/svg/COL_light.svg,https://assets.nhle.com/logos/nhl/svg/COL_dark.svg,False,,,,,,1,REG,3,,,,,,,,https://avs.social/2627_SCHEDULE_GM9,https://avs.social/2627_SCHEDULE_GM9,,,https://d2igy0yla8zi0u.cloudfront.net/NSH/20262027/NSH-radio.m3u8,https://avalanchepremium.com/events/Colorado-Avalanche-vs-Nashville-Predators-125244/,Premium Spaces,https://d2igy0yla8zi0u.cloudfront.net/COL/20262027/COL-radio.m3u8,,,,,,
20252026,20262027,,America/Denver,2026020274,20262027,2,2026-11-07,False,2026-11-08T02:00:00Z,-05:00,-07:00,America/Denver,FUT,OK,"[{'id': 2, 'market': 'H', 'countryCode': 'US', 'network': 'ALT', 'sequenceNumber': 385}, {'id': 645, 'market': 'A', 'countryCode': 'US', 'network': 'DSN', 'sequenceNumber': 1}]",,,,/gamecenter/det-vs-col/2026/11/07/2026020274,Ball Arena,17,Red Wings,Detroit,Detroit,de Detroit,DET,https://assets.nhle.com/logos/nhl/svg/DET_light.svg,https://assets.nhle.com/logos/nhl/svg/DET_dark.svg,False,,,,,,21,Avalanche,Colorado,Colorado,du Colorado,COL,https://assets.nhle.com/logos/nhl/svg/COL_light.svg,https://assets.nhle.com/logos/nhl/svg/COL_dark.svg,False,,,,,,1,REG,3,,,,,,,,https://avs.social/2627_SCHEDULE_GM10,https://avs.social/2627_SCHEDULE_GM10,,,https://d2igy0yla8zi0u.cloudfront.net/DET/20262027/DET-radio.m3u8,https://avalanchepremium.com/events/Colorado-Avalanche-vs-Detroit-Red-Wings-125245/,Premium Spaces,https://d2igy0yla8zi0u.cloudfront.net/COL/20262027/COL-radio.m3u8,,,,,,
20252026,20262027,,America/Denver,2026020286,20262027,2,2026-11-10,False,2026-11-11T00:00:00Z,-05:00,-05:00,America/Toronto,FUT,OK,"[{'id': 281, 'market': 'N', 'countryCode': 'CA', 'network': 'TVAS', 'sequenceNumber': 120}, {'id': 2, 'market': 'A', 'countryCode': 'US', 'network': 'ALT', 'sequenceNumber': 385}, {'id': 293, 'market': 'H', 'countryCode': 'CA', 'network': 'TSN4', 'sequenceNumber': 137}]",,,,/gamecenter/col-vs-tor/2026/11/10/2026020286,Scotiabank Arena,21,Avalanche,Colorado,Colorado,du Colorado,COL,https://assets.nhle.com/logos/nhl/svg/COL_light.svg,https://assets.nhle.com/logos/nhl/svg/COL_dark.svg,False,,,,,,10,Maple Leafs,Toronto,Toronto,de Toronto,TOR,https://assets.nhle.com/logos/nhl/svg/TOR_light.svg,https://assets.nhle.com/logos/nhl/svg/TOR_dark.svg,False,,,"https://www.marriott.com/search/findHotels.mi?destinationAddress.destination=SCOTIABANK+ARENA,+TORONTO,+CANADA&cid=DIS_GLB000791Q_GLE000HJ7H_GLF0017USO",Book Now,,1,REG,3,,,,,,,,https://www.ticketmaster.ca/event/100064FECCFCF845?brand=torontomapleleafs&artistid=806033&wt.mc_id=NHL_TEAM_TOR_SCHEDULE_GM12&utm_source=NHL.com&utm_medium=client_PM&utm_campaign=NHL_TEAM_TOR&utm_content=SCHEDULE_GM12,https://www.ticketmaster.ca/event/100064FECCFCF845?brand=torontomapleleafs&artistid=806033&wt.mc_id=NHL_TEAM_TOR_SCHEDULE_GM12&utm_source=NHL.com&utm_medium=client_PM&utm_campaign=NHL_TEAM_TOR&utm_content=SCHEDULE_GM12,,,https://d2igy0yla8zi0u.cloudfront.net/COL/20262027/COL-radio.m3u8,,,https://d2igy0yla8zi0u.cloudfront.net/TOR/20262027/TOR-radio.m3u8,,,,,,
20252026,20262027,,America/Denver,2026020301,20262027,2,2026-11-12,False,2026-11-13T00:00:00Z,-05:00,-05:00,US/Eastern,FUT,OK,"[{'id': 2, 'market': 'A', 'countryCode': 'US', 'network': 'ALT', 'sequenceNumber': 385}, {'id': 294, 'market': 'H', 'countryCode': 'CA', 'network': 'TSN5', 'sequenceNumber': 135}, {'id': 230, 'market': 'H', 'countryCode': 'CA', 'network': 'RDS2', 'sequenceNumber': 146}]",,,,/gamecenter/col-vs-ott/2026/11/12/2026020301,Canadian Tire Centre,21,Avalanche,Colorado,Colorado,du Colorado,COL,https://assets.nhle.com/logos/nhl/svg/COL_light.svg,https://assets.nhle.com/logos/nhl/svg/COL_dark.svg,False,,,,,,9,Senators,Ottawa,Ottawa,d'Ottawa,OTT,https://assets.nhle.com/logos/nhl/svg/OTT_light.svg,https://assets.nhle.com/logos/nhl/svg/OTT_dark.svg,False,https://www.aircanada.com/home/ca/en/aco/flights,Air  Canada Flights,https://www.brookstreethotel.com/,Hotel,,1,REG,3,,,,,,,,https://www.ticketmaster.ca/event/31006507E6962880?brand=ottawasenators&artistid=805997&landing=s&wt.mc_id=NHL_TEAM_OTT_SGT_PG_GM10&,https://www.nhl.com/fr/senators/tickets/,,,https://d2igy0yla8zi0u.cloudfront.net/COL/20262027/COL-radio.m3u8,,,https://d2igy0yla8zi0u.cloudfront.net/OTT/20262027/OTT-radio.m3u8,,Centre Canadian Tire,Sénateurs,,,
20252026,20262027,,America/Denver,2026020315,20262027,2,2026-11-14,False,2026-11-15T00:00:00Z,-05:00,-05:00,America/Montreal,FUT,OK,"[{'id': 287, 'market': 'N', 'countryCode': 'CA', 'network': 'SNE', 'sequenceNumber': 30}, {'id': 281, 'market': 'N', 'countryCode': 'CA', 'network': 'TVAS', 'sequenceNumber': 120}, {'id': 47, 'market': 'A', 'countryCode': 'US', 'network': 'ALT2', 'sequenceNumber': 408}, {'id': 336, 'market': 'A', 'countryCode': 'US', 'network': 'KTVD', 'sequenceNumber': 623}]",,,,/gamecenter/col-vs-mtl/2026/11/14/2026020315,Centre Bell,21,Avalanche,Colorado,Colorado,du Colorado,COL,https://assets.nhle.com/logos/nhl/svg/COL_light.svg,https://assets.nhle.com/logos/nhl/svg/COL_dark.svg,False,,,,,,8,Canadiens,Montréal,Montréal,de Montréal,MTL,https://assets.nhle.com/logos/nhl/svg/MTL_light.svg,https://assets.nhle.com/logos/nhl/svg/MTL_dark.svg,False,,,,,,1,REG,3,,,,,,,,https://www.ticketmaster.ca/event/310064FACAD18761?lang=en-ca&brand=canadiens&artistid=805975&wt.mc_id=NHL_TEAM_MTL_SCHEDULE_GM11&utm_source=NHL.com&utm_medium=client&utm_campaign=NHL_TEAM_MTL&utm_content=SCHEDULE_GM11,https://www.ticketmaster.ca/event/310064FACAD18761?lang=fr-ca&brand=canadiens&artistid=805975&wt.mc_id=NHL_TEAM_MTL_SCHEDULE_GM11&utm_source=NHL.com&utm_medium=client&utm_campaign=NHL_TEAM_MTL&utm_content=SCHEDULE_GM11,,,https://d2igy0yla8zi0u.cloudfront.net/COL/20262027/COL-radio.m3u8,,,https://d2igy0yla8zi0u.cloudfront.net/MTL/20262027/MTL-radio.m3u8,,,,,,
20252026,20262027,,America/Denver,2026020346,20262027,2,2026-11-18,False,2026-11-19T02:00:00Z,-05:00,-07:00,America/Denver,FUT,OK,"[{'id': 2, 'market': 'A', 'countryCode': 'US', 'network': 'ALT', 'sequenceNumber': 385}, {'id': 558, 'market': 'H', 'countryCode': 'US', 'network': 'Utah16', 'sequenceNumber': 381}]",,,,/gamecenter/col-vs-uta/2026/11/18/2026020346,Delta Center,21,Avalanche,Colorado,Colorado,du Colorado,COL,https://assets.nhle.com/logos/nhl/svg/COL_light.svg,https://assets.nhle.com/logos/nhl/svg/COL_dark.svg,False,,,,,,68,Mammoth,Utah,Utah,de l'Utah,UTA,https://assets.nhle.com/logos/nhl/svg/UTA_light.svg,https://assets.nhle.com/logos/nhl/svg/UTA_dark.svg,False,,,,,,1,REG,3,,,,,,,,https://seatgeek.com/utah-mammoth-tickets/7-18-2026-salt-lake-city-utah-delta-center-1/nhl/18242289?wid=club-web-schedule,https://seatgeek.com/utah-mammoth-tickets/7-18-2026-salt-lake-city-utah-delta-center-1/nhl/18242289?wid=club-web-schedule,,,https://d2igy0yla8zi0u.cloudfront.net/COL/20262027/COL-radio.m3u8,,,https://d2igy0yla8zi0u.cloudfront.net/UTA/20262027/UTA-radio.m3u8,,,,,,
20252026,20262027,,America/Denver,2026020356,20262027,2,2026-11-19,False,2026-11-20T02:00:00Z,-05:00,-07:00,America/Denver,FUT,OK,"[{'id': 281, 'market': 'N', 'countryCode': 'CA', 'network': 'TVAS', 'sequenceNumber': 120}, {'id': 555, 'market': 'H', 'countryCode': 'US', 'network': 'KUSA', 'sequenceNumber': 352}, {'id': 2, 'market': 'H', 'countryCode': 'US', 'network': 'ALT', 'sequenceNumber': 385}, {'id': 336, 'market': 'H', 'countryCode': 'US', 'network': 'KTVD', 'sequenceNumber': 623}, {'id': 652, 'market': 'A', 'countryCode': 'US', 'network': 'Prime Video', 'sequenceNumber': 117}, {'id': 219, 'market': 'A', 'countryCode': 'US', 'network': 'KCOP-13', 'sequenceNumber': 656}]",,,,/gamecenter/ana-vs-col/2026/11/19/2026020356,Ball Arena,24,Ducks,Anaheim,Anaheim,d'Anaheim,ANA,https://assets.nhle.com/logos/nhl/svg/ANA_light.svg,https://assets.nhle.com/logos/nhl/svg/ANA_dark.svg,False,,,,,,21,Avalanche,Colorado,Colorado,du Colorado,COL,https://assets.nhle.com/logos/nhl/svg/COL_light.svg,https://assets.nhle.com/logos/nhl/svg/COL_dark.svg,False,,,,,,1,REG,3,,,,,,,,https://avs.social/2627_SCHEDULE_GM11,https://avs.social/2627_SCHEDULE_GM11,,,https://d2igy0yla8zi0u.cloudfront.net/ANA/20262027/ANA-radio.m3u8,https://avalanchepremium.com/events/Colorado-Avalanche-vs-Anaheim-Ducks-125246/,Premium Spaces,https://d2igy0yla8zi0u.cloudfront.net/COL/20262027/COL-radio.m3u8,,,,,,
20252026,20262027,,America/Denver,2026020397,20262027,2,2026-11-25,False,2026-11-26T02:30:00Z,-05:00,-07:00,America/Denver,FUT,OK,"[{'id': 2, 'market': 'H', 'countryCode': 'US', 'network': 'ALT', 'sequenceNumber': 385}, {'id': 336, 'market': 'H', 'countryCode': 'US', 'network': 'KTVD', 'sequenceNumber': 623}, {'id': 131, 'market': 'A', 'countryCode': 'CA', 'network': 'TSN2', 'sequenceNumber': 112}, {'id': 33, 'market': 'A', 'countryCode': 'CA', 'network': 'RDS', 'sequenceNumber': 145}]",,,,/gamecenter/mtl-vs-col/2026/11/25/2026020397,Ball Arena,8,Canadiens,Montréal,Montréal,de Montréal,MTL,https://assets.nhle.com/logos/nhl/svg/MTL_light.svg,https://assets.nhle.com/logos/nhl/svg/MTL_dark.svg,False,,,,,,21,Avalanche,Colorado,Colorado,du Colorado,COL,https://assets.nhle.com/logos/nhl/svg/COL_light.svg,https://assets.nhle.com/logos/nhl/svg/COL_dark.svg,False,,,,,,1,REG,3,,,,,,,,https://avs.social/2627_SCHEDULE_GM12,https://avs.social/2627_SCHEDULE_GM12,,,https://d2igy0yla8zi0u.cloudfront.net/MTL/20262027/MTL-radio.m3u8,https://avalanchepremium.com/events/Colorado-Avalanche-vs-Montreal-Canadiens-125247/,Premium Spaces,https://d2igy0yla8zi0u.cloudfront.net/COL/20262027/COL-radio.m3u8,,,,,,
20252026,20262027,,America/Denver,2026020408,20262027,2,2026-11-27,False,2026-11-27T21:00:00Z,-05:00,-06:00,US/Central,FUT,OK,"[{'id': 281, 'market': 'N', 'countryCode': 'CA', 'network': 'TVAS', 'sequenceNumber': 120}, {'id': 2, 'market': 'A', 'countryCode': 'US', 'network': 'ALT', 'sequenceNumber': 385}, {'id': 648, 'market': 'H', 'countryCode': 'US', 'network': 'MINNHL', 'sequenceNumber': 1}, {'id': 758, 'market': 'H', 'countryCode': 'US', 'network': 'Wild+', 'sequenceNumber': 1}]",,,,/gamecenter/col-vs-min/2026/11/27/2026020408,Grand Casino Arena,21,Avalanche,Colorado,Colorado,du Colorado,COL,https://assets.nhle.com/logos/nhl/svg/COL_light.svg,https://assets.nhle.com/logos/nhl/svg/COL_dark.svg,False,,,,,,30,Wild,Minnesota,Minnesota,du Minnesota,MIN,https://assets.nhle.com/logos/nhl/svg/MIN_light.svg,https://assets.nhle.com/logos/nhl/svg/MIN_dark.svg,False,,,,,,1,REG,3,,,,,,,,https://mnwild.co/di57gh5o,https://mnwild.co/di57gh5o,,,https://d2igy0yla8zi0u.cloudfront.net/COL/20262027/COL-radio.m3u8,,,https://d2igy0yla8zi0u.cloudfront.net/MIN/20262027/MIN-radio.m3u8,,,,,,
20252026,20262027,,America/Denver,2026020425,20262027,2,2026-11-28,False,2026-11-29T02:00:00Z,-05:00,-07:00,America/Denver,FUT,OK,"[{'id': 2, 'market': 'H', 'countryCode': 'US', 'network': 'ALT', 'sequenceNumber': 385}, {'id': 314, 'market': 'A', 'countryCode': 'US', 'network': 'NBCSCA', 'sequenceNumber': 393}]",,,,/gamecenter/sjs-vs-col/2026/11/28/2026020425,Ball Arena,28,Sharks,San Jose,San Jose,de San Jose,SJS,https://assets.nhle.com/logos/nhl/svg/SJS_light.svg,https://assets.nhle.com/logos/nhl/svg/SJS_dark.svg,False,,,,,,21,Avalanche,Colorado,Colorado,du Colorado,COL,https://assets.nhle.com/logos/nhl/svg/COL_light.svg,https://assets.nhle.com/logos/nhl/svg/COL_dark.svg,False,,,,,,1,REG,3,,,,,,,,https://avs.social/2627_SCHEDULE_GM13,https://avs.social/2627_SCHEDULE_GM13,,,https://d2igy0yla8zi0u.cloudfront.net/SJS/20262027/SJS-radio.m3u8,https://avalanchepremium.com/events/Colorado-Avalanche-vs-San-Jose-Sharks-125248/,Premium Spaces,https://d2igy0yla8zi0u.cloudfront.net/COL/20262027/COL-radio.m3u8,,,,,,
20252026,20262027,,America/Denver,2026020440,20262027,2,2026-12-01,False,2026-12-02T01:00:00Z,-05:00,-05:00,US/Eastern,FUT,OK,"[{'id': 385, 'market': 'N', 'countryCode': 'US', 'network': 'TNT', 'sequenceNumber': 11}, {'id': 501, 'market': 'N', 'countryCode': 'US', 'network': 'truTV', 'sequenceNumber': 14}, {'id': 578, 'market': 'N', 'countryCode': 'US', 'network': 'HBO MAX', 'sequenceNumber': 19}, {'id': 281, 'market': 'N', 'countryCode': 'CA', 'network': 'TVAS', 'sequenceNumber': 120}, {'id': 31, 'market': 'H', 'countryCode': 'US', 'network': 'NESN', 'sequenceNumber': 405}]",,,,/gamecenter/col-vs-bos/2026/12/01/2026020440,TD Garden,21,Avalanche,Colorado,Colorado,du Colorado,COL,https://assets.nhle.com/logos/nhl/svg/COL_light.svg,https://assets.nhle.com/logos/nhl/svg/COL_dark.svg,False,,,,,,6,Bruins,Boston,Boston,de Boston,BOS,https://assets.nhle.com/logos/nhl/svg/BOS_light.svg,https://assets.nhle.com/logos/nhl/svg/BOS_dark.svg,False,,,,,,1,REG,3,,,,,,,,https://www.ticketmaster.com/event/010064EDC5367B00?brand=bostonbruins&artistid=805902&wt.mc_id=NHL_TEAM_BOS_SCHEDULE_GM17&utm_source=NHL.com&utm_medium=client&utm_campaign=NHL_TEAM_BOS&utm_content=SCHEDULE_GM17,https://www.ticketmaster.com/event/010064EDC5367B00?brand=bostonbruins&artistid=805902&wt.mc_id=NHL_TEAM_BOS_SCHEDULE_GM17&utm_source=NHL.com&utm_medium=client&utm_campaign=NHL_TEAM_BOS&utm_content=SCHEDULE_GM17,,,https://d2igy0yla8zi0u.cloudfront.net/COL/20262027/COL-radio.m3u8,,,https://d2igy0yla8zi0u.cloudfront.net/BOS/20262027/BOS-radio.m3u8,,,,,,
20252026,20262027,,America/Denver,2026020450,20262027,2,2026-12-03,False,2026-12-04T00:00:00Z,-05:00,-05:00,America/Detroit,FUT,OK,"[{'id': 2, 'market': 'A', 'countryCode': 'US', 'network': 'ALT', 'sequenceNumber': 385}, {'id': 336, 'market': 'A', 'countryCode': 'US', 'network': 'KTVD', 'sequenceNumber': 623}, {'id': 645, 'market': 'H', 'countryCode': 'US', 'network': 'DSN', 'sequenceNumber': 1}]",,,,/gamecenter/col-vs-det/2026/12/03/2026020450,Little Caesars Arena,21,Avalanche,Colorado,Colorado,du Colorado,COL,https://assets.nhle.com/logos/nhl/svg/COL_light.svg,https://assets.nhle.com/logos/nhl/svg/COL_dark.svg,False,,,,,,17,Red Wings,Detroit,Detroit,de Detroit,DET,https://assets.nhle.com/logos/nhl/svg/DET_light.svg,https://assets.nhle.com/logos/nhl/svg/DET_dark.svg,False,,,,,,1,REG,3,,,,,,,,https://www.ticketmaster.com/event/080064EED7F17FFD?brand=redwings&artistid=805938&wt.mc_id=NHL_TEAM_DET_SCHEDULE_GM16&utm_source=NHL.com&utm_medium=client&utm_campaign=NHL_TEAM_DET&utm_content=SCHEDULE_GM16,https://www.ticketmaster.com/event/080064EED7F17FFD?brand=redwings&artistid=805938&wt.mc_id=NHL_TEAM_DET_SCHEDULE_GM16&utm_source=NHL.com&utm_medium=client&utm_campaign=NHL_TEAM_DET&utm_content=SCHEDULE_GM16,,,https://d2igy0yla8zi0u.cloudfront.net/COL/20262027/COL-radio.m3u8,,,https://d2igy0yla8zi0u.cloudfront.net/DET/20262027/DET-radio.m3u8,,,,,,
20252026,20262027,,America/Denver,2026020470,20262027,2,2026-12-05,False,2026-12-06T00:00:00Z,-05:00,-05:00,America/New_York,FUT,OK,"[{'id': 2, 'market': 'A', 'countryCode': 'US', 'network': 'ALT', 'sequenceNumber': 385}, {'id': 27, 'market': 'H', 'countryCode': 'US', 'network': 'MSG', 'sequenceNumber': 417}]",,,,/gamecenter/col-vs-nyr/2026/12/05/2026020470,Madison Square Garden,21,Avalanche,Colorado,Colorado,du Colorado,COL,https://assets.nhle.com/logos/nhl/svg/COL_light.svg,https://assets.nhle.com/logos/nhl/svg/COL_dark.svg,False,,,,,,3,Rangers,New York,New York,de New York,NYR,https://assets.nhle.com/logos/nhl/svg/NYR_light.svg,https://assets.nhle.com/logos/nhl/svg/NYR_dark.svg,False,,,,,,1,REG,3,,,,,,,,https://www.ticketmaster.com/event/3B0064F1B1DF4466?brand=nyrangers&artistid=805991&landing=s&wt.mc_id=NHL_TEAM_NYR_SCHEDULE_GM16&utm_source=NHL.com&utm_medium=client&utm_campaign=NHL_TEAM_NYR&utm_content=SCHEDULE_GM16&CAMEFROM=CFC_RANGERS_WEB_NYR_SCHED_260803,https://www.ticketmaster.com/event/3B0064F1B1DF4466?brand=nyrangers&artistid=805991&landing=s&wt.mc_id=NHL_TEAM_NYR_SCHEDULE_GM16&utm_source=NHL.com&utm_medium=client&utm_campaign=NHL_TEAM_NYR&utm_content=SCHEDULE_GM16&CAMEFROM=CFC_RANGERS_WEB_NYR_SCHED_260803,,,https://d2igy0yla8zi0u.cloudfront.net/COL/20262027/COL-radio.m3u8,,,https://d2igy0yla8zi0u.cloudfront.net/NYR/20262027/NYR-radio.m3u8,,,,,,
20252026,20262027,,America/Denver,2026020482,20262027,2,2026-12-07,False,2026-12-07T18:00:00Z,-05:00,-05:00,America/New_York,FUT,OK,"[{'id': 549, 'market': 'N', 'countryCode': 'CA', 'network': 'SN+', 'sequenceNumber': 117}, {'id': 2, 'market': 'A', 'countryCode': 'US', 'network': 'ALT', 'sequenceNumber': 385}, {'id': 409, 'market': 'H', 'countryCode': 'US', 'network': 'MSGSN', 'sequenceNumber': 411}]",,,,/gamecenter/col-vs-nyi/2026/12/07/2026020482,UBS Arena,21,Avalanche,Colorado,Colorado,du Colorado,COL,https://assets.nhle.com/logos/nhl/svg/COL_light.svg,https://assets.nhle.com/logos/nhl/svg/COL_dark.svg,False,,,,,,2,Islanders,New York,New York,de New York,NYI,https://assets.nhle.com/logos/nhl/svg/NYI_light.svg,https://assets.nhle.com/logos/nhl/svg/NYI_dark.svg,False,,,,,,1,REG,3,,,,,,,,https://www.ticketmaster.com/event/300064E2D2976210?brand=nyislanders&artistid=805986&wt.mc_id=NHL_TEAM_NYI_SCHEDULE_GM16&utm_source=nyi_website&utm_medium=schedulepage&utm_campaign=NHL_TEAM_NYI&utm_content=SCHEDULE_GM16,https://www.ticketmaster.com/event/300064E2D2976210?brand=nyislanders&artistid=805986&wt.mc_id=NHL_TEAM_NYI_SCHEDULE_GM16&utm_source=nyi_website&utm_medium=schedulepage&utm_campaign=NHL_TEAM_NYI&utm_content=SCHEDULE_GM16,,,https://d2igy0yla8zi0u.cloudfront.net/COL/20262027/COL-radio.m3u8,,,https://d2igy0yla8zi0u.cloudfront.net/NYI/20262027/NYI-radio.m3u8,,,,,,
20252026,20262027,,America/Denver,2026020491,20262027,2,2026-12-08,False,2026-12-09T01:00:00Z,-05:00,-06:00,US/Central,FUT,OK,"[{'id': 329, 'market': 'N', 'countryCode': 'US', 'network': 'ESPN+', 'sequenceNumber': 16}, {'id': 391, 'market': 'N', 'countryCode': 'US', 'network': 'HULU', 'sequenceNumber': 17}, {'id': 574, 'market': 'N', 'countryCode': 'US', 'network': 'Disney+', 'sequenceNumber': 21}]",,,,/gamecenter/col-vs-stl/2026/12/08/2026020491,Enterprise Center,21,Avalanche,Colorado,Colorado,du Colorado,COL,https://assets.nhle.com/logos/nhl/svg/COL_light.svg,https://assets.nhle.com/logos/nhl/svg/COL_dark.svg,False,,,,,,19,Blues,St. Louis,St. Louis,de St. Louis,STL,https://assets.nhle.com/logos/nhl/svg/STL_light.svg,https://assets.nhle.com/logos/nhl/svg/STL_dark.svg,False,,,https://www.stlouisunionstation.com/hotel-packages,Stay at Union Station,,1,REG,3,,,,,,,,https://www.ticketmaster.com/event/060064EECE451BDA?brand=blues&artistid=806025&wt.mc_id=NHL_TEAM_STL_SCHEDULE_GM18&utm_source=NHL.com&utm_medium=client&utm_campaign=NHL_TEAM_STL&utm_content=SCHEDULE_GM18,https://www.ticketmaster.com/event/060064EECE451BDA?brand=blues&artistid=806025&wt.mc_id=NHL_TEAM_STL_SCHEDULE_GM18&utm_source=NHL.com&utm_medium=client&utm_campaign=NHL_TEAM_STL&utm_content=SCHEDULE_GM18,,,https://d2igy0yla8zi0u.cloudfront.net/COL/20262027/COL-radio.m3u8,,,https://d2igy0yla8zi0u.cloudfront.net/STL/20262027/STL-radio.m3u8,,,,,,
20252026,20262027,,America/Denver,2026020524,20262027,2,2026-12-12,False,2026-12-13T02:00:00Z,-05:00,-07:00,America/Denver,FUT,OK,"[{'id': 281, 'market': 'N', 'countryCode': 'CA', 'network': 'TVAS', 'sequenceNumber': 120}, {'id': 47, 'market': 'H', 'countryCode': 'US', 'network': 'ALT2', 'sequenceNumber': 408}, {'id': 336, 'market': 'H', 'countryCode': 'US', 'network': 'KTVD', 'sequenceNumber': 623}, {'id': 520, 'market': 'A', 'countryCode': 'US', 'network': 'MNMT2', 'sequenceNumber': 418}]",,,,/gamecenter/wsh-vs-col/2026/12/12/2026020524,Ball Arena,15,Capitals,Washington,Washington,de Washington,WSH,https://assets.nhle.com/logos/nhl/svg/WSH_secondary_light.svg,https://assets.nhle.com/logos/nhl/svg/WSH_secondary_dark.svg,False,https://www.united.com/en/us?utm_source=washcaps_schedulepage&utm_medium=web_organic&utm_campaign=2627_washcaps&utm_content=united,Fly with United Airlines,,,,21,Avalanche,Colorado,Colorado,du Colorado,COL,https://assets.nhle.com/logos/nhl/svg/COL_light.svg,https://assets.nhle.com/logos/nhl/svg/COL_dark.svg,False,,,,,,1,REG,3,,,,,,,,https://avs.social/2627_SCHEDULE_GM14,https://avs.social/2627_SCHEDULE_GM14,,,https://d2igy0yla8zi0u.cloudfront.net/WSH/20262027/WSH-radio.m3u8,https://avalanchepremium.com/events/Colorado-Avalanche-vs-Washington-Capitals-125249/,Premium Spaces,https://d2igy0yla8zi0u.cloudfront.net/COL/20262027/COL-radio.m3u8,,,,,,
20252026,20262027,,America/Denver,2026020534,20262027,2,2026-12-14,False,2026-12-15T02:00:00Z,-05:00,-07:00,America/Denver,FUT,OK,"[{'id': 2, 'market': 'H', 'countryCode': 'US', 'network': 'ALT', 'sequenceNumber': 385}, {'id': 558, 'market': 'A', 'countryCode': 'US', 'network': 'Utah16', 'sequenceNumber': 381}]",,,,/gamecenter/uta-vs-col/2026/12/14/2026020534,Ball Arena,68,Mammoth,Utah,Utah,de l'Utah,UTA,https://assets.nhle.com/logos/nhl/svg/UTA_light.svg,https://assets.nhle.com/logos/nhl/svg/UTA_dark.svg,False,,,,,,21,Avalanche,Colorado,Colorado,du Colorado,COL,https://assets.nhle.com/logos/nhl/svg/COL_light.svg,https://assets.nhle.com/logos/nhl/svg/COL_dark.svg,False,,,,,,1,REG,3,,,,,,,,https://avs.social/2627_SCHEDULE_GM15,https://avs.social/2627_SCHEDULE_GM15,,,https://d2igy0yla8zi0u.cloudfront.net/UTA/20262027/UTA-radio.m3u8,https://avalanchepremium.com/events/Colorado-Avalanche-vs-Utah-Mammoth-125250/,Premium Spaces,https://d2igy0yla8zi0u.cloudfront.net/COL/20262027/COL-radio.m3u8,,,,,,
20252026,20262027,,America/Denver,2026020548,20262027,2,2026-12-16,False,2026-12-17T02:00:00Z,-05:00,-07:00,America/Denver,FUT,OK,"[{'id': 555, 'market': 'H', 'countryCode': 'US', 'network': 'KUSA', 'sequenceNumber': 352}, {'id': 2, 'market': 'H', 'countryCode': 'US', 'network': 'ALT', 'sequenceNumber': 385}, {'id': 336, 'market': 'H', 'countryCode': 'US', 'network': 'KTVD', 'sequenceNumber': 623}, {'id': 409, 'market': 'A', 'countryCode': 'US', 'network': 'MSGSN', 'sequenceNumber': 411}]",,,,/gamecenter/nyi-vs-col/2026/12/16/2026020548,Ball Arena,2,Islanders,New York,New York,de New York,NYI,https://assets.nhle.com/logos/nhl/svg/NYI_light.svg,https://assets.nhle.com/logos/nhl/svg/NYI_dark.svg,False,https://www.jetblue.com/?utm_source=nyi_website&utm_medium=schedulepage&utm_campaign=nyi_belmontdepositcampaign&utm_content=jetblueicon,Fly JetBlue,,,,21,Avalanche,Colorado,Colorado,du Colorado,COL,https://assets.nhle.com/logos/nhl/svg/COL_light.svg,https://assets.nhle.com/logos/nhl/svg/COL_dark.svg,False,,,,,,1,REG,3,,,,,,,,https://avs.social/2627_SCHEDULE_GM16,https://avs.social/2627_SCHEDULE_GM16,,,https://d2igy0yla8zi0u.cloudfront.net/NYI/20262027/NYI-radio.m3u8,https://avalanchepremium.com/events/Colorado-Avalanche-vs-New-York-Islanders-125251/,Premium Spaces,https://d2igy0yla8zi0u.cloudfront.net/COL/20262027/COL-radio.m3u8,,,,,,
20252026,20262027,,America/Denver,2026020565,20262027,2,2026-12-18,False,2026-12-19T02:00:00Z,-05:00,-07:00,America/Denver,FUT,OK,"[{'id': 2, 'market': 'H', 'countryCode': 'US', 'network': 'ALT', 'sequenceNumber': 385}, {'id': 646, 'market': 'A', 'countryCode': 'US', 'network': 'CARNHL', 'sequenceNumber': 1}, {'id': 754, 'market': 'A', 'countryCode': 'US', 'network': 'HHN', 'sequenceNumber': 1}]",,,,/gamecenter/car-vs-col/2026/12/18/2026020565,Ball Arena,12,Hurricanes,Carolina,Carolina,de la Caroline,CAR,https://assets.nhle.com/logos/nhl/svg/CAR_light.svg,https://assets.nhle.com/logos/nhl/svg/CAR_dark.svg,False,,,,,,21,Avalanche,Colorado,Colorado,du Colorado,COL,https://assets.nhle.com/logos/nhl/svg/COL_light.svg,https://assets.nhle.com/logos/nhl/svg/COL_dark.svg,False,,,,,,1,REG,3,,,,,,,,https://avs.social/2627_SCHEDULE_GM17,https://avs.social/2627_SCHEDULE_GM17,,,https://d2igy0yla8zi0u.cloudfront.net/CAR/20262027/CAR-radio.m3u8,https://avalanchepremium.com/events/Colorado-Avalanche-vs-Carolina-Hurricanes-125252/,Premium Spaces,https://d2igy0yla8zi0u.cloudfront.net/COL/20262027/COL-radio.m3u8,,,,Caroline,,
20252026,20262027,,America/Denver,2026020584,20262027,2,2026-12-20,False,2026-12-21T01:00:00Z,-05:00,-07:00,America/Denver,FUT,OK,"[{'id': 2, 'market': 'H', 'countryCode': 'US', 'network': 'ALT', 'sequenceNumber': 385}, {'id': 652, 'market': 'A', 'countryCode': 'US', 'network': 'Prime Video', 'sequenceNumber': 117}, {'id': 388, 'market': 'A', 'countryCode': 'US', 'network': 'KONG', 'sequenceNumber': 654}]",,,,/gamecenter/sea-vs-col/2026/12/20/2026020584,Ball Arena,55,Kraken,Seattle,Seattle,de Seattle,SEA,https://assets.nhle.com/logos/nhl/svg/SEA_light.svg,https://assets.nhle.com/logos/nhl/svg/SEA_dark.svg,False,,,,,,21,Avalanche,Colorado,Colorado,du Colorado,COL,https://assets.nhle.com/logos/nhl/svg/COL_light.svg,https://assets.nhle.com/logos/nhl/svg/COL_dark.svg,False,,,,,,1,REG,3,,,,,,,,https://avs.social/2627_SCHEDULE_GM18,https://avs.social/2627_SCHEDULE_GM18,,,https://d2igy0yla8zi0u.cloudfront.net/SEA/20262027/SEA-radio.m3u8,https://avalanchepremium.com/events/Colorado-Avalanche-vs-Seattle-Kraken-125253/,Premium Spaces,https://d2igy0yla8zi0u.cloudfront.net/COL/20262027/COL-radio.m3u8,,,,,,
20252026,20262027,,America/Denver,2026020618,20262027,2,2026-12-27,False,2026-12-28T01:00:00Z,-05:00,-08:00,America/Los_Angeles,FUT,OK,"[{'id': 284, 'market': 'N', 'countryCode': 'CA', 'network': 'SN1', 'sequenceNumber': 113}, {'id': 47, 'market': 'A', 'countryCode': 'US', 'network': 'ALT2', 'sequenceNumber': 408}, {'id': 652, 'market': 'H', 'countryCode': 'US', 'network': 'Prime Video', 'sequenceNumber': 117}, {'id': 557, 'market': 'H', 'countryCode': 'US', 'network': 'KTTV', 'sequenceNumber': 350}]",,,,/gamecenter/col-vs-ana/2026/12/27/2026020618,Honda Center,21,Avalanche,Colorado,Colorado,du Colorado,COL,https://assets.nhle.com/logos/nhl/svg/COL_light.svg,https://assets.nhle.com/logos/nhl/svg/COL_dark.svg,False,,,,,,24,Ducks,Anaheim,Anaheim,d'Anaheim,ANA,https://assets.nhle.com/logos/nhl/svg/ANA_light.svg,https://assets.nhle.com/logos/nhl/svg/ANA_dark.svg,False,,,,,,1,REG,3,,,,,,,,https://www.ticketmaster.com/event/090064EA32668D61?brand=ducks&artistid=805893&wt.mc_id=NHL_TEAM_ANA_SCHEDULE_GM19&utm_source=NHL.com&utm_medium=client&utm_campaign=NHL_TEAM_ANA&utm_content=SCHEDULE_GM19,https://www.ticketmaster.com/event/090064EA32668D61?brand=ducks&artistid=805893&wt.mc_id=NHL_TEAM_ANA_SCHEDULE_GM19&utm_source=NHL.com&utm_medium=client&utm_campaign=NHL_TEAM_ANA&utm_content=SCHEDULE_GM19,,,https://d2igy0yla8zi0u.cloudfront.net/COL/20262027/COL-radio.m3u8,,,https://d2igy0yla8zi0u.cloudfront.net/ANA/20262027/ANA-radio.m3u8,,,,,,
20252026,20262027,,America/Denver,2026020633,20262027,2,2026-12-29,False,2026-12-30T02:00:00Z,-05:00,-07:00,America/Denver,FUT,OK,"[{'id': 2, 'market': 'H', 'countryCode': 'US', 'network': 'ALT', 'sequenceNumber': 385}, {'id': 336, 'market': 'H', 'countryCode': 'US', 'network': 'KTVD', 'sequenceNumber': 623}, {'id': 649, 'market': 'A', 'countryCode': 'US', 'network': 'STLNHL', 'sequenceNumber': 1}, {'id': 650, 'market': 'A', 'countryCode': 'US', 'network': 'BN+', 'sequenceNumber': 1}]",,,,/gamecenter/stl-vs-col/2026/12/29/2026020633,Ball Arena,19,Blues,St. Louis,St. Louis,de St. Louis,STL,https://assets.nhle.com/logos/nhl/svg/STL_light.svg,https://assets.nhle.com/logos/nhl/svg/STL_dark.svg,False,,,,,,21,Avalanche,Colorado,Colorado,du Colorado,COL,https://assets.nhle.com/logos/nhl/svg/COL_light.svg,https://assets.nhle.com/logos/nhl/svg/COL_dark.svg,False,,,,,,1,REG,3,,,,,,,,https://avs.social/2627_SCHEDULE_GM19,https://avs.social/2627_SCHEDULE_GM19,,,https://d2igy0yla8zi0u.cloudfront.net/STL/20262027/STL-radio.m3u8,https://avalanchepremium.com/events/Colorado-Avalanche-vs-St-Louis-Blues-125254/,Premium Spaces,https://d2igy0yla8zi0u.cloudfront.net/COL/20262027/COL-radio.m3u8,,,,,,
20252026,20262027,,America/Denver,2026020647,20262027,2,2026-12-31,True,2026-12-31T23:00:00Z,-05:00,-07:00,America/Denver,FUT,OK,"[{'id': 385, 'market': 'N', 'countryCode': 'US', 'network': 'TNT', 'sequenceNumber': 11}, {'id': 501, 'market': 'N', 'countryCode': 'US', 'network': 'truTV', 'sequenceNumber': 14}, {'id': 578, 'market': 'N', 'countryCode': 'US', 'network': 'HBO MAX', 'sequenceNumber': 19}, {'id': 282, 'market': 'N', 'countryCode': 'CA', 'network': 'SN', 'sequenceNumber': 107}, {'id': 281, 'market': 'N', 'countryCode': 'CA', 'network': 'TVAS', 'sequenceNumber': 120}]",,,,/gamecenter/col-vs-uta/2026/12/31/2026020647,Rice-Eccles Stadium,21,Avalanche,Colorado,Colorado,du Colorado,COL,https://assets.nhle.com/logos/nhl/svg/COL_light.svg,https://assets.nhle.com/logos/nhl/svg/COL_dark.svg,False,,,,,,68,Mammoth,Utah,Utah,de l'Utah,UTA,https://assets.nhle.com/logos/nhl/svg/UTA_light.svg,https://assets.nhle.com/logos/nhl/svg/UTA_dark.svg,False,,,,,,1,REG,3,,,,,,,,https://www.ticketmaster.com/discover-nhl-winter-classic-colorado-avalanche-salt-lake-city-utah-12-31-2026/event/1E0064A87EC94B84?wid=club-web-schedule,https://www.ticketmaster.com/discover-nhl-winter-classic-colorado-avalanche-salt-lake-city-utah-12-31-2026/event/1E0064A87EC94B84?wid=club-web-schedule,,,https://d2igy0yla8zi0u.cloudfront.net/COL/20262027/COL-radio.m3u8,,,https://d2igy0yla8zi0u.cloudfront.net/UTA/20262027/UTA-radio.m3u8,,,,,,
20252026,20262027,,America/Denver,2026020667,20262027,2,2027-01-02,False,2027-01-03T03:00:00Z,-05:00,-08:00,US/Pacific,FUT,OK,"[{'id': 281, 'market': 'N', 'countryCode': 'CA', 'network': 'TVAS', 'sequenceNumber': 120}, {'id': 2, 'market': 'A', 'countryCode': 'US', 'network': 'ALT', 'sequenceNumber': 385}, {'id': 521, 'market': 'H', 'countryCode': 'US', 'network': 'SCRIPPS', 'sequenceNumber': 657}]",,,,/gamecenter/col-vs-vgk/2027/01/02/2026020667,T-Mobile Arena,21,Avalanche,Colorado,Colorado,du Colorado,COL,https://assets.nhle.com/logos/nhl/svg/COL_light.svg,https://assets.nhle.com/logos/nhl/svg/COL_dark.svg,False,,,,,,54,Golden Knights,Vegas,Vegas,de Vegas,VGK,https://assets.nhle.com/logos/nhl/svg/VGK_light.svg,https://assets.nhle.com/logos/nhl/svg/VGK_dark.svg,False,,,,,,1,REG,3,,,,,,,,https://tix.axs.com/c8egKQAAAAB6O%2bPuAgAAAABE%2fv%2f%2f%2fwD%2f%2f%2f%2f%2fEnZlZ2FzZ29sZGVua25pZ2h0cwD%2f%2f%2f%2f%2f%2f%2f%2f%2f%2fw%3d%3d,https://tix.axs.com/c8egKQAAAAB6O%2bPuAgAAAABE%2fv%2f%2f%2fwD%2f%2f%2f%2f%2fEnZlZ2FzZ29sZGVua25pZ2h0cwD%2f%2f%2f%2f%2f%2f%2f%2f%2f%2fw%3d%3d,https://avalanchepremium.com/events/Colorado-Avalanche-vs-Vegas-Golden-Knights-125255/,Premium Spaces,https://d2igy0yla8zi0u.cloudfront.net/COL/20262027/COL-radio.m3u8,,,https://d2igy0yla8zi0u.cloudfront.net/VGK/20262027/VGK-radio.m3u8,,,,,,
20252026,20262027,,America/Denver,2026020678,20262027,2,2027-01-04,False,2027-01-05T02:00:00Z,-05:00,-07:00,America/Denver,FUT,OK,"[{'id': 2, 'market': 'H', 'countryCode': 'US', 'network': 'ALT', 'sequenceNumber': 385}, {'id': 521, 'market': 'A', 'countryCode': 'US', 'network': 'SCRIPPS', 'sequenceNumber': 657}]",,,,/gamecenter/vgk-vs-col/2027/01/04/2026020678,Ball Arena,54,Golden Knights,Vegas,Vegas,de Vegas,VGK,https://assets.nhle.com/logos/nhl/svg/VGK_light.svg,https://assets.nhle.com/logos/nhl/svg/VGK_dark.svg,False,,,,,,21,Avalanche,Colorado,Colorado,du Colorado,COL,https://assets.nhle.com/logos/nhl/svg/COL_light.svg,https://assets.nhle.com/logos/nhl/svg/COL_dark.svg,False,,,,,,1,REG,3,,,,,,,,https://avs.social/2627_SCHEDULE_GM20,https://avs.social/2627_SCHEDULE_GM20,,,https://d2igy0yla8zi0u.cloudfront.net/VGK/20262027/VGK-radio.m3u8,,,https://d2igy0yla8zi0u.cloudfront.net/COL/20262027/COL-radio.m3u8,,,,,,
20252026,20262027,,America/Denver,2026020691,20262027,2,2027-01-06,False,2027-01-07T02:30:00Z,-05:00,-07:00,America/Denver,FUT,OK,"[{'id': 2, 'market': 'H', 'countryCode': 'US', 'network': 'ALT', 'sequenceNumber': 385}, {'id': 294, 'market': 'A', 'countryCode': 'CA', 'network': 'TSN5', 'sequenceNumber': 135}, {'id': 230, 'market': 'A', 'countryCode': 'CA', 'network': 'RDS2', 'sequenceNumber': 146}]",,,,/gamecenter/ott-vs-col/2027/01/06/2026020691,Ball Arena,9,Senators,Ottawa,Ottawa,d'Ottawa,OTT,https://assets.nhle.com/logos/nhl/svg/OTT_light.svg,https://assets.nhle.com/logos/nhl/svg/OTT_dark.svg,False,https://www.aircanada.com/home/ca/en/aco/flights,Book Flights with Air Canada,https://www.brookstreethotel.com/?gad_source=1&gad_campaignid=361534260&gbraid=0AAAAAD7lh6gowt52ky_hNFfUfpIJrBOLt&gclid=CjwKCAjws_DTBhB_EiwAXZknGWgxgnsGfRdBp1sxO_Bjc5W4YaWOrsfOWgCMIIPHfxIA9-A04EYXdhoClb8QAvD_BwE,Brookstreet Hotel,,21,Avalanche,Colorado,Colorado,du Colorado,COL,https://assets.nhle.com/logos/nhl/svg/COL_light.svg,https://assets.nhle.com/logos/nhl/svg/COL_dark.svg,False,,,,,,1,REG,3,,,,,,,,https://avs.social/2627_SCHEDULE_GM21,https://avs.social/2627_SCHEDULE_GM21,,,https://d2igy0yla8zi0u.cloudfront.net/OTT/20262027/OTT-radio.m3u8,https://avalanchepremium.com/events/Colorado-Avalanche-vs-Ottawa-Senators-125256/,Premium Spaces,https://d2igy0yla8zi0u.cloudfront.net/COL/20262027/COL-radio.m3u8,,,,,Sénateurs,
20252026,20262027,,America/Denver,2026020706,20262027,2,2027-01-08,False,2027-01-09T02:00:00Z,-05:00,-07:00,America/Denver,FUT,OK,"[{'id': 549, 'market': 'N', 'countryCode': 'CA', 'network': 'SN+', 'sequenceNumber': 117}, {'id': 2, 'market': 'H', 'countryCode': 'US', 'network': 'ALT', 'sequenceNumber': 385}, {'id': 652, 'market': 'A', 'countryCode': 'US', 'network': 'Prime Video', 'sequenceNumber': 117}, {'id': 387, 'market': 'A', 'countryCode': 'US', 'network': 'KING', 'sequenceNumber': 615}, {'id': 388, 'market': 'A', 'countryCode': 'US', 'network': 'KONG', 'sequenceNumber': 654}]",,,,/gamecenter/sea-vs-col/2027/01/08/2026020706,Ball Arena,55,Kraken,Seattle,Seattle,de Seattle,SEA,https://assets.nhle.com/logos/nhl/svg/SEA_light.svg,https://assets.nhle.com/logos/nhl/svg/SEA_dark.svg,False,,,,,,21,Avalanche,Colorado,Colorado,du Colorado,COL,https://assets.nhle.com/logos/nhl/svg/COL_light.svg,https://assets.nhle.com/logos/nhl/svg/COL_dark.svg,False,,,,,,1,REG,3,,,,,,,,https://avs.social/2627_SCHEDULE_GM22,https://avs.social/2627_SCHEDULE_GM22,,,https://d2igy0yla8zi0u.cloudfront.net/SEA/20262027/SEA-radio.m3u8,https://avalanchepremium.com/events/Colorado-Avalanche-vs-Seattle-Kraken-125257/,Premium Spaces,https://d2igy0yla8zi0u.cloudfront.net/COL/20262027/COL-radio.m3u8,,,,,,
20252026,20262027,,America/Denver,2026020723,20262027,2,2027-01-10,False,2027-01-11T01:00:00Z,-05:00,-07:00,America/Denver,FUT,OK,"[{'id': 284, 'market': 'N', 'countryCode': 'CA', 'network': 'SN1', 'sequenceNumber': 113}, {'id': 281, 'market': 'N', 'countryCode': 'CA', 'network': 'TVAS', 'sequenceNumber': 120}, {'id': 2, 'market': 'H', 'countryCode': 'US', 'network': 'ALT', 'sequenceNumber': 385}, {'id': 521, 'market': 'A', 'countryCode': 'US', 'network': 'SCRIPPS', 'sequenceNumber': 657}]",,,,/gamecenter/nsh-vs-col/2027/01/10/2026020723,Ball Arena,18,Predators,Nashville,Nashville,de Nashville,NSH,https://assets.nhle.com/logos/nhl/svg/NSH_light.svg,https://assets.nhle.com/logos/nhl/svg/NSH_dark.svg,False,,,,,,21,Avalanche,Colorado,Colorado,du Colorado,COL,https://assets.nhle.com/logos/nhl/svg/COL_light.svg,https://assets.nhle.com/logos/nhl/svg/COL_dark.svg,False,,,,,,1,REG,3,,,,,,,,https://avs.social/2627_SCHEDULE_GM23,https://avs.social/2627_SCHEDULE_GM23,,,https://d2igy0yla8zi0u.cloudfront.net/NSH/20262027/NSH-radio.m3u8,https://avalanchepremium.com/events/Colorado-Avalanche-vs-Nashville-Predators-125258/,Premium Spaces,https://d2igy0yla8zi0u.cloudfront.net/COL/20262027/COL-radio.m3u8,,,,,,
20252026,20262027,,America/Denver,2026020730,20262027,2,2027-01-12,False,2027-01-13T00:00:00Z,-05:00,-05:00,US/Eastern,FUT,OK,"[{'id': 329, 'market': 'N', 'countryCode': 'US', 'network': 'ESPN+', 'sequenceNumber': 16}, {'id': 391, 'market': 'N', 'countryCode': 'US', 'network': 'HULU', 'sequenceNumber': 17}, {'id': 282, 'market': 'N', 'countryCode': 'CA', 'network': 'SN', 'sequenceNumber': 21}, {'id': 574, 'market': 'N', 'countryCode': 'US', 'network': 'Disney+', 'sequenceNumber': 21}, {'id': 281, 'market': 'N', 'countryCode': 'CA', 'network': 'TVAS', 'sequenceNumber': 120}]",,,,/gamecenter/col-vs-pit/2027/01/12/2026020730,PPG Paints Arena,21,Avalanche,Colorado,Colorado,du Colorado,COL,https://assets.nhle.com/logos/nhl/svg/COL_light.svg,https://assets.nhle.com/logos/nhl/svg/COL_dark.svg,False,,,,,,5,Penguins,Pittsburgh,Pittsburgh,de Pittsburgh,PIT,https://assets.nhle.com/logos/nhl/svg/PIT_light.svg,https://assets.nhle.com/logos/nhl/svg/PIT_dark.svg,False,,,,,,1,REG,3,,,,,,,,https://www.ticketmaster.com/event/160064EAF52AB82A?brand=penguins&artistid=806005&wt.mc_id=NHL_TEAM_PIT_SCHEDULE_GM24&utm_source=NHL.com&utm_medium=client&utm_campaign=NHL_TEAM_PIT&utm_content=SCHEDULE_GM24&camefrom=NHLPENGUINS_WEB_SCHEDULE,https://www.ticketmaster.com/event/160064EAF52AB82A?brand=penguins&artistid=806005&wt.mc_id=NHL_TEAM_PIT_SCHEDULE_GM24&utm_source=NHL.com&utm_medium=client&utm_campaign=NHL_TEAM_PIT&utm_content=SCHEDULE_GM24&camefrom=NHLPENGUINS_WEB_SCHEDULE,,,https://d2igy0yla8zi0u.cloudfront.net/COL/20262027/COL-radio.m3u8,,,https://d2igy0yla8zi0u.cloudfront.net/PIT/20262027/PIT-radio.m3u8,,,,,,
20252026,20262027,,America/Denver,2026020744,20262027,2,2027-01-14,False,2027-01-15T00:30:00Z,-05:00,-05:00,America/New_York,FUT,OK,"[{'id': 549, 'market': 'N', 'countryCode': 'CA', 'network': 'SN+', 'sequenceNumber': 117}, {'id': 47, 'market': 'A', 'countryCode': 'US', 'network': 'ALT2', 'sequenceNumber': 408}, {'id': 28, 'market': 'H', 'countryCode': 'US', 'network': 'MSG-B', 'sequenceNumber': 392}]",,,,/gamecenter/col-vs-buf/2027/01/14/2026020744,KeyBank Center,21,Avalanche,Colorado,Colorado,du Colorado,COL,https://assets.nhle.com/logos/nhl/svg/COL_light.svg,https://assets.nhle.com/logos/nhl/svg/COL_dark.svg,False,,,,,,7,Sabres,Buffalo,Buffalo,de Buffalo,BUF,https://assets.nhle.com/logos/nhl/svg/BUF_light.svg,https://assets.nhle.com/logos/nhl/svg/BUF_dark.svg,False,,,,,,1,REG,3,,,,,,,,https://www.ticketmaster.com/event/000064EFCA9F7D26?brand=sabres&artistid=805906&wt.mc_id=NHL_TEAM_BUF_SCHEDULE_GM23&utm_source=NHL.com&utm_medium=client&utm_campaign=NHL_TEAM_BUF&utm_content=SCHEDULE_GM23,https://www.ticketmaster.com/event/000064EFCA9F7D26?brand=sabres&artistid=805906&wt.mc_id=NHL_TEAM_BUF_SCHEDULE_GM23&utm_source=NHL.com&utm_medium=client&utm_campaign=NHL_TEAM_BUF&utm_content=SCHEDULE_GM23,,,https://d2igy0yla8zi0u.cloudfront.net/COL/20262027/COL-radio.m3u8,https://www.nhl.com/sabres/tickets/theme-nights,Hall of Fame Night,https://d2igy0yla8zi0u.cloudfront.net/BUF/20262027/BUF-radio.m3u8,,,,,,
20252026,20262027,,America/Denver,2026020765,20262027,2,2027-01-16,False,2027-01-17T00:00:00Z,-05:00,-05:00,US/Eastern,FUT,OK,"[{'id': 47, 'market': 'A', 'countryCode': 'US', 'network': 'ALT2', 'sequenceNumber': 408}, {'id': 336, 'market': 'A', 'countryCode': 'US', 'network': 'KTVD', 'sequenceNumber': 623}, {'id': 517, 'market': 'H', 'countryCode': 'US', 'network': 'MNMT', 'sequenceNumber': 396}]",,,,/gamecenter/col-vs-wsh/2027/01/16/2026020765,Capital One Arena,21,Avalanche,Colorado,Colorado,du Colorado,COL,https://assets.nhle.com/logos/nhl/svg/COL_light.svg,https://assets.nhle.com/logos/nhl/svg/COL_dark.svg,False,,,,,,15,Capitals,Washington,Washington,de Washington,WSH,https://assets.nhle.com/logos/nhl/svg/WSH_secondary_light.svg,https://assets.nhle.com/logos/nhl/svg/WSH_secondary_dark.svg,False,https://www.united.com/en/us?utm_source=washcaps_schedulepage&utm_medium=web_organic&utm_campaign=2627_washcaps&utm_content=united,Fly with United Arlines,,,,1,REG,3,,,,,,,,https://www.ticketmaster.com/event/150064F035F7E5CA?brand=capitals&artistid=806039&wt.mc_id=NHL_TEAM_WSH_SCHEDULE_GM25&utm_source=club_schedule&utm_medium=web_organic&utm_campaign=2627sgb_cb0116ca,https://www.ticketmaster.com/event/150064F035F7E5CA?brand=capitals&artistid=806039&wt.mc_id=NHL_TEAM_WSH_SCHEDULE_GM25&utm_source=club_schedule&utm_medium=web_organic&utm_campaign=2627sgb_cb0116ca,,,https://d2igy0yla8zi0u.cloudfront.net/COL/20262027/COL-radio.m3u8,,,https://d2igy0yla8zi0u.cloudfront.net/WSH/20262027/WSH-radio.m3u8,,,,,,
20252026,20262027,,America/Denver,2026020779,20262027,2,2027-01-18,False,2027-01-18T20:00:00Z,-05:00,-07:00,America/Denver,FUT,OK,"[{'id': 549, 'market': 'N', 'countryCode': 'CA', 'network': 'SN+', 'sequenceNumber': 117}, {'id': 2, 'market': 'H', 'countryCode': 'US', 'network': 'ALT', 'sequenceNumber': 385}]",,,,/gamecenter/van-vs-col/2027/01/18/2026020779,Ball Arena,23,Canucks,Vancouver,Vancouver,de Vancouver,VAN,https://assets.nhle.com/logos/nhl/svg/VAN_light.svg,https://assets.nhle.com/logos/nhl/svg/VAN_dark.svg,False,https://www.aircanada.com/?utm_source=canuckscom&utm_medium=calendar,Book with Air Canada,,,,21,Avalanche,Colorado,Colorado,du Colorado,COL,https://assets.nhle.com/logos/nhl/svg/COL_light.svg,https://assets.nhle.com/logos/nhl/svg/COL_dark.svg,False,,,,,,1,REG,3,,,,,,,,https://avs.social/2627_SCHEDULE_GM24,https://avs.social/2627_SCHEDULE_GM24,,,https://d2igy0yla8zi0u.cloudfront.net/VAN/20262027/VAN-radio.m3u8,https://avalanchepremium.com/events/Colorado-Avalanche-vs-Vancouver-Canucks-125259/,Premium Spaces,https://d2igy0yla8zi0u.cloudfront.net/COL/20262027/COL-radio.m3u8,,,,,,
20252026,20262027,,America/Denver,2026020795,20262027,2,2027-01-20,False,2027-01-21T02:00:00Z,-05:00,-07:00,America/Denver,FUT,OK,"[{'id': 555, 'market': 'H', 'countryCode': 'US', 'network': 'KUSA', 'sequenceNumber': 352}, {'id': 2, 'market': 'H', 'countryCode': 'US', 'network': 'ALT', 'sequenceNumber': 385}, {'id': 336, 'market': 'H', 'countryCode': 'US', 'network': 'KTVD', 'sequenceNumber': 623}, {'id': 31, 'market': 'A', 'countryCode': 'US', 'network': 'NESN', 'sequenceNumber': 405}]",,,,/gamecenter/bos-vs-col/2027/01/20/2026020795,Ball Arena,6,Bruins,Boston,Boston,de Boston,BOS,https://assets.nhle.com/logos/nhl/svg/BOS_light.svg,https://assets.nhle.com/logos/nhl/svg/BOS_dark.svg,False,,,,,,21,Avalanche,Colorado,Colorado,du Colorado,COL,https://assets.nhle.com/logos/nhl/svg/COL_light.svg,https://assets.nhle.com/logos/nhl/svg/COL_dark.svg,False,,,,,,1,REG,3,,,,,,,,https://avs.social/2627_SCHEDULE_GM25,https://avs.social/2627_SCHEDULE_GM25,,,https://d2igy0yla8zi0u.cloudfront.net/BOS/20262027/BOS-radio.m3u8,https://avalanchepremium.com/events/Colorado-Avalanche-vs-Boston-Bruins-125260/,Premium Spaces,https://d2igy0yla8zi0u.cloudfront.net/COL/20262027/COL-radio.m3u8,,,,,,
20252026,20262027,,America/Denver,2026020810,20262027,2,2027-01-22,False,2027-01-23T01:00:00Z,-05:00,-06:00,US/Central,FUT,OK,"[{'id': 2, 'market': 'A', 'countryCode': 'US', 'network': 'ALT', 'sequenceNumber': 385}, {'id': 652, 'market': 'H', 'countryCode': 'US', 'network': 'Prime Video', 'sequenceNumber': 117}]",,,,/gamecenter/col-vs-dal/2027/01/22/2026020810,American Airlines Center,21,Avalanche,Colorado,Colorado,du Colorado,COL,https://assets.nhle.com/logos/nhl/svg/COL_light.svg,https://assets.nhle.com/logos/nhl/svg/COL_dark.svg,False,,,,,,25,Stars,Dallas,Dallas,de Dallas,DAL,https://assets.nhle.com/logos/nhl/svg/DAL_light.svg,https://assets.nhle.com/logos/nhl/svg/DAL_dark.svg,False,https://www.aa.com/homePage.do?c=SPNS%7CDSP%7CSTR%7C2026%7CSCH%7C_STARS_2026_SCHEDULE_PAGE,Book flights with American Airlines,,,,1,REG,3,,,,,,,,https://www.ticketmaster.com/event/0C0064EDD1A4976A?brand=dallas_stars&wt.mc_id=NHL_TEAM_DAL_SCHEDULE_GM25&utm_source=NHL.com&utm_medium=client&utm_campaign=NHL_TEAM_DAL&utm_content=SCHEDULE_GM25,https://www.ticketmaster.com/event/0C0064EDD1A4976A?brand=dallas_stars&wt.mc_id=NHL_TEAM_DAL_SCHEDULE_GM25&utm_source=NHL.com&utm_medium=client&utm_campaign=NHL_TEAM_DAL&utm_content=SCHEDULE_GM25,,,https://d2igy0yla8zi0u.cloudfront.net/COL/20262027/COL-radio.m3u8,,,https://d2igy0yla8zi0u.cloudfront.net/DAL/20262027/DAL-radio.m3u8,,,,,,
20252026,20262027,,America/Denver,2026020826,20262027,2,2027-01-24,False,2027-01-24T22:00:00Z,-05:00,-07:00,America/Denver,FUT,OK,"[{'id': 282, 'market': 'N', 'countryCode': 'CA', 'network': 'SN', 'sequenceNumber': 107}, {'id': 281, 'market': 'N', 'countryCode': 'CA', 'network': 'TVAS', 'sequenceNumber': 120}, {'id': 2, 'market': 'H', 'countryCode': 'US', 'network': 'ALT', 'sequenceNumber': 385}, {'id': 652, 'market': 'A', 'countryCode': 'US', 'network': 'Prime Video', 'sequenceNumber': 117}]",,,,/gamecenter/dal-vs-col/2027/01/24/2026020826,Ball Arena,25,Stars,Dallas,Dallas,de Dallas,DAL,https://assets.nhle.com/logos/nhl/svg/DAL_light.svg,https://assets.nhle.com/logos/nhl/svg/DAL_dark.svg,False,https://www.aa.com/homePage.do?c=SPNS%7CDSP%7CSTR%7C2026%7CSCH%7C_STARS_2026_SCHEDULE_PAGE,Book flights with American Airlines,,,,21,Avalanche,Colorado,Colorado,du Colorado,COL,https://assets.nhle.com/logos/nhl/svg/COL_light.svg,https://assets.nhle.com/logos/nhl/svg/COL_dark.svg,False,,,,,,1,REG,3,,,,,,,,https://avs.social/2627_SCHEDULE_GM26,https://avs.social/2627_SCHEDULE_GM26,,,https://d2igy0yla8zi0u.cloudfront.net/DAL/20262027/DAL-radio.m3u8,https://avalanchepremium.com/events/Colorado-Avalanche-vs-Dallas-Stars-125261/,Premium Spaces,https://d2igy0yla8zi0u.cloudfront.net/COL/20262027/COL-radio.m3u8,,,,,,
20252026,20262027,,America/Denver,2026020845,20262027,2,2027-01-26,False,2027-01-27T02:00:00Z,-05:00,-07:00,America/Denver,FUT,OK,"[{'id': 284, 'market': 'N', 'countryCode': 'CA', 'network': 'SN1', 'sequenceNumber': 113}, {'id': 281, 'market': 'N', 'countryCode': 'CA', 'network': 'TVAS', 'sequenceNumber': 120}, {'id': 2, 'market': 'H', 'countryCode': 'US', 'network': 'ALT', 'sequenceNumber': 385}, {'id': 336, 'market': 'H', 'countryCode': 'US', 'network': 'KTVD', 'sequenceNumber': 623}]",,,,/gamecenter/edm-vs-col/2027/01/26/2026020845,Ball Arena,22,Oilers,Edmonton,Edmonton,d'Edmonton,EDM,https://assets.nhle.com/logos/nhl/svg/EDM_light.svg,https://assets.nhle.com/logos/nhl/svg/EDM_dark.svg,False,,,,,,21,Avalanche,Colorado,Colorado,du Colorado,COL,https://assets.nhle.com/logos/nhl/svg/COL_light.svg,https://assets.nhle.com/logos/nhl/svg/COL_dark.svg,False,,,,,,1,REG,3,,,,,,,,https://avs.social/2627_SCHEDULE_GM27,https://avs.social/2627_SCHEDULE_GM27,,,https://d2igy0yla8zi0u.cloudfront.net/EDM/20262027/EDM-radio.m3u8,https://avalanchepremium.com/events/Colorado-Avalanche-vs-Edmonton-Oilers-125262/,Premium Spaces,https://d2igy0yla8zi0u.cloudfront.net/COL/20262027/COL-radio.m3u8,,,,,,
20252026,20262027,,America/Denver,2026020853,20262027,2,2027-01-28,False,2027-01-29T01:00:00Z,-05:00,-06:00,US/Central,FUT,OK,"[{'id': 2, 'market': 'A', 'countryCode': 'US', 'network': 'ALT', 'sequenceNumber': 385}, {'id': 649, 'market': 'H', 'countryCode': 'US', 'network': 'STLNHL', 'sequenceNumber': 1}, {'id': 650, 'market': 'H', 'countryCode': 'US', 'network': 'BN+', 'sequenceNumber': 1}]",,,,/gamecenter/col-vs-stl/2027/01/28/2026020853,Enterprise Center,21,Avalanche,Colorado,Colorado,du Colorado,COL,https://assets.nhle.com/logos/nhl/svg/COL_light.svg,https://assets.nhle.com/logos/nhl/svg/COL_dark.svg,False,,,,,,19,Blues,St. Louis,St. Louis,de St. Louis,STL,https://assets.nhle.com/logos/nhl/svg/STL_light.svg,https://assets.nhle.com/logos/nhl/svg/STL_dark.svg,False,,,https://www.stlouisunionstation.com/hotel-packages,Stay at Union Station,,1,REG,3,,,,,,,,https://www.ticketmaster.com/event/060064EECD751960?brand=blues&artistid=806025&wt.mc_id=NHL_TEAM_STL_SCHEDULE_GM27&utm_source=NHL.com&utm_medium=client&utm_campaign=NHL_TEAM_STL&utm_content=SCHEDULE_GM27,https://www.ticketmaster.com/event/060064EECD751960?brand=blues&artistid=806025&wt.mc_id=NHL_TEAM_STL_SCHEDULE_GM27&utm_source=NHL.com&utm_medium=client&utm_campaign=NHL_TEAM_STL&utm_content=SCHEDULE_GM27,,,https://d2igy0yla8zi0u.cloudfront.net/COL/20262027/COL-radio.m3u8,,,https://d2igy0yla8zi0u.cloudfront.net/STL/20262027/STL-radio.m3u8,,,,,,
20252026,20262027,,America/Denver,2026020868,20262027,2,2027-01-30,False,2027-01-30T22:00:00Z,-05:00,-07:00,America/Denver,FUT,OK,"[{'id': 2, 'market': 'H', 'countryCode': 'US', 'network': 'ALT', 'sequenceNumber': 385}, {'id': 28, 'market': 'A', 'countryCode': 'US', 'network': 'MSG-B', 'sequenceNumber': 392}]",,,,/gamecenter/buf-vs-col/2027/01/30/2026020868,Ball Arena,7,Sabres,Buffalo,Buffalo,de Buffalo,BUF,https://assets.nhle.com/logos/nhl/svg/BUF_light.svg,https://assets.nhle.com/logos/nhl/svg/BUF_dark.svg,False,,,,,,21,Avalanche,Colorado,Colorado,du Colorado,COL,https://assets.nhle.com/logos/nhl/svg/COL_light.svg,https://assets.nhle.com/logos/nhl/svg/COL_dark.svg,False,,,,,,1,REG,3,,,,,,,,https://avs.social/2627_SCHEDULE_GM28,https://avs.social/2627_SCHEDULE_GM28,,,https://d2igy0yla8zi0u.cloudfront.net/BUF/20262027/BUF-radio.m3u8,https://avalanchepremium.com/events/Colorado-Avalanche-vs-Buffalo-Sabres-125263/,Premium Spaces,https://d2igy0yla8zi0u.cloudfront.net/COL/20262027/COL-radio.m3u8,,,,,,
20252026,20262027,,America/Denver,2026020898,20262027,2,2027-02-09,False,2027-02-10T00:30:00Z,-05:00,-05:00,US/Eastern,FUT,OK,"[{'id': 329, 'market': 'N', 'countryCode': 'US', 'network': 'ESPN+', 'sequenceNumber': 16}, {'id': 391, 'market': 'N', 'countryCode': 'US', 'network': 'HULU', 'sequenceNumber': 17}, {'id': 574, 'market': 'N', 'countryCode': 'US', 'network': 'Disney+', 'sequenceNumber': 21}, {'id': 282, 'market': 'N', 'countryCode': 'CA', 'network': 'SN', 'sequenceNumber': 107}, {'id': 281, 'market': 'N', 'countryCode': 'CA', 'network': 'TVAS', 'sequenceNumber': 120}]",,,,/gamecenter/col-vs-car/2027/02/09/2026020898,Lenovo Center,21,Avalanche,Colorado,Colorado,du Colorado,COL,https://assets.nhle.com/logos/nhl/svg/COL_light.svg,https://assets.nhle.com/logos/nhl/svg/COL_dark.svg,False,,,,,,12,Hurricanes,Carolina,Carolina,de la Caroline,CAR,https://assets.nhle.com/logos/nhl/svg/CAR_light.svg,https://assets.nhle.com/logos/nhl/svg/CAR_dark.svg,False,,,,,,1,REG,3,,,,,,,,https://www.ticketmaster.com/event/2D0064F4BD07D02E?brand=carolinahurricanes&artistid=805908&wt.mc_id=NHL_TEAM_CAR_SCHEDULE_GM27&utm_source=NHL.com&utm_medium=client&utm_campaign=NHL_TEAM_CAR&utm_content=SCHEDULE_GM27,https://www.ticketmaster.com/event/2D0064F4BD07D02E?brand=carolinahurricanes&artistid=805908&wt.mc_id=NHL_TEAM_CAR_SCHEDULE_GM27&utm_source=NHL.com&utm_medium=client&utm_campaign=NHL_TEAM_CAR&utm_content=SCHEDULE_GM27,,,https://d2igy0yla8zi0u.cloudfront.net/COL/20262027/COL-radio.m3u8,,,https://d2igy0yla8zi0u.cloudfront.net/CAR/20262027/CAR-radio.m3u8,Caroline,,,,,
20252026,20262027,,America/Denver,2026020908,20262027,2,2027-02-12,False,2027-02-13T00:00:00Z,-05:00,-05:00,US/Eastern,FUT,OK,"[{'id': 549, 'market': 'N', 'countryCode': 'CA', 'network': 'SN+', 'sequenceNumber': 117}, {'id': 281, 'market': 'N', 'countryCode': 'CA', 'network': 'TVAS', 'sequenceNumber': 120}, {'id': 47, 'market': 'A', 'countryCode': 'US', 'network': 'ALT2', 'sequenceNumber': 408}, {'id': 521, 'market': 'H', 'countryCode': 'US', 'network': 'SCRIPPS', 'sequenceNumber': 657}]",,,,/gamecenter/col-vs-fla/2027/02/12/2026020908,Amerant Bank Arena,21,Avalanche,Colorado,Colorado,du Colorado,COL,https://assets.nhle.com/logos/nhl/svg/COL_light.svg,https://assets.nhle.com/logos/nhl/svg/COL_dark.svg,False,,,,,,13,Panthers,Florida,Florida,de la Floride,FLA,https://assets.nhle.com/logos/nhl/svg/FLA_light.svg,https://assets.nhle.com/logos/nhl/svg/FLA_dark.svg,False,https://www.jetblue.com/,Fly with JetBlue,,,,1,REG,3,,,,,,,,https://www.nhl.com/panthers/tickets/,https://www.nhl.com/panthers/tickets/,,,https://d2igy0yla8zi0u.cloudfront.net/COL/20262027/COL-radio.m3u8,,,https://d2igy0yla8zi0u.cloudfront.net/FLA/20262027/FLA-radio.m3u8,Floride,,,,,
20252026,20262027,,America/Denver,2026020919,20262027,2,2027-02-13,False,2027-02-14T00:00:00Z,-05:00,-05:00,US/Eastern,FUT,OK,"[{'id': 2, 'market': 'A', 'countryCode': 'US', 'network': 'ALT', 'sequenceNumber': 385}, {'id': 336, 'market': 'A', 'countryCode': 'US', 'network': 'KTVD', 'sequenceNumber': 623}, {'id': 581, 'market': 'H', 'countryCode': 'US', 'network': 'The Spot', 'sequenceNumber': 211}]",,,,/gamecenter/col-vs-tbl/2027/02/13/2026020919,Benchmark International Arena,21,Avalanche,Colorado,Colorado,du Colorado,COL,https://assets.nhle.com/logos/nhl/svg/COL_light.svg,https://assets.nhle.com/logos/nhl/svg/COL_dark.svg,False,,,,,,14,Lightning,Tampa Bay,Tampa Bay,de Tampa Bay,TBL,https://assets.nhle.com/logos/nhl/svg/TBL_light.svg,https://assets.nhle.com/logos/nhl/svg/TBL_dark.svg,False,,,,,,1,REG,3,,,,,,,,https://www.ticketmaster.com/event/0D0064F8CFC09E86?brand=tblightning&artistid=806028&landing=s&wt.mc_id=NHL_TEAM_TBL_SCHEDULE_GM28&utm_source=NHL.com&utm_medium=client&utm_campaign=NHL_TEAM_TBL&utm_content=SCHEDULE_GM28,https://www.ticketmaster.com/event/0D0064F8CFC09E86?brand=tblightning&artistid=806028&landing=s&wt.mc_id=NHL_TEAM_TBL_SCHEDULE_GM28&utm_source=NHL.com&utm_medium=client&utm_campaign=NHL_TEAM_TBL&utm_content=SCHEDULE_GM28,,,https://d2igy0yla8zi0u.cloudfront.net/COL/20262027/COL-radio.m3u8,,,https://d2igy0yla8zi0u.cloudfront.net/TBL/20262027/TBL-radio.m3u8,,,,,,
20252026,20262027,,America/Denver,2026020932,20262027,2,2027-02-15,False,2027-02-15T20:00:00Z,-05:00,-07:00,America/Denver,FUT,OK,"[{'id': 549, 'market': 'N', 'countryCode': 'CA', 'network': 'SN+', 'sequenceNumber': 117}, {'id': 2, 'market': 'H', 'countryCode': 'US', 'network': 'ALT', 'sequenceNumber': 385}, {'id': 647, 'market': 'A', 'countryCode': 'US', 'network': 'CBJNHL', 'sequenceNumber': 1}, {'id': 755, 'market': 'A', 'countryCode': 'US', 'network': 'CBJHN', 'sequenceNumber': 1}]",,,,/gamecenter/cbj-vs-col/2027/02/15/2026020932,Ball Arena,29,Blue Jackets,Columbus,Columbus,de Columbus,CBJ,https://assets.nhle.com/logos/nhl/svg/CBJ_light.svg,https://assets.nhle.com/logos/nhl/svg/CBJ_dark.svg,False,,,,,,21,Avalanche,Colorado,Colorado,du Colorado,COL,https://assets.nhle.com/logos/nhl/svg/COL_light.svg,https://assets.nhle.com/logos/nhl/svg/COL_dark.svg,False,,,,,,1,REG,3,,,,,,,,https://avs.social/2627_SCHEDULE_GM29,https://avs.social/2627_SCHEDULE_GM29,,,https://d2igy0yla8zi0u.cloudfront.net/CBJ/20262027/CBJ-radio.m3u8,https://avalanchepremium.com/events/Colorado-Avalanche-vs-Columbus-Blue-Jackets-125264/,Premium Spaces,https://d2igy0yla8zi0u.cloudfront.net/COL/20262027/COL-radio.m3u8,,,,,,
20252026,20262027,,America/Denver,2026020949,20262027,2,2027-02-17,False,2027-02-18T02:00:00Z,-05:00,-07:00,America/Edmonton,FUT,OK,"[{'id': 385, 'market': 'N', 'countryCode': 'US', 'network': 'TNT', 'sequenceNumber': 11}, {'id': 501, 'market': 'N', 'countryCode': 'US', 'network': 'truTV', 'sequenceNumber': 14}, {'id': 578, 'market': 'N', 'countryCode': 'US', 'network': 'HBO MAX', 'sequenceNumber': 19}, {'id': 2, 'market': 'A', 'countryCode': 'US', 'network': 'ALT', 'sequenceNumber': 385}, {'id': 289, 'market': 'H', 'countryCode': 'CA', 'network': 'SNW', 'sequenceNumber': 34}]",,,,/gamecenter/col-vs-edm/2027/02/17/2026020949,Rogers Place,21,Avalanche,Colorado,Colorado,du Colorado,COL,https://assets.nhle.com/logos/nhl/svg/COL_light.svg,https://assets.nhle.com/logos/nhl/svg/COL_dark.svg,False,,,,,,22,Oilers,Edmonton,Edmonton,d'Edmonton,EDM,https://assets.nhle.com/logos/nhl/svg/EDM_light.svg,https://assets.nhle.com/logos/nhl/svg/EDM_dark.svg,False,,,,,,1,REG,3,,,,,,,,https://www.ticketmaster.ca/event/11006513A58EA39A?brand=edmontonoilers&artistid=805943&wt.mc_id=NHL_TEAM_EDM_SCHEDULE_GM31&utm_source=NHL.com&utm_medium=client_PM&utm_campaign=NHL_TEAM_EDM&utm_content=SCHEDULE_GM31,https://www.ticketmaster.ca/event/11006513A58EA39A?brand=edmontonoilers&artistid=805943&wt.mc_id=NHL_TEAM_EDM_SCHEDULE_GM31&utm_source=NHL.com&utm_medium=client_PM&utm_campaign=NHL_TEAM_EDM&utm_content=SCHEDULE_GM31,,,https://d2igy0yla8zi0u.cloudfront.net/COL/20262027/COL-radio.m3u8,,,https://d2igy0yla8zi0u.cloudfront.net/EDM/20262027/EDM-radio.m3u8,,,,,,
20252026,20262027,,America/Denver,2026020975,20262027,2,2027-02-20,False,2027-02-21T03:00:00Z,-05:00,-07:00,America/Vancouver,FUT,OK,"[{'id': 282, 'market': 'N', 'countryCode': 'CA', 'network': 'SN', 'sequenceNumber': 107}, {'id': 2, 'market': 'A', 'countryCode': 'US', 'network': 'ALT', 'sequenceNumber': 385}, {'id': 336, 'market': 'A', 'countryCode': 'US', 'network': 'KTVD', 'sequenceNumber': 623}]",,,,/gamecenter/col-vs-van/2027/02/20/2026020975,Rogers Arena,21,Avalanche,Colorado,Colorado,du Colorado,COL,https://assets.nhle.com/logos/nhl/svg/COL_light.svg,https://assets.nhle.com/logos/nhl/svg/COL_dark.svg,False,,,,,,23,Canucks,Vancouver,Vancouver,de Vancouver,VAN,https://assets.nhle.com/logos/nhl/svg/VAN_light.svg,https://assets.nhle.com/logos/nhl/svg/VAN_dark.svg,False,,,,,,1,REG,3,,,,,,,,https://www.ticketmaster.ca/event/11006503F02DBAB0?brand=canucks&artistid=806037&wt.mc_id=NHL_TEAM_VAN_SCHEDULE_GM31&utm_source=NHL.com&utm_medium=client_PM&utm_campaign=NHL_TEAM_VAN&utm_content=SCHEDULE_GM31,https://www.ticketmaster.ca/event/11006503F02DBAB0?brand=canucks&artistid=806037&wt.mc_id=NHL_TEAM_VAN_SCHEDULE_GM31&utm_source=NHL.com&utm_medium=client_PM&utm_campaign=NHL_TEAM_VAN&utm_content=SCHEDULE_GM31,,,https://d2igy0yla8zi0u.cloudfront.net/COL/20262027/COL-radio.m3u8,,,https://d2igy0yla8zi0u.cloudfront.net/VAN/20262027/VAN-radio.m3u8,,,,,,
20252026,20262027,,America/Denver,2026020989,20262027,2,2027-02-22,False,2027-02-23T02:00:00Z,-05:00,-07:00,America/Denver,FUT,OK,"[{'id': 2, 'market': 'H', 'countryCode': 'US', 'network': 'ALT', 'sequenceNumber': 385}, {'id': 521, 'market': 'A', 'countryCode': 'US', 'network': 'SCRIPPS', 'sequenceNumber': 657}]",,,,/gamecenter/vgk-vs-col/2027/02/22/2026020989,Ball Arena,54,Golden Knights,Vegas,Vegas,de Vegas,VGK,https://assets.nhle.com/logos/nhl/svg/VGK_light.svg,https://assets.nhle.com/logos/nhl/svg/VGK_dark.svg,False,,,,,,21,Avalanche,Colorado,Colorado,du Colorado,COL,https://assets.nhle.com/logos/nhl/svg/COL_light.svg,https://assets.nhle.com/logos/nhl/svg/COL_dark.svg,False,,,,,,1,REG,3,,,,,,,,https://avs.social/2627_SCHEDULE_GM30,https://avs.social/2627_SCHEDULE_GM30,,,https://d2igy0yla8zi0u.cloudfront.net/VGK/20262027/VGK-radio.m3u8,https://avalanchepremium.com/events/Colorado-Avalanche-vs-Vegas-Golden-Knights-125265/,Premium Spaces,https://d2igy0yla8zi0u.cloudfront.net/COL/20262027/COL-radio.m3u8,,,,,,
20252026,20262027,,America/Denver,2026021011,20262027,2,2027-02-25,False,2027-02-26T02:00:00Z,-05:00,-07:00,America/Denver,FUT,OK,"[{'id': 281, 'market': 'N', 'countryCode': 'CA', 'network': 'TVAS', 'sequenceNumber': 120}, {'id': 2, 'market': 'H', 'countryCode': 'US', 'network': 'ALT', 'sequenceNumber': 385}, {'id': 292, 'market': 'A', 'countryCode': 'CA', 'network': 'TSN3', 'sequenceNumber': 134}]",,,,/gamecenter/wpg-vs-col/2027/02/25/2026021011,Ball Arena,52,Jets,Winnipeg,Winnipeg,de Winnipeg,WPG,https://assets.nhle.com/logos/nhl/svg/WPG_light.svg,https://assets.nhle.com/logos/nhl/svg/WPG_dark.svg,False,,,,,,21,Avalanche,Colorado,Colorado,du Colorado,COL,https://assets.nhle.com/logos/nhl/svg/COL_light.svg,https://assets.nhle.com/logos/nhl/svg/COL_dark.svg,False,,,,,,1,REG,3,,,,,,,,https://avs.social/2627_SCHEDULE_GM31,https://avs.social/2627_SCHEDULE_GM31,,,https://d2igy0yla8zi0u.cloudfront.net/WPG/20262027/WPG-radio.m3u8,https://avalanchepremium.com/events/Colorado-Avalanche-vs-Winnipeg-Jets-125266/,Premium Spaces,https://d2igy0yla8zi0u.cloudfront.net/COL/20262027/COL-radio.m3u8,,,,,,
20252026,20262027,,America/Denver,2026021026,20262027,2,2027-02-27,False,2027-02-28T00:00:00Z,-05:00,-07:00,America/Denver,FUT,OK,"[{'id': 2, 'market': 'H', 'countryCode': 'US', 'network': 'ALT', 'sequenceNumber': 385}, {'id': 336, 'market': 'H', 'countryCode': 'US', 'network': 'KTVD', 'sequenceNumber': 623}, {'id': 521, 'market': 'A', 'countryCode': 'US', 'network': 'SCRIPPS', 'sequenceNumber': 657}]",,,,/gamecenter/fla-vs-col/2027/02/27/2026021026,Ball Arena,13,Panthers,Florida,Florida,de la Floride,FLA,https://assets.nhle.com/logos/nhl/svg/FLA_light.svg,https://assets.nhle.com/logos/nhl/svg/FLA_dark.svg,False,,,,,,21,Avalanche,Colorado,Colorado,du Colorado,COL,https://assets.nhle.com/logos/nhl/svg/COL_light.svg,https://assets.nhle.com/logos/nhl/svg/COL_dark.svg,False,,,,,,1,REG,3,,,,,,,,https://avs.social/2627_SCHEDULE_GM32,https://avs.social/2627_SCHEDULE_GM32,,,https://d2igy0yla8zi0u.cloudfront.net/FLA/20262027/FLA-radio.m3u8,https://avalanchepremium.com/events/Colorado-Avalanche-vs-Florida-Panthers-125267/,Premium Spaces,https://d2igy0yla8zi0u.cloudfront.net/COL/20262027/COL-radio.m3u8,,,,Floride,,
20252026,20262027,,America/Denver,2026021033,20262027,2,2027-02-28,False,2027-02-28T23:30:00Z,-05:00,-06:00,America/Chicago,FUT,OK,"[{'id': 309, 'market': 'N', 'countryCode': 'US', 'network': 'ESPN', 'sequenceNumber': 10}, {'id': 282, 'market': 'N', 'countryCode': 'CA', 'network': 'SN', 'sequenceNumber': 107}, {'id': 281, 'market': 'N', 'countryCode': 'CA', 'network': 'TVAS', 'sequenceNumber': 120}]",,,,/gamecenter/col-vs-chi/2027/02/28/2026021033,United Center,21,Avalanche,Colorado,Colorado,du Colorado,COL,https://assets.nhle.com/logos/nhl/svg/COL_light.svg,https://assets.nhle.com/logos/nhl/svg/COL_dark.svg,False,,,,,,16,Blackhawks,Chicago,Chicago,de Chicago,CHI,https://assets.nhle.com/logos/nhl/svg/CHI_light.svg,https://assets.nhle.com/logos/nhl/svg/CHI_dark.svg,False,,,,,,1,REG,3,,,,,,,,https://www.ticketmaster.com/event/040064F08FF376C3?brand=blackhawks&artistid=805913&wt.mc_id=NHL_TEAM_CHI_SCHEDULE_GM32,https://www.ticketmaster.com/event/040064F08FF376C3?brand=blackhawks&artistid=805913&wt.mc_id=NHL_TEAM_CHI_SCHEDULE_GM32,,,https://d2igy0yla8zi0u.cloudfront.net/COL/20262027/COL-radio.m3u8,,,https://d2igy0yla8zi0u.cloudfront.net/CHI/20262027/CHI-radio.m3u8,,,,,,
20252026,20262027,,America/Denver,2026021047,20262027,2,2027-03-02,False,2027-03-03T01:00:00Z,-05:00,-06:00,US/Central,FUT,OK,"[{'id': 549, 'market': 'N', 'countryCode': 'CA', 'network': 'SN+', 'sequenceNumber': 117}, {'id': 2, 'market': 'A', 'countryCode': 'US', 'network': 'ALT', 'sequenceNumber': 385}, {'id': 521, 'market': 'H', 'countryCode': 'US', 'network': 'SCRIPPS', 'sequenceNumber': 657}]",,,,/gamecenter/col-vs-nsh/2027/03/02/2026021047,Bridgestone Arena,21,Avalanche,Colorado,Colorado,du Colorado,COL,https://assets.nhle.com/logos/nhl/svg/COL_light.svg,https://assets.nhle.com/logos/nhl/svg/COL_dark.svg,False,,,,,,18,Predators,Nashville,Nashville,de Nashville,NSH,https://assets.nhle.com/logos/nhl/svg/NSH_light.svg,https://assets.nhle.com/logos/nhl/svg/NSH_dark.svg,False,,,,,,1,REG,3,,,,,,,,https://www.ticketmaster.com/event/1B006507EFA6E370?brand=predators&artistid=805978&landing=s&wt.mc_id=NHL_TEAM_NSH_SGT_PG_GM33&utm_source=NHL.com&utm_medium=PredsWebSchedule&utm_campaign=NHL_TEAM_NSH_SGT_PG_GM33,https://www.ticketmaster.com/event/1B006507EFA6E370?brand=predators&artistid=805978&landing=s&wt.mc_id=NHL_TEAM_NSH_SGT_PG_GM33&utm_source=NHL.com&utm_medium=PredsWebSchedule&utm_campaign=NHL_TEAM_NSH_SGT_PG_GM33,,,https://d2igy0yla8zi0u.cloudfront.net/COL/20262027/COL-radio.m3u8,,,https://d2igy0yla8zi0u.cloudfront.net/NSH/20262027/NSH-radio.m3u8,,,,,,
20252026,20262027,,America/Denver,2026021070,20262027,2,2027-03-05,False,2027-03-06T03:00:00Z,-05:00,-08:00,US/Pacific,FUT,OK,"[{'id': 283, 'market': 'N', 'countryCode': 'CA', 'network': 'SN360', 'sequenceNumber': 114}, {'id': 281, 'market': 'N', 'countryCode': 'CA', 'network': 'TVAS', 'sequenceNumber': 120}, {'id': 2, 'market': 'A', 'countryCode': 'US', 'network': 'ALT', 'sequenceNumber': 385}, {'id': 314, 'market': 'H', 'countryCode': 'US', 'network': 'NBCSCA', 'sequenceNumber': 393}]",,,,/gamecenter/col-vs-sjs/2027/03/05/2026021070,SAP Center at San Jose,21,Avalanche,Colorado,Colorado,du Colorado,COL,https://assets.nhle.com/logos/nhl/svg/COL_light.svg,https://assets.nhle.com/logos/nhl/svg/COL_dark.svg,False,,,,,,28,Sharks,San Jose,San Jose,de San Jose,SJS,https://assets.nhle.com/logos/nhl/svg/SJS_light.svg,https://assets.nhle.com/logos/nhl/svg/SJS_dark.svg,False,,,https://teal.sjsharks.com/trk/ibdqc,Rest Easy at San Jose Marriott,,1,REG,3,,,,,,,,https://www.ticketmaster.com/event/1C0064E79B739D6A?brand=sharks&artistid=806018&wt.mc_id=NHL_TEAM_SJS_SCHEDULE_GM35&utm_source=NHL.com&utm_medium=client&utm_campaign=NHL_TEAM_SJS&utm_content=SCHEDULE_GM35,https://www.ticketmaster.com/event/1C0064E79B739D6A?brand=sharks&artistid=806018&wt.mc_id=NHL_TEAM_SJS_SCHEDULE_GM35&utm_source=NHL.com&utm_medium=client&utm_campaign=NHL_TEAM_SJS&utm_content=SCHEDULE_GM35,,,https://d2igy0yla8zi0u.cloudfront.net/COL/20262027/COL-radio.m3u8,https://teal.sjsharks.com/trk/jYmqc,South Asian Culture Celebration,https://d2igy0yla8zi0u.cloudfront.net/SJS/20262027/SJS-radio.m3u8,,SAP Center de San Jose,,,,SAP Center en San Jose
20252026,20262027,,America/Denver,2026021084,20262027,2,2027-03-07,False,2027-03-07T21:00:00Z,-05:00,-08:00,America/Los_Angeles,FUT,OK,"[{'id': 282, 'market': 'N', 'countryCode': 'CA', 'network': 'SN', 'sequenceNumber': 107}, {'id': 281, 'market': 'N', 'countryCode': 'CA', 'network': 'TVAS', 'sequenceNumber': 120}, {'id': 2, 'market': 'A', 'countryCode': 'US', 'network': 'ALT', 'sequenceNumber': 385}, {'id': 651, 'market': 'H', 'countryCode': 'US', 'network': 'ABTV ', 'sequenceNumber': 1}]",,,,/gamecenter/col-vs-lak/2027/03/07/2026021084,Crypto.com Arena,21,Avalanche,Colorado,Colorado,du Colorado,COL,https://assets.nhle.com/logos/nhl/svg/COL_light.svg,https://assets.nhle.com/logos/nhl/svg/COL_dark.svg,False,,,,,,26,Kings,Los Angeles,Los Angeles,de Los Angeles,LAK,https://assets.nhle.com/logos/nhl/svg/LAK_light.svg,https://assets.nhle.com/logos/nhl/svg/LAK_dark.svg,False,,,,,,1,REG,3,,,,,,,,https://www.nhl.com/kings/tickets/single-game-tickets,https://www.nhl.com/kings/tickets/single-game-tickets,,,https://d2igy0yla8zi0u.cloudfront.net/COL/20262027/COL-radio.m3u8,https://www.axs.com/events/1458550/la-kings-vs-colorado-avalanche-tickets?skin=lakings&cpch=LAKSCHED&cpdn=website&cpdate=LAK270307&cpsrc=single-game&utm_source=LAKSCHED&utm_medium=website&utm_campaign=single-game&utm_content=LAK270307&tags=LAKWEB,Kids Day & Bailey's Birthday,https://d2igy0yla8zi0u.cloudfront.net/LAK/20262027/LAK-radio.m3u8,,,,,,
20252026,20262027,,America/Denver,2026021101,20262027,2,2027-03-09,False,2027-03-10T02:00:00Z,-05:00,-07:00,America/Denver,FUT,OK,"[{'id': 281, 'market': 'N', 'countryCode': 'CA', 'network': 'TVAS', 'sequenceNumber': 120}, {'id': 2, 'market': 'H', 'countryCode': 'US', 'network': 'ALT', 'sequenceNumber': 385}, {'id': 322, 'market': 'A', 'countryCode': 'US', 'network': 'NBCSP', 'sequenceNumber': 389}]",,,,/gamecenter/phi-vs-col/2027/03/09/2026021101,Ball Arena,4,Flyers,Philadelphia,Philadelphia,de Philadelphie,PHI,https://assets.nhle.com/logos/nhl/svg/PHI_light.svg,https://assets.nhle.com/logos/nhl/svg/PHI_dark.svg,False,,,,,,21,Avalanche,Colorado,Colorado,du Colorado,COL,https://assets.nhle.com/logos/nhl/svg/COL_light.svg,https://assets.nhle.com/logos/nhl/svg/COL_dark.svg,False,,,,,,1,REG,3,,,,,,,,https://avs.social/2627_SCHEDULE_GM33,https://avs.social/2627_SCHEDULE_GM33,,,https://d2igy0yla8zi0u.cloudfront.net/PHI/20262027/PHI-radio.m3u8,https://avalanchepremium.com/events/Colorado-Avalanche-vs-Philadelphia-Flyers-125268/,Premium Spaces,https://d2igy0yla8zi0u.cloudfront.net/COL/20262027/COL-radio.m3u8,,,,Philadelphie,,
20252026,20262027,,America/Denver,2026021114,20262027,2,2027-03-11,False,2027-03-12T02:00:00Z,-05:00,-07:00,America/Denver,FUT,OK,"[{'id': 281, 'market': 'N', 'countryCode': 'CA', 'network': 'TVAS', 'sequenceNumber': 120}, {'id': 555, 'market': 'H', 'countryCode': 'US', 'network': 'KUSA', 'sequenceNumber': 352}, {'id': 2, 'market': 'H', 'countryCode': 'US', 'network': 'ALT', 'sequenceNumber': 385}, {'id': 336, 'market': 'H', 'countryCode': 'US', 'network': 'KTVD', 'sequenceNumber': 623}, {'id': 55, 'market': 'A', 'countryCode': 'US', 'network': 'MSG 2', 'sequenceNumber': 416}]",,,,/gamecenter/nyr-vs-col/2027/03/11/2026021114,Ball Arena,3,Rangers,New York,New York,de New York,NYR,https://assets.nhle.com/logos/nhl/svg/NYR_light.svg,https://assets.nhle.com/logos/nhl/svg/NYR_dark.svg,False,,,,,,21,Avalanche,Colorado,Colorado,du Colorado,COL,https://assets.nhle.com/logos/nhl/svg/COL_light.svg,https://assets.nhle.com/logos/nhl/svg/COL_dark.svg,False,,,,,,1,REG,3,,,,,,,,https://avs.social/2627_SCHEDULE_GM34,https://avs.social/2627_SCHEDULE_GM34,,,https://d2igy0yla8zi0u.cloudfront.net/NYR/20262027/NYR-radio.m3u8,https://avalanchepremium.com/events/Colorado-Avalanche-vs-New-York-Rangers-125269/,Premium Spaces,https://d2igy0yla8zi0u.cloudfront.net/COL/20262027/COL-radio.m3u8,,,,,,
20252026,20262027,,America/Denver,2026021122,20262027,2,2027-03-13,False,2027-03-13T23:00:00Z,-05:00,-07:00,America/Denver,FUT,OK,"[{'id': 2, 'market': 'H', 'countryCode': 'US', 'network': 'ALT', 'sequenceNumber': 385}, {'id': 551, 'market': 'A', 'countryCode': 'US', 'network': 'CHSN', 'sequenceNumber': 254}]",,,,/gamecenter/chi-vs-col/2027/03/13/2026021122,Ball Arena,16,Blackhawks,Chicago,Chicago,de Chicago,CHI,https://assets.nhle.com/logos/nhl/svg/CHI_light.svg,https://assets.nhle.com/logos/nhl/svg/CHI_dark.svg,False,,,,,,21,Avalanche,Colorado,Colorado,du Colorado,COL,https://assets.nhle.com/logos/nhl/svg/COL_light.svg,https://assets.nhle.com/logos/nhl/svg/COL_dark.svg,False,,,,,,1,REG,3,,,,,,,,https://avs.social/2627_SCHEDULE_GM35,https://avs.social/2627_SCHEDULE_GM35,,,https://d2igy0yla8zi0u.cloudfront.net/CHI/20262027/CHI-radio.m3u8,https://avalanchepremium.com/events/Colorado-Avalanche-vs-Chicago-Blackhawks-125270/,Premium Spaces,https://d2igy0yla8zi0u.cloudfront.net/COL/20262027/COL-radio.m3u8,,,,,,
20252026,20262027,,America/Denver,2026021143,20262027,2,2027-03-15,False,2027-03-16T01:30:00Z,-04:00,-06:00,America/Denver,FUT,OK,"[{'id': 309, 'market': 'N', 'countryCode': 'US', 'network': 'ESPN', 'sequenceNumber': 10}, {'id': 549, 'market': 'N', 'countryCode': 'CA', 'network': 'SN+', 'sequenceNumber': 117}, {'id': 281, 'market': 'N', 'countryCode': 'CA', 'network': 'TVAS', 'sequenceNumber': 120}]",,,,/gamecenter/edm-vs-col/2027/03/15/2026021143,Ball Arena,22,Oilers,Edmonton,Edmonton,d'Edmonton,EDM,https://assets.nhle.com/logos/nhl/svg/EDM_light.svg,https://assets.nhle.com/logos/nhl/svg/EDM_dark.svg,False,,,,,,21,Avalanche,Colorado,Colorado,du Colorado,COL,https://assets.nhle.com/logos/nhl/svg/COL_light.svg,https://assets.nhle.com/logos/nhl/svg/COL_dark.svg,False,,,,,,1,REG,3,,,,,,,,https://avs.social/2627_SCHEDULE_GM36,https://avs.social/2627_SCHEDULE_GM36,,,https://d2igy0yla8zi0u.cloudfront.net/EDM/20262027/EDM-radio.m3u8,https://avalanchepremium.com/events/Colorado-Avalanche-vs-Edmonton-Oilers-125271/,Premium Spaces,https://d2igy0yla8zi0u.cloudfront.net/COL/20262027/COL-radio.m3u8,,,,,,
20252026,20262027,,America/Denver,2026021156,20262027,2,2027-03-17,False,2027-03-18T00:30:00Z,-04:00,-06:00,America/Denver,FUT,OK,"[{'id': 385, 'market': 'N', 'countryCode': 'US', 'network': 'TNT', 'sequenceNumber': 11}, {'id': 501, 'market': 'N', 'countryCode': 'US', 'network': 'truTV', 'sequenceNumber': 14}, {'id': 578, 'market': 'N', 'countryCode': 'US', 'network': 'HBO MAX', 'sequenceNumber': 19}, {'id': 2, 'market': 'H', 'countryCode': 'US', 'network': 'ALT', 'sequenceNumber': 385}]",,,,/gamecenter/min-vs-col/2027/03/17/2026021156,Ball Arena,30,Wild,Minnesota,Minnesota,du Minnesota,MIN,https://assets.nhle.com/logos/nhl/svg/MIN_light.svg,https://assets.nhle.com/logos/nhl/svg/MIN_dark.svg,False,,,,,,21,Avalanche,Colorado,Colorado,du Colorado,COL,https://assets.nhle.com/logos/nhl/svg/COL_light.svg,https://assets.nhle.com/logos/nhl/svg/COL_dark.svg,False,,,,,,1,REG,3,,,,,,,,https://avs.social/2627_SCHEDULE_GM37,https://avs.social/2627_SCHEDULE_GM37,,,https://d2igy0yla8zi0u.cloudfront.net/MIN/20262027/MIN-radio.m3u8,https://avalanchepremium.com/events/Colorado-Avalanche-vs-Minnesota-Wild-125272/,Premium Spaces,https://d2igy0yla8zi0u.cloudfront.net/COL/20262027/COL-radio.m3u8,,,,,,
20252026,20262027,,America/Denver,2026021173,20262027,2,2027-03-19,False,2027-03-20T02:00:00Z,-04:00,-07:00,US/Pacific,FUT,OK,"[{'id': 284, 'market': 'N', 'countryCode': 'CA', 'network': 'SN1', 'sequenceNumber': 113}, {'id': 281, 'market': 'N', 'countryCode': 'CA', 'network': 'TVAS', 'sequenceNumber': 120}, {'id': 2, 'market': 'A', 'countryCode': 'US', 'network': 'ALT', 'sequenceNumber': 385}, {'id': 652, 'market': 'H', 'countryCode': 'US', 'network': 'Prime Video', 'sequenceNumber': 117}, {'id': 388, 'market': 'H', 'countryCode': 'US', 'network': 'KONG', 'sequenceNumber': 654}]",,,,/gamecenter/col-vs-sea/2027/03/19/2026021173,Climate Pledge Arena,21,Avalanche,Colorado,Colorado,du Colorado,COL,https://assets.nhle.com/logos/nhl/svg/COL_light.svg,https://assets.nhle.com/logos/nhl/svg/COL_dark.svg,False,,,,,,55,Kraken,Seattle,Seattle,de Seattle,SEA,https://assets.nhle.com/logos/nhl/svg/SEA_light.svg,https://assets.nhle.com/logos/nhl/svg/SEA_dark.svg,False,,,https://stayinglevel.com/offers/seattle-climate-pledge-arena-fans/,Stay close to the action at Level,,1,REG,3,,,,,,,,https://www.ticketmaster.com/event/0F0064C4A066A29F?brand=seattlekraken&artistid=2763657&wt.mc_id=NHL_TEAM_SEA_SCHEDULE_GM36&utm_source=NHL.com&utm_medium=client&utm_campaign=NHL_TEAM_SEA&utm_content=SCHEDULE_GM36,https://www.ticketmaster.com/event/0F0064C4A066A29F?brand=seattlekraken&artistid=2763657&wt.mc_id=NHL_TEAM_SEA_SCHEDULE_GM36&utm_source=NHL.com&utm_medium=client&utm_campaign=NHL_TEAM_SEA&utm_content=SCHEDULE_GM36,,,https://d2igy0yla8zi0u.cloudfront.net/COL/20262027/COL-radio.m3u8,,,https://d2igy0yla8zi0u.cloudfront.net/SEA/20262027/SEA-radio.m3u8,,,,,,
20252026,20262027,,America/Denver,2026021188,20262027,2,2027-03-21,False,2027-03-21T21:00:00Z,-04:00,-06:00,America/Denver,FUT,OK,"[{'id': 282, 'market': 'N', 'countryCode': 'CA', 'network': 'SN', 'sequenceNumber': 107}, {'id': 47, 'market': 'H', 'countryCode': 'US', 'network': 'ALT2', 'sequenceNumber': 408}, {'id': 336, 'market': 'H', 'countryCode': 'US', 'network': 'KTVD', 'sequenceNumber': 623}, {'id': 551, 'market': 'A', 'countryCode': 'US', 'network': 'CHSN', 'sequenceNumber': 254}]",,,,/gamecenter/chi-vs-col/2027/03/21/2026021188,Ball Arena,16,Blackhawks,Chicago,Chicago,de Chicago,CHI,https://assets.nhle.com/logos/nhl/svg/CHI_light.svg,https://assets.nhle.com/logos/nhl/svg/CHI_dark.svg,False,,,,,,21,Avalanche,Colorado,Colorado,du Colorado,COL,https://assets.nhle.com/logos/nhl/svg/COL_light.svg,https://assets.nhle.com/logos/nhl/svg/COL_dark.svg,False,,,,,,1,REG,3,,,,,,,,https://avs.social/2627_SCHEDULE_GM38,https://avs.social/2627_SCHEDULE_GM38,,,https://d2igy0yla8zi0u.cloudfront.net/CHI/20262027/CHI-radio.m3u8,https://avalanchepremium.com/events/Colorado-Avalanche-vs-Chicago-Blackhawks-125273/,Premium Spaces,https://d2igy0yla8zi0u.cloudfront.net/COL/20262027/COL-radio.m3u8,,,,,,
20252026,20262027,,America/Denver,2026021204,20262027,2,2027-03-23,False,2027-03-24T01:30:00Z,-04:00,-06:00,America/Denver,FUT,OK,"[{'id': 329, 'market': 'N', 'countryCode': 'US', 'network': 'ESPN+', 'sequenceNumber': 16}, {'id': 391, 'market': 'N', 'countryCode': 'US', 'network': 'HULU', 'sequenceNumber': 17}, {'id': 574, 'market': 'N', 'countryCode': 'US', 'network': 'Disney+', 'sequenceNumber': 21}, {'id': 549, 'market': 'N', 'countryCode': 'CA', 'network': 'SN+', 'sequenceNumber': 117}]",,,,/gamecenter/uta-vs-col/2027/03/23/2026021204,Ball Arena,68,Mammoth,Utah,Utah,de l'Utah,UTA,https://assets.nhle.com/logos/nhl/svg/UTA_light.svg,https://assets.nhle.com/logos/nhl/svg/UTA_dark.svg,False,,,,,,21,Avalanche,Colorado,Colorado,du Colorado,COL,https://assets.nhle.com/logos/nhl/svg/COL_light.svg,https://assets.nhle.com/logos/nhl/svg/COL_dark.svg,False,,,,,,1,REG,3,,,,,,,,https://avs.social/2627_SCHEDULE_GM39,https://avs.social/2627_SCHEDULE_GM39,,,https://d2igy0yla8zi0u.cloudfront.net/UTA/20262027/UTA-radio.m3u8,https://avalanchepremium.com/events/Colorado-Avalanche-vs-Utah-Mammoth-125274/,Premium Spaces,https://d2igy0yla8zi0u.cloudfront.net/COL/20262027/COL-radio.m3u8,,,,,,
20252026,20262027,,America/Denver,2026021219,20262027,2,2027-03-25,False,2027-03-26T00:00:00Z,-04:00,-05:00,America/Winnipeg,FUT,OK,"[{'id': 2, 'market': 'A', 'countryCode': 'US', 'network': 'ALT', 'sequenceNumber': 385}, {'id': 292, 'market': 'H', 'countryCode': 'CA', 'network': 'TSN3', 'sequenceNumber': 134}]",,,,/gamecenter/col-vs-wpg/2027/03/25/2026021219,Canada Life Centre,21,Avalanche,Colorado,Colorado,du Colorado,COL,https://assets.nhle.com/logos/nhl/svg/COL_light.svg,https://assets.nhle.com/logos/nhl/svg/COL_dark.svg,False,,,,,,52,Jets,Winnipeg,Winnipeg,de Winnipeg,WPG,https://assets.nhle.com/logos/nhl/svg/WPG_light.svg,https://assets.nhle.com/logos/nhl/svg/WPG_dark.svg,False,,,,,,1,REG,3,,,,,,,,https://www.ticketmaster.ca/event/11006505C9C2A715?brand=winnipegjets&artistid=1613893&wt.mc_id=NHL_TEAM_WPG_SCHEDULE_GM39&utm_source=NHL.com&utm_medium=client_PM&utm_campaign=NHL_TEAM_WPG&utm_content=SCHEDULE_GM39,https://www.ticketmaster.ca/event/11006505C9C2A715?brand=winnipegjets&artistid=1613893&wt.mc_id=NHL_TEAM_WPG_SCHEDULE_GM39&utm_source=NHL.com&utm_medium=client_PM&utm_campaign=NHL_TEAM_WPG&utm_content=SCHEDULE_GM39,,,https://d2igy0yla8zi0u.cloudfront.net/COL/20262027/COL-radio.m3u8,,,https://d2igy0yla8zi0u.cloudfront.net/WPG/20262027/WPG-radio.m3u8,,,,,,
20252026,20262027,,America/Denver,2026021236,20262027,2,2027-03-27,False,2027-03-27T23:00:00Z,-04:00,-06:00,America/Denver,FUT,OK,"[{'id': 289, 'market': 'N', 'countryCode': 'CA', 'network': 'SNW', 'sequenceNumber': 34}, {'id': 2, 'market': 'H', 'countryCode': 'US', 'network': 'ALT', 'sequenceNumber': 385}, {'id': 336, 'market': 'H', 'countryCode': 'US', 'network': 'KTVD', 'sequenceNumber': 623}]",,,,/gamecenter/wpg-vs-col/2027/03/27/2026021236,Ball Arena,52,Jets,Winnipeg,Winnipeg,de Winnipeg,WPG,https://assets.nhle.com/logos/nhl/svg/WPG_light.svg,https://assets.nhle.com/logos/nhl/svg/WPG_dark.svg,False,,,,,,21,Avalanche,Colorado,Colorado,du Colorado,COL,https://assets.nhle.com/logos/nhl/svg/COL_light.svg,https://assets.nhle.com/logos/nhl/svg/COL_dark.svg,False,,,,,,1,REG,3,,,,,,,,https://avs.social/2627_SCHEDULE_GM40,https://avs.social/2627_SCHEDULE_GM40,,,https://d2igy0yla8zi0u.cloudfront.net/WPG/20262027/WPG-radio.m3u8,https://avalanchepremium.com/events/Colorado-Avalanche-vs-Winnipeg-Jets-125275/,Premium Spaces,https://d2igy0yla8zi0u.cloudfront.net/COL/20262027/COL-radio.m3u8,,,,,,
20252026,20262027,,America/Denver,2026021247,20262027,2,2027-03-29,False,2027-03-30T02:00:00Z,-04:00,-07:00,US/Pacific,FUT,OK,"[{'id': 281, 'market': 'N', 'countryCode': 'CA', 'network': 'TVAS', 'sequenceNumber': 120}, {'id': 2, 'market': 'A', 'countryCode': 'US', 'network': 'ALT', 'sequenceNumber': 385}, {'id': 314, 'market': 'H', 'countryCode': 'US', 'network': 'NBCSCA', 'sequenceNumber': 393}]",,,,/gamecenter/col-vs-sjs/2027/03/29/2026021247,SAP Center at San Jose,21,Avalanche,Colorado,Colorado,du Colorado,COL,https://assets.nhle.com/logos/nhl/svg/COL_light.svg,https://assets.nhle.com/logos/nhl/svg/COL_dark.svg,False,,,,,,28,Sharks,San Jose,San Jose,de San Jose,SJS,https://assets.nhle.com/logos/nhl/svg/SJS_light.svg,https://assets.nhle.com/logos/nhl/svg/SJS_dark.svg,False,,,https://teal.sjsharks.com/trk/ibdqc,Rest Easy at San Jose Marriott,,1,REG,3,,,,,,,,https://www.ticketmaster.com/event/1C0064E79B879D9A?brand=sharks&artistid=806018&wt.mc_id=NHL_TEAM_SJS_SCHEDULE_GM39&utm_source=NHL.com&utm_medium=client&utm_campaign=NHL_TEAM_SJS&utm_content=SCHEDULE_GM39,https://www.ticketmaster.com/event/1C0064E79B879D9A?brand=sharks&artistid=806018&wt.mc_id=NHL_TEAM_SJS_SCHEDULE_GM39&utm_source=NHL.com&utm_medium=client&utm_campaign=NHL_TEAM_SJS&utm_content=SCHEDULE_GM39,,,https://d2igy0yla8zi0u.cloudfront.net/COL/20262027/COL-radio.m3u8,https://teal.sjsharks.com/trk/l8mqc,,https://d2igy0yla8zi0u.cloudfront.net/SJS/20262027/SJS-radio.m3u8,,SAP Center de San Jose,,,,SAP Center en San Jose
20252026,20262027,,America/Denver,2026021258,20262027,2,2027-03-30,False,2027-03-31T02:00:00Z,-04:00,-07:00,America/Los_Angeles,FUT,OK,"[{'id': 282, 'market': 'N', 'countryCode': 'CA', 'network': 'SN', 'sequenceNumber': 21}, {'id': 2, 'market': 'A', 'countryCode': 'US', 'network': 'ALT', 'sequenceNumber': 385}, {'id': 652, 'market': 'H', 'countryCode': 'US', 'network': 'Prime Video', 'sequenceNumber': 117}, {'id': 219, 'market': 'H', 'countryCode': 'US', 'network': 'KCOP-13', 'sequenceNumber': 656}]",,,,/gamecenter/col-vs-ana/2027/03/30/2026021258,Honda Center,21,Avalanche,Colorado,Colorado,du Colorado,COL,https://assets.nhle.com/logos/nhl/svg/COL_light.svg,https://assets.nhle.com/logos/nhl/svg/COL_dark.svg,False,,,,,,24,Ducks,Anaheim,Anaheim,d'Anaheim,ANA,https://assets.nhle.com/logos/nhl/svg/ANA_light.svg,https://assets.nhle.com/logos/nhl/svg/ANA_dark.svg,False,,,,,,1,REG,3,,,,,,,,https://www.ticketmaster.com/event/090064EA3B6199E0?brand=ducks&artistid=805893&wt.mc_id=NHL_TEAM_ANA_SCHEDULE_GM40&utm_source=NHL.com&utm_medium=client&utm_campaign=NHL_TEAM_ANA&utm_content=SCHEDULE_GM40,https://www.ticketmaster.com/event/090064EA3B6199E0?brand=ducks&artistid=805893&wt.mc_id=NHL_TEAM_ANA_SCHEDULE_GM40&utm_source=NHL.com&utm_medium=client&utm_campaign=NHL_TEAM_ANA&utm_content=SCHEDULE_GM40,,,https://d2igy0yla8zi0u.cloudfront.net/COL/20262027/COL-radio.m3u8,https://www.nhl.com/ducks/fans/promotional-schedule,Angels Night + Galactic merch drop,https://d2igy0yla8zi0u.cloudfront.net/ANA/20262027/ANA-radio.m3u8,,,,,,
20252026,20262027,,America/Denver,2026021275,20262027,2,2027-04-02,False,2027-04-03T01:00:00Z,-04:00,-06:00,America/Denver,FUT,OK,"[{'id': 2, 'market': 'H', 'countryCode': 'US', 'network': 'ALT', 'sequenceNumber': 385}, {'id': 651, 'market': 'A', 'countryCode': 'US', 'network': 'ABTV ', 'sequenceNumber': 1}]",,,,/gamecenter/lak-vs-col/2027/04/02/2026021275,Ball Arena,26,Kings,Los Angeles,Los Angeles,de Los Angeles,LAK,https://assets.nhle.com/logos/nhl/svg/LAK_light.svg,https://assets.nhle.com/logos/nhl/svg/LAK_dark.svg,False,,,,,,21,Avalanche,Colorado,Colorado,du Colorado,COL,https://assets.nhle.com/logos/nhl/svg/COL_light.svg,https://assets.nhle.com/logos/nhl/svg/COL_dark.svg,False,,,,,,1,REG,3,,,,,,,,https://avs.social/2627_SCHEDULE_GM41,https://avs.social/2627_SCHEDULE_GM41,,,https://d2igy0yla8zi0u.cloudfront.net/LAK/20262027/LAK-radio.m3u8,https://avalanchepremium.com/events/Colorado-Avalanche-vs-Los-Angeles-Kings-125441/,Premium Spaces,https://d2igy0yla8zi0u.cloudfront.net/COL/20262027/COL-radio.m3u8,,,,,,
20252026,20262027,,America/Denver,2026021290,20262027,2,2027-04-04,False,2027-04-04T18:00:00Z,-04:00,-05:00,US/Central,FUT,OK,"[{'id': 385, 'market': 'N', 'countryCode': 'US', 'network': 'TNT', 'sequenceNumber': 11}, {'id': 501, 'market': 'N', 'countryCode': 'US', 'network': 'truTV', 'sequenceNumber': 14}, {'id': 578, 'market': 'N', 'countryCode': 'US', 'network': 'HBO MAX', 'sequenceNumber': 19}, {'id': 284, 'market': 'N', 'countryCode': 'CA', 'network': 'SN1', 'sequenceNumber': 113}]",,,,/gamecenter/col-vs-min/2027/04/04/2026021290,Grand Casino Arena,21,Avalanche,Colorado,Colorado,du Colorado,COL,https://assets.nhle.com/logos/nhl/svg/COL_light.svg,https://assets.nhle.com/logos/nhl/svg/COL_dark.svg,False,,,,,,30,Wild,Minnesota,Minnesota,du Minnesota,MIN,https://assets.nhle.com/logos/nhl/svg/MIN_light.svg,https://assets.nhle.com/logos/nhl/svg/MIN_dark.svg,False,,,,,,1,REG,3,,,,,,,,https://mnwild.co/112myjn8,https://mnwild.co/112myjn8,,,https://d2igy0yla8zi0u.cloudfront.net/COL/20262027/COL-radio.m3u8,,,https://d2igy0yla8zi0u.cloudfront.net/MIN/20262027/MIN-radio.m3u8,,,,,,
20252026,20262027,,America/Denver,2026021309,20262027,2,2027-04-06,False,2027-04-07T02:00:00Z,-04:00,-07:00,America/Vancouver,FUT,OK,"[{'id': 290, 'market': 'N', 'countryCode': 'CA', 'network': 'SNP', 'sequenceNumber': 33}, {'id': 283, 'market': 'N', 'countryCode': 'CA', 'network': 'SN360', 'sequenceNumber': 114}, {'id': 2, 'market': 'A', 'countryCode': 'US', 'network': 'ALT', 'sequenceNumber': 385}]",,,,/gamecenter/col-vs-van/2027/04/06/2026021309,Rogers Arena,21,Avalanche,Colorado,Colorado,du Colorado,COL,https://assets.nhle.com/logos/nhl/svg/COL_light.svg,https://assets.nhle.com/logos/nhl/svg/COL_dark.svg,False,,,,,,23,Canucks,Vancouver,Vancouver,de Vancouver,VAN,https://assets.nhle.com/logos/nhl/svg/VAN_light.svg,https://assets.nhle.com/logos/nhl/svg/VAN_dark.svg,False,,,,,,1,REG,3,,,,,,,,https://www.ticketmaster.ca/event/11006503F06ABB19?brand=canucks&artistid=806037&wt.mc_id=NHL_TEAM_VAN_SCHEDULE_GM42&utm_source=NHL.com&utm_medium=client_PM&utm_campaign=NHL_TEAM_VAN&utm_content=SCHEDULE_GM42,https://www.ticketmaster.ca/event/11006503F06ABB19?brand=canucks&artistid=806037&wt.mc_id=NHL_TEAM_VAN_SCHEDULE_GM42&utm_source=NHL.com&utm_medium=client_PM&utm_campaign=NHL_TEAM_VAN&utm_content=SCHEDULE_GM42,,,https://d2igy0yla8zi0u.cloudfront.net/COL/20262027/COL-radio.m3u8,,,https://d2igy0yla8zi0u.cloudfront.net/VAN/20262027/VAN-radio.m3u8,,,,,,
20252026,20262027,,America/Denver,2026021322,20262027,2,2027-04-08,False,2027-04-09T01:00:00Z,-04:00,-06:00,America/Edmonton,FUT,OK,"[{'id': 289, 'market': 'N', 'countryCode': 'CA', 'network': 'SNW', 'sequenceNumber': 34}, {'id': 555, 'market': 'A', 'countryCode': 'US', 'network': 'KUSA', 'sequenceNumber': 352}, {'id': 47, 'market': 'A', 'countryCode': 'US', 'network': 'ALT2', 'sequenceNumber': 408}, {'id': 336, 'market': 'A', 'countryCode': 'US', 'network': 'KTVD', 'sequenceNumber': 623}]",,,,/gamecenter/col-vs-cgy/2027/04/08/2026021322,Scotiabank Saddledome,21,Avalanche,Colorado,Colorado,du Colorado,COL,https://assets.nhle.com/logos/nhl/svg/COL_light.svg,https://assets.nhle.com/logos/nhl/svg/COL_dark.svg,False,,,,,,20,Flames,Calgary,Calgary,de Calgary,CGY,https://assets.nhle.com/logos/nhl/svg/CGY_light.svg,https://assets.nhle.com/logos/nhl/svg/CGY_dark.svg,False,,,,,,1,REG,3,,,,,,,,https://www.ticketmaster.ca/event/110064FCB27A659D?brand=calgaryflames&artistid=805907&wt.mc_id=NHL_TEAM_CGY_SCHEDULE_GM41&utm_source=NHL.com&utm_medium=client_PM&utm_campaign=NHL_TEAM_CGY&utm_content=SCHEDULE_GM41,https://www.ticketmaster.ca/event/110064FCB27A659D?brand=calgaryflames&artistid=805907&wt.mc_id=NHL_TEAM_CGY_SCHEDULE_GM41&utm_source=NHL.com&utm_medium=client_PM&utm_campaign=NHL_TEAM_CGY&utm_content=SCHEDULE_GM41,,,https://d2igy0yla8zi0u.cloudfront.net/COL/20262027/COL-radio.m3u8,,,https://d2igy0yla8zi0u.cloudfront.net/CGY/20262027/CGY-radio.m3u8,,,,,,
20252026,20262027,,America/Denver,2026021330,20262027,2,2027-04-10,False,2027-04-10T19:00:00Z,-04:00,-06:00,America/Denver,FUT,OK,"[{'id': 384, 'market': 'N', 'countryCode': 'US', 'network': 'ABC', 'sequenceNumber': 1}, {'id': 283, 'market': 'N', 'countryCode': 'CA', 'network': 'SN360', 'sequenceNumber': 114}, {'id': 281, 'market': 'N', 'countryCode': 'CA', 'network': 'TVAS', 'sequenceNumber': 120}]",,,,/gamecenter/min-vs-col/2027/04/10/2026021330,Ball Arena,30,Wild,Minnesota,Minnesota,du Minnesota,MIN,https://assets.nhle.com/logos/nhl/svg/MIN_light.svg,https://assets.nhle.com/logos/nhl/svg/MIN_dark.svg,False,,,,,,21,Avalanche,Colorado,Colorado,du Colorado,COL,https://assets.nhle.com/logos/nhl/svg/COL_light.svg,https://assets.nhle.com/logos/nhl/svg/COL_dark.svg,False,,,,,,1,REG,3,,,,,,,,https://avs.social/2627_SCHEDULE_GM42,https://avs.social/2627_SCHEDULE_GM42,,,https://d2igy0yla8zi0u.cloudfront.net/MIN/20262027/MIN-radio.m3u8,https://avalanchepremium.com/events/Colorado-Avalanche-vs-Minnesota-Wild-125442/,Premium Spaces,https://d2igy0yla8zi0u.cloudfront.net/COL/20262027/COL-radio.m3u8,,,,,,
