club_previous_season,club_current_season,club_next_season,club_timezone,id,season,game_type,game_date,neutral_site,start_time_utc,eastern_utc_offset,venue_utc_offset,venue_timezone,game_state,game_schedule_state,tv_broadcasts,three_min_recap,three_min_recap_fr,condensed_game,game_center_link,venue_default,away_team_id,away_team_common_name_default,away_team_place_name_default,away_team_place_name_fr,away_team_place_name_with_preposition_default,away_team_place_name_with_preposition_fr,away_team_abbrev,away_team_logo,away_team_dark_logo,away_team_away_split_squad,away_team_score,home_team_id,home_team_common_name_default,home_team_place_name_default,home_team_place_name_with_preposition_default,home_team_place_name_with_preposition_fr,home_team_abbrev,home_team_logo,home_team_dark_logo,home_team_home_split_squad,home_team_score,period_descriptor_number,period_descriptor_period_type,period_descriptor_max_regulation_periods,game_outcome_last_period_type,winning_goalie_player_id,winning_goalie_first_initial_default,winning_goalie_last_name_default,winning_goal_scorer_player_id,winning_goal_scorer_first_initial_default,winning_goal_scorer_last_name_default,home_team_place_name_fr,winning_goal_scorer_last_name_cs,winning_goal_scorer_last_name_fi,winning_goal_scorer_last_name_sk,tickets_link,tickets_link_fr,away_team_radio_link,home_team_radio_link,venue_fr,away_team_promo_link,away_team_promo_desc,away_team_airline_link,away_team_airline_desc,away_team_hotel_link,away_team_hotel_desc,home_team_common_name_fr,home_team_promo_link,home_team_promo_desc,home_team_airline_link,home_team_airline_desc,home_team_hotel_link,home_team_hotel_desc,away_team_common_name_fr,venue_es
20252026,20262027,,US/Eastern,2026010020,20262027,1,2026-09-21,True,2026-09-21T23:00:00Z,-04:00,-04:00,America/New_York,FINAL,OK,"[{'id': 322, 'market': 'A', 'countryCode': 'US', 'network': 'NBCSP', 'sequenceNumber': 389}, {'id': 517, 'market': 'H', 'countryCode': 'US', 'network': 'MNMT', 'sequenceNumber': 396}]",/video/phi-at-wsh-recap-6405393290112,/fr/video/phi-vs-wsh-21-09-2026-resume-6405391597112,/video/phi-at-wsh-condensed-game-6405392094112,/gamecenter/phi-vs-wsh/2026/09/21/2026010020,GIANT Center,4,Flyers,Philadelphia,Philadelphie,Philadelphia,de Philadelphie,PHI,https://assets.nhle.com/logos/nhl/svg/PHI_light.svg,https://assets.nhle.com/logos/nhl/svg/PHI_dark.svg,False,2.0,15,Capitals,Washington,Washington,de Washington,WSH,https://assets.nhle.com/logos/nhl/svg/WSH_secondary_light.svg,https://assets.nhle.com/logos/nhl/svg/WSH_secondary_dark.svg,False,5.0,3,REG,3,REG,8483532.0,C.,Stevenson,8478440.0,D.,Strome,,,,,,,,,,,,,,,,,,,,,,,,
20252026,20262027,,US/Eastern,2026010028,20262027,1,2026-09-22,False,2026-09-22T23:00:00Z,-04:00,-04:00,US/Eastern,FINAL,OK,"[{'id': 323, 'market': 'A', 'countryCode': 'US', 'network': 'NBCSP+', 'sequenceNumber': 401}, {'id': 128, 'market': 'H', 'countryCode': 'US', 'network': 'NESNplus', 'sequenceNumber': 390}]",/video/phi-at-bos-recap-6405458692112,/fr/video/phi-vs-bos-22-09-2026-resume-6405458790112,/video/phi-at-bos-condensed-game-6405456938112,/gamecenter/phi-vs-bos/2026/09/22/2026010028,TD Garden,4,Flyers,Philadelphia,Philadelphie,Philadelphia,de Philadelphie,PHI,https://assets.nhle.com/logos/nhl/svg/PHI_light.svg,https://assets.nhle.com/logos/nhl/svg/PHI_dark.svg,False,1.0,6,Bruins,Boston,Boston,de Boston,BOS,https://assets.nhle.com/logos/nhl/svg/BOS_light.svg,https://assets.nhle.com/logos/nhl/svg/BOS_dark.svg,False,5.0,3,REG,3,REG,8480280.0,J.,Swayman,8479987.0,M.,Geekie,,,,,,,,,,,,,,,,,,,,,,,,
20252026,20262027,,US/Eastern,2026010040,20262027,1,2026-09-24,False,2026-09-24T23:00:00Z,-04:00,-04:00,US/Eastern,FINAL,OK,"[{'id': 323, 'market': 'H', 'countryCode': 'US', 'network': 'NBCSP+', 'sequenceNumber': 401}, {'id': 128, 'market': 'A', 'countryCode': 'US', 'network': 'NESNplus', 'sequenceNumber': 390}]",/video/bos-at-phi-recap-6405599104112,/fr/video/bos-vs-phi-24-09-2026-resume-6405598119112,/video/bos-at-phi-condensed-game-6405599388112,/gamecenter/bos-vs-phi/2026/09/24/2026010040,Xfinity Mobile Arena,6,Bruins,Boston,,Boston,de Boston,BOS,https://assets.nhle.com/logos/nhl/svg/BOS_light.svg,https://assets.nhle.com/logos/nhl/svg/BOS_dark.svg,False,0.0,4,Flyers,Philadelphia,Philadelphia,de Philadelphie,PHI,https://assets.nhle.com/logos/nhl/svg/PHI_light.svg,https://assets.nhle.com/logos/nhl/svg/PHI_dark.svg,False,2.0,3,REG,3,REG,8479361.0,J.,Woll,8484387.0,M.,Michkov,Philadelphie,Mičkov,Mitshkov,Mičkov,,,,,,,,,,,,,,,,,,,,
20252026,20262027,,US/Eastern,2026010057,20262027,1,2026-09-26,False,2026-09-26T21:00:00Z,-04:00,-04:00,US/Eastern,FINAL,OK,"[{'id': 322, 'market': 'H', 'countryCode': 'US', 'network': 'NBCSP', 'sequenceNumber': 389}, {'id': 517, 'market': 'A', 'countryCode': 'US', 'network': 'MNMT', 'sequenceNumber': 396}]",/video/wsh-at-phi-recap-6405684267112,/fr/video/wsh-vs-phi-26-09-2026-resume-6405684847112,/video/wsh-at-phi-condensed-game-6405683679112,/gamecenter/wsh-vs-phi/2026/09/26/2026010057,Xfinity Mobile Arena,15,Capitals,Washington,,Washington,de Washington,WSH,https://assets.nhle.com/logos/nhl/svg/WSH_secondary_light.svg,https://assets.nhle.com/logos/nhl/svg/WSH_secondary_dark.svg,False,5.0,4,Flyers,Philadelphia,Philadelphia,de Philadelphie,PHI,https://assets.nhle.com/logos/nhl/svg/PHI_light.svg,https://assets.nhle.com/logos/nhl/svg/PHI_dark.svg,False,1.0,3,REG,3,REG,8479292.0,C.,Lindgren,8485577.0,M.,Schafer,Philadelphie,,,,,,,,,,,,,,,,,,,,,,,
20252026,20262027,,US/Eastern,2026020006,20262027,2,2026-09-30,False,2026-09-30T23:30:00Z,-04:00,-04:00,US/Eastern,FUT,OK,"[{'id': 385, 'market': 'N', 'countryCode': 'US', 'network': 'TNT', 'sequenceNumber': 11}, {'id': 501, 'market': 'N', 'countryCode': 'US', 'network': 'truTV', 'sequenceNumber': 14}, {'id': 578, 'market': 'N', 'countryCode': 'US', 'network': 'HBO MAX', 'sequenceNumber': 19}]",,,,/gamecenter/pit-vs-phi/2026/09/30/2026020006,Xfinity Mobile Arena,5,Penguins,Pittsburgh,,Pittsburgh,de Pittsburgh,PIT,https://assets.nhle.com/logos/nhl/svg/PIT_light.svg,https://assets.nhle.com/logos/nhl/svg/PIT_dark.svg,False,,4,Flyers,Philadelphia,Philadelphia,de Philadelphie,PHI,https://assets.nhle.com/logos/nhl/svg/PHI_light.svg,https://assets.nhle.com/logos/nhl/svg/PHI_dark.svg,False,,1,REG,3,,,,,,,,Philadelphie,,,,https://www.ticketmaster.com/event/300064EEEE8BE137?brand=flyers&artistid=806000&wt.mc_id=NHL_TEAM_PHI_SCHEDULE_GM1&utm_source=NHL.com&utm_medium=client&utm_campaign=NHL_TEAM_PHI&utm_content=SCHEDULE_GM1,https://www.ticketmaster.com/event/300064EEEE8BE137?brand=flyers&artistid=806000&wt.mc_id=NHL_TEAM_PHI_SCHEDULE_GM1&utm_source=NHL.com&utm_medium=client&utm_campaign=NHL_TEAM_PHI&utm_content=SCHEDULE_GM1,https://d2igy0yla8zi0u.cloudfront.net/PIT/20262027/PIT-radio.m3u8,https://d2igy0yla8zi0u.cloudfront.net/PHI/20262027/PHI-radio.m3u8,,,,,,,,,,,,,,,,
20252026,20262027,,US/Eastern,2026020009,20262027,2,2026-10-01,False,2026-10-01T23:00:00Z,-04:00,-04:00,US/Eastern,FUT,OK,"[{'id': 329, 'market': 'N', 'countryCode': 'US', 'network': 'ESPN+', 'sequenceNumber': 16}, {'id': 391, 'market': 'N', 'countryCode': 'US', 'network': 'HULU', 'sequenceNumber': 17}, {'id': 574, 'market': 'N', 'countryCode': 'US', 'network': 'Disney+', 'sequenceNumber': 21}]",,,,/gamecenter/phi-vs-njd/2026/10/01/2026020009,Prudential Center,4,Flyers,Philadelphia,Philadelphie,Philadelphia,de Philadelphie,PHI,https://assets.nhle.com/logos/nhl/svg/PHI_light.svg,https://assets.nhle.com/logos/nhl/svg/PHI_dark.svg,False,,1,Devils,New Jersey,New Jersey,du New Jersey,NJD,https://assets.nhle.com/logos/nhl/svg/NJD_light.svg,https://assets.nhle.com/logos/nhl/svg/NJD_dark.svg,False,,1,REG,3,,,,,,,,,,,,https://www.ticketmaster.com/event/020064F0918A9C40?brand=devils&artistid=805982&wt.mc_id=NHL_TEAM_NJD_SCHEDULE_GM1&camefrom=CFC_DEVILS_NHL_TEAM_NJD_SCHEDULE_GM1,https://www.ticketmaster.com/event/020064F0918A9C40?brand=devils&artistid=805982&wt.mc_id=NHL_TEAM_NJD_SCHEDULE_GM1&camefrom=CFC_DEVILS_NHL_TEAM_NJD_SCHEDULE_GM1,https://d2igy0yla8zi0u.cloudfront.net/PHI/20262027/PHI-radio.m3u8,https://d2igy0yla8zi0u.cloudfront.net/NJD/20262027/NJD-radio.m3u8,,,,,,,,,,,,,,,,
20252026,20262027,,US/Eastern,2026020025,20262027,2,2026-10-03,False,2026-10-03T23:00:00Z,-04:00,-04:00,US/Eastern,FUT,OK,"[{'id': 322, 'market': 'H', 'countryCode': 'US', 'network': 'NBCSP', 'sequenceNumber': 389}, {'id': 646, 'market': 'A', 'countryCode': 'US', 'network': 'CARNHL', 'sequenceNumber': 1}, {'id': 754, 'market': 'A', 'countryCode': 'US', 'network': 'HHN', 'sequenceNumber': 1}]",,,,/gamecenter/car-vs-phi/2026/10/03/2026020025,Xfinity Mobile Arena,12,Hurricanes,Carolina,Caroline,Carolina,de la Caroline,CAR,https://assets.nhle.com/logos/nhl/svg/CAR_light.svg,https://assets.nhle.com/logos/nhl/svg/CAR_dark.svg,False,,4,Flyers,Philadelphia,Philadelphia,de Philadelphie,PHI,https://assets.nhle.com/logos/nhl/svg/PHI_light.svg,https://assets.nhle.com/logos/nhl/svg/PHI_dark.svg,False,,1,REG,3,,,,,,,,Philadelphie,,,,https://www.ticketmaster.com/event/300064EEEE90E144?brand=flyers&artistid=806000&wt.mc_id=NHL_TEAM_PHI_SCHEDULE_GM2&utm_source=NHL.com&utm_medium=client&utm_campaign=NHL_TEAM_PHI&utm_content=SCHEDULE_GM2,https://www.ticketmaster.com/event/300064EEEE90E144?brand=flyers&artistid=806000&wt.mc_id=NHL_TEAM_PHI_SCHEDULE_GM2&utm_source=NHL.com&utm_medium=client&utm_campaign=NHL_TEAM_PHI&utm_content=SCHEDULE_GM2,https://d2igy0yla8zi0u.cloudfront.net/CAR/20262027/CAR-radio.m3u8,https://d2igy0yla8zi0u.cloudfront.net/PHI/20262027/PHI-radio.m3u8,,,,,,,,,,,,,,,,
20252026,20262027,,US/Eastern,2026020040,20262027,2,2026-10-05,False,2026-10-05T23:00:00Z,-04:00,-04:00,US/Eastern,FUT,OK,"[{'id': 324, 'market': 'N', 'countryCode': 'US', 'network': 'NHLN', 'sequenceNumber': 35}, {'id': 322, 'market': 'A', 'countryCode': 'US', 'network': 'NBCSP', 'sequenceNumber': 389}, {'id': 581, 'market': 'H', 'countryCode': 'US', 'network': 'The Spot', 'sequenceNumber': 211}]",,,,/gamecenter/phi-vs-tbl/2026/10/05/2026020040,Benchmark International Arena,4,Flyers,Philadelphia,Philadelphie,Philadelphia,de Philadelphie,PHI,https://assets.nhle.com/logos/nhl/svg/PHI_light.svg,https://assets.nhle.com/logos/nhl/svg/PHI_dark.svg,False,,14,Lightning,Tampa Bay,Tampa Bay,de Tampa Bay,TBL,https://assets.nhle.com/logos/nhl/svg/TBL_light.svg,https://assets.nhle.com/logos/nhl/svg/TBL_dark.svg,False,,1,REG,3,,,,,,,,,,,,https://www.ticketmaster.com/event/0D0064F8CF249D61?brand=tblightning&artistid=806028&landing=s&wt.mc_id=NHL_TEAM_TBL_SCHEDULE_GM2&utm_source=NHL.com&utm_medium=client&utm_campaign=NHL_TEAM_TBL&utm_content=SCHEDULE_GM2,https://www.ticketmaster.com/event/0D0064F8CF249D61?brand=tblightning&artistid=806028&landing=s&wt.mc_id=NHL_TEAM_TBL_SCHEDULE_GM2&utm_source=NHL.com&utm_medium=client&utm_campaign=NHL_TEAM_TBL&utm_content=SCHEDULE_GM2,https://d2igy0yla8zi0u.cloudfront.net/PHI/20262027/PHI-radio.m3u8,https://d2igy0yla8zi0u.cloudfront.net/TBL/20262027/TBL-radio.m3u8,,,,,,,,,,,,,,,,
20252026,20262027,,US/Eastern,2026020059,20262027,2,2026-10-08,False,2026-10-08T23:00:00Z,-04:00,-04:00,US/Eastern,FUT,OK,"[{'id': 322, 'market': 'A', 'countryCode': 'US', 'network': 'NBCSP', 'sequenceNumber': 389}, {'id': 294, 'market': 'H', 'countryCode': 'CA', 'network': 'TSN5', 'sequenceNumber': 135}, {'id': 242, 'market': 'H', 'countryCode': 'CA', 'network': 'RDSI', 'sequenceNumber': 147}]",,,,/gamecenter/phi-vs-ott/2026/10/08/2026020059,Canadian Tire Centre,4,Flyers,Philadelphia,Philadelphie,Philadelphia,de Philadelphie,PHI,https://assets.nhle.com/logos/nhl/svg/PHI_light.svg,https://assets.nhle.com/logos/nhl/svg/PHI_dark.svg,False,,9,Senators,Ottawa,Ottawa,d'Ottawa,OTT,https://assets.nhle.com/logos/nhl/svg/OTT_light.svg,https://assets.nhle.com/logos/nhl/svg/OTT_dark.svg,False,,1,REG,3,,,,,,,,,,,,https://www.ticketmaster.ca/event/310064EDBB565CED?brand=ottawasenators&artistid=805997&landing=s&wt.mc_id=NHL_TEAM_OTT_SGT_PG_GM1&utm_source=NHL.com&utm_medium=client&utm_campaign=NHL_TEAM_OTT&utm_content=SGT_PG_GM1&utm_source=sens_website&utm_medium=schedule&utm_campaign=100826_phi,https://www.nhl.com/fr/senators/tickets/,https://d2igy0yla8zi0u.cloudfront.net/PHI/20262027/PHI-radio.m3u8,https://d2igy0yla8zi0u.cloudfront.net/OTT/20262027/OTT-radio.m3u8,Centre Canadian Tire,,,,,,,Sénateurs,,,https://www.aircanada.com/home/ca/en/aco/flights,Air  Canada Flights,https://www.brookstreethotel.com/,Brookstreet Hotel,,
20252026,20262027,,US/Eastern,2026020070,20262027,2,2026-10-10,False,2026-10-10T17:00:00Z,-04:00,-04:00,US/Eastern,FUT,OK,"[{'id': 282, 'market': 'N', 'countryCode': 'CA', 'network': 'SN', 'sequenceNumber': 21}, {'id': 324, 'market': 'N', 'countryCode': 'US', 'network': 'NHLN', 'sequenceNumber': 35}, {'id': 281, 'market': 'N', 'countryCode': 'CA', 'network': 'TVAS', 'sequenceNumber': 120}, {'id': 322, 'market': 'A', 'countryCode': 'US', 'network': 'NBCSP', 'sequenceNumber': 389}, {'id': 31, 'market': 'H', 'countryCode': 'US', 'network': 'NESN', 'sequenceNumber': 405}]",,,,/gamecenter/phi-vs-bos/2026/10/10/2026020070,TD Garden,4,Flyers,Philadelphia,Philadelphie,Philadelphia,de Philadelphie,PHI,https://assets.nhle.com/logos/nhl/svg/PHI_light.svg,https://assets.nhle.com/logos/nhl/svg/PHI_dark.svg,False,,6,Bruins,Boston,Boston,de Boston,BOS,https://assets.nhle.com/logos/nhl/svg/BOS_light.svg,https://assets.nhle.com/logos/nhl/svg/BOS_dark.svg,False,,1,REG,3,,,,,,,,,,,,https://www.ticketmaster.com/event/010064EDC4F579BC?brand=bostonbruins&artistid=805902&wt.mc_id=NHL_TEAM_BOS_SCHEDULE_GM4&utm_source=NHL.com&utm_medium=client&utm_campaign=NHL_TEAM_BOS&utm_content=SCHEDULE_GM4,https://www.ticketmaster.com/event/010064EDC4F579BC?brand=bostonbruins&artistid=805902&wt.mc_id=NHL_TEAM_BOS_SCHEDULE_GM4&utm_source=NHL.com&utm_medium=client&utm_campaign=NHL_TEAM_BOS&utm_content=SCHEDULE_GM4,https://d2igy0yla8zi0u.cloudfront.net/PHI/20262027/PHI-radio.m3u8,https://d2igy0yla8zi0u.cloudfront.net/BOS/20262027/BOS-radio.m3u8,,,,,,,,,,,,,,,,
20252026,20262027,,US/Eastern,2026020086,20262027,2,2026-10-11,False,2026-10-11T23:00:00Z,-04:00,-04:00,US/Eastern,FUT,OK,"[{'id': 324, 'market': 'N', 'countryCode': 'US', 'network': 'NHLN', 'sequenceNumber': 35}, {'id': 549, 'market': 'N', 'countryCode': 'CA', 'network': 'SN+', 'sequenceNumber': 117}, {'id': 281, 'market': 'N', 'countryCode': 'CA', 'network': 'TVAS', 'sequenceNumber': 120}, {'id': 322, 'market': 'H', 'countryCode': 'US', 'network': 'NBCSP', 'sequenceNumber': 389}, {'id': 646, 'market': 'A', 'countryCode': 'US', 'network': 'CARNHL', 'sequenceNumber': 1}, {'id': 754, 'market': 'A', 'countryCode': 'US', 'network': 'HHN', 'sequenceNumber': 1}]",,,,/gamecenter/car-vs-phi/2026/10/11/2026020086,Xfinity Mobile Arena,12,Hurricanes,Carolina,Caroline,Carolina,de la Caroline,CAR,https://assets.nhle.com/logos/nhl/svg/CAR_light.svg,https://assets.nhle.com/logos/nhl/svg/CAR_dark.svg,False,,4,Flyers,Philadelphia,Philadelphia,de Philadelphie,PHI,https://assets.nhle.com/logos/nhl/svg/PHI_light.svg,https://assets.nhle.com/logos/nhl/svg/PHI_dark.svg,False,,1,REG,3,,,,,,,,Philadelphie,,,,https://www.ticketmaster.com/event/300064EEEEA3E165?brand=flyers&artistid=806000&wt.mc_id=NHL_TEAM_PHI_SCHEDULE_GM3&utm_source=NHL.com&utm_medium=client&utm_campaign=NHL_TEAM_PHI&utm_content=SCHEDULE_GM3,https://www.ticketmaster.com/event/300064EEEEA3E165?brand=flyers&artistid=806000&wt.mc_id=NHL_TEAM_PHI_SCHEDULE_GM3&utm_source=NHL.com&utm_medium=client&utm_campaign=NHL_TEAM_PHI&utm_content=SCHEDULE_GM3,https://d2igy0yla8zi0u.cloudfront.net/CAR/20262027/CAR-radio.m3u8,https://d2igy0yla8zi0u.cloudfront.net/PHI/20262027/PHI-radio.m3u8,,,,,,,,,,,,,,,,
20252026,20262027,,US/Eastern,2026020094,20262027,2,2026-10-13,False,2026-10-13T23:00:00Z,-04:00,-04:00,US/Eastern,FUT,OK,"[{'id': 322, 'market': 'H', 'countryCode': 'US', 'network': 'NBCSP', 'sequenceNumber': 389}, {'id': 652, 'market': 'A', 'countryCode': 'US', 'network': 'Prime Video', 'sequenceNumber': 117}, {'id': 387, 'market': 'A', 'countryCode': 'US', 'network': 'KING', 'sequenceNumber': 615}, {'id': 388, 'market': 'A', 'countryCode': 'US', 'network': 'KONG', 'sequenceNumber': 654}]",,,,/gamecenter/sea-vs-phi/2026/10/13/2026020094,Xfinity Mobile Arena,55,Kraken,Seattle,,Seattle,de Seattle,SEA,https://assets.nhle.com/logos/nhl/svg/SEA_light.svg,https://assets.nhle.com/logos/nhl/svg/SEA_dark.svg,False,,4,Flyers,Philadelphia,Philadelphia,de Philadelphie,PHI,https://assets.nhle.com/logos/nhl/svg/PHI_light.svg,https://assets.nhle.com/logos/nhl/svg/PHI_dark.svg,False,,1,REG,3,,,,,,,,Philadelphie,,,,https://www.ticketmaster.com/event/300064EEEE94E14E?brand=flyers&artistid=806000&wt.mc_id=NHL_TEAM_PHI_SCHEDULE_GM4&utm_source=NHL.com&utm_medium=client&utm_campaign=NHL_TEAM_PHI&utm_content=SCHEDULE_GM4,https://www.ticketmaster.com/event/300064EEEE94E14E?brand=flyers&artistid=806000&wt.mc_id=NHL_TEAM_PHI_SCHEDULE_GM4&utm_source=NHL.com&utm_medium=client&utm_campaign=NHL_TEAM_PHI&utm_content=SCHEDULE_GM4,https://d2igy0yla8zi0u.cloudfront.net/SEA/20262027/SEA-radio.m3u8,https://d2igy0yla8zi0u.cloudfront.net/PHI/20262027/PHI-radio.m3u8,,,,,,,,,,,,,,,,
20252026,20262027,,US/Eastern,2026020110,20262027,2,2026-10-15,False,2026-10-15T23:30:00Z,-04:00,-04:00,America/Detroit,FUT,OK,"[{'id': 329, 'market': 'N', 'countryCode': 'US', 'network': 'ESPN+', 'sequenceNumber': 16}, {'id': 391, 'market': 'N', 'countryCode': 'US', 'network': 'HULU', 'sequenceNumber': 17}, {'id': 574, 'market': 'N', 'countryCode': 'US', 'network': 'Disney+', 'sequenceNumber': 21}, {'id': 549, 'market': 'N', 'countryCode': 'CA', 'network': 'SN+', 'sequenceNumber': 117}]",,,,/gamecenter/phi-vs-det/2026/10/15/2026020110,Little Caesars Arena,4,Flyers,Philadelphia,Philadelphie,Philadelphia,de Philadelphie,PHI,https://assets.nhle.com/logos/nhl/svg/PHI_light.svg,https://assets.nhle.com/logos/nhl/svg/PHI_dark.svg,False,,17,Red Wings,Detroit,Detroit,de Detroit,DET,https://assets.nhle.com/logos/nhl/svg/DET_light.svg,https://assets.nhle.com/logos/nhl/svg/DET_dark.svg,False,,1,REG,3,,,,,,,,,,,,https://www.ticketmaster.com/event/080064EED7BE7FB9?brand=redwings&artistid=805938&wt.mc_id=NHL_TEAM_DET_SCHEDULE_GM6&utm_source=NHL.com&utm_medium=client&utm_campaign=NHL_TEAM_DET&utm_content=SCHEDULE_GM6,https://www.ticketmaster.com/event/080064EED7BE7FB9?brand=redwings&artistid=805938&wt.mc_id=NHL_TEAM_DET_SCHEDULE_GM6&utm_source=NHL.com&utm_medium=client&utm_campaign=NHL_TEAM_DET&utm_content=SCHEDULE_GM6,https://d2igy0yla8zi0u.cloudfront.net/PHI/20262027/PHI-radio.m3u8,https://d2igy0yla8zi0u.cloudfront.net/DET/20262027/DET-radio.m3u8,,,,,,,,,,,,,,,,
20252026,20262027,,US/Eastern,2026020128,20262027,2,2026-10-17,False,2026-10-17T23:00:00Z,-04:00,-04:00,US/Eastern,FUT,OK,"[{'id': 284, 'market': 'N', 'countryCode': 'CA', 'network': 'SN1', 'sequenceNumber': 113}, {'id': 322, 'market': 'H', 'countryCode': 'US', 'network': 'NBCSP', 'sequenceNumber': 389}]",,,,/gamecenter/ott-vs-phi/2026/10/17/2026020128,Xfinity Mobile Arena,9,Senators,Ottawa,,Ottawa,d'Ottawa,OTT,https://assets.nhle.com/logos/nhl/svg/OTT_light.svg,https://assets.nhle.com/logos/nhl/svg/OTT_dark.svg,False,,4,Flyers,Philadelphia,Philadelphia,de Philadelphie,PHI,https://assets.nhle.com/logos/nhl/svg/PHI_light.svg,https://assets.nhle.com/logos/nhl/svg/PHI_dark.svg,False,,1,REG,3,,,,,,,,Philadelphie,,,,https://www.ticketmaster.com/event/300064EEEE99E157?brand=flyers&artistid=806000&wt.mc_id=NHL_TEAM_PHI_SCHEDULE_GM5&utm_source=NHL.com&utm_medium=client&utm_campaign=NHL_TEAM_PHI&utm_content=SCHEDULE_GM5,https://www.ticketmaster.com/event/300064EEEE99E157?brand=flyers&artistid=806000&wt.mc_id=NHL_TEAM_PHI_SCHEDULE_GM5&utm_source=NHL.com&utm_medium=client&utm_campaign=NHL_TEAM_PHI&utm_content=SCHEDULE_GM5,https://d2igy0yla8zi0u.cloudfront.net/OTT/20262027/OTT-radio.m3u8,https://d2igy0yla8zi0u.cloudfront.net/PHI/20262027/PHI-radio.m3u8,,,,https://www.aircanada.com/home/ca/en/aco/flights,Book Flights with Air Canada,https://www.brookstreethotel.com/?gad_source=1&gad_campaignid=361534260&gbraid=0AAAAAD7lh6gowt52ky_hNFfUfpIJrBOLt&gclid=CjwKCAjws_DTBhB_EiwAXZknGWgxgnsGfRdBp1sxO_Bjc5W4YaWOrsfOWgCMIIPHfxIA9-A04EYXdhoClb8QAvD_BwE,Brookstreet Hotel,,,,,,,,Sénateurs,
20252026,20262027,,US/Eastern,2026020138,20262027,2,2026-10-19,False,2026-10-19T23:00:00Z,-04:00,-04:00,US/Eastern,FUT,OK,"[{'id': 322, 'market': 'H', 'countryCode': 'US', 'network': 'NBCSP', 'sequenceNumber': 389}, {'id': 2, 'market': 'A', 'countryCode': 'US', 'network': 'ALT', 'sequenceNumber': 385}]",,,,/gamecenter/col-vs-phi/2026/10/19/2026020138,Xfinity Mobile Arena,21,Avalanche,Colorado,,Colorado,du Colorado,COL,https://assets.nhle.com/logos/nhl/svg/COL_light.svg,https://assets.nhle.com/logos/nhl/svg/COL_dark.svg,False,,4,Flyers,Philadelphia,Philadelphia,de Philadelphie,PHI,https://assets.nhle.com/logos/nhl/svg/PHI_light.svg,https://assets.nhle.com/logos/nhl/svg/PHI_dark.svg,False,,1,REG,3,,,,,,,,Philadelphie,,,,https://www.ticketmaster.com/event/300064EEEE9EE15E?brand=flyers&artistid=806000&wt.mc_id=NHL_TEAM_PHI_SCHEDULE_GM6&utm_source=NHL.com&utm_medium=client&utm_campaign=NHL_TEAM_PHI&utm_content=SCHEDULE_GM6,https://www.ticketmaster.com/event/300064EEEE9EE15E?brand=flyers&artistid=806000&wt.mc_id=NHL_TEAM_PHI_SCHEDULE_GM6&utm_source=NHL.com&utm_medium=client&utm_campaign=NHL_TEAM_PHI&utm_content=SCHEDULE_GM6,https://d2igy0yla8zi0u.cloudfront.net/COL/20262027/COL-radio.m3u8,https://d2igy0yla8zi0u.cloudfront.net/PHI/20262027/PHI-radio.m3u8,,,,,,,,,,,,,,,,
20252026,20262027,,US/Eastern,2026020152,20262027,2,2026-10-21,False,2026-10-21T23:30:00Z,-04:00,-04:00,America/New_York,FUT,OK,"[{'id': 385, 'market': 'N', 'countryCode': 'US', 'network': 'TNT', 'sequenceNumber': 11}, {'id': 501, 'market': 'N', 'countryCode': 'US', 'network': 'truTV', 'sequenceNumber': 14}, {'id': 578, 'market': 'N', 'countryCode': 'US', 'network': 'HBO MAX', 'sequenceNumber': 19}]",,,,/gamecenter/phi-vs-buf/2026/10/21/2026020152,KeyBank Center,4,Flyers,Philadelphia,Philadelphie,Philadelphia,de Philadelphie,PHI,https://assets.nhle.com/logos/nhl/svg/PHI_light.svg,https://assets.nhle.com/logos/nhl/svg/PHI_dark.svg,False,,7,Sabres,Buffalo,Buffalo,de Buffalo,BUF,https://assets.nhle.com/logos/nhl/svg/BUF_light.svg,https://assets.nhle.com/logos/nhl/svg/BUF_dark.svg,False,,1,REG,3,,,,,,,,,,,,https://www.ticketmaster.com/event/000064EFCB237FEF?brand=sabres&artistid=805906&wt.mc_id=NHL_TEAM_BUF_SCHEDULE_GM6&utm_source=NHL.com&utm_medium=client&utm_campaign=NHL_TEAM_BUF&utm_content=SCHEDULE_GM6,https://www.ticketmaster.com/event/000064EFCB237FEF?brand=sabres&artistid=805906&wt.mc_id=NHL_TEAM_BUF_SCHEDULE_GM6&utm_source=NHL.com&utm_medium=client&utm_campaign=NHL_TEAM_BUF&utm_content=SCHEDULE_GM6,https://d2igy0yla8zi0u.cloudfront.net/PHI/20262027/PHI-radio.m3u8,https://d2igy0yla8zi0u.cloudfront.net/BUF/20262027/BUF-radio.m3u8,,,,,,,,,,,,,,,,
20252026,20262027,,US/Eastern,2026020168,20262027,2,2026-10-24,False,2026-10-24T17:00:00Z,-04:00,-04:00,US/Eastern,FUT,OK,"[{'id': 324, 'market': 'N', 'countryCode': 'US', 'network': 'NHLN', 'sequenceNumber': 35}, {'id': 282, 'market': 'N', 'countryCode': 'CA', 'network': 'SN', 'sequenceNumber': 107}, {'id': 322, 'market': 'H', 'countryCode': 'US', 'network': 'NBCSP', 'sequenceNumber': 389}, {'id': 652, 'market': 'A', 'countryCode': 'US', 'network': 'Prime Video', 'sequenceNumber': 117}, {'id': 219, 'market': 'A', 'countryCode': 'US', 'network': 'KCOP-13', 'sequenceNumber': 656}]",,,,/gamecenter/ana-vs-phi/2026/10/24/2026020168,Xfinity Mobile Arena,24,Ducks,Anaheim,,Anaheim,d'Anaheim,ANA,https://assets.nhle.com/logos/nhl/svg/ANA_light.svg,https://assets.nhle.com/logos/nhl/svg/ANA_dark.svg,False,,4,Flyers,Philadelphia,Philadelphia,de Philadelphie,PHI,https://assets.nhle.com/logos/nhl/svg/PHI_light.svg,https://assets.nhle.com/logos/nhl/svg/PHI_dark.svg,False,,1,REG,3,,,,,,,,Philadelphie,,,,https://www.ticketmaster.com/event/300064EEEEA8E16B?brand=flyers&artistid=806000&wt.mc_id=NHL_TEAM_PHI_SCHEDULE_GM7&utm_source=NHL.com&utm_medium=client&utm_campaign=NHL_TEAM_PHI&utm_content=SCHEDULE_GM7,https://www.ticketmaster.com/event/300064EEEEA8E16B?brand=flyers&artistid=806000&wt.mc_id=NHL_TEAM_PHI_SCHEDULE_GM7&utm_source=NHL.com&utm_medium=client&utm_campaign=NHL_TEAM_PHI&utm_content=SCHEDULE_GM7,https://d2igy0yla8zi0u.cloudfront.net/ANA/20262027/ANA-radio.m3u8,https://d2igy0yla8zi0u.cloudfront.net/PHI/20262027/PHI-radio.m3u8,,,,,,,,,,,,,,,,
20252026,20262027,,US/Eastern,2026020188,20262027,2,2026-10-27,False,2026-10-27T23:00:00Z,-04:00,-04:00,US/Eastern,FUT,OK,"[{'id': 290, 'market': 'N', 'countryCode': 'CA', 'network': 'SNP', 'sequenceNumber': 33}, {'id': 322, 'market': 'H', 'countryCode': 'US', 'network': 'NBCSP', 'sequenceNumber': 389}, {'id': 647, 'market': 'A', 'countryCode': 'US', 'network': 'CBJNHL', 'sequenceNumber': 1}, {'id': 755, 'market': 'A', 'countryCode': 'US', 'network': 'CBJHN', 'sequenceNumber': 1}]",,,,/gamecenter/cbj-vs-phi/2026/10/27/2026020188,Xfinity Mobile Arena,29,Blue Jackets,Columbus,,Columbus,de Columbus,CBJ,https://assets.nhle.com/logos/nhl/svg/CBJ_light.svg,https://assets.nhle.com/logos/nhl/svg/CBJ_dark.svg,False,,4,Flyers,Philadelphia,Philadelphia,de Philadelphie,PHI,https://assets.nhle.com/logos/nhl/svg/PHI_light.svg,https://assets.nhle.com/logos/nhl/svg/PHI_dark.svg,False,,1,REG,3,,,,,,,,Philadelphie,,,,https://www.ticketmaster.com/event/300064EEEEADE170?brand=flyers&artistid=806000&wt.mc_id=NHL_TEAM_PHI_SCHEDULE_GM8&utm_source=NHL.com&utm_medium=client&utm_campaign=NHL_TEAM_PHI&utm_content=SCHEDULE_GM8,https://www.ticketmaster.com/event/300064EEEEADE170?brand=flyers&artistid=806000&wt.mc_id=NHL_TEAM_PHI_SCHEDULE_GM8&utm_source=NHL.com&utm_medium=client&utm_campaign=NHL_TEAM_PHI&utm_content=SCHEDULE_GM8,https://d2igy0yla8zi0u.cloudfront.net/CBJ/20262027/CBJ-radio.m3u8,https://d2igy0yla8zi0u.cloudfront.net/PHI/20262027/PHI-radio.m3u8,,,,,,,,,,,,,,,,
20252026,20262027,,US/Eastern,2026020199,20262027,2,2026-10-28,False,2026-10-28T23:30:00Z,-04:00,-04:00,US/Eastern,FUT,OK,"[{'id': 385, 'market': 'N', 'countryCode': 'US', 'network': 'TNT', 'sequenceNumber': 11}, {'id': 501, 'market': 'N', 'countryCode': 'US', 'network': 'truTV', 'sequenceNumber': 14}, {'id': 578, 'market': 'N', 'countryCode': 'US', 'network': 'HBO MAX', 'sequenceNumber': 19}, {'id': 323, 'market': 'A', 'countryCode': 'US', 'network': 'NBCSP+', 'sequenceNumber': 401}]",,,,/gamecenter/phi-vs-wsh/2026/10/28/2026020199,Capital One Arena,4,Flyers,Philadelphia,Philadelphie,Philadelphia,de Philadelphie,PHI,https://assets.nhle.com/logos/nhl/svg/PHI_light.svg,https://assets.nhle.com/logos/nhl/svg/PHI_dark.svg,False,,15,Capitals,Washington,Washington,de Washington,WSH,https://assets.nhle.com/logos/nhl/svg/WSH_secondary_light.svg,https://assets.nhle.com/logos/nhl/svg/WSH_secondary_dark.svg,False,,1,REG,3,,,,,,,,,,,,https://www.ticketmaster.com/event/150064F03470E2A1?brand=capitals&artistid=806039&wt.mc_id=NHL_TEAM_WSH_SCHEDULE_GM8&utm_source=club_schedule&utm_medium=web_organic&utm_campaign=2627sgb_ca1028pf,https://www.ticketmaster.com/event/150064F03470E2A1?brand=capitals&artistid=806039&wt.mc_id=NHL_TEAM_WSH_SCHEDULE_GM8&utm_source=club_schedule&utm_medium=web_organic&utm_campaign=2627sgb_ca1028pf,https://d2igy0yla8zi0u.cloudfront.net/PHI/20262027/PHI-radio.m3u8,https://d2igy0yla8zi0u.cloudfront.net/WSH/20262027/WSH-radio.m3u8,,,,,,,,,,,https://www.united.com/en/us?utm_source=washcaps_schedulepage&utm_medium=web_organic&utm_campaign=2627_washcaps&utm_content=united,Fly with United Arlines,,,,
20252026,20262027,,US/Eastern,2026020229,20262027,2,2026-11-01,False,2026-11-01T21:00:00Z,-05:00,-05:00,US/Eastern,FUT,OK,"[{'id': 284, 'market': 'N', 'countryCode': 'CA', 'network': 'SN1', 'sequenceNumber': 113}, {'id': 322, 'market': 'H', 'countryCode': 'US', 'network': 'NBCSP', 'sequenceNumber': 389}, {'id': 558, 'market': 'A', 'countryCode': 'US', 'network': 'Utah16', 'sequenceNumber': 381}]",,,,/gamecenter/uta-vs-phi/2026/11/01/2026020229,Xfinity Mobile Arena,68,Mammoth,Utah,,Utah,de l'Utah,UTA,https://assets.nhle.com/logos/nhl/svg/UTA_light.svg,https://assets.nhle.com/logos/nhl/svg/UTA_dark.svg,False,,4,Flyers,Philadelphia,Philadelphia,de Philadelphie,PHI,https://assets.nhle.com/logos/nhl/svg/PHI_light.svg,https://assets.nhle.com/logos/nhl/svg/PHI_dark.svg,False,,1,REG,3,,,,,,,,Philadelphie,,,,https://www.ticketmaster.com/event/300064EEEEB1E179?brand=flyers&artistid=806000&wt.mc_id=NHL_TEAM_PHI_SCHEDULE_GM9&utm_source=NHL.com&utm_medium=client&utm_campaign=NHL_TEAM_PHI&utm_content=SCHEDULE_GM9,https://www.ticketmaster.com/event/300064EEEEB1E179?brand=flyers&artistid=806000&wt.mc_id=NHL_TEAM_PHI_SCHEDULE_GM9&utm_source=NHL.com&utm_medium=client&utm_campaign=NHL_TEAM_PHI&utm_content=SCHEDULE_GM9,https://d2igy0yla8zi0u.cloudfront.net/UTA/20262027/UTA-radio.m3u8,https://d2igy0yla8zi0u.cloudfront.net/PHI/20262027/PHI-radio.m3u8,,,,,,,,,,,,,,,,
20252026,20262027,,US/Eastern,2026020241,20262027,2,2026-11-03,False,2026-11-04T00:00:00Z,-05:00,-05:00,US/Eastern,FUT,OK,"[{'id': 322, 'market': 'H', 'countryCode': 'US', 'network': 'NBCSP', 'sequenceNumber': 389}, {'id': 648, 'market': 'A', 'countryCode': 'US', 'network': 'MINNHL', 'sequenceNumber': 1}, {'id': 758, 'market': 'A', 'countryCode': 'US', 'network': 'Wild+', 'sequenceNumber': 1}]",,,,/gamecenter/min-vs-phi/2026/11/03/2026020241,Xfinity Mobile Arena,30,Wild,Minnesota,,Minnesota,du Minnesota,MIN,https://assets.nhle.com/logos/nhl/svg/MIN_light.svg,https://assets.nhle.com/logos/nhl/svg/MIN_dark.svg,False,,4,Flyers,Philadelphia,Philadelphia,de Philadelphie,PHI,https://assets.nhle.com/logos/nhl/svg/PHI_light.svg,https://assets.nhle.com/logos/nhl/svg/PHI_dark.svg,False,,1,REG,3,,,,,,,,Philadelphie,,,,https://www.ticketmaster.com/event/300064EEEEB6E17F?brand=flyers&artistid=806000&wt.mc_id=NHL_TEAM_PHI_SCHEDULE_GM10&utm_source=NHL.com&utm_medium=client&utm_campaign=NHL_TEAM_PHI&utm_content=SCHEDULE_GM10,https://www.ticketmaster.com/event/300064EEEEB6E17F?brand=flyers&artistid=806000&wt.mc_id=NHL_TEAM_PHI_SCHEDULE_GM10&utm_source=NHL.com&utm_medium=client&utm_campaign=NHL_TEAM_PHI&utm_content=SCHEDULE_GM10,https://d2igy0yla8zi0u.cloudfront.net/MIN/20262027/MIN-radio.m3u8,https://d2igy0yla8zi0u.cloudfront.net/PHI/20262027/PHI-radio.m3u8,,,,,,,,,,,,,,,,
20252026,20262027,,US/Eastern,2026020256,20262027,2,2026-11-05,False,2026-11-06T00:00:00Z,-05:00,-05:00,America/New_York,FUT,OK,"[{'id': 322, 'market': 'A', 'countryCode': 'US', 'network': 'NBCSP', 'sequenceNumber': 389}, {'id': 27, 'market': 'H', 'countryCode': 'US', 'network': 'MSG', 'sequenceNumber': 417}]",,,,/gamecenter/phi-vs-nyr/2026/11/05/2026020256,Madison Square Garden,4,Flyers,Philadelphia,Philadelphie,Philadelphia,de Philadelphie,PHI,https://assets.nhle.com/logos/nhl/svg/PHI_light.svg,https://assets.nhle.com/logos/nhl/svg/PHI_dark.svg,False,,3,Rangers,New York,New York,de New York,NYR,https://assets.nhle.com/logos/nhl/svg/NYR_light.svg,https://assets.nhle.com/logos/nhl/svg/NYR_dark.svg,False,,1,REG,3,,,,,,,,,,,,https://www.ticketmaster.com/event/3B0064F1B1DB4451?brand=nyrangers&artistid=805991&landing=s&wt.mc_id=NHL_TEAM_NYR_SCHEDULE_GM10&utm_source=NHL.com&utm_medium=client&utm_campaign=NHL_TEAM_NYR&utm_content=SCHEDULE_GM10&CAMEFROM=CFC_RANGERS_WEB_NYR_SCHED_260803,https://www.ticketmaster.com/event/3B0064F1B1DB4451?brand=nyrangers&artistid=805991&landing=s&wt.mc_id=NHL_TEAM_NYR_SCHEDULE_GM10&utm_source=NHL.com&utm_medium=client&utm_campaign=NHL_TEAM_NYR&utm_content=SCHEDULE_GM10&CAMEFROM=CFC_RANGERS_WEB_NYR_SCHED_260803,https://d2igy0yla8zi0u.cloudfront.net/PHI/20262027/PHI-radio.m3u8,https://d2igy0yla8zi0u.cloudfront.net/NYR/20262027/NYR-radio.m3u8,,,,,,,,,,,,,,,,
20252026,20262027,,US/Eastern,2026020281,20262027,2,2026-11-08,False,2026-11-09T00:00:00Z,-05:00,-07:00,America/Edmonton,FUT,OK,"[{'id': 289, 'market': 'N', 'countryCode': 'CA', 'network': 'SNW', 'sequenceNumber': 34}, {'id': 322, 'market': 'A', 'countryCode': 'US', 'network': 'NBCSP', 'sequenceNumber': 389}]",,,,/gamecenter/phi-vs-cgy/2026/11/08/2026020281,Scotiabank Saddledome,4,Flyers,Philadelphia,Philadelphie,Philadelphia,de Philadelphie,PHI,https://assets.nhle.com/logos/nhl/svg/PHI_light.svg,https://assets.nhle.com/logos/nhl/svg/PHI_dark.svg,False,,20,Flames,Calgary,Calgary,de Calgary,CGY,https://assets.nhle.com/logos/nhl/svg/CGY_light.svg,https://assets.nhle.com/logos/nhl/svg/CGY_dark.svg,False,,1,REG,3,,,,,,,,,,,,https://www.ticketmaster.ca/event/110064FBA5B55436?brand=calgaryflames&artistid=805907&wt.mc_id=NHL_TEAM_CGY_SCHEDULE_GM10&utm_source=NHL.com&utm_medium=client_PM&utm_campaign=NHL_TEAM_CGY&utm_content=SCHEDULE_GM10,https://www.ticketmaster.ca/event/110064FBA5B55436?brand=calgaryflames&artistid=805907&wt.mc_id=NHL_TEAM_CGY_SCHEDULE_GM10&utm_source=NHL.com&utm_medium=client_PM&utm_campaign=NHL_TEAM_CGY&utm_content=SCHEDULE_GM10,https://d2igy0yla8zi0u.cloudfront.net/PHI/20262027/PHI-radio.m3u8,https://d2igy0yla8zi0u.cloudfront.net/CGY/20262027/CGY-radio.m3u8,,,,,,,,,,,,,,,,
20252026,20262027,,US/Eastern,2026020284,20262027,2,2026-11-09,False,2026-11-10T02:30:00Z,-05:00,-07:00,America/Vancouver,FUT,OK,"[{'id': 549, 'market': 'N', 'countryCode': 'CA', 'network': 'SN+', 'sequenceNumber': 117}, {'id': 322, 'market': 'A', 'countryCode': 'US', 'network': 'NBCSP', 'sequenceNumber': 389}]",,,,/gamecenter/phi-vs-van/2026/11/09/2026020284,Rogers Arena,4,Flyers,Philadelphia,Philadelphie,Philadelphia,de Philadelphie,PHI,https://assets.nhle.com/logos/nhl/svg/PHI_light.svg,https://assets.nhle.com/logos/nhl/svg/PHI_dark.svg,False,,23,Canucks,Vancouver,Vancouver,de Vancouver,VAN,https://assets.nhle.com/logos/nhl/svg/VAN_light.svg,https://assets.nhle.com/logos/nhl/svg/VAN_dark.svg,False,,1,REG,3,,,,,,,,,,,,https://www.ticketmaster.ca/event/11006503F0A8BB85?brand=canucks&artistid=806037&wt.mc_id=NHL_TEAM_VAN_SCHEDULE_GM9&utm_source=NHL.com&utm_medium=client_PM&utm_campaign=NHL_TEAM_VAN&utm_content=SCHEDULE_GM9,https://www.ticketmaster.ca/event/11006503F0A8BB85?brand=canucks&artistid=806037&wt.mc_id=NHL_TEAM_VAN_SCHEDULE_GM9&utm_source=NHL.com&utm_medium=client_PM&utm_campaign=NHL_TEAM_VAN&utm_content=SCHEDULE_GM9,https://d2igy0yla8zi0u.cloudfront.net/PHI/20262027/PHI-radio.m3u8,https://d2igy0yla8zi0u.cloudfront.net/VAN/20262027/VAN-radio.m3u8,,,,,,,,,,,,,,,,
20252026,20262027,,US/Eastern,2026020295,20262027,2,2026-11-11,False,2026-11-12T02:00:00Z,-05:00,-07:00,America/Edmonton,FUT,OK,"[{'id': 322, 'market': 'A', 'countryCode': 'US', 'network': 'NBCSP', 'sequenceNumber': 389}, {'id': 289, 'market': 'H', 'countryCode': 'CA', 'network': 'SNW', 'sequenceNumber': 34}]",,,,/gamecenter/phi-vs-edm/2026/11/11/2026020295,Rogers Place,4,Flyers,Philadelphia,Philadelphie,Philadelphia,de Philadelphie,PHI,https://assets.nhle.com/logos/nhl/svg/PHI_light.svg,https://assets.nhle.com/logos/nhl/svg/PHI_dark.svg,False,,22,Oilers,Edmonton,Edmonton,d'Edmonton,EDM,https://assets.nhle.com/logos/nhl/svg/EDM_light.svg,https://assets.nhle.com/logos/nhl/svg/EDM_dark.svg,False,,1,REG,3,,,,,,,,,,,,https://www.ticketmaster.ca/event/11006513A620A4E5?brand=edmontonoilers&artistid=805943&wt.mc_id=NHL_TEAM_EDM_SCHEDULE_GM12&utm_source=NHL.com&utm_medium=client_PM&utm_campaign=NHL_TEAM_EDM&utm_content=SCHEDULE_GM12,https://www.ticketmaster.ca/event/11006513A620A4E5?brand=edmontonoilers&artistid=805943&wt.mc_id=NHL_TEAM_EDM_SCHEDULE_GM12&utm_source=NHL.com&utm_medium=client_PM&utm_campaign=NHL_TEAM_EDM&utm_content=SCHEDULE_GM12,https://d2igy0yla8zi0u.cloudfront.net/PHI/20262027/PHI-radio.m3u8,https://d2igy0yla8zi0u.cloudfront.net/EDM/20262027/EDM-radio.m3u8,,,,,,,,,https://www.nhl.com/oilers/tickets/promotional-games,Remembrance Day,,,,,,
20252026,20262027,,US/Eastern,2026020319,20262027,2,2026-11-14,False,2026-11-15T00:00:00Z,-05:00,-05:00,US/Eastern,FUT,OK,"[{'id': 322, 'market': 'A', 'countryCode': 'US', 'network': 'NBCSP', 'sequenceNumber': 389}, {'id': 647, 'market': 'H', 'countryCode': 'US', 'network': 'CBJNHL', 'sequenceNumber': 1}, {'id': 755, 'market': 'H', 'countryCode': 'US', 'network': 'CBJHN', 'sequenceNumber': 1}]",,,,/gamecenter/phi-vs-cbj/2026/11/14/2026020319,Nationwide Arena,4,Flyers,Philadelphia,Philadelphie,Philadelphia,de Philadelphie,PHI,https://assets.nhle.com/logos/nhl/svg/PHI_light.svg,https://assets.nhle.com/logos/nhl/svg/PHI_dark.svg,False,,29,Blue Jackets,Columbus,Columbus,de Columbus,CBJ,https://assets.nhle.com/logos/nhl/svg/CBJ_light.svg,https://assets.nhle.com/logos/nhl/svg/CBJ_dark.svg,False,,1,REG,3,,,,,,,,,,,,https://www.ticketmaster.com/event/050064EDD783D031?brand=bluejackets&artistid=805927&wt.mc_id=NHL_TEAM_CBJ_SCHEDULE_GM12&utm_source=web_schedule_club&utm_medium=NHL.com&utm_campaign=single_game_tickets&utm_content=SCHEDULE_GM12,https://www.ticketmaster.com/event/050064EDD783D031?brand=bluejackets&artistid=805927&wt.mc_id=NHL_TEAM_CBJ_SCHEDULE_GM12&utm_source=web_schedule_club&utm_medium=NHL.com&utm_campaign=single_game_tickets&utm_content=SCHEDULE_GM12,https://d2igy0yla8zi0u.cloudfront.net/PHI/20262027/PHI-radio.m3u8,https://d2igy0yla8zi0u.cloudfront.net/CBJ/20262027/CBJ-radio.m3u8,,,,,,,,,,,,,https://www.sonesta.com/sonesta-hotels-resorts/oh/columbus/sonesta-columbus-downtown?isGroupCode=false&promoCode=CBJPROMO,Stay at Sonesta Columbus Downtown,,
20252026,20262027,,US/Eastern,2026020326,20262027,2,2026-11-15,False,2026-11-16T00:30:00Z,-05:00,-05:00,US/Eastern,FUT,OK,"[{'id': 282, 'market': 'N', 'countryCode': 'CA', 'network': 'SN', 'sequenceNumber': 21}, {'id': 281, 'market': 'N', 'countryCode': 'CA', 'network': 'TVAS', 'sequenceNumber': 120}, {'id': 322, 'market': 'H', 'countryCode': 'US', 'network': 'NBCSP', 'sequenceNumber': 389}]",,,,/gamecenter/edm-vs-phi/2026/11/15/2026020326,Xfinity Mobile Arena,22,Oilers,Edmonton,,Edmonton,d'Edmonton,EDM,https://assets.nhle.com/logos/nhl/svg/EDM_light.svg,https://assets.nhle.com/logos/nhl/svg/EDM_dark.svg,False,,4,Flyers,Philadelphia,Philadelphia,de Philadelphie,PHI,https://assets.nhle.com/logos/nhl/svg/PHI_light.svg,https://assets.nhle.com/logos/nhl/svg/PHI_dark.svg,False,,1,REG,3,,,,,,,,Philadelphie,,,,https://www.ticketmaster.com/event/300064EEEEBBE188?brand=flyers&artistid=806000&wt.mc_id=NHL_TEAM_PHI_SCHEDULE_GM11&utm_source=NHL.com&utm_medium=client&utm_campaign=NHL_TEAM_PHI&utm_content=SCHEDULE_GM11,https://www.ticketmaster.com/event/300064EEEEBBE188?brand=flyers&artistid=806000&wt.mc_id=NHL_TEAM_PHI_SCHEDULE_GM11&utm_source=NHL.com&utm_medium=client&utm_campaign=NHL_TEAM_PHI&utm_content=SCHEDULE_GM11,https://d2igy0yla8zi0u.cloudfront.net/EDM/20262027/EDM-radio.m3u8,https://d2igy0yla8zi0u.cloudfront.net/PHI/20262027/PHI-radio.m3u8,,,,,,,,,,,,,,,,
20252026,20262027,,US/Eastern,2026020337,20262027,2,2026-11-17,False,2026-11-18T00:00:00Z,-05:00,-05:00,US/Eastern,FUT,OK,"[{'id': 322, 'market': 'H', 'countryCode': 'US', 'network': 'NBCSP', 'sequenceNumber': 389}, {'id': 28, 'market': 'A', 'countryCode': 'US', 'network': 'MSG-B', 'sequenceNumber': 392}]",,,,/gamecenter/buf-vs-phi/2026/11/17/2026020337,Xfinity Mobile Arena,7,Sabres,Buffalo,,Buffalo,de Buffalo,BUF,https://assets.nhle.com/logos/nhl/svg/BUF_light.svg,https://assets.nhle.com/logos/nhl/svg/BUF_dark.svg,False,,4,Flyers,Philadelphia,Philadelphia,de Philadelphie,PHI,https://assets.nhle.com/logos/nhl/svg/PHI_light.svg,https://assets.nhle.com/logos/nhl/svg/PHI_dark.svg,False,,1,REG,3,,,,,,,,Philadelphie,,,,https://www.ticketmaster.com/event/300064EEEEC0E193?brand=flyers&artistid=806000&wt.mc_id=NHL_TEAM_PHI_SCHEDULE_GM12&utm_source=NHL.com&utm_medium=client&utm_campaign=NHL_TEAM_PHI&utm_content=SCHEDULE_GM12,https://www.ticketmaster.com/event/300064EEEEC0E193?brand=flyers&artistid=806000&wt.mc_id=NHL_TEAM_PHI_SCHEDULE_GM12&utm_source=NHL.com&utm_medium=client&utm_campaign=NHL_TEAM_PHI&utm_content=SCHEDULE_GM12,https://d2igy0yla8zi0u.cloudfront.net/BUF/20262027/BUF-radio.m3u8,https://d2igy0yla8zi0u.cloudfront.net/PHI/20262027/PHI-radio.m3u8,,,,,,,,,,,,,,,,
20252026,20262027,,US/Eastern,2026020348,20262027,2,2026-11-19,False,2026-11-20T00:00:00Z,-05:00,-05:00,US/Eastern,FUT,OK,"[{'id': 322, 'market': 'A', 'countryCode': 'US', 'network': 'NBCSP', 'sequenceNumber': 389}, {'id': 294, 'market': 'H', 'countryCode': 'CA', 'network': 'TSN5', 'sequenceNumber': 135}, {'id': 230, 'market': 'H', 'countryCode': 'CA', 'network': 'RDS2', 'sequenceNumber': 146}]",,,,/gamecenter/phi-vs-ott/2026/11/19/2026020348,Canadian Tire Centre,4,Flyers,Philadelphia,Philadelphie,Philadelphia,de Philadelphie,PHI,https://assets.nhle.com/logos/nhl/svg/PHI_light.svg,https://assets.nhle.com/logos/nhl/svg/PHI_dark.svg,False,,9,Senators,Ottawa,Ottawa,d'Ottawa,OTT,https://assets.nhle.com/logos/nhl/svg/OTT_light.svg,https://assets.nhle.com/logos/nhl/svg/OTT_dark.svg,False,,1,REG,3,,,,,,,,,,,,https://www.ticketmaster.ca/event/31006507E90B345F?brand=ottawasenators&artistid=805997&landing=s&wt.mc_id=NHL_TEAM_OTT_SGT_PG_GM11&,https://www.nhl.com/fr/senators/tickets/,https://d2igy0yla8zi0u.cloudfront.net/PHI/20262027/PHI-radio.m3u8,https://d2igy0yla8zi0u.cloudfront.net/OTT/20262027/OTT-radio.m3u8,Centre Canadian Tire,,,,,,,Sénateurs,,,https://www.aircanada.com/home/ca/en/aco/flights,Air  Canada Flights,https://www.brookstreethotel.com/,Hotel,,
20252026,20262027,,US/Eastern,2026020365,20262027,2,2026-11-21,False,2026-11-22T00:00:00Z,-05:00,-05:00,America/Montreal,FUT,OK,"[{'id': 287, 'market': 'N', 'countryCode': 'CA', 'network': 'SNE', 'sequenceNumber': 30}, {'id': 281, 'market': 'N', 'countryCode': 'CA', 'network': 'TVAS', 'sequenceNumber': 120}, {'id': 322, 'market': 'A', 'countryCode': 'US', 'network': 'NBCSP', 'sequenceNumber': 389}]",,,,/gamecenter/phi-vs-mtl/2026/11/21/2026020365,Centre Bell,4,Flyers,Philadelphia,Philadelphie,Philadelphia,de Philadelphie,PHI,https://assets.nhle.com/logos/nhl/svg/PHI_light.svg,https://assets.nhle.com/logos/nhl/svg/PHI_dark.svg,False,,8,Canadiens,Montréal,Montréal,de Montréal,MTL,https://assets.nhle.com/logos/nhl/svg/MTL_light.svg,https://assets.nhle.com/logos/nhl/svg/MTL_dark.svg,False,,1,REG,3,,,,,,,,,,,,https://www.ticketmaster.ca/event/310064FACAD5876E?lang=en-ca&brand=canadiens&artistid=805975&wt.mc_id=NHL_TEAM_MTL_SCHEDULE_GM12&utm_source=NHL.com&utm_medium=client&utm_campaign=NHL_TEAM_MTL&utm_content=SCHEDULE_GM12,https://www.ticketmaster.ca/event/310064FACAD5876E?lang=fr-ca&brand=canadiens&artistid=805975&wt.mc_id=NHL_TEAM_MTL_SCHEDULE_GM12&utm_source=NHL.com&utm_medium=client&utm_campaign=NHL_TEAM_MTL&utm_content=SCHEDULE_GM12,https://d2igy0yla8zi0u.cloudfront.net/PHI/20262027/PHI-radio.m3u8,https://d2igy0yla8zi0u.cloudfront.net/MTL/20262027/MTL-radio.m3u8,,,,,,,,,,,,,,,,
20252026,20262027,,US/Eastern,2026020392,20262027,2,2026-11-25,False,2026-11-26T00:00:00Z,-05:00,-05:00,US/Eastern,FUT,OK,"[{'id': 323, 'market': 'A', 'countryCode': 'US', 'network': 'NBCSP+', 'sequenceNumber': 401}, {'id': 517, 'market': 'H', 'countryCode': 'US', 'network': 'MNMT', 'sequenceNumber': 396}]",,,,/gamecenter/phi-vs-wsh/2026/11/25/2026020392,Capital One Arena,4,Flyers,Philadelphia,Philadelphie,Philadelphia,de Philadelphie,PHI,https://assets.nhle.com/logos/nhl/svg/PHI_light.svg,https://assets.nhle.com/logos/nhl/svg/PHI_dark.svg,False,,15,Capitals,Washington,Washington,de Washington,WSH,https://assets.nhle.com/logos/nhl/svg/WSH_secondary_light.svg,https://assets.nhle.com/logos/nhl/svg/WSH_secondary_dark.svg,False,,1,REG,3,,,,,,,,,,,,https://www.ticketmaster.com/event/150064F03485E2E3?brand=capitals&artistid=806039&wt.mc_id=NHL_TEAM_WSH_SCHEDULE_GM14&utm_source=club_schedule&utm_medium=web_organic&utm_campaign=2627sgb_ca1125pf,https://www.ticketmaster.com/event/150064F03485E2E3?brand=capitals&artistid=806039&wt.mc_id=NHL_TEAM_WSH_SCHEDULE_GM14&utm_source=club_schedule&utm_medium=web_organic&utm_campaign=2627sgb_ca1125pf,https://d2igy0yla8zi0u.cloudfront.net/PHI/20262027/PHI-radio.m3u8,https://d2igy0yla8zi0u.cloudfront.net/WSH/20262027/WSH-radio.m3u8,,,,,,,,,,,https://www.united.com/en/us?utm_source=washcaps_schedulepage&utm_medium=web_organic&utm_campaign=2627_washcaps&utm_content=united,Fly with United Arlines,,,,
20252026,20262027,,US/Eastern,2026020405,20262027,2,2026-11-27,False,2026-11-27T20:00:00Z,-05:00,-05:00,US/Eastern,FUT,OK,"[{'id': 290, 'market': 'N', 'countryCode': 'CA', 'network': 'SNP', 'sequenceNumber': 33}, {'id': 322, 'market': 'H', 'countryCode': 'US', 'network': 'NBCSP', 'sequenceNumber': 389}]",,,,/gamecenter/van-vs-phi/2026/11/27/2026020405,Xfinity Mobile Arena,23,Canucks,Vancouver,,Vancouver,de Vancouver,VAN,https://assets.nhle.com/logos/nhl/svg/VAN_light.svg,https://assets.nhle.com/logos/nhl/svg/VAN_dark.svg,False,,4,Flyers,Philadelphia,Philadelphia,de Philadelphie,PHI,https://assets.nhle.com/logos/nhl/svg/PHI_light.svg,https://assets.nhle.com/logos/nhl/svg/PHI_dark.svg,False,,1,REG,3,,,,,,,,Philadelphie,,,,https://www.ticketmaster.com/event/300064EEEEC5E19E?brand=flyers&artistid=806000&wt.mc_id=NHL_TEAM_PHI_SCHEDULE_GM13&utm_source=NHL.com&utm_medium=client&utm_campaign=NHL_TEAM_PHI&utm_content=SCHEDULE_GM13,https://www.ticketmaster.com/event/300064EEEEC5E19E?brand=flyers&artistid=806000&wt.mc_id=NHL_TEAM_PHI_SCHEDULE_GM13&utm_source=NHL.com&utm_medium=client&utm_campaign=NHL_TEAM_PHI&utm_content=SCHEDULE_GM13,https://d2igy0yla8zi0u.cloudfront.net/VAN/20262027/VAN-radio.m3u8,https://d2igy0yla8zi0u.cloudfront.net/PHI/20262027/PHI-radio.m3u8,,,,https://www.aircanada.com/?utm_source=canuckscom&utm_medium=calendar,Book with Air Canada,,,,,,,,,,,
20252026,20262027,,US/Eastern,2026020423,20262027,2,2026-11-28,False,2026-11-29T00:30:00Z,-05:00,-05:00,US/Eastern,FUT,OK,"[{'id': 322, 'market': 'H', 'countryCode': 'US', 'network': 'NBCSP', 'sequenceNumber': 389}, {'id': 410, 'market': 'A', 'countryCode': 'US', 'network': 'MSGSN2', 'sequenceNumber': 406}]",,,,/gamecenter/nyi-vs-phi/2026/11/28/2026020423,Xfinity Mobile Arena,2,Islanders,New York,,New York,de New York,NYI,https://assets.nhle.com/logos/nhl/svg/NYI_light.svg,https://assets.nhle.com/logos/nhl/svg/NYI_dark.svg,False,,4,Flyers,Philadelphia,Philadelphia,de Philadelphie,PHI,https://assets.nhle.com/logos/nhl/svg/PHI_light.svg,https://assets.nhle.com/logos/nhl/svg/PHI_dark.svg,False,,1,REG,3,,,,,,,,Philadelphie,,,,https://www.ticketmaster.com/event/300064EEEEC9E1A9?brand=flyers&artistid=806000&wt.mc_id=NHL_TEAM_PHI_SCHEDULE_GM14&utm_source=NHL.com&utm_medium=client&utm_campaign=NHL_TEAM_PHI&utm_content=SCHEDULE_GM14,https://www.ticketmaster.com/event/300064EEEEC9E1A9?brand=flyers&artistid=806000&wt.mc_id=NHL_TEAM_PHI_SCHEDULE_GM14&utm_source=NHL.com&utm_medium=client&utm_campaign=NHL_TEAM_PHI&utm_content=SCHEDULE_GM14,https://d2igy0yla8zi0u.cloudfront.net/NYI/20262027/NYI-radio.m3u8,https://d2igy0yla8zi0u.cloudfront.net/PHI/20262027/PHI-radio.m3u8,,,,https://www.jetblue.com/?utm_source=nyi_website&utm_medium=schedulepage&utm_campaign=nyi_belmontdepositcampaign&utm_content=jetblueicon,Fly JetBlue,,,,,,,,,,,
20252026,20262027,,US/Eastern,2026020433,20262027,2,2026-11-30,False,2026-12-01T00:30:00Z,-05:00,-05:00,America/Toronto,FUT,OK,"[{'id': 549, 'market': 'N', 'countryCode': 'CA', 'network': 'SN+', 'sequenceNumber': 117}, {'id': 322, 'market': 'A', 'countryCode': 'US', 'network': 'NBCSP', 'sequenceNumber': 389}]",,,,/gamecenter/phi-vs-tor/2026/11/30/2026020433,Scotiabank Arena,4,Flyers,Philadelphia,Philadelphie,Philadelphia,de Philadelphie,PHI,https://assets.nhle.com/logos/nhl/svg/PHI_light.svg,https://assets.nhle.com/logos/nhl/svg/PHI_dark.svg,False,,10,Maple Leafs,Toronto,Toronto,de Toronto,TOR,https://assets.nhle.com/logos/nhl/svg/TOR_light.svg,https://assets.nhle.com/logos/nhl/svg/TOR_dark.svg,False,,1,REG,3,,,,,,,,,,,,https://www.ticketmaster.ca/event/100064FECD17F894?brand=torontomapleleafs&artistid=806033&wt.mc_id=NHL_TEAM_TOR_SCHEDULE_GM17&utm_source=NHL.com&utm_medium=client_PM&utm_campaign=NHL_TEAM_TOR&utm_content=SCHEDULE_GM17,https://www.ticketmaster.ca/event/100064FECD17F894?brand=torontomapleleafs&artistid=806033&wt.mc_id=NHL_TEAM_TOR_SCHEDULE_GM17&utm_source=NHL.com&utm_medium=client_PM&utm_campaign=NHL_TEAM_TOR&utm_content=SCHEDULE_GM17,https://d2igy0yla8zi0u.cloudfront.net/PHI/20262027/PHI-radio.m3u8,https://d2igy0yla8zi0u.cloudfront.net/TOR/20262027/TOR-radio.m3u8,,,,,,,,,,,,,"https://www.marriott.com/search/findHotels.mi?destinationAddress.destination=SCOTIABANK+ARENA,+TORONTO,+CANADA&cid=DIS_GLB000791Q_GLE000HJ7H_GLF0017USO",Book Now,,
20252026,20262027,,US/Eastern,2026020452,20262027,2,2026-12-03,False,2026-12-04T00:30:00Z,-05:00,-05:00,US/Eastern,FUT,OK,"[{'id': 329, 'market': 'N', 'countryCode': 'US', 'network': 'ESPN+', 'sequenceNumber': 16}, {'id': 391, 'market': 'N', 'countryCode': 'US', 'network': 'HULU', 'sequenceNumber': 17}, {'id': 574, 'market': 'N', 'countryCode': 'US', 'network': 'Disney+', 'sequenceNumber': 21}, {'id': 549, 'market': 'N', 'countryCode': 'CA', 'network': 'SN+', 'sequenceNumber': 117}]",,,,/gamecenter/nyi-vs-phi/2026/12/03/2026020452,Xfinity Mobile Arena,2,Islanders,New York,,New York,de New York,NYI,https://assets.nhle.com/logos/nhl/svg/NYI_light.svg,https://assets.nhle.com/logos/nhl/svg/NYI_dark.svg,False,,4,Flyers,Philadelphia,Philadelphia,de Philadelphie,PHI,https://assets.nhle.com/logos/nhl/svg/PHI_light.svg,https://assets.nhle.com/logos/nhl/svg/PHI_dark.svg,False,,1,REG,3,,,,,,,,Philadelphie,,,,https://www.ticketmaster.com/event/300064EEEECEE1B3?brand=flyers&artistid=806000&wt.mc_id=NHL_TEAM_PHI_SCHEDULE_GM15&utm_source=NHL.com&utm_medium=client&utm_campaign=NHL_TEAM_PHI&utm_content=SCHEDULE_GM15,https://www.ticketmaster.com/event/300064EEEECEE1B3?brand=flyers&artistid=806000&wt.mc_id=NHL_TEAM_PHI_SCHEDULE_GM15&utm_source=NHL.com&utm_medium=client&utm_campaign=NHL_TEAM_PHI&utm_content=SCHEDULE_GM15,https://d2igy0yla8zi0u.cloudfront.net/NYI/20262027/NYI-radio.m3u8,https://d2igy0yla8zi0u.cloudfront.net/PHI/20262027/PHI-radio.m3u8,,,,https://www.jetblue.com/?utm_source=nyi_website&utm_medium=schedulepage&utm_campaign=nyi_belmontdepositcampaign&utm_content=jetblueicon,Fly JetBlue,,,,,,,,,,,
20252026,20262027,,US/Eastern,2026020473,20262027,2,2026-12-05,False,2026-12-06T01:00:00Z,-05:00,-06:00,US/Central,FUT,OK,"[{'id': 322, 'market': 'A', 'countryCode': 'US', 'network': 'NBCSP', 'sequenceNumber': 389}, {'id': 648, 'market': 'H', 'countryCode': 'US', 'network': 'MINNHL', 'sequenceNumber': 1}, {'id': 758, 'market': 'H', 'countryCode': 'US', 'network': 'Wild+', 'sequenceNumber': 1}]",,,,/gamecenter/phi-vs-min/2026/12/05/2026020473,Grand Casino Arena,4,Flyers,Philadelphia,Philadelphie,Philadelphia,de Philadelphie,PHI,https://assets.nhle.com/logos/nhl/svg/PHI_light.svg,https://assets.nhle.com/logos/nhl/svg/PHI_dark.svg,False,,30,Wild,Minnesota,Minnesota,du Minnesota,MIN,https://assets.nhle.com/logos/nhl/svg/MIN_light.svg,https://assets.nhle.com/logos/nhl/svg/MIN_dark.svg,False,,1,REG,3,,,,,,,,,,,,https://mnwild.co/jv75bqfq,https://mnwild.co/jv75bqfq,https://d2igy0yla8zi0u.cloudfront.net/PHI/20262027/PHI-radio.m3u8,https://d2igy0yla8zi0u.cloudfront.net/MIN/20262027/MIN-radio.m3u8,,,,,,,,,,,,,,,,
20252026,20262027,,US/Eastern,2026020492,20262027,2,2026-12-08,False,2026-12-09T00:00:00Z,-05:00,-06:00,America/Winnipeg,FUT,OK,"[{'id': 322, 'market': 'A', 'countryCode': 'US', 'network': 'NBCSP', 'sequenceNumber': 389}, {'id': 292, 'market': 'H', 'countryCode': 'CA', 'network': 'TSN3', 'sequenceNumber': 134}]",,,,/gamecenter/phi-vs-wpg/2026/12/08/2026020492,Canada Life Centre,4,Flyers,Philadelphia,Philadelphie,Philadelphia,de Philadelphie,PHI,https://assets.nhle.com/logos/nhl/svg/PHI_light.svg,https://assets.nhle.com/logos/nhl/svg/PHI_dark.svg,False,,52,Jets,Winnipeg,Winnipeg,de Winnipeg,WPG,https://assets.nhle.com/logos/nhl/svg/WPG_light.svg,https://assets.nhle.com/logos/nhl/svg/WPG_dark.svg,False,,1,REG,3,,,,,,,,,,,,https://www.ticketmaster.ca/event/11006505D015AF28?brand=winnipegjets&artistid=1613893&wt.mc_id=NHL_TEAM_WPG_SCHEDULE_GM15&utm_source=NHL.com&utm_medium=client_PM&utm_campaign=NHL_TEAM_WPG&utm_content=SCHEDULE_GM15,https://www.ticketmaster.ca/event/11006505D015AF28?brand=winnipegjets&artistid=1613893&wt.mc_id=NHL_TEAM_WPG_SCHEDULE_GM15&utm_source=NHL.com&utm_medium=client_PM&utm_campaign=NHL_TEAM_WPG&utm_content=SCHEDULE_GM15,https://d2igy0yla8zi0u.cloudfront.net/PHI/20262027/PHI-radio.m3u8,https://d2igy0yla8zi0u.cloudfront.net/WPG/20262027/WPG-radio.m3u8,,,,,,,,,https://www.ticketmaster.ca/event/11006505D015AF28,Canadian Armed Forces Night,,,,,,
20252026,20262027,,US/Eastern,2026020511,20262027,2,2026-12-11,False,2026-12-12T00:00:00Z,-05:00,-05:00,US/Eastern,FUT,OK,"[{'id': 282, 'market': 'N', 'countryCode': 'CA', 'network': 'SN', 'sequenceNumber': 107}, {'id': 322, 'market': 'H', 'countryCode': 'US', 'network': 'NBCSP', 'sequenceNumber': 389}]",,,,/gamecenter/cgy-vs-phi/2026/12/11/2026020511,Xfinity Mobile Arena,20,Flames,Calgary,,Calgary,de Calgary,CGY,https://assets.nhle.com/logos/nhl/svg/CGY_light.svg,https://assets.nhle.com/logos/nhl/svg/CGY_dark.svg,False,,4,Flyers,Philadelphia,Philadelphia,de Philadelphie,PHI,https://assets.nhle.com/logos/nhl/svg/PHI_light.svg,https://assets.nhle.com/logos/nhl/svg/PHI_dark.svg,False,,1,REG,3,,,,,,,,Philadelphie,,,,https://www.ticketmaster.com/event/300064EEEED3E1BE?brand=flyers&artistid=806000&wt.mc_id=NHL_TEAM_PHI_SCHEDULE_GM16&utm_source=NHL.com&utm_medium=client&utm_campaign=NHL_TEAM_PHI&utm_content=SCHEDULE_GM16,https://www.ticketmaster.com/event/300064EEEED3E1BE?brand=flyers&artistid=806000&wt.mc_id=NHL_TEAM_PHI_SCHEDULE_GM16&utm_source=NHL.com&utm_medium=client&utm_campaign=NHL_TEAM_PHI&utm_content=SCHEDULE_GM16,https://d2igy0yla8zi0u.cloudfront.net/CGY/20262027/CGY-radio.m3u8,https://d2igy0yla8zi0u.cloudfront.net/PHI/20262027/PHI-radio.m3u8,,,,,,,,,,,,,,,,
20252026,20262027,,US/Eastern,2026020532,20262027,2,2026-12-14,False,2026-12-15T00:00:00Z,-05:00,-05:00,US/Eastern,FUT,OK,"[{'id': 322, 'market': 'H', 'countryCode': 'US', 'network': 'NBCSP', 'sequenceNumber': 389}, {'id': 521, 'market': 'A', 'countryCode': 'US', 'network': 'SCRIPPS', 'sequenceNumber': 657}]",,,,/gamecenter/fla-vs-phi/2026/12/14/2026020532,Xfinity Mobile Arena,13,Panthers,Florida,Floride,Florida,de la Floride,FLA,https://assets.nhle.com/logos/nhl/svg/FLA_light.svg,https://assets.nhle.com/logos/nhl/svg/FLA_dark.svg,False,,4,Flyers,Philadelphia,Philadelphia,de Philadelphie,PHI,https://assets.nhle.com/logos/nhl/svg/PHI_light.svg,https://assets.nhle.com/logos/nhl/svg/PHI_dark.svg,False,,1,REG,3,,,,,,,,Philadelphie,,,,https://www.ticketmaster.com/event/300064EEEED9E1C8?brand=flyers&artistid=806000&wt.mc_id=NHL_TEAM_PHI_SCHEDULE_GM17&utm_source=NHL.com&utm_medium=client&utm_campaign=NHL_TEAM_PHI&utm_content=SCHEDULE_GM17,https://www.ticketmaster.com/event/300064EEEED9E1C8?brand=flyers&artistid=806000&wt.mc_id=NHL_TEAM_PHI_SCHEDULE_GM17&utm_source=NHL.com&utm_medium=client&utm_campaign=NHL_TEAM_PHI&utm_content=SCHEDULE_GM17,https://d2igy0yla8zi0u.cloudfront.net/FLA/20262027/FLA-radio.m3u8,https://d2igy0yla8zi0u.cloudfront.net/PHI/20262027/PHI-radio.m3u8,,,,,,,,,,,,,,,,
20252026,20262027,,US/Eastern,2026020547,20262027,2,2026-12-16,False,2026-12-17T00:30:00Z,-05:00,-05:00,US/Eastern,FUT,OK,"[{'id': 385, 'market': 'N', 'countryCode': 'US', 'network': 'TNT', 'sequenceNumber': 11}, {'id': 501, 'market': 'N', 'countryCode': 'US', 'network': 'truTV', 'sequenceNumber': 14}, {'id': 578, 'market': 'N', 'countryCode': 'US', 'network': 'HBO MAX', 'sequenceNumber': 19}]",,,,/gamecenter/nyr-vs-phi/2026/12/16/2026020547,Xfinity Mobile Arena,3,Rangers,New York,,New York,de New York,NYR,https://assets.nhle.com/logos/nhl/svg/NYR_light.svg,https://assets.nhle.com/logos/nhl/svg/NYR_dark.svg,False,,4,Flyers,Philadelphia,Philadelphia,de Philadelphie,PHI,https://assets.nhle.com/logos/nhl/svg/PHI_light.svg,https://assets.nhle.com/logos/nhl/svg/PHI_dark.svg,False,,1,REG,3,,,,,,,,Philadelphie,,,,https://www.ticketmaster.com/event/300064EEEEDEE1D0?brand=flyers&artistid=806000&wt.mc_id=NHL_TEAM_PHI_SCHEDULE_GM18&utm_source=NHL.com&utm_medium=client&utm_campaign=NHL_TEAM_PHI&utm_content=SCHEDULE_GM18,https://www.ticketmaster.com/event/300064EEEEDEE1D0?brand=flyers&artistid=806000&wt.mc_id=NHL_TEAM_PHI_SCHEDULE_GM18&utm_source=NHL.com&utm_medium=client&utm_campaign=NHL_TEAM_PHI&utm_content=SCHEDULE_GM18,https://d2igy0yla8zi0u.cloudfront.net/NYR/20262027/NYR-radio.m3u8,https://d2igy0yla8zi0u.cloudfront.net/PHI/20262027/PHI-radio.m3u8,,,,,,,,,,,,,,,,
20252026,20262027,,US/Eastern,2026020562,20262027,2,2026-12-18,False,2026-12-19T00:00:00Z,-05:00,-05:00,US/Eastern,FUT,OK,"[{'id': 282, 'market': 'N', 'countryCode': 'CA', 'network': 'SN', 'sequenceNumber': 21}, {'id': 322, 'market': 'H', 'countryCode': 'US', 'network': 'NBCSP', 'sequenceNumber': 389}, {'id': 645, 'market': 'A', 'countryCode': 'US', 'network': 'DSN', 'sequenceNumber': 1}]",,,,/gamecenter/det-vs-phi/2026/12/18/2026020562,Xfinity Mobile Arena,17,Red Wings,Detroit,,Detroit,de Detroit,DET,https://assets.nhle.com/logos/nhl/svg/DET_light.svg,https://assets.nhle.com/logos/nhl/svg/DET_dark.svg,False,,4,Flyers,Philadelphia,Philadelphia,de Philadelphie,PHI,https://assets.nhle.com/logos/nhl/svg/PHI_light.svg,https://assets.nhle.com/logos/nhl/svg/PHI_dark.svg,False,,1,REG,3,,,,,,,,Philadelphie,,,,https://www.ticketmaster.com/event/300064EEEEE3E1D4?brand=flyers&artistid=806000&wt.mc_id=NHL_TEAM_PHI_SCHEDULE_GM19&utm_source=NHL.com&utm_medium=client&utm_campaign=NHL_TEAM_PHI&utm_content=SCHEDULE_GM19,https://www.ticketmaster.com/event/300064EEEEE3E1D4?brand=flyers&artistid=806000&wt.mc_id=NHL_TEAM_PHI_SCHEDULE_GM19&utm_source=NHL.com&utm_medium=client&utm_campaign=NHL_TEAM_PHI&utm_content=SCHEDULE_GM19,https://d2igy0yla8zi0u.cloudfront.net/DET/20262027/DET-radio.m3u8,https://d2igy0yla8zi0u.cloudfront.net/PHI/20262027/PHI-radio.m3u8,,,,,,,,,,,,,,,,
20252026,20262027,,US/Eastern,2026020576,20262027,2,2026-12-20,False,2026-12-20T18:00:00Z,-05:00,-05:00,US/Eastern,FUT,OK,"[{'id': 284, 'market': 'N', 'countryCode': 'CA', 'network': 'SN1', 'sequenceNumber': 113}, {'id': 281, 'market': 'N', 'countryCode': 'CA', 'network': 'TVAS', 'sequenceNumber': 120}, {'id': 322, 'market': 'A', 'countryCode': 'US', 'network': 'NBCSP', 'sequenceNumber': 389}, {'id': 31, 'market': 'H', 'countryCode': 'US', 'network': 'NESN', 'sequenceNumber': 405}]",,,,/gamecenter/phi-vs-bos/2026/12/20/2026020576,TD Garden,4,Flyers,Philadelphia,Philadelphie,Philadelphia,de Philadelphie,PHI,https://assets.nhle.com/logos/nhl/svg/PHI_light.svg,https://assets.nhle.com/logos/nhl/svg/PHI_dark.svg,False,,6,Bruins,Boston,Boston,de Boston,BOS,https://assets.nhle.com/logos/nhl/svg/BOS_light.svg,https://assets.nhle.com/logos/nhl/svg/BOS_dark.svg,False,,1,REG,3,,,,,,,,,,,,https://www.ticketmaster.com/event/010064EDC54F7BC3?brand=bostonbruins&artistid=805902&wt.mc_id=NHL_TEAM_BOS_SCHEDULE_GM22&utm_source=NHL.com&utm_medium=client&utm_campaign=NHL_TEAM_BOS&utm_content=SCHEDULE_GM22,https://www.ticketmaster.com/event/010064EDC54F7BC3?brand=bostonbruins&artistid=805902&wt.mc_id=NHL_TEAM_BOS_SCHEDULE_GM22&utm_source=NHL.com&utm_medium=client&utm_campaign=NHL_TEAM_BOS&utm_content=SCHEDULE_GM22,https://d2igy0yla8zi0u.cloudfront.net/PHI/20262027/PHI-radio.m3u8,https://d2igy0yla8zi0u.cloudfront.net/BOS/20262027/BOS-radio.m3u8,,,,,,,,,,,,,,,,
20252026,20262027,,US/Eastern,2026020587,20262027,2,2026-12-21,False,2026-12-22T00:00:00Z,-05:00,-05:00,US/Eastern,FUT,OK,"[{'id': 549, 'market': 'N', 'countryCode': 'CA', 'network': 'SN+', 'sequenceNumber': 117}, {'id': 322, 'market': 'H', 'countryCode': 'US', 'network': 'NBCSP', 'sequenceNumber': 389}, {'id': 647, 'market': 'A', 'countryCode': 'US', 'network': 'CBJNHL', 'sequenceNumber': 1}, {'id': 755, 'market': 'A', 'countryCode': 'US', 'network': 'CBJHN', 'sequenceNumber': 1}]",,,,/gamecenter/cbj-vs-phi/2026/12/21/2026020587,Xfinity Mobile Arena,29,Blue Jackets,Columbus,,Columbus,de Columbus,CBJ,https://assets.nhle.com/logos/nhl/svg/CBJ_light.svg,https://assets.nhle.com/logos/nhl/svg/CBJ_dark.svg,False,,4,Flyers,Philadelphia,Philadelphia,de Philadelphie,PHI,https://assets.nhle.com/logos/nhl/svg/PHI_light.svg,https://assets.nhle.com/logos/nhl/svg/PHI_dark.svg,False,,1,REG,3,,,,,,,,Philadelphie,,,,https://www.ticketmaster.com/event/300064EEEEE8E1DD?brand=flyers&artistid=806000&wt.mc_id=NHL_TEAM_PHI_SCHEDULE_GM20&utm_source=NHL.com&utm_medium=client&utm_campaign=NHL_TEAM_PHI&utm_content=SCHEDULE_GM20,https://www.ticketmaster.com/event/300064EEEEE8E1DD?brand=flyers&artistid=806000&wt.mc_id=NHL_TEAM_PHI_SCHEDULE_GM20&utm_source=NHL.com&utm_medium=client&utm_campaign=NHL_TEAM_PHI&utm_content=SCHEDULE_GM20,https://d2igy0yla8zi0u.cloudfront.net/CBJ/20262027/CBJ-radio.m3u8,https://d2igy0yla8zi0u.cloudfront.net/PHI/20262027/PHI-radio.m3u8,,,,,,,,,,,,,,,,
20252026,20262027,,US/Eastern,2026020612,20262027,2,2026-12-27,False,2026-12-27T20:00:00Z,-05:00,-06:00,America/Chicago,FUT,OK,"[{'id': 282, 'market': 'N', 'countryCode': 'CA', 'network': 'SN', 'sequenceNumber': 107}, {'id': 281, 'market': 'N', 'countryCode': 'CA', 'network': 'TVAS', 'sequenceNumber': 120}, {'id': 322, 'market': 'A', 'countryCode': 'US', 'network': 'NBCSP', 'sequenceNumber': 389}, {'id': 551, 'market': 'H', 'countryCode': 'US', 'network': 'CHSN', 'sequenceNumber': 254}]",,,,/gamecenter/phi-vs-chi/2026/12/27/2026020612,United Center,4,Flyers,Philadelphia,Philadelphie,Philadelphia,de Philadelphie,PHI,https://assets.nhle.com/logos/nhl/svg/PHI_light.svg,https://assets.nhle.com/logos/nhl/svg/PHI_dark.svg,False,,16,Blackhawks,Chicago,Chicago,de Chicago,CHI,https://assets.nhle.com/logos/nhl/svg/CHI_light.svg,https://assets.nhle.com/logos/nhl/svg/CHI_dark.svg,False,,1,REG,3,,,,,,,,,,,,https://www.ticketmaster.com/event/040064F0908378C9?brand=blackhawks&artistid=805913&wt.mc_id=NHL_TEAM_CHI_SCHEDULE_GM18,https://www.ticketmaster.com/event/040064F0908378C9?brand=blackhawks&artistid=805913&wt.mc_id=NHL_TEAM_CHI_SCHEDULE_GM18,https://d2igy0yla8zi0u.cloudfront.net/PHI/20262027/PHI-radio.m3u8,https://d2igy0yla8zi0u.cloudfront.net/CHI/20262027/CHI-radio.m3u8,,,,,,,,,,,,,,,,
20252026,20262027,,US/Eastern,2026020635,20262027,2,2026-12-29,False,2026-12-30T02:40:00Z,-05:00,-08:00,US/Pacific,FUT,OK,"[{'id': 322, 'market': 'A', 'countryCode': 'US', 'network': 'NBCSP', 'sequenceNumber': 389}, {'id': 652, 'market': 'H', 'countryCode': 'US', 'network': 'Prime Video', 'sequenceNumber': 117}, {'id': 388, 'market': 'H', 'countryCode': 'US', 'network': 'KONG', 'sequenceNumber': 654}]",,,,/gamecenter/phi-vs-sea/2026/12/29/2026020635,Climate Pledge Arena,4,Flyers,Philadelphia,Philadelphie,Philadelphia,de Philadelphie,PHI,https://assets.nhle.com/logos/nhl/svg/PHI_light.svg,https://assets.nhle.com/logos/nhl/svg/PHI_dark.svg,False,,55,Kraken,Seattle,Seattle,de Seattle,SEA,https://assets.nhle.com/logos/nhl/svg/SEA_light.svg,https://assets.nhle.com/logos/nhl/svg/SEA_dark.svg,False,,1,REG,3,,,,,,,,,,,,https://www.ticketmaster.com/event/0F0064C4A09FA2FA?brand=seattlekraken&artistid=2763657&wt.mc_id=NHL_TEAM_SEA_SCHEDULE_GM19&utm_source=NHL.com&utm_medium=client&utm_campaign=NHL_TEAM_SEA&utm_content=SCHEDULE_GM19,https://www.ticketmaster.com/event/0F0064C4A09FA2FA?brand=seattlekraken&artistid=2763657&wt.mc_id=NHL_TEAM_SEA_SCHEDULE_GM19&utm_source=NHL.com&utm_medium=client&utm_campaign=NHL_TEAM_SEA&utm_content=SCHEDULE_GM19,https://d2igy0yla8zi0u.cloudfront.net/PHI/20262027/PHI-radio.m3u8,https://d2igy0yla8zi0u.cloudfront.net/SEA/20262027/SEA-radio.m3u8,,,,,,,,,,,,,https://stayinglevel.com/offers/seattle-climate-pledge-arena-fans/,Stay close to the action at Level,,
20252026,20262027,,US/Eastern,2026020653,20262027,2,2027-01-01,False,2027-01-01T21:00:00Z,-05:00,-08:00,US/Pacific,FUT,OK,"[{'id': 322, 'market': 'A', 'countryCode': 'US', 'network': 'NBCSP', 'sequenceNumber': 389}, {'id': 314, 'market': 'H', 'countryCode': 'US', 'network': 'NBCSCA', 'sequenceNumber': 393}]",,,,/gamecenter/phi-vs-sjs/2027/01/01/2026020653,SAP Center at San Jose,4,Flyers,Philadelphia,Philadelphie,Philadelphia,de Philadelphie,PHI,https://assets.nhle.com/logos/nhl/svg/PHI_light.svg,https://assets.nhle.com/logos/nhl/svg/PHI_dark.svg,False,,28,Sharks,San Jose,San Jose,de San Jose,SJS,https://assets.nhle.com/logos/nhl/svg/SJS_light.svg,https://assets.nhle.com/logos/nhl/svg/SJS_dark.svg,False,,1,REG,3,,,,,,,,,,,,https://www.ticketmaster.com/event/1C0064E79B229C58?brand=sharks&artistid=806018&wt.mc_id=NHL_TEAM_SJS_SCHEDULE_GM20&utm_source=NHL.com&utm_medium=client&utm_campaign=NHL_TEAM_SJS&utm_content=SCHEDULE_GM20,https://www.ticketmaster.com/event/1C0064E79B229C58?brand=sharks&artistid=806018&wt.mc_id=NHL_TEAM_SJS_SCHEDULE_GM20&utm_source=NHL.com&utm_medium=client&utm_campaign=NHL_TEAM_SJS&utm_content=SCHEDULE_GM20,https://d2igy0yla8zi0u.cloudfront.net/PHI/20262027/PHI-radio.m3u8,https://d2igy0yla8zi0u.cloudfront.net/SJS/20262027/SJS-radio.m3u8,SAP Center de San Jose,,,,,,,,https://teal.sjsharks.com/trk/nFmqc,New Years Day,,,https://teal.sjsharks.com/trk/ibdqc,Rest Easy at San Jose Marriott,,SAP Center en San Jose
20252026,20262027,,US/Eastern,2026020672,20262027,2,2027-01-03,False,2027-01-04T01:00:00Z,-05:00,-08:00,America/Los_Angeles,FUT,OK,"[{'id': 322, 'market': 'A', 'countryCode': 'US', 'network': 'NBCSP', 'sequenceNumber': 389}, {'id': 652, 'market': 'H', 'countryCode': 'US', 'network': 'Prime Video', 'sequenceNumber': 117}, {'id': 219, 'market': 'H', 'countryCode': 'US', 'network': 'KCOP-13', 'sequenceNumber': 656}]",,,,/gamecenter/phi-vs-ana/2027/01/03/2026020672,Honda Center,4,Flyers,Philadelphia,Philadelphie,Philadelphia,de Philadelphie,PHI,https://assets.nhle.com/logos/nhl/svg/PHI_light.svg,https://assets.nhle.com/logos/nhl/svg/PHI_dark.svg,False,,24,Ducks,Anaheim,Anaheim,d'Anaheim,ANA,https://assets.nhle.com/logos/nhl/svg/ANA_light.svg,https://assets.nhle.com/logos/nhl/svg/ANA_dark.svg,False,,1,REG,3,,,,,,,,,,,,https://www.ticketmaster.com/event/090064EA344A902C?brand=ducks&artistid=805893&wt.mc_id=NHL_TEAM_ANA_SCHEDULE_GM22&utm_source=NHL.com&utm_medium=client&utm_campaign=NHL_TEAM_ANA&utm_content=SCHEDULE_GM22,https://www.ticketmaster.com/event/090064EA344A902C?brand=ducks&artistid=805893&wt.mc_id=NHL_TEAM_ANA_SCHEDULE_GM22&utm_source=NHL.com&utm_medium=client&utm_campaign=NHL_TEAM_ANA&utm_content=SCHEDULE_GM22,https://d2igy0yla8zi0u.cloudfront.net/PHI/20262027/PHI-radio.m3u8,https://d2igy0yla8zi0u.cloudfront.net/ANA/20262027/ANA-radio.m3u8,,,,,,,,,https://www.nhl.com/ducks/fans/promotional-schedule,Ryoko Rain In Flight,,,,,,
20252026,20262027,,US/Eastern,2026020679,20262027,2,2027-01-04,False,2027-01-05T03:00:00Z,-05:00,-08:00,America/Los_Angeles,FUT,OK,"[{'id': 323, 'market': 'A', 'countryCode': 'US', 'network': 'NBCSP+', 'sequenceNumber': 401}, {'id': 651, 'market': 'H', 'countryCode': 'US', 'network': 'ABTV ', 'sequenceNumber': 1}]",,,,/gamecenter/phi-vs-lak/2027/01/04/2026020679,Crypto.com Arena,4,Flyers,Philadelphia,Philadelphie,Philadelphia,de Philadelphie,PHI,https://assets.nhle.com/logos/nhl/svg/PHI_light.svg,https://assets.nhle.com/logos/nhl/svg/PHI_dark.svg,False,,26,Kings,Los Angeles,Los Angeles,de Los Angeles,LAK,https://assets.nhle.com/logos/nhl/svg/LAK_light.svg,https://assets.nhle.com/logos/nhl/svg/LAK_dark.svg,False,,1,REG,3,,,,,,,,,,,,https://www.nhl.com/kings/tickets/single-game-tickets,https://www.nhl.com/kings/tickets/single-game-tickets,https://d2igy0yla8zi0u.cloudfront.net/PHI/20262027/PHI-radio.m3u8,https://d2igy0yla8zi0u.cloudfront.net/LAK/20262027/LAK-radio.m3u8,,,,,,,,,,,,,,,,
20252026,20262027,,US/Eastern,2026020697,20262027,2,2027-01-07,False,2027-01-08T00:00:00Z,-05:00,-05:00,US/Eastern,FUT,OK,"[{'id': 322, 'market': 'H', 'countryCode': 'US', 'network': 'NBCSP', 'sequenceNumber': 389}, {'id': 293, 'market': 'A', 'countryCode': 'CA', 'network': 'TSN4', 'sequenceNumber': 137}]",,,,/gamecenter/tor-vs-phi/2027/01/07/2026020697,Xfinity Mobile Arena,10,Maple Leafs,Toronto,,Toronto,de Toronto,TOR,https://assets.nhle.com/logos/nhl/svg/TOR_light.svg,https://assets.nhle.com/logos/nhl/svg/TOR_dark.svg,False,,4,Flyers,Philadelphia,Philadelphia,de Philadelphie,PHI,https://assets.nhle.com/logos/nhl/svg/PHI_light.svg,https://assets.nhle.com/logos/nhl/svg/PHI_dark.svg,False,,1,REG,3,,,,,,,,Philadelphie,,,,https://www.ticketmaster.com/event/300064EEEE13E03A?brand=flyers&artistid=806000&wt.mc_id=NHL_TEAM_PHI_SCHEDULE_GM21&utm_source=NHL.com&utm_medium=client&utm_campaign=NHL_TEAM_PHI&utm_content=SCHEDULE_GM21,https://www.ticketmaster.com/event/300064EEEE13E03A?brand=flyers&artistid=806000&wt.mc_id=NHL_TEAM_PHI_SCHEDULE_GM21&utm_source=NHL.com&utm_medium=client&utm_campaign=NHL_TEAM_PHI&utm_content=SCHEDULE_GM21,https://d2igy0yla8zi0u.cloudfront.net/TOR/20262027/TOR-radio.m3u8,https://d2igy0yla8zi0u.cloudfront.net/PHI/20262027/PHI-radio.m3u8,,,,,,"https://marriott.com/search/findHotels.mi?destinationAddress.destination=XFINITY+MOBILE+ARENA,+PHILADELPHIA,+PENNSYLVANIA,+USA&cid=DIS_GLB000791Q_GLE000HJ7H_GLF0017UWL",Book Now,,,,,,,,,
20252026,20262027,,US/Eastern,2026020713,20262027,2,2027-01-09,False,2027-01-10T00:00:00Z,-05:00,-05:00,America/Toronto,FUT,OK,"[{'id': 282, 'market': 'N', 'countryCode': 'CA', 'network': 'SN', 'sequenceNumber': 21}, {'id': 322, 'market': 'A', 'countryCode': 'US', 'network': 'NBCSP', 'sequenceNumber': 389}]",,,,/gamecenter/phi-vs-tor/2027/01/09/2026020713,Scotiabank Arena,4,Flyers,Philadelphia,Philadelphie,Philadelphia,de Philadelphie,PHI,https://assets.nhle.com/logos/nhl/svg/PHI_light.svg,https://assets.nhle.com/logos/nhl/svg/PHI_dark.svg,False,,10,Maple Leafs,Toronto,Toronto,de Toronto,TOR,https://assets.nhle.com/logos/nhl/svg/TOR_light.svg,https://assets.nhle.com/logos/nhl/svg/TOR_dark.svg,False,,1,REG,3,,,,,,,,,,,,https://www.ticketmaster.ca/event/100064FECC56F5B2?brand=torontomapleleafs&artistid=806033&wt.mc_id=NHL_TEAM_TOR_SCHEDULE_GM23&utm_source=NHL.com&utm_medium=client_PM&utm_campaign=NHL_TEAM_TOR&utm_content=SCHEDULE_GM23,https://www.ticketmaster.ca/event/100064FECC56F5B2?brand=torontomapleleafs&artistid=806033&wt.mc_id=NHL_TEAM_TOR_SCHEDULE_GM23&utm_source=NHL.com&utm_medium=client_PM&utm_campaign=NHL_TEAM_TOR&utm_content=SCHEDULE_GM23,https://d2igy0yla8zi0u.cloudfront.net/PHI/20262027/PHI-radio.m3u8,https://d2igy0yla8zi0u.cloudfront.net/TOR/20262027/TOR-radio.m3u8,,,,,,,,,,,,,"https://www.marriott.com/search/findHotels.mi?destinationAddress.destination=SCOTIABANK+ARENA,+TORONTO,+CANADA&cid=DIS_GLB000791Q_GLE000HJ7H_GLF0017USO",Book Now,,
20252026,20262027,,US/Eastern,2026020722,20262027,2,2027-01-10,False,2027-01-11T00:30:00Z,-05:00,-05:00,US/Eastern,FUT,OK,"[{'id': 323, 'market': 'H', 'countryCode': 'US', 'network': 'NBCSP+', 'sequenceNumber': 401}, {'id': 551, 'market': 'A', 'countryCode': 'US', 'network': 'CHSN', 'sequenceNumber': 254}]",,,,/gamecenter/chi-vs-phi/2027/01/10/2026020722,Xfinity Mobile Arena,16,Blackhawks,Chicago,,Chicago,de Chicago,CHI,https://assets.nhle.com/logos/nhl/svg/CHI_light.svg,https://assets.nhle.com/logos/nhl/svg/CHI_dark.svg,False,,4,Flyers,Philadelphia,Philadelphia,de Philadelphie,PHI,https://assets.nhle.com/logos/nhl/svg/PHI_light.svg,https://assets.nhle.com/logos/nhl/svg/PHI_dark.svg,False,,1,REG,3,,,,,,,,Philadelphie,,,,https://www.ticketmaster.com/event/300064EEEE19E047?brand=flyers&artistid=806000&wt.mc_id=NHL_TEAM_PHI_SCHEDULE_GM22&utm_source=NHL.com&utm_medium=client&utm_campaign=NHL_TEAM_PHI&utm_content=SCHEDULE_GM22,https://www.ticketmaster.com/event/300064EEEE19E047?brand=flyers&artistid=806000&wt.mc_id=NHL_TEAM_PHI_SCHEDULE_GM22&utm_source=NHL.com&utm_medium=client&utm_campaign=NHL_TEAM_PHI&utm_content=SCHEDULE_GM22,https://d2igy0yla8zi0u.cloudfront.net/CHI/20262027/CHI-radio.m3u8,https://d2igy0yla8zi0u.cloudfront.net/PHI/20262027/PHI-radio.m3u8,,,,,,,,,,,,,,,,
20252026,20262027,,US/Eastern,2026020733,20262027,2,2027-01-12,False,2027-01-13T01:00:00Z,-05:00,-06:00,US/Central,FUT,OK,"[{'id': 549, 'market': 'N', 'countryCode': 'CA', 'network': 'SN+', 'sequenceNumber': 117}, {'id': 322, 'market': 'A', 'countryCode': 'US', 'network': 'NBCSP', 'sequenceNumber': 389}, {'id': 521, 'market': 'H', 'countryCode': 'US', 'network': 'SCRIPPS', 'sequenceNumber': 657}]",,,,/gamecenter/phi-vs-nsh/2027/01/12/2026020733,Bridgestone Arena,4,Flyers,Philadelphia,Philadelphie,Philadelphia,de Philadelphie,PHI,https://assets.nhle.com/logos/nhl/svg/PHI_light.svg,https://assets.nhle.com/logos/nhl/svg/PHI_dark.svg,False,,18,Predators,Nashville,Nashville,de Nashville,NSH,https://assets.nhle.com/logos/nhl/svg/NSH_light.svg,https://assets.nhle.com/logos/nhl/svg/NSH_dark.svg,False,,1,REG,3,,,,,,,,,,,,https://www.ticketmaster.com/event/1B006507EF69E2E3?brand=predators&artistid=805978&landing=s&wt.mc_id=NHL_TEAM_NSH_SGT_PG_GM22&utm_source=NHL.com&utm_medium=PredsWebSchedule&utm_campaign=NHL_TEAM_NSH_SGT_PG_GM22,https://www.ticketmaster.com/event/1B006507EF69E2E3?brand=predators&artistid=805978&landing=s&wt.mc_id=NHL_TEAM_NSH_SGT_PG_GM22&utm_source=NHL.com&utm_medium=PredsWebSchedule&utm_campaign=NHL_TEAM_NSH_SGT_PG_GM22,https://d2igy0yla8zi0u.cloudfront.net/PHI/20262027/PHI-radio.m3u8,https://d2igy0yla8zi0u.cloudfront.net/NSH/20262027/NSH-radio.m3u8,,,,,,,,,https://www.gofevo.com/event/2627648?ref=Preds%20Web&utm_source=Preds%20Web&utm_medium=FEVO&utm_campaign=2627Preds,University of Tennessee Night,,,,,,
20252026,20262027,,US/Eastern,2026020755,20262027,2,2027-01-15,False,2027-01-16T00:00:00Z,-05:00,-05:00,US/Eastern,FUT,OK,"[{'id': 281, 'market': 'N', 'countryCode': 'CA', 'network': 'TVAS', 'sequenceNumber': 120}, {'id': 322, 'market': 'A', 'countryCode': 'US', 'network': 'NBCSP', 'sequenceNumber': 389}, {'id': 646, 'market': 'H', 'countryCode': 'US', 'network': 'CARNHL', 'sequenceNumber': 1}, {'id': 754, 'market': 'H', 'countryCode': 'US', 'network': 'HHN', 'sequenceNumber': 1}]",,,,/gamecenter/phi-vs-car/2027/01/15/2026020755,Lenovo Center,4,Flyers,Philadelphia,Philadelphie,Philadelphia,de Philadelphie,PHI,https://assets.nhle.com/logos/nhl/svg/PHI_light.svg,https://assets.nhle.com/logos/nhl/svg/PHI_dark.svg,False,,12,Hurricanes,Carolina,Carolina,de la Caroline,CAR,https://assets.nhle.com/logos/nhl/svg/CAR_light.svg,https://assets.nhle.com/logos/nhl/svg/CAR_dark.svg,False,,1,REG,3,,,,,,,,Caroline,,,,https://www.ticketmaster.com/event/2D0064F4BCEFCFF4?brand=carolinahurricanes&artistid=805908&wt.mc_id=NHL_TEAM_CAR_SCHEDULE_GM22&utm_source=NHL.com&utm_medium=client&utm_campaign=NHL_TEAM_CAR&utm_content=SCHEDULE_GM22,https://www.ticketmaster.com/event/2D0064F4BCEFCFF4?brand=carolinahurricanes&artistid=805908&wt.mc_id=NHL_TEAM_CAR_SCHEDULE_GM22&utm_source=NHL.com&utm_medium=client&utm_campaign=NHL_TEAM_CAR&utm_content=SCHEDULE_GM22,https://d2igy0yla8zi0u.cloudfront.net/PHI/20262027/PHI-radio.m3u8,https://d2igy0yla8zi0u.cloudfront.net/CAR/20262027/CAR-radio.m3u8,,,,,,,,,,,,,,,,
20252026,20262027,,US/Eastern,2026020764,20262027,2,2027-01-16,False,2027-01-17T00:00:00Z,-05:00,-05:00,US/Eastern,FUT,OK,"[{'id': 287, 'market': 'N', 'countryCode': 'CA', 'network': 'SNE', 'sequenceNumber': 30}, {'id': 281, 'market': 'N', 'countryCode': 'CA', 'network': 'TVAS', 'sequenceNumber': 120}, {'id': 322, 'market': 'H', 'countryCode': 'US', 'network': 'NBCSP', 'sequenceNumber': 389}]",,,,/gamecenter/mtl-vs-phi/2027/01/16/2026020764,Xfinity Mobile Arena,8,Canadiens,Montréal,,Montréal,de Montréal,MTL,https://assets.nhle.com/logos/nhl/svg/MTL_light.svg,https://assets.nhle.com/logos/nhl/svg/MTL_dark.svg,False,,4,Flyers,Philadelphia,Philadelphia,de Philadelphie,PHI,https://assets.nhle.com/logos/nhl/svg/PHI_light.svg,https://assets.nhle.com/logos/nhl/svg/PHI_dark.svg,False,,1,REG,3,,,,,,,,Philadelphie,,,,https://www.ticketmaster.com/event/300064EEEE1EE050?brand=flyers&artistid=806000&wt.mc_id=NHL_TEAM_PHI_SCHEDULE_GM23&utm_source=NHL.com&utm_medium=client&utm_campaign=NHL_TEAM_PHI&utm_content=SCHEDULE_GM23,https://www.ticketmaster.com/event/300064EEEE1EE050?brand=flyers&artistid=806000&wt.mc_id=NHL_TEAM_PHI_SCHEDULE_GM23&utm_source=NHL.com&utm_medium=client&utm_campaign=NHL_TEAM_PHI&utm_content=SCHEDULE_GM23,https://d2igy0yla8zi0u.cloudfront.net/MTL/20262027/MTL-radio.m3u8,https://d2igy0yla8zi0u.cloudfront.net/PHI/20262027/PHI-radio.m3u8,,,,,,,,,,,,,,,,
20252026,20262027,,US/Eastern,2026020788,20262027,2,2027-01-19,False,2027-01-20T00:00:00Z,-05:00,-05:00,America/New_York,FUT,OK,"[{'id': 322, 'market': 'A', 'countryCode': 'US', 'network': 'NBCSP', 'sequenceNumber': 389}, {'id': 27, 'market': 'H', 'countryCode': 'US', 'network': 'MSG', 'sequenceNumber': 417}]",,,,/gamecenter/phi-vs-nyr/2027/01/19/2026020788,Madison Square Garden,4,Flyers,Philadelphia,Philadelphie,Philadelphia,de Philadelphie,PHI,https://assets.nhle.com/logos/nhl/svg/PHI_light.svg,https://assets.nhle.com/logos/nhl/svg/PHI_dark.svg,False,,3,Rangers,New York,New York,de New York,NYR,https://assets.nhle.com/logos/nhl/svg/NYR_light.svg,https://assets.nhle.com/logos/nhl/svg/NYR_dark.svg,False,,1,REG,3,,,,,,,,,,,,https://www.ticketmaster.com/event/3B0064F1B1E64480?brand=nyrangers&artistid=805991&landing=s&wt.mc_id=NHL_TEAM_NYR_SCHEDULE_GM26&utm_source=NHL.com&utm_medium=client&utm_campaign=NHL_TEAM_NYR&utm_content=SCHEDULE_GM26&CAMEFROM=CFC_RANGERS_WEB_NYR_SCHED_260803,https://www.ticketmaster.com/event/3B0064F1B1E64480?brand=nyrangers&artistid=805991&landing=s&wt.mc_id=NHL_TEAM_NYR_SCHEDULE_GM26&utm_source=NHL.com&utm_medium=client&utm_campaign=NHL_TEAM_NYR&utm_content=SCHEDULE_GM26&CAMEFROM=CFC_RANGERS_WEB_NYR_SCHED_260803,https://d2igy0yla8zi0u.cloudfront.net/PHI/20262027/PHI-radio.m3u8,https://d2igy0yla8zi0u.cloudfront.net/NYR/20262027/NYR-radio.m3u8,,,,,,,,,,,,,,,,
20252026,20262027,,US/Eastern,2026020802,20262027,2,2027-01-21,False,2027-01-22T00:00:00Z,-05:00,-05:00,US/Eastern,FUT,OK,"[{'id': 322, 'market': 'H', 'countryCode': 'US', 'network': 'NBCSP', 'sequenceNumber': 389}, {'id': 521, 'market': 'A', 'countryCode': 'US', 'network': 'SCRIPPS', 'sequenceNumber': 657}]",,,,/gamecenter/nsh-vs-phi/2027/01/21/2026020802,Xfinity Mobile Arena,18,Predators,Nashville,,Nashville,de Nashville,NSH,https://assets.nhle.com/logos/nhl/svg/NSH_light.svg,https://assets.nhle.com/logos/nhl/svg/NSH_dark.svg,False,,4,Flyers,Philadelphia,Philadelphia,de Philadelphie,PHI,https://assets.nhle.com/logos/nhl/svg/PHI_light.svg,https://assets.nhle.com/logos/nhl/svg/PHI_dark.svg,False,,1,REG,3,,,,,,,,Philadelphie,,,,https://www.ticketmaster.com/event/300064EEEE23E05B?brand=flyers&artistid=806000&wt.mc_id=NHL_TEAM_PHI_SCHEDULE_GM24&utm_source=NHL.com&utm_medium=client&utm_campaign=NHL_TEAM_PHI&utm_content=SCHEDULE_GM24,https://www.ticketmaster.com/event/300064EEEE23E05B?brand=flyers&artistid=806000&wt.mc_id=NHL_TEAM_PHI_SCHEDULE_GM24&utm_source=NHL.com&utm_medium=client&utm_campaign=NHL_TEAM_PHI&utm_content=SCHEDULE_GM24,https://d2igy0yla8zi0u.cloudfront.net/NSH/20262027/NSH-radio.m3u8,https://d2igy0yla8zi0u.cloudfront.net/PHI/20262027/PHI-radio.m3u8,,,,,,,,,,,,,,,,
20252026,20262027,,US/Eastern,2026020820,20262027,2,2027-01-23,False,2027-01-24T00:30:00Z,-05:00,-05:00,US/Eastern,FUT,OK,"[{'id': 323, 'market': 'H', 'countryCode': 'US', 'network': 'NBCSP+', 'sequenceNumber': 401}, {'id': 410, 'market': 'A', 'countryCode': 'US', 'network': 'MSGSN2', 'sequenceNumber': 406}]",,,,/gamecenter/njd-vs-phi/2027/01/23/2026020820,Xfinity Mobile Arena,1,Devils,New Jersey,,New Jersey,du New Jersey,NJD,https://assets.nhle.com/logos/nhl/svg/NJD_light.svg,https://assets.nhle.com/logos/nhl/svg/NJD_dark.svg,False,,4,Flyers,Philadelphia,Philadelphia,de Philadelphie,PHI,https://assets.nhle.com/logos/nhl/svg/PHI_light.svg,https://assets.nhle.com/logos/nhl/svg/PHI_dark.svg,False,,1,REG,3,,,,,,,,Philadelphie,,,,https://www.ticketmaster.com/event/300064EEEE28E06A?brand=flyers&artistid=806000&wt.mc_id=NHL_TEAM_PHI_SCHEDULE_GM25&utm_source=NHL.com&utm_medium=client&utm_campaign=NHL_TEAM_PHI&utm_content=SCHEDULE_GM25,https://www.ticketmaster.com/event/300064EEEE28E06A?brand=flyers&artistid=806000&wt.mc_id=NHL_TEAM_PHI_SCHEDULE_GM25&utm_source=NHL.com&utm_medium=client&utm_campaign=NHL_TEAM_PHI&utm_content=SCHEDULE_GM25,https://d2igy0yla8zi0u.cloudfront.net/NJD/20262027/NJD-radio.m3u8,https://d2igy0yla8zi0u.cloudfront.net/PHI/20262027/PHI-radio.m3u8,,,,,,,,,,,,,,,,
20252026,20262027,,US/Eastern,2026020839,20262027,2,2027-01-26,False,2027-01-27T00:00:00Z,-05:00,-05:00,US/Eastern,FUT,OK,"[{'id': 282, 'market': 'N', 'countryCode': 'CA', 'network': 'SN', 'sequenceNumber': 21}, {'id': 322, 'market': 'H', 'countryCode': 'US', 'network': 'NBCSP', 'sequenceNumber': 389}, {'id': 521, 'market': 'A', 'countryCode': 'US', 'network': 'SCRIPPS', 'sequenceNumber': 657}]",,,,/gamecenter/fla-vs-phi/2027/01/26/2026020839,Xfinity Mobile Arena,13,Panthers,Florida,Floride,Florida,de la Floride,FLA,https://assets.nhle.com/logos/nhl/svg/FLA_light.svg,https://assets.nhle.com/logos/nhl/svg/FLA_dark.svg,False,,4,Flyers,Philadelphia,Philadelphia,de Philadelphie,PHI,https://assets.nhle.com/logos/nhl/svg/PHI_light.svg,https://assets.nhle.com/logos/nhl/svg/PHI_dark.svg,False,,1,REG,3,,,,,,,,Philadelphie,,,,https://www.ticketmaster.com/event/300064EEEE2CE074?brand=flyers&artistid=806000&wt.mc_id=NHL_TEAM_PHI_SCHEDULE_GM26&utm_source=NHL.com&utm_medium=client&utm_campaign=NHL_TEAM_PHI&utm_content=SCHEDULE_GM26,https://www.ticketmaster.com/event/300064EEEE2CE074?brand=flyers&artistid=806000&wt.mc_id=NHL_TEAM_PHI_SCHEDULE_GM26&utm_source=NHL.com&utm_medium=client&utm_campaign=NHL_TEAM_PHI&utm_content=SCHEDULE_GM26,https://d2igy0yla8zi0u.cloudfront.net/FLA/20262027/FLA-radio.m3u8,https://d2igy0yla8zi0u.cloudfront.net/PHI/20262027/PHI-radio.m3u8,,,,,,,,,,,,,,,,
20252026,20262027,,US/Eastern,2026020850,20262027,2,2027-01-28,False,2027-01-29T00:30:00Z,-05:00,-05:00,US/Eastern,FUT,OK,"[{'id': 329, 'market': 'N', 'countryCode': 'US', 'network': 'ESPN+', 'sequenceNumber': 16}, {'id': 391, 'market': 'N', 'countryCode': 'US', 'network': 'HULU', 'sequenceNumber': 17}, {'id': 574, 'market': 'N', 'countryCode': 'US', 'network': 'Disney+', 'sequenceNumber': 21}]",,,,/gamecenter/lak-vs-phi/2027/01/28/2026020850,Xfinity Mobile Arena,26,Kings,Los Angeles,,Los Angeles,de Los Angeles,LAK,https://assets.nhle.com/logos/nhl/svg/LAK_light.svg,https://assets.nhle.com/logos/nhl/svg/LAK_dark.svg,False,,4,Flyers,Philadelphia,Philadelphia,de Philadelphie,PHI,https://assets.nhle.com/logos/nhl/svg/PHI_light.svg,https://assets.nhle.com/logos/nhl/svg/PHI_dark.svg,False,,1,REG,3,,,,,,,,Philadelphie,,,,https://www.ticketmaster.com/event/300064EEEE31E07B?brand=flyers&artistid=806000&wt.mc_id=NHL_TEAM_PHI_SCHEDULE_GM27&utm_source=NHL.com&utm_medium=client&utm_campaign=NHL_TEAM_PHI&utm_content=SCHEDULE_GM27,https://www.ticketmaster.com/event/300064EEEE31E07B?brand=flyers&artistid=806000&wt.mc_id=NHL_TEAM_PHI_SCHEDULE_GM27&utm_source=NHL.com&utm_medium=client&utm_campaign=NHL_TEAM_PHI&utm_content=SCHEDULE_GM27,https://d2igy0yla8zi0u.cloudfront.net/LAK/20262027/LAK-radio.m3u8,https://d2igy0yla8zi0u.cloudfront.net/PHI/20262027/PHI-radio.m3u8,,,,,,,,,,,,,,,,
20252026,20262027,,US/Eastern,2026020864,20262027,2,2027-01-30,False,2027-01-30T18:00:00Z,-05:00,-05:00,US/Eastern,FUT,OK,"[{'id': 322, 'market': 'H', 'countryCode': 'US', 'network': 'NBCSP', 'sequenceNumber': 389}, {'id': 292, 'market': 'A', 'countryCode': 'CA', 'network': 'TSN3', 'sequenceNumber': 134}]",,,,/gamecenter/wpg-vs-phi/2027/01/30/2026020864,Xfinity Mobile Arena,52,Jets,Winnipeg,,Winnipeg,de Winnipeg,WPG,https://assets.nhle.com/logos/nhl/svg/WPG_light.svg,https://assets.nhle.com/logos/nhl/svg/WPG_dark.svg,False,,4,Flyers,Philadelphia,Philadelphia,de Philadelphie,PHI,https://assets.nhle.com/logos/nhl/svg/PHI_light.svg,https://assets.nhle.com/logos/nhl/svg/PHI_dark.svg,False,,1,REG,3,,,,,,,,Philadelphie,,,,https://www.ticketmaster.com/event/300064EEEE36E07F?brand=flyers&artistid=806000&wt.mc_id=NHL_TEAM_PHI_SCHEDULE_GM28&utm_source=NHL.com&utm_medium=client&utm_campaign=NHL_TEAM_PHI&utm_content=SCHEDULE_GM28,https://www.ticketmaster.com/event/300064EEEE36E07F?brand=flyers&artistid=806000&wt.mc_id=NHL_TEAM_PHI_SCHEDULE_GM28&utm_source=NHL.com&utm_medium=client&utm_campaign=NHL_TEAM_PHI&utm_content=SCHEDULE_GM28,https://d2igy0yla8zi0u.cloudfront.net/WPG/20262027/WPG-radio.m3u8,https://d2igy0yla8zi0u.cloudfront.net/PHI/20262027/PHI-radio.m3u8,,,,,,,,,,,,,,,,
20252026,20262027,,US/Eastern,2026020878,20262027,2,2027-01-31,False,2027-01-31T17:00:00Z,-05:00,-05:00,US/Eastern,FUT,OK,"[{'id': 384, 'market': 'N', 'countryCode': 'US', 'network': 'ABC', 'sequenceNumber': 1}, {'id': 282, 'market': 'N', 'countryCode': 'CA', 'network': 'SN', 'sequenceNumber': 107}, {'id': 281, 'market': 'N', 'countryCode': 'CA', 'network': 'TVAS', 'sequenceNumber': 120}]",,,,/gamecenter/phi-vs-pit/2027/01/31/2026020878,PPG Paints Arena,4,Flyers,Philadelphia,Philadelphie,Philadelphia,de Philadelphie,PHI,https://assets.nhle.com/logos/nhl/svg/PHI_light.svg,https://assets.nhle.com/logos/nhl/svg/PHI_dark.svg,False,,5,Penguins,Pittsburgh,Pittsburgh,de Pittsburgh,PIT,https://assets.nhle.com/logos/nhl/svg/PIT_light.svg,https://assets.nhle.com/logos/nhl/svg/PIT_dark.svg,False,,1,REG,3,,,,,,,,,,,,https://www.ticketmaster.com/event/160064EAF5D6B950?brand=penguins&artistid=806005&wt.mc_id=NHL_TEAM_PIT_SCHEDULE_GM30&utm_source=NHL.com&utm_medium=client&utm_campaign=NHL_TEAM_PIT&utm_content=SCHEDULE_GM30&camefrom=NHLPENGUINS_WEB_SCHEDULE,https://www.ticketmaster.com/event/160064EAF5D6B950?brand=penguins&artistid=806005&wt.mc_id=NHL_TEAM_PIT_SCHEDULE_GM30&utm_source=NHL.com&utm_medium=client&utm_campaign=NHL_TEAM_PIT&utm_content=SCHEDULE_GM30&camefrom=NHLPENGUINS_WEB_SCHEDULE,https://d2igy0yla8zi0u.cloudfront.net/PHI/20262027/PHI-radio.m3u8,https://d2igy0yla8zi0u.cloudfront.net/PIT/20262027/PIT-radio.m3u8,,,,,,,,,https://www.nhl.com/penguins/tickets/promotional-schedule,2017 Commemorative Championship Ring | Presented by GEICO | All Fans,,,,,,
20252026,20262027,,US/Eastern,2026020890,20262027,2,2027-02-03,False,2027-02-04T00:30:00Z,-05:00,-05:00,US/Eastern,FUT,OK,"[{'id': 385, 'market': 'N', 'countryCode': 'US', 'network': 'TNT', 'sequenceNumber': 11}, {'id': 501, 'market': 'N', 'countryCode': 'US', 'network': 'truTV', 'sequenceNumber': 14}, {'id': 578, 'market': 'N', 'countryCode': 'US', 'network': 'HBO MAX', 'sequenceNumber': 19}]",,,,/gamecenter/tbl-vs-phi/2027/02/03/2026020890,Xfinity Mobile Arena,14,Lightning,Tampa Bay,,Tampa Bay,de Tampa Bay,TBL,https://assets.nhle.com/logos/nhl/svg/TBL_light.svg,https://assets.nhle.com/logos/nhl/svg/TBL_dark.svg,False,,4,Flyers,Philadelphia,Philadelphia,de Philadelphie,PHI,https://assets.nhle.com/logos/nhl/svg/PHI_light.svg,https://assets.nhle.com/logos/nhl/svg/PHI_dark.svg,False,,1,REG,3,,,,,,,,Philadelphie,,,,https://www.ticketmaster.com/event/300064EEEE3BE085?brand=flyers&artistid=806000&wt.mc_id=NHL_TEAM_PHI_SCHEDULE_GM29&utm_source=NHL.com&utm_medium=client&utm_campaign=NHL_TEAM_PHI&utm_content=SCHEDULE_GM29,https://www.ticketmaster.com/event/300064EEEE3BE085?brand=flyers&artistid=806000&wt.mc_id=NHL_TEAM_PHI_SCHEDULE_GM29&utm_source=NHL.com&utm_medium=client&utm_campaign=NHL_TEAM_PHI&utm_content=SCHEDULE_GM29,https://d2igy0yla8zi0u.cloudfront.net/TBL/20262027/TBL-radio.m3u8,https://d2igy0yla8zi0u.cloudfront.net/PHI/20262027/PHI-radio.m3u8,,,,,,,,,,,,,,,,
20252026,20262027,,US/Eastern,2026020923,20262027,2,2027-02-13,False,2027-02-14T00:30:00Z,-05:00,-05:00,US/Eastern,FUT,OK,"[{'id': 323, 'market': 'H', 'countryCode': 'US', 'network': 'NBCSP+', 'sequenceNumber': 401}, {'id': 27, 'market': 'A', 'countryCode': 'US', 'network': 'MSG', 'sequenceNumber': 417}]",,,,/gamecenter/njd-vs-phi/2027/02/13/2026020923,Xfinity Mobile Arena,1,Devils,New Jersey,,New Jersey,du New Jersey,NJD,https://assets.nhle.com/logos/nhl/svg/NJD_light.svg,https://assets.nhle.com/logos/nhl/svg/NJD_dark.svg,False,,4,Flyers,Philadelphia,Philadelphia,de Philadelphie,PHI,https://assets.nhle.com/logos/nhl/svg/PHI_light.svg,https://assets.nhle.com/logos/nhl/svg/PHI_dark.svg,False,,1,REG,3,,,,,,,,Philadelphie,,,,https://www.ticketmaster.com/event/300064EEEE40E099?brand=flyers&artistid=806000&wt.mc_id=NHL_TEAM_PHI_SCHEDULE_GM30&utm_source=NHL.com&utm_medium=client&utm_campaign=NHL_TEAM_PHI&utm_content=SCHEDULE_GM30,https://www.ticketmaster.com/event/300064EEEE40E099?brand=flyers&artistid=806000&wt.mc_id=NHL_TEAM_PHI_SCHEDULE_GM30&utm_source=NHL.com&utm_medium=client&utm_campaign=NHL_TEAM_PHI&utm_content=SCHEDULE_GM30,https://d2igy0yla8zi0u.cloudfront.net/NJD/20262027/NJD-radio.m3u8,https://d2igy0yla8zi0u.cloudfront.net/PHI/20262027/PHI-radio.m3u8,,,,,,,,,,,,,,,,
20252026,20262027,,US/Eastern,2026020936,20262027,2,2027-02-15,False,2027-02-16T01:00:00Z,-05:00,-06:00,US/Central,FUT,OK,"[{'id': 322, 'market': 'A', 'countryCode': 'US', 'network': 'NBCSP', 'sequenceNumber': 389}, {'id': 649, 'market': 'H', 'countryCode': 'US', 'network': 'STLNHL', 'sequenceNumber': 1}, {'id': 650, 'market': 'H', 'countryCode': 'US', 'network': 'BN+', 'sequenceNumber': 1}]",,,,/gamecenter/phi-vs-stl/2027/02/15/2026020936,Enterprise Center,4,Flyers,Philadelphia,Philadelphie,Philadelphia,de Philadelphie,PHI,https://assets.nhle.com/logos/nhl/svg/PHI_light.svg,https://assets.nhle.com/logos/nhl/svg/PHI_dark.svg,False,,19,Blues,St. Louis,St. Louis,de St. Louis,STL,https://assets.nhle.com/logos/nhl/svg/STL_light.svg,https://assets.nhle.com/logos/nhl/svg/STL_dark.svg,False,,1,REG,3,,,,,,,,,,,,https://www.ticketmaster.com/event/060064EECD8619AF?brand=blues&artistid=806025&wt.mc_id=NHL_TEAM_STL_SCHEDULE_GM30&utm_source=NHL.com&utm_medium=client&utm_campaign=NHL_TEAM_STL&utm_content=SCHEDULE_GM30,https://www.ticketmaster.com/event/060064EECD8619AF?brand=blues&artistid=806025&wt.mc_id=NHL_TEAM_STL_SCHEDULE_GM30&utm_source=NHL.com&utm_medium=client&utm_campaign=NHL_TEAM_STL&utm_content=SCHEDULE_GM30,https://d2igy0yla8zi0u.cloudfront.net/PHI/20262027/PHI-radio.m3u8,https://d2igy0yla8zi0u.cloudfront.net/STL/20262027/STL-radio.m3u8,,,,,,,,,,,,,https://www.stlouisunionstation.com/hotel-packages,Stay at Union Station,,
20252026,20262027,,US/Eastern,2026020957,20262027,2,2027-02-18,False,2027-02-19T02:00:00Z,-05:00,-06:00,US/Central,FUT,OK,"[{'id': 309, 'market': 'N', 'countryCode': 'US', 'network': 'ESPN', 'sequenceNumber': 10}, {'id': 549, 'market': 'N', 'countryCode': 'CA', 'network': 'SN+', 'sequenceNumber': 117}]",,,,/gamecenter/phi-vs-dal/2027/02/18/2026020957,American Airlines Center,4,Flyers,Philadelphia,Philadelphie,Philadelphia,de Philadelphie,PHI,https://assets.nhle.com/logos/nhl/svg/PHI_light.svg,https://assets.nhle.com/logos/nhl/svg/PHI_dark.svg,False,,25,Stars,Dallas,Dallas,de Dallas,DAL,https://assets.nhle.com/logos/nhl/svg/DAL_light.svg,https://assets.nhle.com/logos/nhl/svg/DAL_dark.svg,False,,1,REG,3,,,,,,,,,,,,https://www.ticketmaster.com/event/0C0064EDDE55A7D9?brand=dallas_stars&wt.mc_id=NHL_TEAM_DAL_SCHEDULE_GM30&utm_source=NHL.com&utm_medium=client&utm_campaign=NHL_TEAM_DAL&utm_content=SCHEDULE_GM30,https://www.ticketmaster.com/event/0C0064EDDE55A7D9?brand=dallas_stars&wt.mc_id=NHL_TEAM_DAL_SCHEDULE_GM30&utm_source=NHL.com&utm_medium=client&utm_campaign=NHL_TEAM_DAL&utm_content=SCHEDULE_GM30,https://d2igy0yla8zi0u.cloudfront.net/PHI/20262027/PHI-radio.m3u8,https://d2igy0yla8zi0u.cloudfront.net/DAL/20262027/DAL-radio.m3u8,,,,,,,,,https://www.nhl.com/stars/tickets/promotional-schedule,View promotional schedule,https://www.aa.com/homePage.do?c=SPNS%7CDSP%7CSTR%7C2026%7CSCH%7C_STARS_2026_SCHEDULE_PAGE,Book flights with American Airlines,,,,
20252026,20262027,,US/Eastern,2026020967,20262027,2,2027-02-20,False,2027-02-20T17:30:00Z,-05:00,-05:00,US/Eastern,FUT,OK,"[{'id': 384, 'market': 'N', 'countryCode': 'US', 'network': 'ABC', 'sequenceNumber': 1}, {'id': 282, 'market': 'N', 'countryCode': 'CA', 'network': 'SN', 'sequenceNumber': 107}]",,,,/gamecenter/nyr-vs-phi/2027/02/20/2026020967,Xfinity Mobile Arena,3,Rangers,New York,,New York,de New York,NYR,https://assets.nhle.com/logos/nhl/svg/NYR_light.svg,https://assets.nhle.com/logos/nhl/svg/NYR_dark.svg,False,,4,Flyers,Philadelphia,Philadelphia,de Philadelphie,PHI,https://assets.nhle.com/logos/nhl/svg/PHI_light.svg,https://assets.nhle.com/logos/nhl/svg/PHI_dark.svg,False,,1,REG,3,,,,,,,,Philadelphie,,,,https://www.ticketmaster.com/event/300064EEEE45E0A0?brand=flyers&artistid=806000&wt.mc_id=NHL_TEAM_PHI_SCHEDULE_GM31&utm_source=NHL.com&utm_medium=client&utm_campaign=NHL_TEAM_PHI&utm_content=SCHEDULE_GM31,https://www.ticketmaster.com/event/300064EEEE45E0A0?brand=flyers&artistid=806000&wt.mc_id=NHL_TEAM_PHI_SCHEDULE_GM31&utm_source=NHL.com&utm_medium=client&utm_campaign=NHL_TEAM_PHI&utm_content=SCHEDULE_GM31,https://d2igy0yla8zi0u.cloudfront.net/NYR/20262027/NYR-radio.m3u8,https://d2igy0yla8zi0u.cloudfront.net/PHI/20262027/PHI-radio.m3u8,,,,,,,,,,,,,,,,
20252026,20262027,,US/Eastern,2026020986,20262027,2,2027-02-22,False,2027-02-22T19:00:00Z,-05:00,-05:00,US/Eastern,FUT,OK,"[{'id': 322, 'market': 'H', 'countryCode': 'US', 'network': 'NBCSP', 'sequenceNumber': 389}, {'id': 131, 'market': 'A', 'countryCode': 'CA', 'network': 'TSN2', 'sequenceNumber': 112}, {'id': 33, 'market': 'A', 'countryCode': 'CA', 'network': 'RDS', 'sequenceNumber': 145}]",,,,/gamecenter/mtl-vs-phi/2027/02/22/2026020986,Xfinity Mobile Arena,8,Canadiens,Montréal,,Montréal,de Montréal,MTL,https://assets.nhle.com/logos/nhl/svg/MTL_light.svg,https://assets.nhle.com/logos/nhl/svg/MTL_dark.svg,False,,4,Flyers,Philadelphia,Philadelphia,de Philadelphie,PHI,https://assets.nhle.com/logos/nhl/svg/PHI_light.svg,https://assets.nhle.com/logos/nhl/svg/PHI_dark.svg,False,,1,REG,3,,,,,,,,Philadelphie,,,,https://www.ticketmaster.com/event/300064EEEE49E0A9?brand=flyers&artistid=806000&wt.mc_id=NHL_TEAM_PHI_SCHEDULE_GM32&utm_source=NHL.com&utm_medium=client&utm_campaign=NHL_TEAM_PHI&utm_content=SCHEDULE_GM32,https://www.ticketmaster.com/event/300064EEEE49E0A9?brand=flyers&artistid=806000&wt.mc_id=NHL_TEAM_PHI_SCHEDULE_GM32&utm_source=NHL.com&utm_medium=client&utm_campaign=NHL_TEAM_PHI&utm_content=SCHEDULE_GM32,https://d2igy0yla8zi0u.cloudfront.net/MTL/20262027/MTL-radio.m3u8,https://d2igy0yla8zi0u.cloudfront.net/PHI/20262027/PHI-radio.m3u8,,,,,,,,,,,,,,,,
20252026,20262027,,US/Eastern,2026020999,20262027,2,2027-02-24,False,2027-02-25T00:00:00Z,-05:00,-05:00,US/Eastern,FUT,OK,"[{'id': 385, 'market': 'N', 'countryCode': 'US', 'network': 'TNT', 'sequenceNumber': 11}, {'id': 501, 'market': 'N', 'countryCode': 'US', 'network': 'truTV', 'sequenceNumber': 14}, {'id': 578, 'market': 'N', 'countryCode': 'US', 'network': 'HBO MAX', 'sequenceNumber': 19}]",,,,/gamecenter/buf-vs-phi/2027/02/24/2026020999,Xfinity Mobile Arena,7,Sabres,Buffalo,,Buffalo,de Buffalo,BUF,https://assets.nhle.com/logos/nhl/svg/BUF_light.svg,https://assets.nhle.com/logos/nhl/svg/BUF_dark.svg,False,,4,Flyers,Philadelphia,Philadelphia,de Philadelphie,PHI,https://assets.nhle.com/logos/nhl/svg/PHI_light.svg,https://assets.nhle.com/logos/nhl/svg/PHI_dark.svg,False,,1,REG,3,,,,,,,,Philadelphie,,,,https://www.ticketmaster.com/event/300064EEEE4EE0B2?brand=flyers&artistid=806000&wt.mc_id=NHL_TEAM_PHI_SCHEDULE_GM33&utm_source=NHL.com&utm_medium=client&utm_campaign=NHL_TEAM_PHI&utm_content=SCHEDULE_GM33,https://www.ticketmaster.com/event/300064EEEE4EE0B2?brand=flyers&artistid=806000&wt.mc_id=NHL_TEAM_PHI_SCHEDULE_GM33&utm_source=NHL.com&utm_medium=client&utm_campaign=NHL_TEAM_PHI&utm_content=SCHEDULE_GM33,https://d2igy0yla8zi0u.cloudfront.net/BUF/20262027/BUF-radio.m3u8,https://d2igy0yla8zi0u.cloudfront.net/PHI/20262027/PHI-radio.m3u8,,,,,,,,,,,,,,,,
20252026,20262027,,US/Eastern,2026021013,20262027,2,2027-02-26,False,2027-02-27T00:00:00Z,-05:00,-05:00,America/New_York,FUT,OK,"[{'id': 281, 'market': 'N', 'countryCode': 'CA', 'network': 'TVAS', 'sequenceNumber': 120}, {'id': 322, 'market': 'A', 'countryCode': 'US', 'network': 'NBCSP', 'sequenceNumber': 389}, {'id': 409, 'market': 'H', 'countryCode': 'US', 'network': 'MSGSN', 'sequenceNumber': 411}]",,,,/gamecenter/phi-vs-nyi/2027/02/26/2026021013,UBS Arena,4,Flyers,Philadelphia,Philadelphie,Philadelphia,de Philadelphie,PHI,https://assets.nhle.com/logos/nhl/svg/PHI_light.svg,https://assets.nhle.com/logos/nhl/svg/PHI_dark.svg,False,,2,Islanders,New York,New York,de New York,NYI,https://assets.nhle.com/logos/nhl/svg/NYI_light.svg,https://assets.nhle.com/logos/nhl/svg/NYI_dark.svg,False,,1,REG,3,,,,,,,,,,,,https://www.ticketmaster.com/event/300064E2D2EC628E?brand=nyislanders&artistid=805986&wt.mc_id=NHL_TEAM_NYI_SCHEDULE_GM30&utm_source=nyi_website&utm_medium=schedulepage&utm_campaign=NHL_TEAM_NYI&utm_content=SCHEDULE_GM30,https://www.ticketmaster.com/event/300064E2D2EC628E?brand=nyislanders&artistid=805986&wt.mc_id=NHL_TEAM_NYI_SCHEDULE_GM30&utm_source=nyi_website&utm_medium=schedulepage&utm_campaign=NHL_TEAM_NYI&utm_content=SCHEDULE_GM30,https://d2igy0yla8zi0u.cloudfront.net/PHI/20262027/PHI-radio.m3u8,https://d2igy0yla8zi0u.cloudfront.net/NYI/20262027/NYI-radio.m3u8,,,,,,,,,,,,,,,,
20252026,20262027,,US/Eastern,2026021023,20262027,2,2027-02-27,False,2027-02-28T00:00:00Z,-05:00,-05:00,US/Eastern,FUT,OK,"[{'id': 322, 'market': 'H', 'countryCode': 'US', 'network': 'NBCSP', 'sequenceNumber': 389}, {'id': 314, 'market': 'A', 'countryCode': 'US', 'network': 'NBCSCA', 'sequenceNumber': 393}]",,,,/gamecenter/sjs-vs-phi/2027/02/27/2026021023,Xfinity Mobile Arena,28,Sharks,San Jose,,San Jose,de San Jose,SJS,https://assets.nhle.com/logos/nhl/svg/SJS_light.svg,https://assets.nhle.com/logos/nhl/svg/SJS_dark.svg,False,,4,Flyers,Philadelphia,Philadelphia,de Philadelphie,PHI,https://assets.nhle.com/logos/nhl/svg/PHI_light.svg,https://assets.nhle.com/logos/nhl/svg/PHI_dark.svg,False,,1,REG,3,,,,,,,,Philadelphie,,,,https://www.ticketmaster.com/event/300064EEEE53E0C1?brand=flyers&artistid=806000&wt.mc_id=NHL_TEAM_PHI_SCHEDULE_GM34&utm_source=NHL.com&utm_medium=client&utm_campaign=NHL_TEAM_PHI&utm_content=SCHEDULE_GM34,https://www.ticketmaster.com/event/300064EEEE53E0C1?brand=flyers&artistid=806000&wt.mc_id=NHL_TEAM_PHI_SCHEDULE_GM34&utm_source=NHL.com&utm_medium=client&utm_campaign=NHL_TEAM_PHI&utm_content=SCHEDULE_GM34,https://d2igy0yla8zi0u.cloudfront.net/SJS/20262027/SJS-radio.m3u8,https://d2igy0yla8zi0u.cloudfront.net/PHI/20262027/PHI-radio.m3u8,,,,,,,,,,,,,,,,
20252026,20262027,,US/Eastern,2026021046,20262027,2,2027-03-02,False,2027-03-03T00:00:00Z,-05:00,-05:00,US/Eastern,FUT,OK,"[{'id': 282, 'market': 'N', 'countryCode': 'CA', 'network': 'SN', 'sequenceNumber': 21}, {'id': 322, 'market': 'H', 'countryCode': 'US', 'network': 'NBCSP', 'sequenceNumber': 389}, {'id': 521, 'market': 'A', 'countryCode': 'US', 'network': 'SCRIPPS', 'sequenceNumber': 657}]",,,,/gamecenter/vgk-vs-phi/2027/03/02/2026021046,Xfinity Mobile Arena,54,Golden Knights,Vegas,,Vegas,de Vegas,VGK,https://assets.nhle.com/logos/nhl/svg/VGK_light.svg,https://assets.nhle.com/logos/nhl/svg/VGK_dark.svg,False,,4,Flyers,Philadelphia,Philadelphia,de Philadelphie,PHI,https://assets.nhle.com/logos/nhl/svg/PHI_light.svg,https://assets.nhle.com/logos/nhl/svg/PHI_dark.svg,False,,1,REG,3,,,,,,,,Philadelphie,,,,https://www.ticketmaster.com/event/300064EEEE58E0CE?brand=flyers&artistid=806000&wt.mc_id=NHL_TEAM_PHI_SCHEDULE_GM35&utm_source=NHL.com&utm_medium=client&utm_campaign=NHL_TEAM_PHI&utm_content=SCHEDULE_GM35,https://www.ticketmaster.com/event/300064EEEE58E0CE?brand=flyers&artistid=806000&wt.mc_id=NHL_TEAM_PHI_SCHEDULE_GM35&utm_source=NHL.com&utm_medium=client&utm_campaign=NHL_TEAM_PHI&utm_content=SCHEDULE_GM35,https://d2igy0yla8zi0u.cloudfront.net/VGK/20262027/VGK-radio.m3u8,https://d2igy0yla8zi0u.cloudfront.net/PHI/20262027/PHI-radio.m3u8,,,,,,,,,,,,,,,,
20252026,20262027,,US/Eastern,2026021064,20262027,2,2027-03-05,False,2027-03-06T00:00:00Z,-05:00,-05:00,US/Eastern,FUT,OK,"[{'id': 322, 'market': 'H', 'countryCode': 'US', 'network': 'NBCSP', 'sequenceNumber': 389}, {'id': 652, 'market': 'A', 'countryCode': 'US', 'network': 'Prime Video', 'sequenceNumber': 117}]",,,,/gamecenter/dal-vs-phi/2027/03/05/2026021064,Xfinity Mobile Arena,25,Stars,Dallas,,Dallas,de Dallas,DAL,https://assets.nhle.com/logos/nhl/svg/DAL_light.svg,https://assets.nhle.com/logos/nhl/svg/DAL_dark.svg,False,,4,Flyers,Philadelphia,Philadelphia,de Philadelphie,PHI,https://assets.nhle.com/logos/nhl/svg/PHI_light.svg,https://assets.nhle.com/logos/nhl/svg/PHI_dark.svg,False,,1,REG,3,,,,,,,,Philadelphie,,,,https://www.ticketmaster.com/event/300064EEEE5DE0D6?brand=flyers&artistid=806000&wt.mc_id=NHL_TEAM_PHI_SCHEDULE_GM36&utm_source=NHL.com&utm_medium=client&utm_campaign=NHL_TEAM_PHI&utm_content=SCHEDULE_GM36,https://www.ticketmaster.com/event/300064EEEE5DE0D6?brand=flyers&artistid=806000&wt.mc_id=NHL_TEAM_PHI_SCHEDULE_GM36&utm_source=NHL.com&utm_medium=client&utm_campaign=NHL_TEAM_PHI&utm_content=SCHEDULE_GM36,https://d2igy0yla8zi0u.cloudfront.net/DAL/20262027/DAL-radio.m3u8,https://d2igy0yla8zi0u.cloudfront.net/PHI/20262027/PHI-radio.m3u8,,,,https://www.aa.com/homePage.do?c=SPNS%7CDSP%7CSTR%7C2026%7CSCH%7C_STARS_2026_SCHEDULE_PAGE,Book flights with American Airlines,,,,,,,,,,,
20252026,20262027,,US/Eastern,2026021081,20262027,2,2027-03-07,False,2027-03-07T20:30:00Z,-05:00,-05:00,US/Eastern,FUT,OK,"[{'id': 385, 'market': 'N', 'countryCode': 'US', 'network': 'TNT', 'sequenceNumber': 11}, {'id': 501, 'market': 'N', 'countryCode': 'US', 'network': 'truTV', 'sequenceNumber': 14}, {'id': 578, 'market': 'N', 'countryCode': 'US', 'network': 'HBO MAX', 'sequenceNumber': 19}, {'id': 549, 'market': 'N', 'countryCode': 'CA', 'network': 'SN+', 'sequenceNumber': 117}]",,,,/gamecenter/stl-vs-phi/2027/03/07/2026021081,Xfinity Mobile Arena,19,Blues,St. Louis,,St. Louis,de St. Louis,STL,https://assets.nhle.com/logos/nhl/svg/STL_light.svg,https://assets.nhle.com/logos/nhl/svg/STL_dark.svg,False,,4,Flyers,Philadelphia,Philadelphia,de Philadelphie,PHI,https://assets.nhle.com/logos/nhl/svg/PHI_light.svg,https://assets.nhle.com/logos/nhl/svg/PHI_dark.svg,False,,1,REG,3,,,,,,,,Philadelphie,,,,https://www.ticketmaster.com/event/300064EEEE63E0E4?brand=flyers&artistid=806000&wt.mc_id=NHL_TEAM_PHI_SCHEDULE_GM37&utm_source=NHL.com&utm_medium=client&utm_campaign=NHL_TEAM_PHI&utm_content=SCHEDULE_GM37,https://www.ticketmaster.com/event/300064EEEE63E0E4?brand=flyers&artistid=806000&wt.mc_id=NHL_TEAM_PHI_SCHEDULE_GM37&utm_source=NHL.com&utm_medium=client&utm_campaign=NHL_TEAM_PHI&utm_content=SCHEDULE_GM37,https://d2igy0yla8zi0u.cloudfront.net/STL/20262027/STL-radio.m3u8,https://d2igy0yla8zi0u.cloudfront.net/PHI/20262027/PHI-radio.m3u8,,,,,,,,,,,,,,,,
20252026,20262027,,US/Eastern,2026021101,20262027,2,2027-03-09,False,2027-03-10T02:00:00Z,-05:00,-07:00,America/Denver,FUT,OK,"[{'id': 281, 'market': 'N', 'countryCode': 'CA', 'network': 'TVAS', 'sequenceNumber': 120}, {'id': 322, 'market': 'A', 'countryCode': 'US', 'network': 'NBCSP', 'sequenceNumber': 389}, {'id': 2, 'market': 'H', 'countryCode': 'US', 'network': 'ALT', 'sequenceNumber': 385}]",,,,/gamecenter/phi-vs-col/2027/03/09/2026021101,Ball Arena,4,Flyers,Philadelphia,Philadelphie,Philadelphia,de Philadelphie,PHI,https://assets.nhle.com/logos/nhl/svg/PHI_light.svg,https://assets.nhle.com/logos/nhl/svg/PHI_dark.svg,False,,21,Avalanche,Colorado,Colorado,du Colorado,COL,https://assets.nhle.com/logos/nhl/svg/COL_light.svg,https://assets.nhle.com/logos/nhl/svg/COL_dark.svg,False,,1,REG,3,,,,,,,,,,,,https://avs.social/2627_SCHEDULE_GM33,https://avs.social/2627_SCHEDULE_GM33,https://d2igy0yla8zi0u.cloudfront.net/PHI/20262027/PHI-radio.m3u8,https://d2igy0yla8zi0u.cloudfront.net/COL/20262027/COL-radio.m3u8,,,,,,,,,https://avalanchepremium.com/events/Colorado-Avalanche-vs-Philadelphia-Flyers-125268/,Premium Spaces,,,,,,
20252026,20262027,,US/Eastern,2026021116,20262027,2,2027-03-11,False,2027-03-12T03:00:00Z,-05:00,-08:00,US/Pacific,FUT,OK,"[{'id': 290, 'market': 'N', 'countryCode': 'CA', 'network': 'SNP', 'sequenceNumber': 33}, {'id': 323, 'market': 'A', 'countryCode': 'US', 'network': 'NBCSP+', 'sequenceNumber': 401}, {'id': 521, 'market': 'H', 'countryCode': 'US', 'network': 'SCRIPPS', 'sequenceNumber': 657}]",,,,/gamecenter/phi-vs-vgk/2027/03/11/2026021116,T-Mobile Arena,4,Flyers,Philadelphia,Philadelphie,Philadelphia,de Philadelphie,PHI,https://assets.nhle.com/logos/nhl/svg/PHI_light.svg,https://assets.nhle.com/logos/nhl/svg/PHI_dark.svg,False,,54,Golden Knights,Vegas,Vegas,de Vegas,VGK,https://assets.nhle.com/logos/nhl/svg/VGK_light.svg,https://assets.nhle.com/logos/nhl/svg/VGK_dark.svg,False,,1,REG,3,,,,,,,,,,,,https://tix.axs.com/c8egKQAAAABXiR%2fvAgAAAAAv%2fv%2f%2f%2fwD%2f%2f%2f%2f%2fEnZlZ2FzZ29sZGVua25pZ2h0cwD%2f%2f%2f%2f%2f%2f%2f%2f%2f%2fw%3d%3d,https://tix.axs.com/c8egKQAAAABXiR%2fvAgAAAAAv%2fv%2f%2f%2fwD%2f%2f%2f%2f%2fEnZlZ2FzZ29sZGVua25pZ2h0cwD%2f%2f%2f%2f%2f%2f%2f%2f%2f%2fw%3d%3d,https://d2igy0yla8zi0u.cloudfront.net/PHI/20262027/PHI-radio.m3u8,https://d2igy0yla8zi0u.cloudfront.net/VGK/20262027/VGK-radio.m3u8,,,,,,,,,,,,,,,,
20252026,20262027,,US/Eastern,2026021130,20262027,2,2027-03-13,False,2027-03-13T22:00:00Z,-05:00,-07:00,America/Denver,FUT,OK,"[{'id': 322, 'market': 'A', 'countryCode': 'US', 'network': 'NBCSP', 'sequenceNumber': 389}, {'id': 558, 'market': 'H', 'countryCode': 'US', 'network': 'Utah16', 'sequenceNumber': 381}]",,,,/gamecenter/phi-vs-uta/2027/03/13/2026021130,Delta Center,4,Flyers,Philadelphia,Philadelphie,Philadelphia,de Philadelphie,PHI,https://assets.nhle.com/logos/nhl/svg/PHI_light.svg,https://assets.nhle.com/logos/nhl/svg/PHI_dark.svg,False,,68,Mammoth,Utah,Utah,de l'Utah,UTA,https://assets.nhle.com/logos/nhl/svg/UTA_light.svg,https://assets.nhle.com/logos/nhl/svg/UTA_dark.svg,False,,1,REG,3,,,,,,,,,,,,https://seatgeek.com/utah-mammoth-tickets/8-11-2026-salt-lake-city-utah-delta-center-1/nhl/18242317?wid=club-web-schedule,https://seatgeek.com/utah-mammoth-tickets/8-11-2026-salt-lake-city-utah-delta-center-1/nhl/18242317?wid=club-web-schedule,https://d2igy0yla8zi0u.cloudfront.net/PHI/20262027/PHI-radio.m3u8,https://d2igy0yla8zi0u.cloudfront.net/UTA/20262027/UTA-radio.m3u8,,,,,,,,,,,,,,,,
20252026,20262027,,US/Eastern,2026021149,20262027,2,2027-03-16,False,2027-03-16T23:00:00Z,-04:00,-04:00,US/Eastern,FUT,OK,"[{'id': 282, 'market': 'N', 'countryCode': 'CA', 'network': 'SN', 'sequenceNumber': 107}, {'id': 322, 'market': 'H', 'countryCode': 'US', 'network': 'NBCSP', 'sequenceNumber': 389}, {'id': 645, 'market': 'A', 'countryCode': 'US', 'network': 'DSN', 'sequenceNumber': 1}]",,,,/gamecenter/det-vs-phi/2027/03/16/2026021149,Xfinity Mobile Arena,17,Red Wings,Detroit,,Detroit,de Detroit,DET,https://assets.nhle.com/logos/nhl/svg/DET_light.svg,https://assets.nhle.com/logos/nhl/svg/DET_dark.svg,False,,4,Flyers,Philadelphia,Philadelphia,de Philadelphie,PHI,https://assets.nhle.com/logos/nhl/svg/PHI_light.svg,https://assets.nhle.com/logos/nhl/svg/PHI_dark.svg,False,,1,REG,3,,,,,,,,Philadelphie,,,,https://www.ticketmaster.com/event/300064EEEE67E0ED?brand=flyers&artistid=806000&wt.mc_id=NHL_TEAM_PHI_SCHEDULE_GM38&utm_source=NHL.com&utm_medium=client&utm_campaign=NHL_TEAM_PHI&utm_content=SCHEDULE_GM38,https://www.ticketmaster.com/event/300064EEEE67E0ED?brand=flyers&artistid=806000&wt.mc_id=NHL_TEAM_PHI_SCHEDULE_GM38&utm_source=NHL.com&utm_medium=client&utm_campaign=NHL_TEAM_PHI&utm_content=SCHEDULE_GM38,https://d2igy0yla8zi0u.cloudfront.net/DET/20262027/DET-radio.m3u8,https://d2igy0yla8zi0u.cloudfront.net/PHI/20262027/PHI-radio.m3u8,,,,,,,,,,,,,,,,
20252026,20262027,,US/Eastern,2026021166,20262027,2,2027-03-18,False,2027-03-18T23:00:00Z,-04:00,-04:00,US/Eastern,FUT,OK,"[{'id': 322, 'market': 'H', 'countryCode': 'US', 'network': 'NBCSP', 'sequenceNumber': 389}, {'id': 31, 'market': 'A', 'countryCode': 'US', 'network': 'NESN', 'sequenceNumber': 405}]",,,,/gamecenter/bos-vs-phi/2027/03/18/2026021166,Xfinity Mobile Arena,6,Bruins,Boston,,Boston,de Boston,BOS,https://assets.nhle.com/logos/nhl/svg/BOS_light.svg,https://assets.nhle.com/logos/nhl/svg/BOS_dark.svg,False,,4,Flyers,Philadelphia,Philadelphia,de Philadelphie,PHI,https://assets.nhle.com/logos/nhl/svg/PHI_light.svg,https://assets.nhle.com/logos/nhl/svg/PHI_dark.svg,False,,1,REG,3,,,,,,,,Philadelphie,,,,https://www.ticketmaster.com/event/300064EEEE6DE0F8?brand=flyers&artistid=806000&wt.mc_id=NHL_TEAM_PHI_SCHEDULE_GM39&utm_source=NHL.com&utm_medium=client&utm_campaign=NHL_TEAM_PHI&utm_content=SCHEDULE_GM39,https://www.ticketmaster.com/event/300064EEEE6DE0F8?brand=flyers&artistid=806000&wt.mc_id=NHL_TEAM_PHI_SCHEDULE_GM39&utm_source=NHL.com&utm_medium=client&utm_campaign=NHL_TEAM_PHI&utm_content=SCHEDULE_GM39,https://d2igy0yla8zi0u.cloudfront.net/BOS/20262027/BOS-radio.m3u8,https://d2igy0yla8zi0u.cloudfront.net/PHI/20262027/PHI-radio.m3u8,,,,,,,,,,,,,,,,
20252026,20262027,,US/Eastern,2026021176,20262027,2,2027-03-20,False,2027-03-20T19:00:00Z,-04:00,-04:00,America/New_York,FUT,OK,"[{'id': 281, 'market': 'N', 'countryCode': 'CA', 'network': 'TVAS', 'sequenceNumber': 120}, {'id': 322, 'market': 'A', 'countryCode': 'US', 'network': 'NBCSP', 'sequenceNumber': 389}, {'id': 409, 'market': 'H', 'countryCode': 'US', 'network': 'MSGSN', 'sequenceNumber': 411}]",,,,/gamecenter/phi-vs-nyi/2027/03/20/2026021176,UBS Arena,4,Flyers,Philadelphia,Philadelphie,Philadelphia,de Philadelphie,PHI,https://assets.nhle.com/logos/nhl/svg/PHI_light.svg,https://assets.nhle.com/logos/nhl/svg/PHI_dark.svg,False,,2,Islanders,New York,New York,de New York,NYI,https://assets.nhle.com/logos/nhl/svg/NYI_light.svg,https://assets.nhle.com/logos/nhl/svg/NYI_dark.svg,False,,1,REG,3,,,,,,,,,,,,https://www.ticketmaster.com/event/300064E2D30F62C6?brand=nyislanders&artistid=805986&wt.mc_id=NHL_TEAM_NYI_SCHEDULE_GM35&utm_source=nyi_website&utm_medium=schedulepage&utm_campaign=NHL_TEAM_NYI&utm_content=SCHEDULE_GM35,https://www.ticketmaster.com/event/300064E2D30F62C6?brand=nyislanders&artistid=805986&wt.mc_id=NHL_TEAM_NYI_SCHEDULE_GM35&utm_source=nyi_website&utm_medium=schedulepage&utm_campaign=NHL_TEAM_NYI&utm_content=SCHEDULE_GM35,https://d2igy0yla8zi0u.cloudfront.net/PHI/20262027/PHI-radio.m3u8,https://d2igy0yla8zi0u.cloudfront.net/NYI/20262027/NYI-radio.m3u8,,,,,,,,,,,,,,,,
20252026,20262027,,US/Eastern,2026021198,20262027,2,2027-03-23,False,2027-03-23T23:00:00Z,-04:00,-04:00,US/Eastern,FUT,OK,"[{'id': 322, 'market': 'A', 'countryCode': 'US', 'network': 'NBCSP', 'sequenceNumber': 389}, {'id': 409, 'market': 'H', 'countryCode': 'US', 'network': 'MSGSN', 'sequenceNumber': 411}]",,,,/gamecenter/phi-vs-njd/2027/03/23/2026021198,Prudential Center,4,Flyers,Philadelphia,Philadelphie,Philadelphia,de Philadelphie,PHI,https://assets.nhle.com/logos/nhl/svg/PHI_light.svg,https://assets.nhle.com/logos/nhl/svg/PHI_dark.svg,False,,1,Devils,New Jersey,New Jersey,du New Jersey,NJD,https://assets.nhle.com/logos/nhl/svg/NJD_light.svg,https://assets.nhle.com/logos/nhl/svg/NJD_dark.svg,False,,1,REG,3,,,,,,,,,,,,https://www.ticketmaster.com/event/020064F0915A9BDE?brand=devils&artistid=805982&wt.mc_id=NHL_TEAM_NJD_SCHEDULE_GM36&camefrom=CFC_DEVILS_NHL_TEAM_NJD_SCHEDULE_GM36,https://www.ticketmaster.com/event/020064F0915A9BDE?brand=devils&artistid=805982&wt.mc_id=NHL_TEAM_NJD_SCHEDULE_GM36&camefrom=CFC_DEVILS_NHL_TEAM_NJD_SCHEDULE_GM36,https://d2igy0yla8zi0u.cloudfront.net/PHI/20262027/PHI-radio.m3u8,https://d2igy0yla8zi0u.cloudfront.net/NJD/20262027/NJD-radio.m3u8,,,,,,,,,,,,,,,,
20252026,20262027,,US/Eastern,2026021213,20262027,2,2027-03-25,False,2027-03-25T22:30:00Z,-04:00,-04:00,US/Eastern,FUT,OK,"[{'id': 309, 'market': 'N', 'countryCode': 'US', 'network': 'ESPN', 'sequenceNumber': 10}]",,,,/gamecenter/phi-vs-tbl/2027/03/25/2026021213,Benchmark International Arena,4,Flyers,Philadelphia,Philadelphie,Philadelphia,de Philadelphie,PHI,https://assets.nhle.com/logos/nhl/svg/PHI_light.svg,https://assets.nhle.com/logos/nhl/svg/PHI_dark.svg,False,,14,Lightning,Tampa Bay,Tampa Bay,de Tampa Bay,TBL,https://assets.nhle.com/logos/nhl/svg/TBL_light.svg,https://assets.nhle.com/logos/nhl/svg/TBL_dark.svg,False,,1,REG,3,,,,,,,,,,,,https://www.ticketmaster.com/event/0D0064F8CFEA9F09?brand=tblightning&artistid=806028&landing=s&wt.mc_id=NHL_TEAM_TBL_SCHEDULE_GM37&utm_source=NHL.com&utm_medium=client&utm_campaign=NHL_TEAM_TBL&utm_content=SCHEDULE_GM37,https://www.ticketmaster.com/event/0D0064F8CFEA9F09?brand=tblightning&artistid=806028&landing=s&wt.mc_id=NHL_TEAM_TBL_SCHEDULE_GM37&utm_source=NHL.com&utm_medium=client&utm_campaign=NHL_TEAM_TBL&utm_content=SCHEDULE_GM37,https://d2igy0yla8zi0u.cloudfront.net/PHI/20262027/PHI-radio.m3u8,https://d2igy0yla8zi0u.cloudfront.net/TBL/20262027/TBL-radio.m3u8,,,,,,,,,,,,,,,,
20252026,20262027,,US/Eastern,2026021230,20262027,2,2027-03-27,False,2027-03-27T22:00:00Z,-04:00,-04:00,US/Eastern,FUT,OK,"[{'id': 322, 'market': 'A', 'countryCode': 'US', 'network': 'NBCSP', 'sequenceNumber': 389}, {'id': 521, 'market': 'H', 'countryCode': 'US', 'network': 'SCRIPPS', 'sequenceNumber': 657}]",,,,/gamecenter/phi-vs-fla/2027/03/27/2026021230,Amerant Bank Arena,4,Flyers,Philadelphia,Philadelphie,Philadelphia,de Philadelphie,PHI,https://assets.nhle.com/logos/nhl/svg/PHI_light.svg,https://assets.nhle.com/logos/nhl/svg/PHI_dark.svg,False,,13,Panthers,Florida,Florida,de la Floride,FLA,https://assets.nhle.com/logos/nhl/svg/FLA_light.svg,https://assets.nhle.com/logos/nhl/svg/FLA_dark.svg,False,,1,REG,3,,,,,,,,Floride,,,,https://www.nhl.com/panthers/tickets/,https://www.nhl.com/panthers/tickets/,https://d2igy0yla8zi0u.cloudfront.net/PHI/20262027/PHI-radio.m3u8,https://d2igy0yla8zi0u.cloudfront.net/FLA/20262027/FLA-radio.m3u8,,,,,,,,,,,https://www.jetblue.com/,Fly with JetBlue,,,,
20252026,20262027,,US/Eastern,2026021253,20262027,2,2027-03-30,False,2027-03-30T23:00:00Z,-04:00,-04:00,US/Eastern,FUT,OK,"[{'id': 282, 'market': 'N', 'countryCode': 'CA', 'network': 'SN', 'sequenceNumber': 21}, {'id': 322, 'market': 'H', 'countryCode': 'US', 'network': 'NBCSP', 'sequenceNumber': 389}, {'id': 528, 'market': 'A', 'countryCode': 'US', 'network': 'SN-PIT', 'sequenceNumber': 384}]",,,,/gamecenter/pit-vs-phi/2027/03/30/2026021253,Xfinity Mobile Arena,5,Penguins,Pittsburgh,,Pittsburgh,de Pittsburgh,PIT,https://assets.nhle.com/logos/nhl/svg/PIT_light.svg,https://assets.nhle.com/logos/nhl/svg/PIT_dark.svg,False,,4,Flyers,Philadelphia,Philadelphia,de Philadelphie,PHI,https://assets.nhle.com/logos/nhl/svg/PHI_light.svg,https://assets.nhle.com/logos/nhl/svg/PHI_dark.svg,False,,1,REG,3,,,,,,,,Philadelphie,,,,https://www.ticketmaster.com/event/300064EEEE72E100?brand=flyers&artistid=806000&wt.mc_id=NHL_TEAM_PHI_SCHEDULE_GM40&utm_source=NHL.com&utm_medium=client&utm_campaign=NHL_TEAM_PHI&utm_content=SCHEDULE_GM40,https://www.ticketmaster.com/event/300064EEEE72E100?brand=flyers&artistid=806000&wt.mc_id=NHL_TEAM_PHI_SCHEDULE_GM40&utm_source=NHL.com&utm_medium=client&utm_campaign=NHL_TEAM_PHI&utm_content=SCHEDULE_GM40,https://d2igy0yla8zi0u.cloudfront.net/PIT/20262027/PIT-radio.m3u8,https://d2igy0yla8zi0u.cloudfront.net/PHI/20262027/PHI-radio.m3u8,,,,,,,,,,,,,,,,
20252026,20262027,,US/Eastern,2026021266,20262027,2,2027-04-01,False,2027-04-01T23:30:00Z,-04:00,-04:00,US/Eastern,FUT,OK,"[{'id': 385, 'market': 'N', 'countryCode': 'US', 'network': 'TNT', 'sequenceNumber': 11}, {'id': 501, 'market': 'N', 'countryCode': 'US', 'network': 'truTV', 'sequenceNumber': 14}, {'id': 578, 'market': 'N', 'countryCode': 'US', 'network': 'HBO MAX', 'sequenceNumber': 19}, {'id': 549, 'market': 'N', 'countryCode': 'CA', 'network': 'SN+', 'sequenceNumber': 117}]",,,,/gamecenter/wsh-vs-phi/2027/04/01/2026021266,Xfinity Mobile Arena,15,Capitals,Washington,,Washington,de Washington,WSH,https://assets.nhle.com/logos/nhl/svg/WSH_secondary_light.svg,https://assets.nhle.com/logos/nhl/svg/WSH_secondary_dark.svg,False,,4,Flyers,Philadelphia,Philadelphia,de Philadelphie,PHI,https://assets.nhle.com/logos/nhl/svg/PHI_light.svg,https://assets.nhle.com/logos/nhl/svg/PHI_dark.svg,False,,1,REG,3,,,,,,,,Philadelphie,,,,https://www.ticketmaster.com/event/300064EEEE77E10B?brand=flyers&artistid=806000&wt.mc_id=NHL_TEAM_PHI_SCHEDULE_GM41&utm_source=NHL.com&utm_medium=client&utm_campaign=NHL_TEAM_PHI&utm_content=SCHEDULE_GM41,https://www.ticketmaster.com/event/300064EEEE77E10B?brand=flyers&artistid=806000&wt.mc_id=NHL_TEAM_PHI_SCHEDULE_GM41&utm_source=NHL.com&utm_medium=client&utm_campaign=NHL_TEAM_PHI&utm_content=SCHEDULE_GM41,https://d2igy0yla8zi0u.cloudfront.net/WSH/20262027/WSH-radio.m3u8,https://d2igy0yla8zi0u.cloudfront.net/PHI/20262027/PHI-radio.m3u8,,,,https://www.united.com/en/us?utm_source=washcaps_schedulepage&utm_medium=web_organic&utm_campaign=2627_washcaps&utm_content=united,Fly with United Airlines,,,,,,,,,,,
20252026,20262027,,US/Eastern,2026021285,20262027,2,2027-04-03,False,2027-04-04T00:00:00Z,-04:00,-04:00,US/Eastern,FUT,OK,"[{'id': 384, 'market': 'N', 'countryCode': 'US', 'network': 'ABC', 'sequenceNumber': 1}]",,,,/gamecenter/phi-vs-pit/2027/04/03/2026021285,PPG Paints Arena,4,Flyers,Philadelphia,Philadelphie,Philadelphia,de Philadelphie,PHI,https://assets.nhle.com/logos/nhl/svg/PHI_light.svg,https://assets.nhle.com/logos/nhl/svg/PHI_dark.svg,False,,5,Penguins,Pittsburgh,Pittsburgh,de Pittsburgh,PIT,https://assets.nhle.com/logos/nhl/svg/PIT_light.svg,https://assets.nhle.com/logos/nhl/svg/PIT_dark.svg,False,,1,REG,3,,,,,,,,,,,,https://www.ticketmaster.com/event/160064EAF5E4B969?brand=penguins&artistid=806005&wt.mc_id=NHL_TEAM_PIT_SCHEDULE_GM42&utm_source=NHL.com&utm_medium=client&utm_campaign=NHL_TEAM_PIT&utm_content=SCHEDULE_GM42&camefrom=NHLPENGUINS_WEB_SCHEDULE,https://www.ticketmaster.com/event/160064EAF5E4B969?brand=penguins&artistid=806005&wt.mc_id=NHL_TEAM_PIT_SCHEDULE_GM42&utm_source=NHL.com&utm_medium=client&utm_campaign=NHL_TEAM_PIT&utm_content=SCHEDULE_GM42&camefrom=NHLPENGUINS_WEB_SCHEDULE,https://d2igy0yla8zi0u.cloudfront.net/PHI/20262027/PHI-radio.m3u8,https://d2igy0yla8zi0u.cloudfront.net/PIT/20262027/PIT-radio.m3u8,,,,,,,,,https://www.nhl.com/penguins/tickets/promotional-schedule,Fan Appreciation Game,,,,,,
20252026,20262027,,US/Eastern,2026021296,20262027,2,2027-04-05,False,2027-04-05T18:00:00Z,-04:00,-04:00,US/Eastern,FUT,OK,"[{'id': 549, 'market': 'N', 'countryCode': 'CA', 'network': 'SN+', 'sequenceNumber': 117}, {'id': 322, 'market': 'A', 'countryCode': 'US', 'network': 'NBCSP', 'sequenceNumber': 389}, {'id': 646, 'market': 'H', 'countryCode': 'US', 'network': 'CARNHL', 'sequenceNumber': 1}, {'id': 754, 'market': 'H', 'countryCode': 'US', 'network': 'HHN', 'sequenceNumber': 1}]",,,,/gamecenter/phi-vs-car/2027/04/05/2026021296,Lenovo Center,4,Flyers,Philadelphia,Philadelphie,Philadelphia,de Philadelphie,PHI,https://assets.nhle.com/logos/nhl/svg/PHI_light.svg,https://assets.nhle.com/logos/nhl/svg/PHI_dark.svg,False,,12,Hurricanes,Carolina,Carolina,de la Caroline,CAR,https://assets.nhle.com/logos/nhl/svg/CAR_light.svg,https://assets.nhle.com/logos/nhl/svg/CAR_dark.svg,False,,1,REG,3,,,,,,,,Caroline,,,,https://www.ticketmaster.com/event/2D0064F4BD42D105?brand=carolinahurricanes&artistid=805908&wt.mc_id=NHL_TEAM_CAR_SCHEDULE_GM40&utm_source=NHL.com&utm_medium=client&utm_campaign=NHL_TEAM_CAR&utm_content=SCHEDULE_GM40,https://www.ticketmaster.com/event/2D0064F4BD42D105?brand=carolinahurricanes&artistid=805908&wt.mc_id=NHL_TEAM_CAR_SCHEDULE_GM40&utm_source=NHL.com&utm_medium=client&utm_campaign=NHL_TEAM_CAR&utm_content=SCHEDULE_GM40,https://d2igy0yla8zi0u.cloudfront.net/PHI/20262027/PHI-radio.m3u8,https://d2igy0yla8zi0u.cloudfront.net/CAR/20262027/CAR-radio.m3u8,,,,,,,,,,,,,,,,
20252026,20262027,,US/Eastern,2026021319,20262027,2,2027-04-08,False,2027-04-08T23:30:00Z,-04:00,-04:00,US/Eastern,FUT,OK,"[{'id': 385, 'market': 'N', 'countryCode': 'US', 'network': 'TNT', 'sequenceNumber': 11}, {'id': 501, 'market': 'N', 'countryCode': 'US', 'network': 'truTV', 'sequenceNumber': 14}, {'id': 578, 'market': 'N', 'countryCode': 'US', 'network': 'HBO MAX', 'sequenceNumber': 19}, {'id': 549, 'market': 'N', 'countryCode': 'CA', 'network': 'SN+', 'sequenceNumber': 117}, {'id': 323, 'market': 'A', 'countryCode': 'US', 'network': 'NBCSP+', 'sequenceNumber': 401}]",,,,/gamecenter/phi-vs-cbj/2027/04/08/2026021319,Nationwide Arena,4,Flyers,Philadelphia,Philadelphie,Philadelphia,de Philadelphie,PHI,https://assets.nhle.com/logos/nhl/svg/PHI_light.svg,https://assets.nhle.com/logos/nhl/svg/PHI_dark.svg,False,,29,Blue Jackets,Columbus,Columbus,de Columbus,CBJ,https://assets.nhle.com/logos/nhl/svg/CBJ_light.svg,https://assets.nhle.com/logos/nhl/svg/CBJ_dark.svg,False,,1,REG,3,,,,,,,,,,,,https://www.ticketmaster.com/event/050064EDD468C965?brand=bluejackets&artistid=805927&wt.mc_id=NHL_TEAM_CBJ_SCHEDULE_GM42&utm_source=web_schedule_club&utm_medium=NHL.com&utm_campaign=single_game_tickets&utm_content=SCHEDULE_GM42,https://www.ticketmaster.com/event/050064EDD468C965?brand=bluejackets&artistid=805927&wt.mc_id=NHL_TEAM_CBJ_SCHEDULE_GM42&utm_source=web_schedule_club&utm_medium=NHL.com&utm_campaign=single_game_tickets&utm_content=SCHEDULE_GM42,https://d2igy0yla8zi0u.cloudfront.net/PHI/20262027/PHI-radio.m3u8,https://d2igy0yla8zi0u.cloudfront.net/CBJ/20262027/CBJ-radio.m3u8,,,,,,,,,,,,,https://www.sonesta.com/sonesta-hotels-resorts/oh/columbus/sonesta-columbus-downtown?isGroupCode=false&promoCode=CBJPROMO,Stay at Sonesta Columbus Downtown,,
20252026,20262027,,US/Eastern,2026021329,20262027,2,2027-04-10,False,2027-04-10T16:30:00Z,-04:00,-04:00,US/Eastern,FUT,OK,"[{'id': 384, 'market': 'N', 'countryCode': 'US', 'network': 'ABC', 'sequenceNumber': 1}, {'id': 283, 'market': 'N', 'countryCode': 'CA', 'network': 'SN360', 'sequenceNumber': 114}, {'id': 281, 'market': 'N', 'countryCode': 'CA', 'network': 'TVAS', 'sequenceNumber': 120}]",,,,/gamecenter/wsh-vs-phi/2027/04/10/2026021329,Xfinity Mobile Arena,15,Capitals,Washington,,Washington,de Washington,WSH,https://assets.nhle.com/logos/nhl/svg/WSH_secondary_light.svg,https://assets.nhle.com/logos/nhl/svg/WSH_secondary_dark.svg,False,,4,Flyers,Philadelphia,Philadelphia,de Philadelphie,PHI,https://assets.nhle.com/logos/nhl/svg/PHI_light.svg,https://assets.nhle.com/logos/nhl/svg/PHI_dark.svg,False,,1,REG,3,,,,,,,,Philadelphie,,,,https://www.ticketmaster.com/event/300064EEEE7CE117?brand=flyers&artistid=806000&wt.mc_id=NHL_TEAM_PHI_SCHEDULE_GM42&utm_source=NHL.com&utm_medium=client&utm_campaign=NHL_TEAM_PHI&utm_content=SCHEDULE_GM42,https://www.ticketmaster.com/event/300064EEEE7CE117?brand=flyers&artistid=806000&wt.mc_id=NHL_TEAM_PHI_SCHEDULE_GM42&utm_source=NHL.com&utm_medium=client&utm_campaign=NHL_TEAM_PHI&utm_content=SCHEDULE_GM42,https://d2igy0yla8zi0u.cloudfront.net/WSH/20262027/WSH-radio.m3u8,https://d2igy0yla8zi0u.cloudfront.net/PHI/20262027/PHI-radio.m3u8,,,,https://www.united.com/en/us?utm_source=washcaps_schedulepage&utm_medium=web_organic&utm_campaign=2627_washcaps&utm_content=united,Fly with United Airlines,,,,,,,,,,,
