club_previous_season,club_current_season,club_next_season,club_timezone,id,season,game_type,game_date,neutral_site,start_time_utc,eastern_utc_offset,venue_utc_offset,venue_timezone,game_state,game_schedule_state,tv_broadcasts,three_min_recap,three_min_recap_fr,game_center_link,venue_default,away_team_id,away_team_common_name_default,away_team_place_name_default,away_team_place_name_with_preposition_default,away_team_place_name_with_preposition_fr,away_team_abbrev,away_team_logo,away_team_dark_logo,away_team_away_split_squad,away_team_airline_link,away_team_airline_desc,away_team_hotel_link,away_team_hotel_desc,away_team_score,home_team_id,home_team_common_name_default,home_team_place_name_default,home_team_place_name_with_preposition_default,home_team_place_name_with_preposition_fr,home_team_abbrev,home_team_logo,home_team_dark_logo,home_team_home_split_squad,home_team_airline_link,home_team_airline_desc,home_team_hotel_link,home_team_hotel_desc,home_team_score,period_descriptor_number,period_descriptor_period_type,period_descriptor_max_regulation_periods,game_outcome_last_period_type,winning_goalie_player_id,winning_goalie_first_initial_default,winning_goalie_last_name_default,winning_goal_scorer_player_id,winning_goal_scorer_first_initial_default,winning_goal_scorer_last_name_default,condensed_game,tickets_link,tickets_link_fr,away_team_radio_link,home_team_radio_link,away_team_promo_link,away_team_promo_desc,home_team_promo_link,home_team_promo_desc,home_team_place_name_fr,away_team_place_name_fr,special_event_parent_id,special_event_name_default,special_event_light_logo_url_default,special_event_light_logo_url_fr,venue_es,venue_fr,away_team_common_name_fr,home_team_common_name_fr
20252026,20262027,,US/Pacific,2026010005,20262027,1,2026-09-19,False,2026-09-20T01:00:00Z,-04:00,-07:00,US/Pacific,FINAL,OK,"[{'id': 554, 'market': 'H', 'countryCode': 'US', 'network': 'KHN/Prime', 'sequenceNumber': 348}, {'id': 388, 'market': 'H', 'countryCode': 'US', 'network': 'KONG', 'sequenceNumber': 654}]",/video/van-at-sea-recap-6405318484112,/fr/video/van-vs-sea-19-09-2026-resume-6405320032112,/gamecenter/van-vs-sea/2026/09/19/2026010005,Climate Pledge Arena,23,Canucks,Vancouver,Vancouver,de Vancouver,VAN,https://assets.nhle.com/logos/nhl/svg/VAN_light.svg,https://assets.nhle.com/logos/nhl/svg/VAN_dark.svg,False,https://www.aircanada.com/?utm_source=canuckscom&utm_medium=calendar,Book with Air Canada,,,2.0,55,Kraken,Seattle,Seattle,de Seattle,SEA,https://assets.nhle.com/logos/nhl/svg/SEA_light.svg,https://assets.nhle.com/logos/nhl/svg/SEA_dark.svg,False,,,https://stayinglevel.com/offers/seattle-climate-pledge-arena-fans/,Stay close to the action at Level,4.0,3,REG,3,REG,8483668.0,N.,Kokko,8483012.0,L.,Morrison,,,,,,,,,,,,,,,,,,,
20252026,20262027,,US/Pacific,2026010014,20262027,1,2026-09-20,False,2026-09-21T00:00:00Z,-04:00,-06:00,America/Edmonton,FINAL,OK,"[{'id': 324, 'market': 'N', 'countryCode': 'US', 'network': 'NHLN', 'sequenceNumber': 35}, {'id': 554, 'market': 'A', 'countryCode': 'US', 'network': 'KHN/Prime', 'sequenceNumber': 348}, {'id': 388, 'market': 'A', 'countryCode': 'US', 'network': 'KONG', 'sequenceNumber': 654}]",/video/sea-at-cgy-recap-6405348757112,/fr/video/sea-vs-cgy-20-09-2026-resume-6405350844112,/gamecenter/sea-vs-cgy/2026/09/20/2026010014,Scotiabank Saddledome,55,Kraken,Seattle,Seattle,de Seattle,SEA,https://assets.nhle.com/logos/nhl/svg/SEA_light.svg,https://assets.nhle.com/logos/nhl/svg/SEA_dark.svg,False,,,,,4.0,20,Flames,Calgary,Calgary,de Calgary,CGY,https://assets.nhle.com/logos/nhl/svg/CGY_light.svg,https://assets.nhle.com/logos/nhl/svg/CGY_dark.svg,False,,,,,2.0,3,REG,3,REG,8483668.0,N.,Kokko,8483012.0,L.,Morrison,/video/sea-at-cgy-condensed-game-6405349266112,,,,,,,,,,,,,,,,,,
20252026,20262027,,US/Pacific,2026010038,20262027,1,2026-09-24,False,2026-09-25T01:40:00Z,-04:00,-07:00,US/Pacific,FINAL,OK,"[{'id': 554, 'market': 'H', 'countryCode': 'US', 'network': 'KHN/Prime', 'sequenceNumber': 348}, {'id': 388, 'market': 'H', 'countryCode': 'US', 'network': 'KONG', 'sequenceNumber': 654}]",/video/cgy-at-sea-recap-6405606449112,/fr/video/cgy-vs-sea-24-09-2026-resume-6405605978112,/gamecenter/cgy-vs-sea/2026/09/24/2026010038,Climate Pledge Arena,20,Flames,Calgary,Calgary,de Calgary,CGY,https://assets.nhle.com/logos/nhl/svg/CGY_light.svg,https://assets.nhle.com/logos/nhl/svg/CGY_dark.svg,False,,,,,3.0,55,Kraken,Seattle,Seattle,de Seattle,SEA,https://assets.nhle.com/logos/nhl/svg/SEA_light.svg,https://assets.nhle.com/logos/nhl/svg/SEA_dark.svg,False,,,https://stayinglevel.com/offers/seattle-climate-pledge-arena-fans/,Stay close to the action at Level,4.0,5,SO,3,SO,8475831.0,P.,Grubauer,,,,/video/cgy-at-sea-condensed-game-6405605576112,,,,,,,,,,,,,,,,,,
20252026,20262027,,US/Pacific,2026010056,20262027,1,2026-09-26,False,2026-09-26T23:00:00Z,-04:00,-07:00,America/Vancouver,FINAL,OK,"[{'id': 282, 'market': 'N', 'countryCode': 'CA', 'network': 'SN', 'sequenceNumber': 107}, {'id': 554, 'market': 'A', 'countryCode': 'US', 'network': 'KHN/Prime', 'sequenceNumber': 348}, {'id': 388, 'market': 'A', 'countryCode': 'US', 'network': 'KONG', 'sequenceNumber': 654}]",/video/sea-at-van-recap-6405688258112,/fr/video/sea-vs-van-26-09-2026-resume-6405685725112,/gamecenter/sea-vs-van/2026/09/26/2026010056,Rogers Arena,55,Kraken,Seattle,Seattle,de Seattle,SEA,https://assets.nhle.com/logos/nhl/svg/SEA_light.svg,https://assets.nhle.com/logos/nhl/svg/SEA_dark.svg,False,,,,,3.0,23,Canucks,Vancouver,Vancouver,de Vancouver,VAN,https://assets.nhle.com/logos/nhl/svg/VAN_light.svg,https://assets.nhle.com/logos/nhl/svg/VAN_dark.svg,False,,,,,4.0,3,REG,3,REG,8480947.0,K.,Lankinen,8478498.0,J.,DeBrusk,/video/sea-at-van-condensed-game-6405687613112,,,,,,,,,,,,,,,,,,
20252026,20262027,,US/Pacific,2026020014,20262027,2,2026-10-01,False,2026-10-02T01:00:00Z,-04:00,-06:00,America/Edmonton,FUT,OK,"[{'id': 289, 'market': 'N', 'countryCode': 'CA', 'network': 'SNW', 'sequenceNumber': 34}, {'id': 652, 'market': 'A', 'countryCode': 'US', 'network': 'Prime Video', 'sequenceNumber': 117}, {'id': 388, 'market': 'A', 'countryCode': 'US', 'network': 'KONG', 'sequenceNumber': 654}]",,,/gamecenter/sea-vs-cgy/2026/10/01/2026020014,Scotiabank Saddledome,55,Kraken,Seattle,Seattle,de Seattle,SEA,https://assets.nhle.com/logos/nhl/svg/SEA_light.svg,https://assets.nhle.com/logos/nhl/svg/SEA_dark.svg,False,,,,,,20,Flames,Calgary,Calgary,de Calgary,CGY,https://assets.nhle.com/logos/nhl/svg/CGY_light.svg,https://assets.nhle.com/logos/nhl/svg/CGY_dark.svg,False,,,,,,1,REG,3,,,,,,,,,https://www.ticketmaster.ca/event/110064FC82C03262?brand=calgaryflames&artistid=805907&wt.mc_id=NHL_TEAM_CGY_SCHEDULE_GM1&utm_source=NHL.com&utm_medium=client_PM&utm_campaign=NHL_TEAM_CGY&utm_content=SCHEDULE_GM1,https://www.ticketmaster.ca/event/110064FC82C03262?brand=calgaryflames&artistid=805907&wt.mc_id=NHL_TEAM_CGY_SCHEDULE_GM1&utm_source=NHL.com&utm_medium=client_PM&utm_campaign=NHL_TEAM_CGY&utm_content=SCHEDULE_GM1,https://d2igy0yla8zi0u.cloudfront.net/SEA/20262027/SEA-radio.m3u8,https://d2igy0yla8zi0u.cloudfront.net/CGY/20262027/CGY-radio.m3u8,,,,,,,,,,,,,,
20252026,20262027,,US/Pacific,2026020028,20262027,2,2026-10-03,False,2026-10-03T23:00:00Z,-04:00,-06:00,America/Edmonton,FUT,OK,"[{'id': 289, 'market': 'N', 'countryCode': 'CA', 'network': 'SNW', 'sequenceNumber': 34}, {'id': 324, 'market': 'N', 'countryCode': 'US', 'network': 'NHLN', 'sequenceNumber': 35}, {'id': 652, 'market': 'A', 'countryCode': 'US', 'network': 'Prime Video', 'sequenceNumber': 117}, {'id': 388, 'market': 'A', 'countryCode': 'US', 'network': 'KONG', 'sequenceNumber': 654}]",,,/gamecenter/sea-vs-edm/2026/10/03/2026020028,Rogers Place,55,Kraken,Seattle,Seattle,de Seattle,SEA,https://assets.nhle.com/logos/nhl/svg/SEA_light.svg,https://assets.nhle.com/logos/nhl/svg/SEA_dark.svg,False,,,,,,22,Oilers,Edmonton,Edmonton,d'Edmonton,EDM,https://assets.nhle.com/logos/nhl/svg/EDM_light.svg,https://assets.nhle.com/logos/nhl/svg/EDM_dark.svg,False,,,,,,1,REG,3,,,,,,,,,https://www.ticketmaster.ca/event/11006513A5E5A439?brand=edmontonoilers&artistid=805943&wt.mc_id=NHL_TEAM_EDM_SCHEDULE_GM2&utm_source=NHL.com&utm_medium=client_PM&utm_campaign=NHL_TEAM_EDM&utm_content=SCHEDULE_GM2,https://www.ticketmaster.ca/event/11006513A5E5A439?brand=edmontonoilers&artistid=805943&wt.mc_id=NHL_TEAM_EDM_SCHEDULE_GM2&utm_source=NHL.com&utm_medium=client_PM&utm_campaign=NHL_TEAM_EDM&utm_content=SCHEDULE_GM2,https://d2igy0yla8zi0u.cloudfront.net/SEA/20262027/SEA-radio.m3u8,https://d2igy0yla8zi0u.cloudfront.net/EDM/20262027/EDM-radio.m3u8,,,,,,,,,,,,,,
20252026,20262027,,US/Pacific,2026020038,20262027,2,2026-10-04,False,2026-10-05T00:00:00Z,-04:00,-07:00,US/Pacific,FUT,OK,"[{'id': 289, 'market': 'N', 'countryCode': 'CA', 'network': 'SNW', 'sequenceNumber': 34}, {'id': 652, 'market': 'H', 'countryCode': 'US', 'network': 'Prime Video', 'sequenceNumber': 117}, {'id': 388, 'market': 'H', 'countryCode': 'US', 'network': 'KONG', 'sequenceNumber': 654}]",,,/gamecenter/cgy-vs-sea/2026/10/04/2026020038,Climate Pledge Arena,20,Flames,Calgary,Calgary,de Calgary,CGY,https://assets.nhle.com/logos/nhl/svg/CGY_light.svg,https://assets.nhle.com/logos/nhl/svg/CGY_dark.svg,False,,,,,,55,Kraken,Seattle,Seattle,de Seattle,SEA,https://assets.nhle.com/logos/nhl/svg/SEA_light.svg,https://assets.nhle.com/logos/nhl/svg/SEA_dark.svg,False,,,https://stayinglevel.com/offers/seattle-climate-pledge-arena-fans/,Stay close to the action at Level,,1,REG,3,,,,,,,,,https://www.ticketmaster.com/event/0F0064C4A033A21E?brand=seattlekraken&artistid=2763657&wt.mc_id=NHL_TEAM_SEA_SCHEDULE_GM1&utm_source=NHL.com&utm_medium=client&utm_campaign=NHL_TEAM_SEA&utm_content=SCHEDULE_GM1,https://www.ticketmaster.com/event/0F0064C4A033A21E?brand=seattlekraken&artistid=2763657&wt.mc_id=NHL_TEAM_SEA_SCHEDULE_GM1&utm_source=NHL.com&utm_medium=client&utm_campaign=NHL_TEAM_SEA&utm_content=SCHEDULE_GM1,https://d2igy0yla8zi0u.cloudfront.net/CGY/20262027/CGY-radio.m3u8,https://d2igy0yla8zi0u.cloudfront.net/SEA/20262027/SEA-radio.m3u8,,,,,,,,,,,,,,
20252026,20262027,,US/Pacific,2026020051,20262027,2,2026-10-06,False,2026-10-07T01:40:00Z,-04:00,-07:00,US/Pacific,FUT,OK,"[{'id': 652, 'market': 'H', 'countryCode': 'US', 'network': 'Prime Video', 'sequenceNumber': 117}, {'id': 387, 'market': 'H', 'countryCode': 'US', 'network': 'KING', 'sequenceNumber': 615}, {'id': 388, 'market': 'H', 'countryCode': 'US', 'network': 'KONG', 'sequenceNumber': 654}, {'id': 521, 'market': 'A', 'countryCode': 'US', 'network': 'SCRIPPS', 'sequenceNumber': 657}]",,,/gamecenter/vgk-vs-sea/2026/10/06/2026020051,Climate Pledge Arena,54,Golden Knights,Vegas,Vegas,de Vegas,VGK,https://assets.nhle.com/logos/nhl/svg/VGK_light.svg,https://assets.nhle.com/logos/nhl/svg/VGK_dark.svg,False,,,,,,55,Kraken,Seattle,Seattle,de Seattle,SEA,https://assets.nhle.com/logos/nhl/svg/SEA_light.svg,https://assets.nhle.com/logos/nhl/svg/SEA_dark.svg,False,,,https://stayinglevel.com/offers/seattle-climate-pledge-arena-fans/,Stay close to the action at Level,,1,REG,3,,,,,,,,,https://www.ticketmaster.com/event/0F0064C4A03AA22C?brand=seattlekraken&artistid=2763657&wt.mc_id=NHL_TEAM_SEA_SCHEDULE_GM2&utm_source=NHL.com&utm_medium=client&utm_campaign=NHL_TEAM_SEA&utm_content=SCHEDULE_GM2,https://www.ticketmaster.com/event/0F0064C4A03AA22C?brand=seattlekraken&artistid=2763657&wt.mc_id=NHL_TEAM_SEA_SCHEDULE_GM2&utm_source=NHL.com&utm_medium=client&utm_campaign=NHL_TEAM_SEA&utm_content=SCHEDULE_GM2,https://d2igy0yla8zi0u.cloudfront.net/VGK/20262027/VGK-radio.m3u8,https://d2igy0yla8zi0u.cloudfront.net/SEA/20262027/SEA-radio.m3u8,,,,,,,,,,,,,,
20252026,20262027,,US/Pacific,2026020066,20262027,2,2026-10-09,False,2026-10-09T23:00:00Z,-04:00,-04:00,America/Detroit,FUT,OK,"[{'id': 652, 'market': 'A', 'countryCode': 'US', 'network': 'Prime Video', 'sequenceNumber': 117}, {'id': 387, 'market': 'A', 'countryCode': 'US', 'network': 'KING', 'sequenceNumber': 615}, {'id': 388, 'market': 'A', 'countryCode': 'US', 'network': 'KONG', 'sequenceNumber': 654}, {'id': 645, 'market': 'H', 'countryCode': 'US', 'network': 'DSN', 'sequenceNumber': 1}]",,,/gamecenter/sea-vs-det/2026/10/09/2026020066,Little Caesars Arena,55,Kraken,Seattle,Seattle,de Seattle,SEA,https://assets.nhle.com/logos/nhl/svg/SEA_light.svg,https://assets.nhle.com/logos/nhl/svg/SEA_dark.svg,False,,,,,,17,Red Wings,Detroit,Detroit,de Detroit,DET,https://assets.nhle.com/logos/nhl/svg/DET_light.svg,https://assets.nhle.com/logos/nhl/svg/DET_dark.svg,False,,,,,,1,REG,3,,,,,,,,,https://www.ticketmaster.com/event/080064EED7B47FB2?brand=redwings&artistid=805938&wt.mc_id=NHL_TEAM_DET_SCHEDULE_GM4&utm_source=NHL.com&utm_medium=client&utm_campaign=NHL_TEAM_DET&utm_content=SCHEDULE_GM4,https://www.ticketmaster.com/event/080064EED7B47FB2?brand=redwings&artistid=805938&wt.mc_id=NHL_TEAM_DET_SCHEDULE_GM4&utm_source=NHL.com&utm_medium=client&utm_campaign=NHL_TEAM_DET&utm_content=SCHEDULE_GM4,https://d2igy0yla8zi0u.cloudfront.net/SEA/20262027/SEA-radio.m3u8,https://d2igy0yla8zi0u.cloudfront.net/DET/20262027/DET-radio.m3u8,,,,,,,,,,,,,,
20252026,20262027,,US/Pacific,2026020084,20262027,2,2026-10-11,False,2026-10-11T21:00:00Z,-04:00,-04:00,US/Eastern,FUT,OK,"[{'id': 549, 'market': 'N', 'countryCode': 'CA', 'network': 'SN+', 'sequenceNumber': 117}, {'id': 281, 'market': 'N', 'countryCode': 'CA', 'network': 'TVAS', 'sequenceNumber': 120}, {'id': 652, 'market': 'A', 'countryCode': 'US', 'network': 'Prime Video', 'sequenceNumber': 117}, {'id': 388, 'market': 'A', 'countryCode': 'US', 'network': 'KONG', 'sequenceNumber': 654}, {'id': 517, 'market': 'H', 'countryCode': 'US', 'network': 'MNMT', 'sequenceNumber': 396}]",,,/gamecenter/sea-vs-wsh/2026/10/11/2026020084,Capital One Arena,55,Kraken,Seattle,Seattle,de Seattle,SEA,https://assets.nhle.com/logos/nhl/svg/SEA_light.svg,https://assets.nhle.com/logos/nhl/svg/SEA_dark.svg,False,,,,,,15,Capitals,Washington,Washington,de Washington,WSH,https://assets.nhle.com/logos/nhl/svg/WSH_secondary_light.svg,https://assets.nhle.com/logos/nhl/svg/WSH_secondary_dark.svg,False,https://www.united.com/en/us?utm_source=washcaps_schedulepage&utm_medium=web_organic&utm_campaign=2627_washcaps&utm_content=united,Fly with United Arlines,,,,1,REG,3,,,,,,,,,https://www.ticketmaster.com/event/150064F0345FE283?brand=capitals&artistid=806039&wt.mc_id=NHL_TEAM_WSH_SCHEDULE_GM3&utm_source=club_schedule&utm_medium=web_organic&utm_campaign=2627sgb_ca1011sk,https://www.ticketmaster.com/event/150064F0345FE283?brand=capitals&artistid=806039&wt.mc_id=NHL_TEAM_WSH_SCHEDULE_GM3&utm_source=club_schedule&utm_medium=web_organic&utm_campaign=2627sgb_ca1011sk,https://d2igy0yla8zi0u.cloudfront.net/SEA/20262027/SEA-radio.m3u8,https://d2igy0yla8zi0u.cloudfront.net/WSH/20262027/WSH-radio.m3u8,,,,,,,,,,,,,,
20252026,20262027,,US/Pacific,2026020094,20262027,2,2026-10-13,False,2026-10-13T23:00:00Z,-04:00,-04:00,US/Eastern,FUT,OK,"[{'id': 652, 'market': 'A', 'countryCode': 'US', 'network': 'Prime Video', 'sequenceNumber': 117}, {'id': 387, 'market': 'A', 'countryCode': 'US', 'network': 'KING', 'sequenceNumber': 615}, {'id': 388, 'market': 'A', 'countryCode': 'US', 'network': 'KONG', 'sequenceNumber': 654}, {'id': 322, 'market': 'H', 'countryCode': 'US', 'network': 'NBCSP', 'sequenceNumber': 389}]",,,/gamecenter/sea-vs-phi/2026/10/13/2026020094,Xfinity Mobile Arena,55,Kraken,Seattle,Seattle,de Seattle,SEA,https://assets.nhle.com/logos/nhl/svg/SEA_light.svg,https://assets.nhle.com/logos/nhl/svg/SEA_dark.svg,False,,,,,,4,Flyers,Philadelphia,Philadelphia,de Philadelphie,PHI,https://assets.nhle.com/logos/nhl/svg/PHI_light.svg,https://assets.nhle.com/logos/nhl/svg/PHI_dark.svg,False,,,,,,1,REG,3,,,,,,,,,https://www.ticketmaster.com/event/300064EEEE94E14E?brand=flyers&artistid=806000&wt.mc_id=NHL_TEAM_PHI_SCHEDULE_GM4&utm_source=NHL.com&utm_medium=client&utm_campaign=NHL_TEAM_PHI&utm_content=SCHEDULE_GM4,https://www.ticketmaster.com/event/300064EEEE94E14E?brand=flyers&artistid=806000&wt.mc_id=NHL_TEAM_PHI_SCHEDULE_GM4&utm_source=NHL.com&utm_medium=client&utm_campaign=NHL_TEAM_PHI&utm_content=SCHEDULE_GM4,https://d2igy0yla8zi0u.cloudfront.net/SEA/20262027/SEA-radio.m3u8,https://d2igy0yla8zi0u.cloudfront.net/PHI/20262027/PHI-radio.m3u8,,,,,Philadelphie,,,,,,,,,
20252026,20262027,,US/Pacific,2026020111,20262027,2,2026-10-15,False,2026-10-15T23:00:00Z,-04:00,-04:00,US/Eastern,FUT,OK,"[{'id': 652, 'market': 'A', 'countryCode': 'US', 'network': 'Prime Video', 'sequenceNumber': 117}, {'id': 388, 'market': 'A', 'countryCode': 'US', 'network': 'KONG', 'sequenceNumber': 654}, {'id': 581, 'market': 'H', 'countryCode': 'US', 'network': 'The Spot', 'sequenceNumber': 211}]",,,/gamecenter/sea-vs-tbl/2026/10/15/2026020111,Benchmark International Arena,55,Kraken,Seattle,Seattle,de Seattle,SEA,https://assets.nhle.com/logos/nhl/svg/SEA_light.svg,https://assets.nhle.com/logos/nhl/svg/SEA_dark.svg,False,,,,,,14,Lightning,Tampa Bay,Tampa Bay,de Tampa Bay,TBL,https://assets.nhle.com/logos/nhl/svg/TBL_light.svg,https://assets.nhle.com/logos/nhl/svg/TBL_dark.svg,False,,,,,,1,REG,3,,,,,,,,,https://www.ticketmaster.com/event/0D0064F8CF2C9D79?brand=tblightning&artistid=806028&landing=s&wt.mc_id=NHL_TEAM_TBL_SCHEDULE_GM4&utm_source=NHL.com&utm_medium=client&utm_campaign=NHL_TEAM_TBL&utm_content=SCHEDULE_GM4,https://www.ticketmaster.com/event/0D0064F8CF2C9D79?brand=tblightning&artistid=806028&landing=s&wt.mc_id=NHL_TEAM_TBL_SCHEDULE_GM4&utm_source=NHL.com&utm_medium=client&utm_campaign=NHL_TEAM_TBL&utm_content=SCHEDULE_GM4,https://d2igy0yla8zi0u.cloudfront.net/SEA/20262027/SEA-radio.m3u8,https://d2igy0yla8zi0u.cloudfront.net/TBL/20262027/TBL-radio.m3u8,,,,,,,,,,,,,,
20252026,20262027,,US/Pacific,2026020124,20262027,2,2026-10-17,False,2026-10-17T22:00:00Z,-04:00,-04:00,US/Eastern,FUT,OK,"[{'id': 652, 'market': 'A', 'countryCode': 'US', 'network': 'Prime Video', 'sequenceNumber': 117}, {'id': 388, 'market': 'A', 'countryCode': 'US', 'network': 'KONG', 'sequenceNumber': 654}, {'id': 521, 'market': 'H', 'countryCode': 'US', 'network': 'SCRIPPS', 'sequenceNumber': 657}]",,,/gamecenter/sea-vs-fla/2026/10/17/2026020124,Amerant Bank Arena,55,Kraken,Seattle,Seattle,de Seattle,SEA,https://assets.nhle.com/logos/nhl/svg/SEA_light.svg,https://assets.nhle.com/logos/nhl/svg/SEA_dark.svg,False,,,,,,13,Panthers,Florida,Florida,de la Floride,FLA,https://assets.nhle.com/logos/nhl/svg/FLA_light.svg,https://assets.nhle.com/logos/nhl/svg/FLA_dark.svg,False,https://www.jetblue.com/,Fly with JetBlue,,,,1,REG,3,,,,,,,,,https://www.nhl.com/panthers/tickets/,https://www.nhl.com/panthers/tickets/,https://d2igy0yla8zi0u.cloudfront.net/SEA/20262027/SEA-radio.m3u8,https://d2igy0yla8zi0u.cloudfront.net/FLA/20262027/FLA-radio.m3u8,,,,,Floride,,,,,,,,,
20252026,20262027,,US/Pacific,2026020149,20262027,2,2026-10-20,False,2026-10-21T01:40:00Z,-04:00,-07:00,US/Pacific,FUT,OK,"[{'id': 652, 'market': 'H', 'countryCode': 'US', 'network': 'Prime Video', 'sequenceNumber': 117}, {'id': 388, 'market': 'H', 'countryCode': 'US', 'network': 'KONG', 'sequenceNumber': 654}, {'id': 645, 'market': 'A', 'countryCode': 'US', 'network': 'DSN', 'sequenceNumber': 1}]",,,/gamecenter/det-vs-sea/2026/10/20/2026020149,Climate Pledge Arena,17,Red Wings,Detroit,Detroit,de Detroit,DET,https://assets.nhle.com/logos/nhl/svg/DET_light.svg,https://assets.nhle.com/logos/nhl/svg/DET_dark.svg,False,,,,,,55,Kraken,Seattle,Seattle,de Seattle,SEA,https://assets.nhle.com/logos/nhl/svg/SEA_light.svg,https://assets.nhle.com/logos/nhl/svg/SEA_dark.svg,False,,,https://stayinglevel.com/offers/seattle-climate-pledge-arena-fans/,Stay close to the action at Level,,1,REG,3,,,,,,,,,https://www.ticketmaster.com/event/0F0064C4A03FA23B?brand=seattlekraken&artistid=2763657&wt.mc_id=NHL_TEAM_SEA_SCHEDULE_GM3&utm_source=NHL.com&utm_medium=client&utm_campaign=NHL_TEAM_SEA&utm_content=SCHEDULE_GM3,https://www.ticketmaster.com/event/0F0064C4A03FA23B?brand=seattlekraken&artistid=2763657&wt.mc_id=NHL_TEAM_SEA_SCHEDULE_GM3&utm_source=NHL.com&utm_medium=client&utm_campaign=NHL_TEAM_SEA&utm_content=SCHEDULE_GM3,https://d2igy0yla8zi0u.cloudfront.net/DET/20262027/DET-radio.m3u8,https://d2igy0yla8zi0u.cloudfront.net/SEA/20262027/SEA-radio.m3u8,,,,,,,,,,,,,,
20252026,20262027,,US/Pacific,2026020164,20262027,2,2026-10-22,False,2026-10-23T02:00:00Z,-04:00,-07:00,US/Pacific,FUT,OK,"[{'id': 329, 'market': 'N', 'countryCode': 'US', 'network': 'ESPN+', 'sequenceNumber': 16}, {'id': 391, 'market': 'N', 'countryCode': 'US', 'network': 'HULU', 'sequenceNumber': 17}, {'id': 574, 'market': 'N', 'countryCode': 'US', 'network': 'Disney+', 'sequenceNumber': 21}, {'id': 549, 'market': 'N', 'countryCode': 'CA', 'network': 'SN+', 'sequenceNumber': 117}]",,,/gamecenter/uta-vs-sea/2026/10/22/2026020164,Climate Pledge Arena,68,Mammoth,Utah,Utah,de l'Utah,UTA,https://assets.nhle.com/logos/nhl/svg/UTA_light.svg,https://assets.nhle.com/logos/nhl/svg/UTA_dark.svg,False,,,,,,55,Kraken,Seattle,Seattle,de Seattle,SEA,https://assets.nhle.com/logos/nhl/svg/SEA_light.svg,https://assets.nhle.com/logos/nhl/svg/SEA_dark.svg,False,,,https://stayinglevel.com/offers/seattle-climate-pledge-arena-fans/,Stay close to the action at Level,,1,REG,3,,,,,,,,,https://www.ticketmaster.com/event/0F0064C4A045A24C?brand=seattlekraken&artistid=2763657&wt.mc_id=NHL_TEAM_SEA_SCHEDULE_GM4&utm_source=NHL.com&utm_medium=client&utm_campaign=NHL_TEAM_SEA&utm_content=SCHEDULE_GM4,https://www.ticketmaster.com/event/0F0064C4A045A24C?brand=seattlekraken&artistid=2763657&wt.mc_id=NHL_TEAM_SEA_SCHEDULE_GM4&utm_source=NHL.com&utm_medium=client&utm_campaign=NHL_TEAM_SEA&utm_content=SCHEDULE_GM4,https://d2igy0yla8zi0u.cloudfront.net/UTA/20262027/UTA-radio.m3u8,https://d2igy0yla8zi0u.cloudfront.net/SEA/20262027/SEA-radio.m3u8,,,,,,,,,,,,,,
20252026,20262027,,US/Pacific,2026020179,20262027,2,2026-10-24,False,2026-10-25T02:00:00Z,-04:00,-07:00,US/Pacific,FUT,OK,"[{'id': 652, 'market': 'H', 'countryCode': 'US', 'network': 'Prime Video', 'sequenceNumber': 117}, {'id': 388, 'market': 'H', 'countryCode': 'US', 'network': 'KONG', 'sequenceNumber': 654}, {'id': 648, 'market': 'A', 'countryCode': 'US', 'network': 'MINNHL', 'sequenceNumber': 1}, {'id': 758, 'market': 'A', 'countryCode': 'US', 'network': 'Wild+', 'sequenceNumber': 1}]",,,/gamecenter/min-vs-sea/2026/10/24/2026020179,Climate Pledge Arena,30,Wild,Minnesota,Minnesota,du Minnesota,MIN,https://assets.nhle.com/logos/nhl/svg/MIN_light.svg,https://assets.nhle.com/logos/nhl/svg/MIN_dark.svg,False,,,,,,55,Kraken,Seattle,Seattle,de Seattle,SEA,https://assets.nhle.com/logos/nhl/svg/SEA_light.svg,https://assets.nhle.com/logos/nhl/svg/SEA_dark.svg,False,,,https://stayinglevel.com/offers/seattle-climate-pledge-arena-fans/,Stay close to the action at Level,,1,REG,3,,,,,,,,,https://www.ticketmaster.com/event/0F0064C4A04AA254?brand=seattlekraken&artistid=2763657&wt.mc_id=NHL_TEAM_SEA_SCHEDULE_GM5&utm_source=NHL.com&utm_medium=client&utm_campaign=NHL_TEAM_SEA&utm_content=SCHEDULE_GM5,https://www.ticketmaster.com/event/0F0064C4A04AA254?brand=seattlekraken&artistid=2763657&wt.mc_id=NHL_TEAM_SEA_SCHEDULE_GM5&utm_source=NHL.com&utm_medium=client&utm_campaign=NHL_TEAM_SEA&utm_content=SCHEDULE_GM5,https://d2igy0yla8zi0u.cloudfront.net/MIN/20262027/MIN-radio.m3u8,https://d2igy0yla8zi0u.cloudfront.net/SEA/20262027/SEA-radio.m3u8,,,,,,,,,,,,,,
20252026,20262027,,US/Pacific,2026020202,20262027,2,2026-10-28,False,2026-10-29T02:00:00Z,-04:00,-07:00,US/Pacific,FUT,OK,"[{'id': 652, 'market': 'H', 'countryCode': 'US', 'network': 'Prime Video', 'sequenceNumber': 117}, {'id': 387, 'market': 'H', 'countryCode': 'US', 'network': 'KING', 'sequenceNumber': 615}, {'id': 388, 'market': 'H', 'countryCode': 'US', 'network': 'KONG', 'sequenceNumber': 654}, {'id': 288, 'market': 'A', 'countryCode': 'CA', 'network': 'SNO', 'sequenceNumber': 31}]",,,/gamecenter/tor-vs-sea/2026/10/28/2026020202,Climate Pledge Arena,10,Maple Leafs,Toronto,Toronto,de Toronto,TOR,https://assets.nhle.com/logos/nhl/svg/TOR_light.svg,https://assets.nhle.com/logos/nhl/svg/TOR_dark.svg,False,,,"https://marriott.com/search/findHotels.mi?destinationAddress.destination=CLIMATE+PLEDGE+ARENA,+SEATTLE,+WASHINGTON,+USA&cid=DIS_GLB000791Q_GLE000HJ7H_GLF0017UVY",Book Now,,55,Kraken,Seattle,Seattle,de Seattle,SEA,https://assets.nhle.com/logos/nhl/svg/SEA_light.svg,https://assets.nhle.com/logos/nhl/svg/SEA_dark.svg,False,,,https://stayinglevel.com/offers/seattle-climate-pledge-arena-fans/,Stay close to the action at Level,,1,REG,3,,,,,,,,,https://www.ticketmaster.com/event/0F0064C4A04FA269?brand=seattlekraken&artistid=2763657&wt.mc_id=NHL_TEAM_SEA_SCHEDULE_GM6&utm_source=NHL.com&utm_medium=client&utm_campaign=NHL_TEAM_SEA&utm_content=SCHEDULE_GM6,https://www.ticketmaster.com/event/0F0064C4A04FA269?brand=seattlekraken&artistid=2763657&wt.mc_id=NHL_TEAM_SEA_SCHEDULE_GM6&utm_source=NHL.com&utm_medium=client&utm_campaign=NHL_TEAM_SEA&utm_content=SCHEDULE_GM6,https://d2igy0yla8zi0u.cloudfront.net/TOR/20262027/TOR-radio.m3u8,https://d2igy0yla8zi0u.cloudfront.net/SEA/20262027/SEA-radio.m3u8,,,,,,,,,,,,,,
20252026,20262027,,US/Pacific,2026020216,20262027,2,2026-10-30,False,2026-10-31T00:00:00Z,-04:00,-06:00,America/Edmonton,FUT,OK,"[{'id': 289, 'market': 'N', 'countryCode': 'CA', 'network': 'SNW', 'sequenceNumber': 34}, {'id': 283, 'market': 'N', 'countryCode': 'CA', 'network': 'SN360', 'sequenceNumber': 114}, {'id': 652, 'market': 'A', 'countryCode': 'US', 'network': 'Prime Video', 'sequenceNumber': 117}, {'id': 388, 'market': 'A', 'countryCode': 'US', 'network': 'KONG', 'sequenceNumber': 654}]",,,/gamecenter/sea-vs-cgy/2026/10/30/2026020216,Scotiabank Saddledome,55,Kraken,Seattle,Seattle,de Seattle,SEA,https://assets.nhle.com/logos/nhl/svg/SEA_light.svg,https://assets.nhle.com/logos/nhl/svg/SEA_dark.svg,False,,,,,,20,Flames,Calgary,Calgary,de Calgary,CGY,https://assets.nhle.com/logos/nhl/svg/CGY_light.svg,https://assets.nhle.com/logos/nhl/svg/CGY_dark.svg,False,,,,,,1,REG,3,,,,,,,,,https://www.ticketmaster.ca/event/110064FB961D3ED6?brand=calgaryflames&artistid=805907&wt.mc_id=NHL_TEAM_CGY_SCHEDULE_GM8&utm_source=NHL.com&utm_medium=client_PM&utm_campaign=NHL_TEAM_CGY&utm_content=SCHEDULE_GM8,https://www.ticketmaster.ca/event/110064FB961D3ED6?brand=calgaryflames&artistid=805907&wt.mc_id=NHL_TEAM_CGY_SCHEDULE_GM8&utm_source=NHL.com&utm_medium=client_PM&utm_campaign=NHL_TEAM_CGY&utm_content=SCHEDULE_GM8,https://d2igy0yla8zi0u.cloudfront.net/SEA/20262027/SEA-radio.m3u8,https://d2igy0yla8zi0u.cloudfront.net/CGY/20262027/CGY-radio.m3u8,,,,,,,,,,,,,,
20252026,20262027,,US/Pacific,2026020250,20262027,2,2026-11-04,False,2026-11-05T03:00:00Z,-05:00,-08:00,US/Pacific,FUT,OK,"[{'id': 652, 'market': 'H', 'countryCode': 'US', 'network': 'Prime Video', 'sequenceNumber': 117}, {'id': 388, 'market': 'H', 'countryCode': 'US', 'network': 'KONG', 'sequenceNumber': 654}, {'id': 289, 'market': 'A', 'countryCode': 'CA', 'network': 'SNW', 'sequenceNumber': 34}]",,,/gamecenter/cgy-vs-sea/2026/11/04/2026020250,Climate Pledge Arena,20,Flames,Calgary,Calgary,de Calgary,CGY,https://assets.nhle.com/logos/nhl/svg/CGY_light.svg,https://assets.nhle.com/logos/nhl/svg/CGY_dark.svg,False,,,,,,55,Kraken,Seattle,Seattle,de Seattle,SEA,https://assets.nhle.com/logos/nhl/svg/SEA_light.svg,https://assets.nhle.com/logos/nhl/svg/SEA_dark.svg,False,,,https://stayinglevel.com/offers/seattle-climate-pledge-arena-fans/,Stay close to the action at Level,,1,REG,3,,,,,,,,,https://www.ticketmaster.com/event/0F0064C4A055A26F?brand=seattlekraken&artistid=2763657&wt.mc_id=NHL_TEAM_SEA_SCHEDULE_GM7&utm_source=NHL.com&utm_medium=client&utm_campaign=NHL_TEAM_SEA&utm_content=SCHEDULE_GM7,https://www.ticketmaster.com/event/0F0064C4A055A26F?brand=seattlekraken&artistid=2763657&wt.mc_id=NHL_TEAM_SEA_SCHEDULE_GM7&utm_source=NHL.com&utm_medium=client&utm_campaign=NHL_TEAM_SEA&utm_content=SCHEDULE_GM7,https://d2igy0yla8zi0u.cloudfront.net/CGY/20262027/CGY-radio.m3u8,https://d2igy0yla8zi0u.cloudfront.net/SEA/20262027/SEA-radio.m3u8,,,,,,,,,,,,,,
20252026,20262027,,US/Pacific,2026020267,20262027,2,2026-11-07,False,2026-11-07T22:00:00Z,-05:00,-08:00,US/Pacific,FUT,OK,"[{'id': 652, 'market': 'H', 'countryCode': 'US', 'network': 'Prime Video', 'sequenceNumber': 117}, {'id': 388, 'market': 'H', 'countryCode': 'US', 'network': 'KONG', 'sequenceNumber': 654}, {'id': 55, 'market': 'A', 'countryCode': 'US', 'network': 'MSG 2', 'sequenceNumber': 416}, {'id': 27, 'market': 'A', 'countryCode': 'US', 'network': 'MSG', 'sequenceNumber': 417}]",,,/gamecenter/nyr-vs-sea/2026/11/07/2026020267,Climate Pledge Arena,3,Rangers,New York,New York,de New York,NYR,https://assets.nhle.com/logos/nhl/svg/NYR_light.svg,https://assets.nhle.com/logos/nhl/svg/NYR_dark.svg,False,,,,,,55,Kraken,Seattle,Seattle,de Seattle,SEA,https://assets.nhle.com/logos/nhl/svg/SEA_light.svg,https://assets.nhle.com/logos/nhl/svg/SEA_dark.svg,False,,,https://stayinglevel.com/offers/seattle-climate-pledge-arena-fans/,Stay close to the action at Level,,1,REG,3,,,,,,,,,https://www.ticketmaster.com/event/0F0064C4A05AA27A?brand=seattlekraken&artistid=2763657&wt.mc_id=NHL_TEAM_SEA_SCHEDULE_GM8&utm_source=NHL.com&utm_medium=client&utm_campaign=NHL_TEAM_SEA&utm_content=SCHEDULE_GM8,https://www.ticketmaster.com/event/0F0064C4A05AA27A?brand=seattlekraken&artistid=2763657&wt.mc_id=NHL_TEAM_SEA_SCHEDULE_GM8&utm_source=NHL.com&utm_medium=client&utm_campaign=NHL_TEAM_SEA&utm_content=SCHEDULE_GM8,https://d2igy0yla8zi0u.cloudfront.net/NYR/20262027/NYR-radio.m3u8,https://d2igy0yla8zi0u.cloudfront.net/SEA/20262027/SEA-radio.m3u8,,,,,,,,,,,,,,
20252026,20262027,,US/Pacific,2026020309,20262027,2,2026-11-12,True,2026-11-12T17:00:00Z,-05:00,+02:00,Europe/Helsinki,FUT,OK,"[{'id': 549, 'market': 'N', 'countryCode': 'CA', 'network': 'SN+', 'sequenceNumber': 117}, {'id': 281, 'market': 'N', 'countryCode': 'CA', 'network': 'TVAS', 'sequenceNumber': 120}, {'id': 652, 'market': 'H', 'countryCode': 'US', 'network': 'Prime Video', 'sequenceNumber': 117}, {'id': 388, 'market': 'H', 'countryCode': 'US', 'network': 'KONG', 'sequenceNumber': 654}, {'id': 646, 'market': 'A', 'countryCode': 'US', 'network': 'CARNHL', 'sequenceNumber': 1}, {'id': 754, 'market': 'A', 'countryCode': 'US', 'network': 'HHN', 'sequenceNumber': 1}]",,,/gamecenter/car-vs-sea/2026/11/12/2026020309,Veikkaus Arena,12,Hurricanes,Carolina,Carolina,de la Caroline,CAR,https://assets.nhle.com/logos/nhl/svg/CAR_light.svg,https://assets.nhle.com/logos/nhl/svg/CAR_dark.svg,False,,,,,,55,Kraken,Seattle,Seattle,de Seattle,SEA,https://assets.nhle.com/logos/nhl/svg/SEA_light.svg,https://assets.nhle.com/logos/nhl/svg/SEA_dark.svg,False,,,,,,1,REG,3,,,,,,,,,https://www.nhl.com/kraken/tickets/,https://www.nhl.com/kraken/tickets/,https://d2igy0yla8zi0u.cloudfront.net/CAR/20262027/CAR-radio.m3u8,https://d2igy0yla8zi0u.cloudfront.net/SEA/20262027/SEA-radio.m3u8,,,,,,Caroline,36.0,2026 NHL Global Series,https://assets.nhle.com/special_event_season/20262027/svg/gs-fin-2026020309-matchup-en-light.svg,https://assets.nhle.com/special_event_season/20262027/svg/gs-fin-2026020309-matchup-fr-light.svg,,,,
20252026,20262027,,US/Pacific,2026020321,20262027,2,2026-11-14,True,2026-11-14T18:00:00Z,-05:00,+02:00,Europe/Helsinki,FUT,OK,"[{'id': 284, 'market': 'N', 'countryCode': 'CA', 'network': 'SN1', 'sequenceNumber': 113}, {'id': 652, 'market': 'A', 'countryCode': 'US', 'network': 'Prime Video', 'sequenceNumber': 117}, {'id': 387, 'market': 'A', 'countryCode': 'US', 'network': 'KING', 'sequenceNumber': 615}, {'id': 388, 'market': 'A', 'countryCode': 'US', 'network': 'KONG', 'sequenceNumber': 654}, {'id': 646, 'market': 'H', 'countryCode': 'US', 'network': 'CARNHL', 'sequenceNumber': 1}, {'id': 754, 'market': 'H', 'countryCode': 'US', 'network': 'HHN', 'sequenceNumber': 1}]",,,/gamecenter/sea-vs-car/2026/11/14/2026020321,Veikkaus Arena,55,Kraken,Seattle,Seattle,de Seattle,SEA,https://assets.nhle.com/logos/nhl/svg/SEA_light.svg,https://assets.nhle.com/logos/nhl/svg/SEA_dark.svg,False,,,,,,12,Hurricanes,Carolina,Carolina,de la Caroline,CAR,https://assets.nhle.com/logos/nhl/svg/CAR_light.svg,https://assets.nhle.com/logos/nhl/svg/CAR_dark.svg,False,,,,,,1,REG,3,,,,,,,,,https://www.nhl.com/hurricanes/tickets/,https://www.nhl.com/hurricanes/tickets/,https://d2igy0yla8zi0u.cloudfront.net/SEA/20262027/SEA-radio.m3u8,https://d2igy0yla8zi0u.cloudfront.net/CAR/20262027/CAR-radio.m3u8,,,,,Caroline,,36.0,2026 NHL Global Series,https://assets.nhle.com/special_event_season/20262027/svg/gs-fin-2026020321-matchup-en-light.svg,https://assets.nhle.com/special_event_season/20262027/svg/gs-fin-2026020321-matchup-fr-light.svg,,,,
20252026,20262027,,US/Pacific,2026020357,20262027,2,2026-11-19,False,2026-11-20T02:40:00Z,-05:00,-08:00,US/Pacific,FUT,OK,"[{'id': 652, 'market': 'H', 'countryCode': 'US', 'network': 'Prime Video', 'sequenceNumber': 117}, {'id': 388, 'market': 'H', 'countryCode': 'US', 'network': 'KONG', 'sequenceNumber': 654}, {'id': 290, 'market': 'A', 'countryCode': 'CA', 'network': 'SNP', 'sequenceNumber': 33}]",,,/gamecenter/van-vs-sea/2026/11/19/2026020357,Climate Pledge Arena,23,Canucks,Vancouver,Vancouver,de Vancouver,VAN,https://assets.nhle.com/logos/nhl/svg/VAN_light.svg,https://assets.nhle.com/logos/nhl/svg/VAN_dark.svg,False,https://www.aircanada.com/?utm_source=canuckscom&utm_medium=calendar,Book with Air Canada,,,,55,Kraken,Seattle,Seattle,de Seattle,SEA,https://assets.nhle.com/logos/nhl/svg/SEA_light.svg,https://assets.nhle.com/logos/nhl/svg/SEA_dark.svg,False,,,https://stayinglevel.com/offers/seattle-climate-pledge-arena-fans/,Stay close to the action at Level,,1,REG,3,,,,,,,,,https://www.ticketmaster.com/event/0F0064C4A060A28A?brand=seattlekraken&artistid=2763657&wt.mc_id=NHL_TEAM_SEA_SCHEDULE_GM9&utm_source=NHL.com&utm_medium=client&utm_campaign=NHL_TEAM_SEA&utm_content=SCHEDULE_GM9,https://www.ticketmaster.com/event/0F0064C4A060A28A?brand=seattlekraken&artistid=2763657&wt.mc_id=NHL_TEAM_SEA_SCHEDULE_GM9&utm_source=NHL.com&utm_medium=client&utm_campaign=NHL_TEAM_SEA&utm_content=SCHEDULE_GM9,https://d2igy0yla8zi0u.cloudfront.net/VAN/20262027/VAN-radio.m3u8,https://d2igy0yla8zi0u.cloudfront.net/SEA/20262027/SEA-radio.m3u8,,,,,,,,,,,,,,
20252026,20262027,,US/Pacific,2026020372,20262027,2,2026-11-21,False,2026-11-22T03:00:00Z,-05:00,-08:00,US/Pacific,FUT,OK,"[{'id': 652, 'market': 'A', 'countryCode': 'US', 'network': 'Prime Video', 'sequenceNumber': 117}, {'id': 388, 'market': 'A', 'countryCode': 'US', 'network': 'KONG', 'sequenceNumber': 654}, {'id': 314, 'market': 'H', 'countryCode': 'US', 'network': 'NBCSCA', 'sequenceNumber': 393}]",,,/gamecenter/sea-vs-sjs/2026/11/21/2026020372,SAP Center at San Jose,55,Kraken,Seattle,Seattle,de Seattle,SEA,https://assets.nhle.com/logos/nhl/svg/SEA_light.svg,https://assets.nhle.com/logos/nhl/svg/SEA_dark.svg,False,,,,,,28,Sharks,San Jose,San Jose,de San Jose,SJS,https://assets.nhle.com/logos/nhl/svg/SJS_light.svg,https://assets.nhle.com/logos/nhl/svg/SJS_dark.svg,False,,,https://teal.sjsharks.com/trk/ibdqc,Rest Easy at San Jose Marriott,,1,REG,3,,,,,,,,,https://www.ticketmaster.com/event/1C0064E79AF79BD9?brand=sharks&artistid=806018&wt.mc_id=NHL_TEAM_SJS_SCHEDULE_GM13&utm_source=NHL.com&utm_medium=client&utm_campaign=NHL_TEAM_SJS&utm_content=SCHEDULE_GM13,https://www.ticketmaster.com/event/1C0064E79AF79BD9?brand=sharks&artistid=806018&wt.mc_id=NHL_TEAM_SJS_SCHEDULE_GM13&utm_source=NHL.com&utm_medium=client&utm_campaign=NHL_TEAM_SJS&utm_content=SCHEDULE_GM13,https://d2igy0yla8zi0u.cloudfront.net/SEA/20262027/SEA-radio.m3u8,https://d2igy0yla8zi0u.cloudfront.net/SJS/20262027/SJS-radio.m3u8,,,https://teal.sjsharks.com/trk/ftmqc,,,,,,,,SAP Center en San Jose,SAP Center de San Jose,,
20252026,20262027,,US/Pacific,2026020383,20262027,2,2026-11-23,False,2026-11-24T02:40:00Z,-05:00,-08:00,US/Pacific,FUT,OK,"[{'id': 652, 'market': 'H', 'countryCode': 'US', 'network': 'Prime Video', 'sequenceNumber': 117}, {'id': 388, 'market': 'H', 'countryCode': 'US', 'network': 'KONG', 'sequenceNumber': 654}, {'id': 652, 'market': 'A', 'countryCode': 'US', 'network': 'Prime Video', 'sequenceNumber': 117}, {'id': 219, 'market': 'A', 'countryCode': 'US', 'network': 'KCOP-13', 'sequenceNumber': 656}]",,,/gamecenter/ana-vs-sea/2026/11/23/2026020383,Climate Pledge Arena,24,Ducks,Anaheim,Anaheim,d'Anaheim,ANA,https://assets.nhle.com/logos/nhl/svg/ANA_light.svg,https://assets.nhle.com/logos/nhl/svg/ANA_dark.svg,False,,,,,,55,Kraken,Seattle,Seattle,de Seattle,SEA,https://assets.nhle.com/logos/nhl/svg/SEA_light.svg,https://assets.nhle.com/logos/nhl/svg/SEA_dark.svg,False,,,https://stayinglevel.com/offers/seattle-climate-pledge-arena-fans/,Stay close to the action at Level,,1,REG,3,,,,,,,,,https://www.ticketmaster.com/event/0F0064C4A06BA2A4?brand=seattlekraken&artistid=2763657&wt.mc_id=NHL_TEAM_SEA_SCHEDULE_GM10&utm_source=NHL.com&utm_medium=client&utm_campaign=NHL_TEAM_SEA&utm_content=SCHEDULE_GM10,https://www.ticketmaster.com/event/0F0064C4A06BA2A4?brand=seattlekraken&artistid=2763657&wt.mc_id=NHL_TEAM_SEA_SCHEDULE_GM10&utm_source=NHL.com&utm_medium=client&utm_campaign=NHL_TEAM_SEA&utm_content=SCHEDULE_GM10,https://d2igy0yla8zi0u.cloudfront.net/ANA/20262027/ANA-radio.m3u8,https://d2igy0yla8zi0u.cloudfront.net/SEA/20262027/SEA-radio.m3u8,,,,,,,,,,,,,,
20252026,20262027,,US/Pacific,2026020399,20262027,2,2026-11-25,False,2026-11-26T02:40:00Z,-05:00,-08:00,US/Pacific,FUT,OK,"[{'id': 652, 'market': 'H', 'countryCode': 'US', 'network': 'Prime Video', 'sequenceNumber': 117}, {'id': 387, 'market': 'H', 'countryCode': 'US', 'network': 'KING', 'sequenceNumber': 615}, {'id': 388, 'market': 'H', 'countryCode': 'US', 'network': 'KONG', 'sequenceNumber': 654}, {'id': 551, 'market': 'A', 'countryCode': 'US', 'network': 'CHSN', 'sequenceNumber': 254}]",,,/gamecenter/chi-vs-sea/2026/11/25/2026020399,Climate Pledge Arena,16,Blackhawks,Chicago,Chicago,de Chicago,CHI,https://assets.nhle.com/logos/nhl/svg/CHI_light.svg,https://assets.nhle.com/logos/nhl/svg/CHI_dark.svg,False,,,,,,55,Kraken,Seattle,Seattle,de Seattle,SEA,https://assets.nhle.com/logos/nhl/svg/SEA_light.svg,https://assets.nhle.com/logos/nhl/svg/SEA_dark.svg,False,,,https://stayinglevel.com/offers/seattle-climate-pledge-arena-fans/,Stay close to the action at Level,,1,REG,3,,,,,,,,,https://www.ticketmaster.com/event/0F0064C4A071A2AD?brand=seattlekraken&artistid=2763657&wt.mc_id=NHL_TEAM_SEA_SCHEDULE_GM11&utm_source=NHL.com&utm_medium=client&utm_campaign=NHL_TEAM_SEA&utm_content=SCHEDULE_GM11,https://www.ticketmaster.com/event/0F0064C4A071A2AD?brand=seattlekraken&artistid=2763657&wt.mc_id=NHL_TEAM_SEA_SCHEDULE_GM11&utm_source=NHL.com&utm_medium=client&utm_campaign=NHL_TEAM_SEA&utm_content=SCHEDULE_GM11,https://d2igy0yla8zi0u.cloudfront.net/CHI/20262027/CHI-radio.m3u8,https://d2igy0yla8zi0u.cloudfront.net/SEA/20262027/SEA-radio.m3u8,,,,,,,,,,,,,,
20252026,20262027,,US/Pacific,2026020414,20262027,2,2026-11-27,False,2026-11-28T01:00:00Z,-05:00,-07:00,America/Edmonton,FUT,OK,"[{'id': 282, 'market': 'N', 'countryCode': 'CA', 'network': 'SN', 'sequenceNumber': 107}, {'id': 652, 'market': 'A', 'countryCode': 'US', 'network': 'Prime Video', 'sequenceNumber': 117}, {'id': 388, 'market': 'A', 'countryCode': 'US', 'network': 'KONG', 'sequenceNumber': 654}]",,,/gamecenter/sea-vs-edm/2026/11/27/2026020414,Rogers Place,55,Kraken,Seattle,Seattle,de Seattle,SEA,https://assets.nhle.com/logos/nhl/svg/SEA_light.svg,https://assets.nhle.com/logos/nhl/svg/SEA_dark.svg,False,,,,,,22,Oilers,Edmonton,Edmonton,d'Edmonton,EDM,https://assets.nhle.com/logos/nhl/svg/EDM_light.svg,https://assets.nhle.com/logos/nhl/svg/EDM_dark.svg,False,,,,,,1,REG,3,,,,,,,,,https://www.ticketmaster.ca/event/11006513A62BA4FB?brand=edmontonoilers&artistid=805943&wt.mc_id=NHL_TEAM_EDM_SCHEDULE_GM14&utm_source=NHL.com&utm_medium=client_PM&utm_campaign=NHL_TEAM_EDM&utm_content=SCHEDULE_GM14,https://www.ticketmaster.ca/event/11006513A62BA4FB?brand=edmontonoilers&artistid=805943&wt.mc_id=NHL_TEAM_EDM_SCHEDULE_GM14&utm_source=NHL.com&utm_medium=client_PM&utm_campaign=NHL_TEAM_EDM&utm_content=SCHEDULE_GM14,https://d2igy0yla8zi0u.cloudfront.net/SEA/20262027/SEA-radio.m3u8,https://d2igy0yla8zi0u.cloudfront.net/EDM/20262027/EDM-radio.m3u8,,,,,,,,,,,,,,
20252026,20262027,,US/Pacific,2026020427,20262027,2,2026-11-28,False,2026-11-29T03:00:00Z,-05:00,-08:00,US/Pacific,FUT,OK,"[{'id': 282, 'market': 'N', 'countryCode': 'CA', 'network': 'SN', 'sequenceNumber': 107}, {'id': 281, 'market': 'N', 'countryCode': 'CA', 'network': 'TVAS', 'sequenceNumber': 120}, {'id': 652, 'market': 'H', 'countryCode': 'US', 'network': 'Prime Video', 'sequenceNumber': 117}, {'id': 388, 'market': 'H', 'countryCode': 'US', 'network': 'KONG', 'sequenceNumber': 654}]",,,/gamecenter/edm-vs-sea/2026/11/28/2026020427,Climate Pledge Arena,22,Oilers,Edmonton,Edmonton,d'Edmonton,EDM,https://assets.nhle.com/logos/nhl/svg/EDM_light.svg,https://assets.nhle.com/logos/nhl/svg/EDM_dark.svg,False,,,,,,55,Kraken,Seattle,Seattle,de Seattle,SEA,https://assets.nhle.com/logos/nhl/svg/SEA_light.svg,https://assets.nhle.com/logos/nhl/svg/SEA_dark.svg,False,,,https://stayinglevel.com/offers/seattle-climate-pledge-arena-fans/,Stay close to the action at Level,,1,REG,3,,,,,,,,,https://www.ticketmaster.com/event/0F0064C4A077A2BA?brand=seattlekraken&artistid=2763657&wt.mc_id=NHL_TEAM_SEA_SCHEDULE_GM12&utm_source=NHL.com&utm_medium=client&utm_campaign=NHL_TEAM_SEA&utm_content=SCHEDULE_GM12,https://www.ticketmaster.com/event/0F0064C4A077A2BA?brand=seattlekraken&artistid=2763657&wt.mc_id=NHL_TEAM_SEA_SCHEDULE_GM12&utm_source=NHL.com&utm_medium=client&utm_campaign=NHL_TEAM_SEA&utm_content=SCHEDULE_GM12,https://d2igy0yla8zi0u.cloudfront.net/EDM/20262027/EDM-radio.m3u8,https://d2igy0yla8zi0u.cloudfront.net/SEA/20262027/SEA-radio.m3u8,,,,,,,,,,,,,,
20252026,20262027,,US/Pacific,2026020442,20262027,2,2026-12-01,False,2026-12-02T02:40:00Z,-05:00,-08:00,US/Pacific,FUT,OK,"[{'id': 652, 'market': 'H', 'countryCode': 'US', 'network': 'Prime Video', 'sequenceNumber': 117}, {'id': 388, 'market': 'H', 'countryCode': 'US', 'network': 'KONG', 'sequenceNumber': 654}, {'id': 652, 'market': 'A', 'countryCode': 'US', 'network': 'Prime Video', 'sequenceNumber': 117}]",,,/gamecenter/dal-vs-sea/2026/12/01/2026020442,Climate Pledge Arena,25,Stars,Dallas,Dallas,de Dallas,DAL,https://assets.nhle.com/logos/nhl/svg/DAL_light.svg,https://assets.nhle.com/logos/nhl/svg/DAL_dark.svg,False,https://www.aa.com/homePage.do?c=SPNS%7CDSP%7CSTR%7C2026%7CSCH%7C_STARS_2026_SCHEDULE_PAGE,Book flights with American Airlines,,,,55,Kraken,Seattle,Seattle,de Seattle,SEA,https://assets.nhle.com/logos/nhl/svg/SEA_light.svg,https://assets.nhle.com/logos/nhl/svg/SEA_dark.svg,False,,,https://stayinglevel.com/offers/seattle-climate-pledge-arena-fans/,Stay close to the action at Level,,1,REG,3,,,,,,,,,https://www.ticketmaster.com/event/0F0064C4A07DA2C0?brand=seattlekraken&artistid=2763657&wt.mc_id=NHL_TEAM_SEA_SCHEDULE_GM13&utm_source=NHL.com&utm_medium=client&utm_campaign=NHL_TEAM_SEA&utm_content=SCHEDULE_GM13,https://www.ticketmaster.com/event/0F0064C4A07DA2C0?brand=seattlekraken&artistid=2763657&wt.mc_id=NHL_TEAM_SEA_SCHEDULE_GM13&utm_source=NHL.com&utm_medium=client&utm_campaign=NHL_TEAM_SEA&utm_content=SCHEDULE_GM13,https://d2igy0yla8zi0u.cloudfront.net/DAL/20262027/DAL-radio.m3u8,https://d2igy0yla8zi0u.cloudfront.net/SEA/20262027/SEA-radio.m3u8,,,,,,,,,,,,,,
20252026,20262027,,US/Pacific,2026020457,20262027,2,2026-12-03,False,2026-12-04T03:00:00Z,-05:00,-08:00,US/Pacific,FUT,OK,"[{'id': 329, 'market': 'N', 'countryCode': 'US', 'network': 'ESPN+', 'sequenceNumber': 16}, {'id': 391, 'market': 'N', 'countryCode': 'US', 'network': 'HULU', 'sequenceNumber': 17}, {'id': 574, 'market': 'N', 'countryCode': 'US', 'network': 'Disney+', 'sequenceNumber': 21}, {'id': 549, 'market': 'N', 'countryCode': 'CA', 'network': 'SN+', 'sequenceNumber': 117}]",,,/gamecenter/dal-vs-sea/2026/12/03/2026020457,Climate Pledge Arena,25,Stars,Dallas,Dallas,de Dallas,DAL,https://assets.nhle.com/logos/nhl/svg/DAL_light.svg,https://assets.nhle.com/logos/nhl/svg/DAL_dark.svg,False,https://www.aa.com/homePage.do?c=SPNS%7CDSP%7CSTR%7C2026%7CSCH%7C_STARS_2026_SCHEDULE_PAGE,Book flights with American Airlines,,,,55,Kraken,Seattle,Seattle,de Seattle,SEA,https://assets.nhle.com/logos/nhl/svg/SEA_light.svg,https://assets.nhle.com/logos/nhl/svg/SEA_dark.svg,False,,,https://stayinglevel.com/offers/seattle-climate-pledge-arena-fans/,Stay close to the action at Level,,1,REG,3,,,,,,,,,https://www.ticketmaster.com/event/0F0064C4A082A2C8?brand=seattlekraken&artistid=2763657&wt.mc_id=NHL_TEAM_SEA_SCHEDULE_GM14&utm_source=NHL.com&utm_medium=client&utm_campaign=NHL_TEAM_SEA&utm_content=SCHEDULE_GM14,https://www.ticketmaster.com/event/0F0064C4A082A2C8?brand=seattlekraken&artistid=2763657&wt.mc_id=NHL_TEAM_SEA_SCHEDULE_GM14&utm_source=NHL.com&utm_medium=client&utm_campaign=NHL_TEAM_SEA&utm_content=SCHEDULE_GM14,https://d2igy0yla8zi0u.cloudfront.net/DAL/20262027/DAL-radio.m3u8,https://d2igy0yla8zi0u.cloudfront.net/SEA/20262027/SEA-radio.m3u8,,,,,,,,,,,,,,
20252026,20262027,,US/Pacific,2026020463,20262027,2,2026-12-04,False,2026-12-05T03:00:00Z,-05:00,-08:00,America/Los_Angeles,FUT,OK,"[{'id': 652, 'market': 'A', 'countryCode': 'US', 'network': 'Prime Video', 'sequenceNumber': 117}, {'id': 387, 'market': 'A', 'countryCode': 'US', 'network': 'KING', 'sequenceNumber': 615}, {'id': 388, 'market': 'A', 'countryCode': 'US', 'network': 'KONG', 'sequenceNumber': 654}, {'id': 652, 'market': 'H', 'countryCode': 'US', 'network': 'Prime Video', 'sequenceNumber': 117}]",,,/gamecenter/sea-vs-ana/2026/12/04/2026020463,Honda Center,55,Kraken,Seattle,Seattle,de Seattle,SEA,https://assets.nhle.com/logos/nhl/svg/SEA_light.svg,https://assets.nhle.com/logos/nhl/svg/SEA_dark.svg,False,,,,,,24,Ducks,Anaheim,Anaheim,d'Anaheim,ANA,https://assets.nhle.com/logos/nhl/svg/ANA_light.svg,https://assets.nhle.com/logos/nhl/svg/ANA_dark.svg,False,,,,,,1,REG,3,,,,,,,,,https://www.ticketmaster.com/event/090064EA31098B51?brand=ducks&artistid=805893&wt.mc_id=NHL_TEAM_ANA_SCHEDULE_GM15&utm_source=NHL.com&utm_medium=client&utm_campaign=NHL_TEAM_ANA&utm_content=SCHEDULE_GM15,https://www.ticketmaster.com/event/090064EA31098B51?brand=ducks&artistid=805893&wt.mc_id=NHL_TEAM_ANA_SCHEDULE_GM15&utm_source=NHL.com&utm_medium=client&utm_campaign=NHL_TEAM_ANA&utm_content=SCHEDULE_GM15,https://d2igy0yla8zi0u.cloudfront.net/SEA/20262027/SEA-radio.m3u8,https://d2igy0yla8zi0u.cloudfront.net/ANA/20262027/ANA-radio.m3u8,,,,,,,,,,,,,,
20252026,20262027,,US/Pacific,2026020481,20262027,2,2026-12-06,False,2026-12-07T01:00:00Z,-05:00,-08:00,US/Pacific,FUT,OK,"[{'id': 549, 'market': 'N', 'countryCode': 'CA', 'network': 'SN+', 'sequenceNumber': 117}, {'id': 652, 'market': 'H', 'countryCode': 'US', 'network': 'Prime Video', 'sequenceNumber': 117}, {'id': 388, 'market': 'H', 'countryCode': 'US', 'network': 'KONG', 'sequenceNumber': 654}, {'id': 28, 'market': 'A', 'countryCode': 'US', 'network': 'MSG-B', 'sequenceNumber': 392}]",,,/gamecenter/buf-vs-sea/2026/12/06/2026020481,Climate Pledge Arena,7,Sabres,Buffalo,Buffalo,de Buffalo,BUF,https://assets.nhle.com/logos/nhl/svg/BUF_light.svg,https://assets.nhle.com/logos/nhl/svg/BUF_dark.svg,False,,,,,,55,Kraken,Seattle,Seattle,de Seattle,SEA,https://assets.nhle.com/logos/nhl/svg/SEA_light.svg,https://assets.nhle.com/logos/nhl/svg/SEA_dark.svg,False,,,https://stayinglevel.com/offers/seattle-climate-pledge-arena-fans/,Stay close to the action at Level,,1,REG,3,,,,,,,,,https://www.ticketmaster.com/event/0F0064C4A088A2D0?brand=seattlekraken&artistid=2763657&wt.mc_id=NHL_TEAM_SEA_SCHEDULE_GM15&utm_source=NHL.com&utm_medium=client&utm_campaign=NHL_TEAM_SEA&utm_content=SCHEDULE_GM15,https://www.ticketmaster.com/event/0F0064C4A088A2D0?brand=seattlekraken&artistid=2763657&wt.mc_id=NHL_TEAM_SEA_SCHEDULE_GM15&utm_source=NHL.com&utm_medium=client&utm_campaign=NHL_TEAM_SEA&utm_content=SCHEDULE_GM15,https://d2igy0yla8zi0u.cloudfront.net/BUF/20262027/BUF-radio.m3u8,https://d2igy0yla8zi0u.cloudfront.net/SEA/20262027/SEA-radio.m3u8,,,,,,,,,,,,,,
20252026,20262027,,US/Pacific,2026020495,20262027,2,2026-12-08,False,2026-12-09T03:00:00Z,-05:00,-08:00,US/Pacific,FUT,OK,"[{'id': 282, 'market': 'N', 'countryCode': 'CA', 'network': 'SN', 'sequenceNumber': 21}, {'id': 652, 'market': 'A', 'countryCode': 'US', 'network': 'Prime Video', 'sequenceNumber': 117}, {'id': 388, 'market': 'A', 'countryCode': 'US', 'network': 'KONG', 'sequenceNumber': 654}, {'id': 314, 'market': 'H', 'countryCode': 'US', 'network': 'NBCSCA', 'sequenceNumber': 393}]",,,/gamecenter/sea-vs-sjs/2026/12/08/2026020495,SAP Center at San Jose,55,Kraken,Seattle,Seattle,de Seattle,SEA,https://assets.nhle.com/logos/nhl/svg/SEA_light.svg,https://assets.nhle.com/logos/nhl/svg/SEA_dark.svg,False,,,,,,28,Sharks,San Jose,San Jose,de San Jose,SJS,https://assets.nhle.com/logos/nhl/svg/SJS_light.svg,https://assets.nhle.com/logos/nhl/svg/SJS_dark.svg,False,,,https://teal.sjsharks.com/trk/ibdqc,Rest Easy at San Jose Marriott,,1,REG,3,,,,,,,,,https://www.ticketmaster.com/event/1C0064E79B0A9C09?brand=sharks&artistid=806018&wt.mc_id=NHL_TEAM_SJS_SCHEDULE_GM16&utm_source=NHL.com&utm_medium=client&utm_campaign=NHL_TEAM_SJS&utm_content=SCHEDULE_GM16,https://www.ticketmaster.com/event/1C0064E79B0A9C09?brand=sharks&artistid=806018&wt.mc_id=NHL_TEAM_SJS_SCHEDULE_GM16&utm_source=NHL.com&utm_medium=client&utm_campaign=NHL_TEAM_SJS&utm_content=SCHEDULE_GM16,https://d2igy0yla8zi0u.cloudfront.net/SEA/20262027/SEA-radio.m3u8,https://d2igy0yla8zi0u.cloudfront.net/SJS/20262027/SJS-radio.m3u8,,,https://teal.sjsharks.com/trk/Nymqc,,,,,,,,SAP Center en San Jose,SAP Center de San Jose,,
20252026,20262027,,US/Pacific,2026020509,20262027,2,2026-12-10,False,2026-12-11T02:30:00Z,-05:00,-08:00,US/Pacific,FUT,OK,"[{'id': 309, 'market': 'N', 'countryCode': 'US', 'network': 'ESPN', 'sequenceNumber': 10}, {'id': 549, 'market': 'N', 'countryCode': 'CA', 'network': 'SN+', 'sequenceNumber': 117}, {'id': 281, 'market': 'N', 'countryCode': 'CA', 'network': 'TVAS', 'sequenceNumber': 120}]",,,/gamecenter/wsh-vs-sea/2026/12/10/2026020509,Climate Pledge Arena,15,Capitals,Washington,Washington,de Washington,WSH,https://assets.nhle.com/logos/nhl/svg/WSH_secondary_light.svg,https://assets.nhle.com/logos/nhl/svg/WSH_secondary_dark.svg,False,https://www.united.com/en/us?utm_source=washcaps_schedulepage&utm_medium=web_organic&utm_campaign=2627_washcaps&utm_content=united,Fly with United Airlines,,,,55,Kraken,Seattle,Seattle,de Seattle,SEA,https://assets.nhle.com/logos/nhl/svg/SEA_light.svg,https://assets.nhle.com/logos/nhl/svg/SEA_dark.svg,False,,,https://stayinglevel.com/offers/seattle-climate-pledge-arena-fans/,Stay close to the action at Level,,1,REG,3,,,,,,,,,https://www.ticketmaster.com/event/0F0064C4A08EA2DD?brand=seattlekraken&artistid=2763657&wt.mc_id=NHL_TEAM_SEA_SCHEDULE_GM16&utm_source=NHL.com&utm_medium=client&utm_campaign=NHL_TEAM_SEA&utm_content=SCHEDULE_GM16,https://www.ticketmaster.com/event/0F0064C4A08EA2DD?brand=seattlekraken&artistid=2763657&wt.mc_id=NHL_TEAM_SEA_SCHEDULE_GM16&utm_source=NHL.com&utm_medium=client&utm_campaign=NHL_TEAM_SEA&utm_content=SCHEDULE_GM16,https://d2igy0yla8zi0u.cloudfront.net/WSH/20262027/WSH-radio.m3u8,https://d2igy0yla8zi0u.cloudfront.net/SEA/20262027/SEA-radio.m3u8,,,,,,,,,,,,,,
20252026,20262027,,US/Pacific,2026020526,20262027,2,2026-12-12,False,2026-12-13T03:00:00Z,-05:00,-08:00,US/Pacific,FUT,OK,"[{'id': 652, 'market': 'H', 'countryCode': 'US', 'network': 'Prime Video', 'sequenceNumber': 117}, {'id': 388, 'market': 'H', 'countryCode': 'US', 'network': 'KONG', 'sequenceNumber': 654}, {'id': 521, 'market': 'A', 'countryCode': 'US', 'network': 'SCRIPPS', 'sequenceNumber': 657}]",,,/gamecenter/nsh-vs-sea/2026/12/12/2026020526,Climate Pledge Arena,18,Predators,Nashville,Nashville,de Nashville,NSH,https://assets.nhle.com/logos/nhl/svg/NSH_light.svg,https://assets.nhle.com/logos/nhl/svg/NSH_dark.svg,False,,,,,,55,Kraken,Seattle,Seattle,de Seattle,SEA,https://assets.nhle.com/logos/nhl/svg/SEA_light.svg,https://assets.nhle.com/logos/nhl/svg/SEA_dark.svg,False,,,https://stayinglevel.com/offers/seattle-climate-pledge-arena-fans/,Stay close to the action at Level,,1,REG,3,,,,,,,,,https://www.ticketmaster.com/event/0F0064C4A094A2E8?brand=seattlekraken&artistid=2763657&wt.mc_id=NHL_TEAM_SEA_SCHEDULE_GM17&utm_source=NHL.com&utm_medium=client&utm_campaign=NHL_TEAM_SEA&utm_content=SCHEDULE_GM17,https://www.ticketmaster.com/event/0F0064C4A094A2E8?brand=seattlekraken&artistid=2763657&wt.mc_id=NHL_TEAM_SEA_SCHEDULE_GM17&utm_source=NHL.com&utm_medium=client&utm_campaign=NHL_TEAM_SEA&utm_content=SCHEDULE_GM17,https://d2igy0yla8zi0u.cloudfront.net/NSH/20262027/NSH-radio.m3u8,https://d2igy0yla8zi0u.cloudfront.net/SEA/20262027/SEA-radio.m3u8,,,,,,,,,,,,,,
20252026,20262027,,US/Pacific,2026020543,20262027,2,2026-12-15,False,2026-12-16T01:00:00Z,-05:00,-06:00,US/Central,FUT,OK,"[{'id': 652, 'market': 'A', 'countryCode': 'US', 'network': 'Prime Video', 'sequenceNumber': 117}, {'id': 388, 'market': 'A', 'countryCode': 'US', 'network': 'KONG', 'sequenceNumber': 654}, {'id': 521, 'market': 'H', 'countryCode': 'US', 'network': 'SCRIPPS', 'sequenceNumber': 657}]",,,/gamecenter/sea-vs-nsh/2026/12/15/2026020543,Bridgestone Arena,55,Kraken,Seattle,Seattle,de Seattle,SEA,https://assets.nhle.com/logos/nhl/svg/SEA_light.svg,https://assets.nhle.com/logos/nhl/svg/SEA_dark.svg,False,,,,,,18,Predators,Nashville,Nashville,de Nashville,NSH,https://assets.nhle.com/logos/nhl/svg/NSH_light.svg,https://assets.nhle.com/logos/nhl/svg/NSH_dark.svg,False,,,,,,1,REG,3,,,,,,,,,https://www.ticketmaster.com/event/1B006507F03AE507?brand=predators&artistid=805978&landing=s&wt.mc_id=NHL_TEAM_NSH_SGT_PG_GM17&utm_source=NHL.com&utm_medium=PredsWebSchedule&utm_campaign=NHL_TEAM_NSH_SGT_PG_GM17,https://www.ticketmaster.com/event/1B006507F03AE507?brand=predators&artistid=805978&landing=s&wt.mc_id=NHL_TEAM_NSH_SGT_PG_GM17&utm_source=NHL.com&utm_medium=PredsWebSchedule&utm_campaign=NHL_TEAM_NSH_SGT_PG_GM17,https://d2igy0yla8zi0u.cloudfront.net/SEA/20262027/SEA-radio.m3u8,https://d2igy0yla8zi0u.cloudfront.net/NSH/20262027/NSH-radio.m3u8,,,https://www.gofevo.com/event/2627875?ref=Web&utm_source=Web&utm_medium=FEVO&utm_campaign=2627Preds,Smashville Sports Series: Wrestling,,,,,,,,,,
20252026,20262027,,US/Pacific,2026020556,20262027,2,2026-12-17,False,2026-12-18T00:00:00Z,-05:00,-05:00,US/Eastern,FUT,OK,"[{'id': 652, 'market': 'A', 'countryCode': 'US', 'network': 'Prime Video', 'sequenceNumber': 117}, {'id': 388, 'market': 'A', 'countryCode': 'US', 'network': 'KONG', 'sequenceNumber': 654}, {'id': 647, 'market': 'H', 'countryCode': 'US', 'network': 'CBJNHL', 'sequenceNumber': 1}, {'id': 755, 'market': 'H', 'countryCode': 'US', 'network': 'CBJHN', 'sequenceNumber': 1}]",,,/gamecenter/sea-vs-cbj/2026/12/17/2026020556,Nationwide Arena,55,Kraken,Seattle,Seattle,de Seattle,SEA,https://assets.nhle.com/logos/nhl/svg/SEA_light.svg,https://assets.nhle.com/logos/nhl/svg/SEA_dark.svg,False,,,,,,29,Blue Jackets,Columbus,Columbus,de Columbus,CBJ,https://assets.nhle.com/logos/nhl/svg/CBJ_light.svg,https://assets.nhle.com/logos/nhl/svg/CBJ_dark.svg,False,,,https://www.sonesta.com/sonesta-hotels-resorts/oh/columbus/sonesta-columbus-downtown?isGroupCode=false&promoCode=CBJPROMO,Stay at Sonesta Columbus Downtown,,1,REG,3,,,,,,,,,https://www.ticketmaster.com/event/050064EDD476C985?brand=bluejackets&artistid=805927&wt.mc_id=NHL_TEAM_CBJ_SCHEDULE_GM18&utm_source=web_schedule_club&utm_medium=NHL.com&utm_campaign=single_game_tickets&utm_content=SCHEDULE_GM18,https://www.ticketmaster.com/event/050064EDD476C985?brand=bluejackets&artistid=805927&wt.mc_id=NHL_TEAM_CBJ_SCHEDULE_GM18&utm_source=web_schedule_club&utm_medium=NHL.com&utm_campaign=single_game_tickets&utm_content=SCHEDULE_GM18,https://d2igy0yla8zi0u.cloudfront.net/SEA/20262027/SEA-radio.m3u8,https://d2igy0yla8zi0u.cloudfront.net/CBJ/20262027/CBJ-radio.m3u8,,,,,,,,,,,,,,
20252026,20262027,,US/Pacific,2026020563,20262027,2,2026-12-18,False,2026-12-19T00:00:00Z,-05:00,-05:00,US/Eastern,FUT,OK,"[{'id': 282, 'market': 'N', 'countryCode': 'CA', 'network': 'SN', 'sequenceNumber': 21}, {'id': 652, 'market': 'A', 'countryCode': 'US', 'network': 'Prime Video', 'sequenceNumber': 117}, {'id': 388, 'market': 'A', 'countryCode': 'US', 'network': 'KONG', 'sequenceNumber': 654}, {'id': 528, 'market': 'H', 'countryCode': 'US', 'network': 'SN-PIT', 'sequenceNumber': 384}]",,,/gamecenter/sea-vs-pit/2026/12/18/2026020563,PPG Paints Arena,55,Kraken,Seattle,Seattle,de Seattle,SEA,https://assets.nhle.com/logos/nhl/svg/SEA_light.svg,https://assets.nhle.com/logos/nhl/svg/SEA_dark.svg,False,,,,,,5,Penguins,Pittsburgh,Pittsburgh,de Pittsburgh,PIT,https://assets.nhle.com/logos/nhl/svg/PIT_light.svg,https://assets.nhle.com/logos/nhl/svg/PIT_dark.svg,False,,,,,,1,REG,3,,,,,,,,,https://www.ticketmaster.com/event/160064EAF5BFB923?brand=penguins&artistid=806005&wt.mc_id=NHL_TEAM_PIT_SCHEDULE_GM19&utm_source=NHL.com&utm_medium=client&utm_campaign=NHL_TEAM_PIT&utm_content=SCHEDULE_GM19&camefrom=NHLPENGUINS_WEB_SCHEDULE,https://www.ticketmaster.com/event/160064EAF5BFB923?brand=penguins&artistid=806005&wt.mc_id=NHL_TEAM_PIT_SCHEDULE_GM19&utm_source=NHL.com&utm_medium=client&utm_campaign=NHL_TEAM_PIT&utm_content=SCHEDULE_GM19&camefrom=NHLPENGUINS_WEB_SCHEDULE,https://d2igy0yla8zi0u.cloudfront.net/SEA/20262027/SEA-radio.m3u8,https://d2igy0yla8zi0u.cloudfront.net/PIT/20262027/PIT-radio.m3u8,,,https://www.nhl.com/penguins/tickets/promotional-schedule,60th Anniversary Poster | All Fans,,,,,,,,,,
20252026,20262027,,US/Pacific,2026020584,20262027,2,2026-12-20,False,2026-12-21T01:00:00Z,-05:00,-07:00,America/Denver,FUT,OK,"[{'id': 652, 'market': 'A', 'countryCode': 'US', 'network': 'Prime Video', 'sequenceNumber': 117}, {'id': 388, 'market': 'A', 'countryCode': 'US', 'network': 'KONG', 'sequenceNumber': 654}, {'id': 2, 'market': 'H', 'countryCode': 'US', 'network': 'ALT', 'sequenceNumber': 385}]",,,/gamecenter/sea-vs-col/2026/12/20/2026020584,Ball Arena,55,Kraken,Seattle,Seattle,de Seattle,SEA,https://assets.nhle.com/logos/nhl/svg/SEA_light.svg,https://assets.nhle.com/logos/nhl/svg/SEA_dark.svg,False,,,,,,21,Avalanche,Colorado,Colorado,du Colorado,COL,https://assets.nhle.com/logos/nhl/svg/COL_light.svg,https://assets.nhle.com/logos/nhl/svg/COL_dark.svg,False,,,,,,1,REG,3,,,,,,,,,https://avs.social/2627_SCHEDULE_GM18,https://avs.social/2627_SCHEDULE_GM18,https://d2igy0yla8zi0u.cloudfront.net/SEA/20262027/SEA-radio.m3u8,https://d2igy0yla8zi0u.cloudfront.net/COL/20262027/COL-radio.m3u8,,,https://avalanchepremium.com/events/Colorado-Avalanche-vs-Seattle-Kraken-125253/,Premium Spaces,,,,,,,,,,
20252026,20262027,,US/Pacific,2026020599,20262027,2,2026-12-22,False,2026-12-23T02:40:00Z,-05:00,-08:00,US/Pacific,FUT,OK,"[{'id': 282, 'market': 'N', 'countryCode': 'CA', 'network': 'SN', 'sequenceNumber': 21}, {'id': 283, 'market': 'N', 'countryCode': 'CA', 'network': 'SN360', 'sequenceNumber': 114}, {'id': 652, 'market': 'H', 'countryCode': 'US', 'network': 'Prime Video', 'sequenceNumber': 117}, {'id': 388, 'market': 'H', 'countryCode': 'US', 'network': 'KONG', 'sequenceNumber': 654}, {'id': 314, 'market': 'A', 'countryCode': 'US', 'network': 'NBCSCA', 'sequenceNumber': 393}]",,,/gamecenter/sjs-vs-sea/2026/12/22/2026020599,Climate Pledge Arena,28,Sharks,San Jose,San Jose,de San Jose,SJS,https://assets.nhle.com/logos/nhl/svg/SJS_light.svg,https://assets.nhle.com/logos/nhl/svg/SJS_dark.svg,False,,,,,,55,Kraken,Seattle,Seattle,de Seattle,SEA,https://assets.nhle.com/logos/nhl/svg/SEA_light.svg,https://assets.nhle.com/logos/nhl/svg/SEA_dark.svg,False,,,https://stayinglevel.com/offers/seattle-climate-pledge-arena-fans/,Stay close to the action at Level,,1,REG,3,,,,,,,,,https://www.ticketmaster.com/event/0F0064C4A099A2F2?brand=seattlekraken&artistid=2763657&wt.mc_id=NHL_TEAM_SEA_SCHEDULE_GM18&utm_source=NHL.com&utm_medium=client&utm_campaign=NHL_TEAM_SEA&utm_content=SCHEDULE_GM18,https://www.ticketmaster.com/event/0F0064C4A099A2F2?brand=seattlekraken&artistid=2763657&wt.mc_id=NHL_TEAM_SEA_SCHEDULE_GM18&utm_source=NHL.com&utm_medium=client&utm_campaign=NHL_TEAM_SEA&utm_content=SCHEDULE_GM18,https://d2igy0yla8zi0u.cloudfront.net/SJS/20262027/SJS-radio.m3u8,https://d2igy0yla8zi0u.cloudfront.net/SEA/20262027/SEA-radio.m3u8,,,,,,,,,,,,,,
20252026,20262027,,US/Pacific,2026020635,20262027,2,2026-12-29,False,2026-12-30T02:40:00Z,-05:00,-08:00,US/Pacific,FUT,OK,"[{'id': 652, 'market': 'H', 'countryCode': 'US', 'network': 'Prime Video', 'sequenceNumber': 117}, {'id': 388, 'market': 'H', 'countryCode': 'US', 'network': 'KONG', 'sequenceNumber': 654}, {'id': 322, 'market': 'A', 'countryCode': 'US', 'network': 'NBCSP', 'sequenceNumber': 389}]",,,/gamecenter/phi-vs-sea/2026/12/29/2026020635,Climate Pledge Arena,4,Flyers,Philadelphia,Philadelphia,de Philadelphie,PHI,https://assets.nhle.com/logos/nhl/svg/PHI_light.svg,https://assets.nhle.com/logos/nhl/svg/PHI_dark.svg,False,,,,,,55,Kraken,Seattle,Seattle,de Seattle,SEA,https://assets.nhle.com/logos/nhl/svg/SEA_light.svg,https://assets.nhle.com/logos/nhl/svg/SEA_dark.svg,False,,,https://stayinglevel.com/offers/seattle-climate-pledge-arena-fans/,Stay close to the action at Level,,1,REG,3,,,,,,,,,https://www.ticketmaster.com/event/0F0064C4A09FA2FA?brand=seattlekraken&artistid=2763657&wt.mc_id=NHL_TEAM_SEA_SCHEDULE_GM19&utm_source=NHL.com&utm_medium=client&utm_campaign=NHL_TEAM_SEA&utm_content=SCHEDULE_GM19,https://www.ticketmaster.com/event/0F0064C4A09FA2FA?brand=seattlekraken&artistid=2763657&wt.mc_id=NHL_TEAM_SEA_SCHEDULE_GM19&utm_source=NHL.com&utm_medium=client&utm_campaign=NHL_TEAM_SEA&utm_content=SCHEDULE_GM19,https://d2igy0yla8zi0u.cloudfront.net/PHI/20262027/PHI-radio.m3u8,https://d2igy0yla8zi0u.cloudfront.net/SEA/20262027/SEA-radio.m3u8,,,,,,Philadelphie,,,,,,,,
20252026,20262027,,US/Pacific,2026020640,20262027,2,2026-12-30,False,2026-12-31T02:30:00Z,-05:00,-07:00,America/Vancouver,FUT,OK,"[{'id': 652, 'market': 'A', 'countryCode': 'US', 'network': 'Prime Video', 'sequenceNumber': 117}, {'id': 387, 'market': 'A', 'countryCode': 'US', 'network': 'KING', 'sequenceNumber': 615}, {'id': 388, 'market': 'A', 'countryCode': 'US', 'network': 'KONG', 'sequenceNumber': 654}, {'id': 290, 'market': 'H', 'countryCode': 'CA', 'network': 'SNP', 'sequenceNumber': 33}]",,,/gamecenter/sea-vs-van/2026/12/30/2026020640,Rogers Arena,55,Kraken,Seattle,Seattle,de Seattle,SEA,https://assets.nhle.com/logos/nhl/svg/SEA_light.svg,https://assets.nhle.com/logos/nhl/svg/SEA_dark.svg,False,,,,,,23,Canucks,Vancouver,Vancouver,de Vancouver,VAN,https://assets.nhle.com/logos/nhl/svg/VAN_light.svg,https://assets.nhle.com/logos/nhl/svg/VAN_dark.svg,False,,,,,,1,REG,3,,,,,,,,,https://www.ticketmaster.ca/event/11006503F0E6BBFF?brand=canucks&artistid=806037&wt.mc_id=NHL_TEAM_VAN_SCHEDULE_GM20&utm_source=NHL.com&utm_medium=client_PM&utm_campaign=NHL_TEAM_VAN&utm_content=SCHEDULE_GM20,https://www.ticketmaster.ca/event/11006503F0E6BBFF?brand=canucks&artistid=806037&wt.mc_id=NHL_TEAM_VAN_SCHEDULE_GM20&utm_source=NHL.com&utm_medium=client_PM&utm_campaign=NHL_TEAM_VAN&utm_content=SCHEDULE_GM20,https://d2igy0yla8zi0u.cloudfront.net/SEA/20262027/SEA-radio.m3u8,https://d2igy0yla8zi0u.cloudfront.net/VAN/20262027/VAN-radio.m3u8,,,,,,,,,,,,,,
20252026,20262027,,US/Pacific,2026020668,20262027,2,2027-01-02,False,2027-01-03T03:00:00Z,-05:00,-08:00,US/Pacific,FUT,OK,"[{'id': 652, 'market': 'H', 'countryCode': 'US', 'network': 'Prime Video', 'sequenceNumber': 117}, {'id': 387, 'market': 'H', 'countryCode': 'US', 'network': 'KING', 'sequenceNumber': 615}, {'id': 388, 'market': 'H', 'countryCode': 'US', 'network': 'KONG', 'sequenceNumber': 654}, {'id': 409, 'market': 'A', 'countryCode': 'US', 'network': 'MSGSN', 'sequenceNumber': 411}]",,,/gamecenter/nyi-vs-sea/2027/01/02/2026020668,Climate Pledge Arena,2,Islanders,New York,New York,de New York,NYI,https://assets.nhle.com/logos/nhl/svg/NYI_light.svg,https://assets.nhle.com/logos/nhl/svg/NYI_dark.svg,False,https://www.jetblue.com/?utm_source=nyi_website&utm_medium=schedulepage&utm_campaign=nyi_belmontdepositcampaign&utm_content=jetblueicon,Fly JetBlue,,,,55,Kraken,Seattle,Seattle,de Seattle,SEA,https://assets.nhle.com/logos/nhl/svg/SEA_light.svg,https://assets.nhle.com/logos/nhl/svg/SEA_dark.svg,False,,,https://stayinglevel.com/offers/seattle-climate-pledge-arena-fans/,Stay close to the action at Level,,1,REG,3,,,,,,,,,https://www.ticketmaster.com/event/0F0064C4A0A5A304?brand=seattlekraken&artistid=2763657&wt.mc_id=NHL_TEAM_SEA_SCHEDULE_GM20&utm_source=NHL.com&utm_medium=client&utm_campaign=NHL_TEAM_SEA&utm_content=SCHEDULE_GM20,https://www.ticketmaster.com/event/0F0064C4A0A5A304?brand=seattlekraken&artistid=2763657&wt.mc_id=NHL_TEAM_SEA_SCHEDULE_GM20&utm_source=NHL.com&utm_medium=client&utm_campaign=NHL_TEAM_SEA&utm_content=SCHEDULE_GM20,https://d2igy0yla8zi0u.cloudfront.net/NYI/20262027/NYI-radio.m3u8,https://d2igy0yla8zi0u.cloudfront.net/SEA/20262027/SEA-radio.m3u8,,,,,,,,,,,,,,
20252026,20262027,,US/Pacific,2026020673,20262027,2,2027-01-03,False,2027-01-04T01:00:00Z,-05:00,-08:00,US/Pacific,FUT,OK,"[{'id': 282, 'market': 'N', 'countryCode': 'CA', 'network': 'SN', 'sequenceNumber': 21}, {'id': 652, 'market': 'H', 'countryCode': 'US', 'network': 'Prime Video', 'sequenceNumber': 117}, {'id': 388, 'market': 'H', 'countryCode': 'US', 'network': 'KONG', 'sequenceNumber': 654}]",,,/gamecenter/van-vs-sea/2027/01/03/2026020673,Climate Pledge Arena,23,Canucks,Vancouver,Vancouver,de Vancouver,VAN,https://assets.nhle.com/logos/nhl/svg/VAN_light.svg,https://assets.nhle.com/logos/nhl/svg/VAN_dark.svg,False,https://www.aircanada.com/?utm_source=canuckscom&utm_medium=calendar,Book with Air Canada,,,,55,Kraken,Seattle,Seattle,de Seattle,SEA,https://assets.nhle.com/logos/nhl/svg/SEA_light.svg,https://assets.nhle.com/logos/nhl/svg/SEA_dark.svg,False,,,https://stayinglevel.com/offers/seattle-climate-pledge-arena-fans/,Stay close to the action at Level,,1,REG,3,,,,,,,,,https://www.ticketmaster.com/event/0F0064C4A0AAA30B?brand=seattlekraken&artistid=2763657&wt.mc_id=NHL_TEAM_SEA_SCHEDULE_GM21&utm_source=NHL.com&utm_medium=client&utm_campaign=NHL_TEAM_SEA&utm_content=SCHEDULE_GM21,https://www.ticketmaster.com/event/0F0064C4A0AAA30B?brand=seattlekraken&artistid=2763657&wt.mc_id=NHL_TEAM_SEA_SCHEDULE_GM21&utm_source=NHL.com&utm_medium=client&utm_campaign=NHL_TEAM_SEA&utm_content=SCHEDULE_GM21,https://d2igy0yla8zi0u.cloudfront.net/VAN/20262027/VAN-radio.m3u8,https://d2igy0yla8zi0u.cloudfront.net/SEA/20262027/SEA-radio.m3u8,,,,,,,,,,,,,,
20252026,20262027,,US/Pacific,2026020688,20262027,2,2027-01-05,False,2027-01-06T02:40:00Z,-05:00,-08:00,US/Pacific,FUT,OK,"[{'id': 281, 'market': 'N', 'countryCode': 'CA', 'network': 'TVAS', 'sequenceNumber': 120}, {'id': 652, 'market': 'H', 'countryCode': 'US', 'network': 'Prime Video', 'sequenceNumber': 117}, {'id': 388, 'market': 'H', 'countryCode': 'US', 'network': 'KONG', 'sequenceNumber': 654}, {'id': 581, 'market': 'A', 'countryCode': 'US', 'network': 'The Spot', 'sequenceNumber': 211}]",,,/gamecenter/tbl-vs-sea/2027/01/05/2026020688,Climate Pledge Arena,14,Lightning,Tampa Bay,Tampa Bay,de Tampa Bay,TBL,https://assets.nhle.com/logos/nhl/svg/TBL_light.svg,https://assets.nhle.com/logos/nhl/svg/TBL_dark.svg,False,,,,,,55,Kraken,Seattle,Seattle,de Seattle,SEA,https://assets.nhle.com/logos/nhl/svg/SEA_light.svg,https://assets.nhle.com/logos/nhl/svg/SEA_dark.svg,False,,,https://stayinglevel.com/offers/seattle-climate-pledge-arena-fans/,Stay close to the action at Level,,1,REG,3,,,,,,,,,https://www.ticketmaster.com/event/0F0064C4A0B0A312?brand=seattlekraken&artistid=2763657&wt.mc_id=NHL_TEAM_SEA_SCHEDULE_GM22&utm_source=NHL.com&utm_medium=client&utm_campaign=NHL_TEAM_SEA&utm_content=SCHEDULE_GM22,https://www.ticketmaster.com/event/0F0064C4A0B0A312?brand=seattlekraken&artistid=2763657&wt.mc_id=NHL_TEAM_SEA_SCHEDULE_GM22&utm_source=NHL.com&utm_medium=client&utm_campaign=NHL_TEAM_SEA&utm_content=SCHEDULE_GM22,https://d2igy0yla8zi0u.cloudfront.net/TBL/20262027/TBL-radio.m3u8,https://d2igy0yla8zi0u.cloudfront.net/SEA/20262027/SEA-radio.m3u8,,,,,,,,,,,,,,
20252026,20262027,,US/Pacific,2026020706,20262027,2,2027-01-08,False,2027-01-09T02:00:00Z,-05:00,-07:00,America/Denver,FUT,OK,"[{'id': 549, 'market': 'N', 'countryCode': 'CA', 'network': 'SN+', 'sequenceNumber': 117}, {'id': 652, 'market': 'A', 'countryCode': 'US', 'network': 'Prime Video', 'sequenceNumber': 117}, {'id': 387, 'market': 'A', 'countryCode': 'US', 'network': 'KING', 'sequenceNumber': 615}, {'id': 388, 'market': 'A', 'countryCode': 'US', 'network': 'KONG', 'sequenceNumber': 654}, {'id': 2, 'market': 'H', 'countryCode': 'US', 'network': 'ALT', 'sequenceNumber': 385}]",,,/gamecenter/sea-vs-col/2027/01/08/2026020706,Ball Arena,55,Kraken,Seattle,Seattle,de Seattle,SEA,https://assets.nhle.com/logos/nhl/svg/SEA_light.svg,https://assets.nhle.com/logos/nhl/svg/SEA_dark.svg,False,,,,,,21,Avalanche,Colorado,Colorado,du Colorado,COL,https://assets.nhle.com/logos/nhl/svg/COL_light.svg,https://assets.nhle.com/logos/nhl/svg/COL_dark.svg,False,,,,,,1,REG,3,,,,,,,,,https://avs.social/2627_SCHEDULE_GM22,https://avs.social/2627_SCHEDULE_GM22,https://d2igy0yla8zi0u.cloudfront.net/SEA/20262027/SEA-radio.m3u8,https://d2igy0yla8zi0u.cloudfront.net/COL/20262027/COL-radio.m3u8,,,https://avalanchepremium.com/events/Colorado-Avalanche-vs-Seattle-Kraken-125257/,Premium Spaces,,,,,,,,,,
20252026,20262027,,US/Pacific,2026020720,20262027,2,2027-01-09,False,2027-01-10T03:00:00Z,-05:00,-08:00,US/Pacific,FUT,OK,"[{'id': 652, 'market': 'A', 'countryCode': 'US', 'network': 'Prime Video', 'sequenceNumber': 117}, {'id': 388, 'market': 'A', 'countryCode': 'US', 'network': 'KONG', 'sequenceNumber': 654}, {'id': 521, 'market': 'H', 'countryCode': 'US', 'network': 'SCRIPPS', 'sequenceNumber': 657}]",,,/gamecenter/sea-vs-vgk/2027/01/09/2026020720,T-Mobile Arena,55,Kraken,Seattle,Seattle,de Seattle,SEA,https://assets.nhle.com/logos/nhl/svg/SEA_light.svg,https://assets.nhle.com/logos/nhl/svg/SEA_dark.svg,False,,,,,,54,Golden Knights,Vegas,Vegas,de Vegas,VGK,https://assets.nhle.com/logos/nhl/svg/VGK_light.svg,https://assets.nhle.com/logos/nhl/svg/VGK_dark.svg,False,,,,,,1,REG,3,,,,,,,,,https://tix.axs.com/c8egKQAAAAAU2OfuAgAAAADF%2fv%2f%2f%2fwD%2f%2f%2f%2f%2fEnZlZ2FzZ29sZGVua25pZ2h0cwD%2f%2f%2f%2f%2f%2f%2f%2f%2f%2fw%3d%3d,https://tix.axs.com/c8egKQAAAAAU2OfuAgAAAADF%2fv%2f%2f%2fwD%2f%2f%2f%2f%2fEnZlZ2FzZ29sZGVua25pZ2h0cwD%2f%2f%2f%2f%2f%2f%2f%2f%2f%2fw%3d%3d,https://d2igy0yla8zi0u.cloudfront.net/SEA/20262027/SEA-radio.m3u8,https://d2igy0yla8zi0u.cloudfront.net/VGK/20262027/VGK-radio.m3u8,,,,,,,,,,,,,,
20252026,20262027,,US/Pacific,2026020736,20262027,2,2027-01-12,False,2027-01-13T02:40:00Z,-05:00,-08:00,US/Pacific,FUT,OK,"[{'id': 284, 'market': 'N', 'countryCode': 'CA', 'network': 'SN1', 'sequenceNumber': 113}, {'id': 281, 'market': 'N', 'countryCode': 'CA', 'network': 'TVAS', 'sequenceNumber': 120}, {'id': 652, 'market': 'H', 'countryCode': 'US', 'network': 'Prime Video', 'sequenceNumber': 117}, {'id': 388, 'market': 'H', 'countryCode': 'US', 'network': 'KONG', 'sequenceNumber': 654}, {'id': 521, 'market': 'A', 'countryCode': 'US', 'network': 'SCRIPPS', 'sequenceNumber': 657}]",,,/gamecenter/fla-vs-sea/2027/01/12/2026020736,Climate Pledge Arena,13,Panthers,Florida,Florida,de la Floride,FLA,https://assets.nhle.com/logos/nhl/svg/FLA_light.svg,https://assets.nhle.com/logos/nhl/svg/FLA_dark.svg,False,,,,,,55,Kraken,Seattle,Seattle,de Seattle,SEA,https://assets.nhle.com/logos/nhl/svg/SEA_light.svg,https://assets.nhle.com/logos/nhl/svg/SEA_dark.svg,False,,,https://stayinglevel.com/offers/seattle-climate-pledge-arena-fans/,Stay close to the action at Level,,1,REG,3,,,,,,,,,https://www.ticketmaster.com/event/0F0064C4A0B6A31C?brand=seattlekraken&artistid=2763657&wt.mc_id=NHL_TEAM_SEA_SCHEDULE_GM23&utm_source=NHL.com&utm_medium=client&utm_campaign=NHL_TEAM_SEA&utm_content=SCHEDULE_GM23,https://www.ticketmaster.com/event/0F0064C4A0B6A31C?brand=seattlekraken&artistid=2763657&wt.mc_id=NHL_TEAM_SEA_SCHEDULE_GM23&utm_source=NHL.com&utm_medium=client&utm_campaign=NHL_TEAM_SEA&utm_content=SCHEDULE_GM23,https://d2igy0yla8zi0u.cloudfront.net/FLA/20262027/FLA-radio.m3u8,https://d2igy0yla8zi0u.cloudfront.net/SEA/20262027/SEA-radio.m3u8,,,,,,Floride,,,,,,,,
20252026,20262027,,US/Pacific,2026020752,20262027,2,2027-01-14,False,2027-01-15T02:00:00Z,-05:00,-07:00,America/Vancouver,FUT,OK,"[{'id': 652, 'market': 'A', 'countryCode': 'US', 'network': 'Prime Video', 'sequenceNumber': 117}, {'id': 387, 'market': 'A', 'countryCode': 'US', 'network': 'KING', 'sequenceNumber': 615}, {'id': 388, 'market': 'A', 'countryCode': 'US', 'network': 'KONG', 'sequenceNumber': 654}, {'id': 290, 'market': 'H', 'countryCode': 'CA', 'network': 'SNP', 'sequenceNumber': 33}]",,,/gamecenter/sea-vs-van/2027/01/14/2026020752,Rogers Arena,55,Kraken,Seattle,Seattle,de Seattle,SEA,https://assets.nhle.com/logos/nhl/svg/SEA_light.svg,https://assets.nhle.com/logos/nhl/svg/SEA_dark.svg,False,,,,,,23,Canucks,Vancouver,Vancouver,de Vancouver,VAN,https://assets.nhle.com/logos/nhl/svg/VAN_light.svg,https://assets.nhle.com/logos/nhl/svg/VAN_dark.svg,False,,,,,,1,REG,3,,,,,,,,,https://www.ticketmaster.ca/event/11006503F004BA82?brand=canucks&artistid=806037&wt.mc_id=NHL_TEAM_VAN_SCHEDULE_GM24&utm_source=NHL.com&utm_medium=client_PM&utm_campaign=NHL_TEAM_VAN&utm_content=SCHEDULE_GM24,https://www.ticketmaster.ca/event/11006503F004BA82?brand=canucks&artistid=806037&wt.mc_id=NHL_TEAM_VAN_SCHEDULE_GM24&utm_source=NHL.com&utm_medium=client_PM&utm_campaign=NHL_TEAM_VAN&utm_content=SCHEDULE_GM24,https://d2igy0yla8zi0u.cloudfront.net/SEA/20262027/SEA-radio.m3u8,https://d2igy0yla8zi0u.cloudfront.net/VAN/20262027/VAN-radio.m3u8,,,,,,,,,,,,,,
20252026,20262027,,US/Pacific,2026020771,20262027,2,2027-01-16,False,2027-01-17T03:00:00Z,-05:00,-08:00,US/Pacific,FUT,OK,"[{'id': 652, 'market': 'H', 'countryCode': 'US', 'network': 'Prime Video', 'sequenceNumber': 117}, {'id': 388, 'market': 'H', 'countryCode': 'US', 'network': 'KONG', 'sequenceNumber': 654}, {'id': 314, 'market': 'A', 'countryCode': 'US', 'network': 'NBCSCA', 'sequenceNumber': 393}]",,,/gamecenter/sjs-vs-sea/2027/01/16/2026020771,Climate Pledge Arena,28,Sharks,San Jose,San Jose,de San Jose,SJS,https://assets.nhle.com/logos/nhl/svg/SJS_light.svg,https://assets.nhle.com/logos/nhl/svg/SJS_dark.svg,False,,,,,,55,Kraken,Seattle,Seattle,de Seattle,SEA,https://assets.nhle.com/logos/nhl/svg/SEA_light.svg,https://assets.nhle.com/logos/nhl/svg/SEA_dark.svg,False,,,https://stayinglevel.com/offers/seattle-climate-pledge-arena-fans/,Stay close to the action at Level,,1,REG,3,,,,,,,,,https://www.ticketmaster.com/event/0F0064C4A0BDA322?brand=seattlekraken&artistid=2763657&wt.mc_id=NHL_TEAM_SEA_SCHEDULE_GM24&utm_source=NHL.com&utm_medium=client&utm_campaign=NHL_TEAM_SEA&utm_content=SCHEDULE_GM24,https://www.ticketmaster.com/event/0F0064C4A0BDA322?brand=seattlekraken&artistid=2763657&wt.mc_id=NHL_TEAM_SEA_SCHEDULE_GM24&utm_source=NHL.com&utm_medium=client&utm_campaign=NHL_TEAM_SEA&utm_content=SCHEDULE_GM24,https://d2igy0yla8zi0u.cloudfront.net/SJS/20262027/SJS-radio.m3u8,https://d2igy0yla8zi0u.cloudfront.net/SEA/20262027/SEA-radio.m3u8,,,,,,,,,,,,,,
20252026,20262027,,US/Pacific,2026020782,20262027,2,2027-01-18,False,2027-01-18T21:00:00Z,-05:00,-08:00,US/Pacific,FUT,OK,"[{'id': 652, 'market': 'H', 'countryCode': 'US', 'network': 'Prime Video', 'sequenceNumber': 117}, {'id': 388, 'market': 'H', 'countryCode': 'US', 'network': 'KONG', 'sequenceNumber': 654}, {'id': 647, 'market': 'A', 'countryCode': 'US', 'network': 'CBJNHL', 'sequenceNumber': 1}, {'id': 755, 'market': 'A', 'countryCode': 'US', 'network': 'CBJHN', 'sequenceNumber': 1}]",,,/gamecenter/cbj-vs-sea/2027/01/18/2026020782,Climate Pledge Arena,29,Blue Jackets,Columbus,Columbus,de Columbus,CBJ,https://assets.nhle.com/logos/nhl/svg/CBJ_light.svg,https://assets.nhle.com/logos/nhl/svg/CBJ_dark.svg,False,,,,,,55,Kraken,Seattle,Seattle,de Seattle,SEA,https://assets.nhle.com/logos/nhl/svg/SEA_light.svg,https://assets.nhle.com/logos/nhl/svg/SEA_dark.svg,False,,,https://stayinglevel.com/offers/seattle-climate-pledge-arena-fans/,Stay close to the action at Level,,1,REG,3,,,,,,,,,https://www.ticketmaster.com/event/0F0064C4A007A195?brand=seattlekraken&artistid=2763657&wt.mc_id=NHL_TEAM_SEA_SCHEDULE_GM25&utm_source=NHL.com&utm_medium=client&utm_campaign=NHL_TEAM_SEA&utm_content=SCHEDULE_GM25,https://www.ticketmaster.com/event/0F0064C4A007A195?brand=seattlekraken&artistid=2763657&wt.mc_id=NHL_TEAM_SEA_SCHEDULE_GM25&utm_source=NHL.com&utm_medium=client&utm_campaign=NHL_TEAM_SEA&utm_content=SCHEDULE_GM25,https://d2igy0yla8zi0u.cloudfront.net/CBJ/20262027/CBJ-radio.m3u8,https://d2igy0yla8zi0u.cloudfront.net/SEA/20262027/SEA-radio.m3u8,,,,,,,,,,,,,,
20252026,20262027,,US/Pacific,2026020791,20262027,2,2027-01-19,False,2027-01-20T03:00:00Z,-05:00,-08:00,America/Los_Angeles,FUT,OK,"[{'id': 329, 'market': 'N', 'countryCode': 'US', 'network': 'ESPN+', 'sequenceNumber': 16}, {'id': 391, 'market': 'N', 'countryCode': 'US', 'network': 'HULU', 'sequenceNumber': 17}, {'id': 574, 'market': 'N', 'countryCode': 'US', 'network': 'Disney+', 'sequenceNumber': 21}, {'id': 549, 'market': 'N', 'countryCode': 'CA', 'network': 'SN+', 'sequenceNumber': 117}]",,,/gamecenter/sea-vs-lak/2027/01/19/2026020791,Crypto.com Arena,55,Kraken,Seattle,Seattle,de Seattle,SEA,https://assets.nhle.com/logos/nhl/svg/SEA_light.svg,https://assets.nhle.com/logos/nhl/svg/SEA_dark.svg,False,,,,,,26,Kings,Los Angeles,Los Angeles,de Los Angeles,LAK,https://assets.nhle.com/logos/nhl/svg/LAK_light.svg,https://assets.nhle.com/logos/nhl/svg/LAK_dark.svg,False,,,,,,1,REG,3,,,,,,,,,https://www.nhl.com/kings/tickets/single-game-tickets,https://www.nhl.com/kings/tickets/single-game-tickets,https://d2igy0yla8zi0u.cloudfront.net/SEA/20262027/SEA-radio.m3u8,https://d2igy0yla8zi0u.cloudfront.net/LAK/20262027/LAK-radio.m3u8,,,https://tix.axs.com/hIZzMgAAAADXRrGTAgAAAABk%2fv%2f%2f%2fwD%2f%2f%2f%2f%2fB2xha2luZ3MA%2f%2f%2f%2f%2f%2f%2f%2f%2f%2f8%3d?locale=en-US,Hello Kitty® Night,,,,,,,,,,
20252026,20262027,,US/Pacific,2026020798,20262027,2,2027-01-21,False,2027-01-22T00:00:00Z,-05:00,-05:00,America/New_York,FUT,OK,"[{'id': 652, 'market': 'A', 'countryCode': 'US', 'network': 'Prime Video', 'sequenceNumber': 117}, {'id': 388, 'market': 'A', 'countryCode': 'US', 'network': 'KONG', 'sequenceNumber': 654}, {'id': 28, 'market': 'H', 'countryCode': 'US', 'network': 'MSG-B', 'sequenceNumber': 392}]",,,/gamecenter/sea-vs-buf/2027/01/21/2026020798,KeyBank Center,55,Kraken,Seattle,Seattle,de Seattle,SEA,https://assets.nhle.com/logos/nhl/svg/SEA_light.svg,https://assets.nhle.com/logos/nhl/svg/SEA_dark.svg,False,,,,,,7,Sabres,Buffalo,Buffalo,de Buffalo,BUF,https://assets.nhle.com/logos/nhl/svg/BUF_light.svg,https://assets.nhle.com/logos/nhl/svg/BUF_dark.svg,False,,,,,,1,REG,3,,,,,,,,,https://www.ticketmaster.com/event/000064EFCAAD7D7D?brand=sabres&artistid=805906&wt.mc_id=NHL_TEAM_BUF_SCHEDULE_GM26&utm_source=NHL.com&utm_medium=client&utm_campaign=NHL_TEAM_BUF&utm_content=SCHEDULE_GM26,https://www.ticketmaster.com/event/000064EFCAAD7D7D?brand=sabres&artistid=805906&wt.mc_id=NHL_TEAM_BUF_SCHEDULE_GM26&utm_source=NHL.com&utm_medium=client&utm_campaign=NHL_TEAM_BUF&utm_content=SCHEDULE_GM26,https://d2igy0yla8zi0u.cloudfront.net/SEA/20262027/SEA-radio.m3u8,https://d2igy0yla8zi0u.cloudfront.net/BUF/20262027/BUF-radio.m3u8,,,,,,,,,,,,,,
20252026,20262027,,US/Pacific,2026020819,20262027,2,2027-01-23,False,2027-01-24T00:30:00Z,-05:00,-05:00,America/New_York,FUT,OK,"[{'id': 652, 'market': 'A', 'countryCode': 'US', 'network': 'Prime Video', 'sequenceNumber': 117}, {'id': 388, 'market': 'A', 'countryCode': 'US', 'network': 'KONG', 'sequenceNumber': 654}, {'id': 409, 'market': 'H', 'countryCode': 'US', 'network': 'MSGSN', 'sequenceNumber': 411}]",,,/gamecenter/sea-vs-nyi/2027/01/23/2026020819,UBS Arena,55,Kraken,Seattle,Seattle,de Seattle,SEA,https://assets.nhle.com/logos/nhl/svg/SEA_light.svg,https://assets.nhle.com/logos/nhl/svg/SEA_dark.svg,False,,,,,,2,Islanders,New York,New York,de New York,NYI,https://assets.nhle.com/logos/nhl/svg/NYI_light.svg,https://assets.nhle.com/logos/nhl/svg/NYI_dark.svg,False,,,,,,1,REG,3,,,,,,,,,https://www.ticketmaster.com/event/300064E2D2D2625F?brand=nyislanders&artistid=805986&wt.mc_id=NHL_TEAM_NYI_SCHEDULE_GM26&utm_source=nyi_website&utm_medium=schedulepage&utm_campaign=NHL_TEAM_NYI&utm_content=SCHEDULE_GM26,https://www.ticketmaster.com/event/300064E2D2D2625F?brand=nyislanders&artistid=805986&wt.mc_id=NHL_TEAM_NYI_SCHEDULE_GM26&utm_source=nyi_website&utm_medium=schedulepage&utm_campaign=NHL_TEAM_NYI&utm_content=SCHEDULE_GM26,https://d2igy0yla8zi0u.cloudfront.net/SEA/20262027/SEA-radio.m3u8,https://d2igy0yla8zi0u.cloudfront.net/NYI/20262027/NYI-radio.m3u8,,,,,,,,,,,,,,
20252026,20262027,,US/Pacific,2026020831,20262027,2,2027-01-25,False,2027-01-26T00:00:00Z,-05:00,-05:00,America/New_York,FUT,OK,"[{'id': 652, 'market': 'A', 'countryCode': 'US', 'network': 'Prime Video', 'sequenceNumber': 117}, {'id': 387, 'market': 'A', 'countryCode': 'US', 'network': 'KING', 'sequenceNumber': 615}, {'id': 388, 'market': 'A', 'countryCode': 'US', 'network': 'KONG', 'sequenceNumber': 654}, {'id': 27, 'market': 'H', 'countryCode': 'US', 'network': 'MSG', 'sequenceNumber': 417}]",,,/gamecenter/sea-vs-nyr/2027/01/25/2026020831,Madison Square Garden,55,Kraken,Seattle,Seattle,de Seattle,SEA,https://assets.nhle.com/logos/nhl/svg/SEA_light.svg,https://assets.nhle.com/logos/nhl/svg/SEA_dark.svg,False,,,,,,3,Rangers,New York,New York,de New York,NYR,https://assets.nhle.com/logos/nhl/svg/NYR_light.svg,https://assets.nhle.com/logos/nhl/svg/NYR_dark.svg,False,,,,,,1,REG,3,,,,,,,,,https://www.ticketmaster.com/event/3B0064F1B1E64484?brand=nyrangers&artistid=805991&landing=s&wt.mc_id=NHL_TEAM_NYR_SCHEDULE_GM27&utm_source=NHL.com&utm_medium=client&utm_campaign=NHL_TEAM_NYR&utm_content=SCHEDULE_GM27&CAMEFROM=CFC_RANGERS_WEB_NYR_SCHED_260803,https://www.ticketmaster.com/event/3B0064F1B1E64484?brand=nyrangers&artistid=805991&landing=s&wt.mc_id=NHL_TEAM_NYR_SCHEDULE_GM27&utm_source=NHL.com&utm_medium=client&utm_campaign=NHL_TEAM_NYR&utm_content=SCHEDULE_GM27&CAMEFROM=CFC_RANGERS_WEB_NYR_SCHED_260803,https://d2igy0yla8zi0u.cloudfront.net/SEA/20262027/SEA-radio.m3u8,https://d2igy0yla8zi0u.cloudfront.net/NYR/20262027/NYR-radio.m3u8,,,,,,,,,,,,,,
20252026,20262027,,US/Pacific,2026020838,20262027,2,2027-01-26,False,2027-01-27T00:00:00Z,-05:00,-05:00,US/Eastern,FUT,OK,"[{'id': 652, 'market': 'A', 'countryCode': 'US', 'network': 'Prime Video', 'sequenceNumber': 117}, {'id': 388, 'market': 'A', 'countryCode': 'US', 'network': 'KONG', 'sequenceNumber': 654}, {'id': 409, 'market': 'H', 'countryCode': 'US', 'network': 'MSGSN', 'sequenceNumber': 411}]",,,/gamecenter/sea-vs-njd/2027/01/26/2026020838,Prudential Center,55,Kraken,Seattle,Seattle,de Seattle,SEA,https://assets.nhle.com/logos/nhl/svg/SEA_light.svg,https://assets.nhle.com/logos/nhl/svg/SEA_dark.svg,False,,,,,,1,Devils,New Jersey,New Jersey,du New Jersey,NJD,https://assets.nhle.com/logos/nhl/svg/NJD_light.svg,https://assets.nhle.com/logos/nhl/svg/NJD_dark.svg,False,,,,,,1,REG,3,,,,,,,,,https://www.ticketmaster.com/event/020064F091369B53?brand=devils&artistid=805982&wt.mc_id=NHL_TEAM_NJD_SCHEDULE_GM29&camefrom=CFC_DEVILS_NHL_TEAM_NJD_SCHEDULE_GM29,https://www.ticketmaster.com/event/020064F091369B53?brand=devils&artistid=805982&wt.mc_id=NHL_TEAM_NJD_SCHEDULE_GM29&camefrom=CFC_DEVILS_NHL_TEAM_NJD_SCHEDULE_GM29,https://d2igy0yla8zi0u.cloudfront.net/SEA/20262027/SEA-radio.m3u8,https://d2igy0yla8zi0u.cloudfront.net/NJD/20262027/NJD-radio.m3u8,,,,,,,,,,,,,,
20252026,20262027,,US/Pacific,2026020857,20262027,2,2027-01-28,False,2027-01-29T02:00:00Z,-05:00,-06:00,US/Central,FUT,OK,"[{'id': 385, 'market': 'N', 'countryCode': 'US', 'network': 'TNT', 'sequenceNumber': 11}, {'id': 501, 'market': 'N', 'countryCode': 'US', 'network': 'truTV', 'sequenceNumber': 14}, {'id': 578, 'market': 'N', 'countryCode': 'US', 'network': 'HBO MAX', 'sequenceNumber': 19}, {'id': 549, 'market': 'N', 'countryCode': 'CA', 'network': 'SN+', 'sequenceNumber': 117}]",,,/gamecenter/sea-vs-min/2027/01/28/2026020857,Grand Casino Arena,55,Kraken,Seattle,Seattle,de Seattle,SEA,https://assets.nhle.com/logos/nhl/svg/SEA_light.svg,https://assets.nhle.com/logos/nhl/svg/SEA_dark.svg,False,,,,,,30,Wild,Minnesota,Minnesota,du Minnesota,MIN,https://assets.nhle.com/logos/nhl/svg/MIN_light.svg,https://assets.nhle.com/logos/nhl/svg/MIN_dark.svg,False,,,,,,1,REG,3,,,,,,,,,https://mnwild.co/1fvlsvrn,https://mnwild.co/1fvlsvrn,https://d2igy0yla8zi0u.cloudfront.net/SEA/20262027/SEA-radio.m3u8,https://d2igy0yla8zi0u.cloudfront.net/MIN/20262027/MIN-radio.m3u8,,,,,,,,,,,,,,
20252026,20262027,,US/Pacific,2026020879,20262027,2,2027-01-31,False,2027-01-31T21:00:00Z,-05:00,-08:00,US/Pacific,FUT,OK,"[{'id': 282, 'market': 'N', 'countryCode': 'CA', 'network': 'SN', 'sequenceNumber': 107}, {'id': 652, 'market': 'H', 'countryCode': 'US', 'network': 'Prime Video', 'sequenceNumber': 117}, {'id': 388, 'market': 'H', 'countryCode': 'US', 'network': 'KONG', 'sequenceNumber': 654}, {'id': 409, 'market': 'A', 'countryCode': 'US', 'network': 'MSGSN', 'sequenceNumber': 411}]",,,/gamecenter/njd-vs-sea/2027/01/31/2026020879,Climate Pledge Arena,1,Devils,New Jersey,New Jersey,du New Jersey,NJD,https://assets.nhle.com/logos/nhl/svg/NJD_light.svg,https://assets.nhle.com/logos/nhl/svg/NJD_dark.svg,False,,,,,,55,Kraken,Seattle,Seattle,de Seattle,SEA,https://assets.nhle.com/logos/nhl/svg/SEA_light.svg,https://assets.nhle.com/logos/nhl/svg/SEA_dark.svg,False,,,https://stayinglevel.com/offers/seattle-climate-pledge-arena-fans/,Stay close to the action at Level,,1,REG,3,,,,,,,,,https://www.ticketmaster.com/event/0F0064C4A0C3A335?brand=seattlekraken&artistid=2763657&wt.mc_id=NHL_TEAM_SEA_SCHEDULE_GM26&utm_source=NHL.com&utm_medium=client&utm_campaign=NHL_TEAM_SEA&utm_content=SCHEDULE_GM26,https://www.ticketmaster.com/event/0F0064C4A0C3A335?brand=seattlekraken&artistid=2763657&wt.mc_id=NHL_TEAM_SEA_SCHEDULE_GM26&utm_source=NHL.com&utm_medium=client&utm_campaign=NHL_TEAM_SEA&utm_content=SCHEDULE_GM26,https://d2igy0yla8zi0u.cloudfront.net/NJD/20262027/NJD-radio.m3u8,https://d2igy0yla8zi0u.cloudfront.net/SEA/20262027/SEA-radio.m3u8,,,,,,,,,,,,,,
20252026,20262027,,US/Pacific,2026020894,20262027,2,2027-02-03,False,2027-02-04T02:40:00Z,-05:00,-08:00,US/Pacific,FUT,OK,"[{'id': 652, 'market': 'H', 'countryCode': 'US', 'network': 'Prime Video', 'sequenceNumber': 117}, {'id': 388, 'market': 'H', 'countryCode': 'US', 'network': 'KONG', 'sequenceNumber': 654}, {'id': 131, 'market': 'A', 'countryCode': 'CA', 'network': 'TSN2', 'sequenceNumber': 112}, {'id': 33, 'market': 'A', 'countryCode': 'CA', 'network': 'RDS', 'sequenceNumber': 145}]",,,/gamecenter/mtl-vs-sea/2027/02/03/2026020894,Climate Pledge Arena,8,Canadiens,Montréal,Montréal,de Montréal,MTL,https://assets.nhle.com/logos/nhl/svg/MTL_light.svg,https://assets.nhle.com/logos/nhl/svg/MTL_dark.svg,False,,,,,,55,Kraken,Seattle,Seattle,de Seattle,SEA,https://assets.nhle.com/logos/nhl/svg/SEA_light.svg,https://assets.nhle.com/logos/nhl/svg/SEA_dark.svg,False,,,https://stayinglevel.com/offers/seattle-climate-pledge-arena-fans/,Stay close to the action at Level,,1,REG,3,,,,,,,,,https://www.ticketmaster.com/event/0F0064C4A0C8A341?brand=seattlekraken&artistid=2763657&wt.mc_id=NHL_TEAM_SEA_SCHEDULE_GM27&utm_source=NHL.com&utm_medium=client&utm_campaign=NHL_TEAM_SEA&utm_content=SCHEDULE_GM27,https://www.ticketmaster.com/event/0F0064C4A0C8A341?brand=seattlekraken&artistid=2763657&wt.mc_id=NHL_TEAM_SEA_SCHEDULE_GM27&utm_source=NHL.com&utm_medium=client&utm_campaign=NHL_TEAM_SEA&utm_content=SCHEDULE_GM27,https://d2igy0yla8zi0u.cloudfront.net/MTL/20262027/MTL-radio.m3u8,https://d2igy0yla8zi0u.cloudfront.net/SEA/20262027/SEA-radio.m3u8,,,,,,,,,,,,,,
20252026,20262027,,US/Pacific,2026020926,20262027,2,2027-02-13,False,2027-02-14T03:00:00Z,-05:00,-08:00,US/Pacific,FUT,OK,"[{'id': 652, 'market': 'H', 'countryCode': 'US', 'network': 'Prime Video', 'sequenceNumber': 117}, {'id': 388, 'market': 'H', 'countryCode': 'US', 'network': 'KONG', 'sequenceNumber': 654}, {'id': 649, 'market': 'A', 'countryCode': 'US', 'network': 'STLNHL', 'sequenceNumber': 1}, {'id': 650, 'market': 'A', 'countryCode': 'US', 'network': 'BN+', 'sequenceNumber': 1}]",,,/gamecenter/stl-vs-sea/2027/02/13/2026020926,Climate Pledge Arena,19,Blues,St. Louis,St. Louis,de St. Louis,STL,https://assets.nhle.com/logos/nhl/svg/STL_light.svg,https://assets.nhle.com/logos/nhl/svg/STL_dark.svg,False,,,,,,55,Kraken,Seattle,Seattle,de Seattle,SEA,https://assets.nhle.com/logos/nhl/svg/SEA_light.svg,https://assets.nhle.com/logos/nhl/svg/SEA_dark.svg,False,,,https://stayinglevel.com/offers/seattle-climate-pledge-arena-fans/,Stay close to the action at Level,,1,REG,3,,,,,,,,,https://www.ticketmaster.com/event/0F0064C4A0D0A352?brand=seattlekraken&artistid=2763657&wt.mc_id=NHL_TEAM_SEA_SCHEDULE_GM28&utm_source=NHL.com&utm_medium=client&utm_campaign=NHL_TEAM_SEA&utm_content=SCHEDULE_GM28,https://www.ticketmaster.com/event/0F0064C4A0D0A352?brand=seattlekraken&artistid=2763657&wt.mc_id=NHL_TEAM_SEA_SCHEDULE_GM28&utm_source=NHL.com&utm_medium=client&utm_campaign=NHL_TEAM_SEA&utm_content=SCHEDULE_GM28,https://d2igy0yla8zi0u.cloudfront.net/STL/20262027/STL-radio.m3u8,https://d2igy0yla8zi0u.cloudfront.net/SEA/20262027/SEA-radio.m3u8,,,,,,,,,,,,,,
20252026,20262027,,US/Pacific,2026020933,20262027,2,2027-02-15,False,2027-02-15T21:00:00Z,-05:00,-08:00,US/Pacific,FUT,OK,"[{'id': 284, 'market': 'N', 'countryCode': 'CA', 'network': 'SN1', 'sequenceNumber': 113}, {'id': 652, 'market': 'H', 'countryCode': 'US', 'network': 'Prime Video', 'sequenceNumber': 117}, {'id': 388, 'market': 'H', 'countryCode': 'US', 'network': 'KONG', 'sequenceNumber': 654}, {'id': 528, 'market': 'A', 'countryCode': 'US', 'network': 'SN-PIT', 'sequenceNumber': 384}]",,,/gamecenter/pit-vs-sea/2027/02/15/2026020933,Climate Pledge Arena,5,Penguins,Pittsburgh,Pittsburgh,de Pittsburgh,PIT,https://assets.nhle.com/logos/nhl/svg/PIT_light.svg,https://assets.nhle.com/logos/nhl/svg/PIT_dark.svg,False,,,,,,55,Kraken,Seattle,Seattle,de Seattle,SEA,https://assets.nhle.com/logos/nhl/svg/SEA_light.svg,https://assets.nhle.com/logos/nhl/svg/SEA_dark.svg,False,,,,,,1,REG,3,,,,,,,,,https://www.ticketmaster.com/event/0F0064C4A0D5A35B?brand=seattlekraken&artistid=2763657&wt.mc_id=NHL_TEAM_SEA_SCHEDULE_GM29&utm_source=NHL.com&utm_medium=client&utm_campaign=NHL_TEAM_SEA&utm_content=SCHEDULE_GM29,https://www.ticketmaster.com/event/0F0064C4A0D5A35B?brand=seattlekraken&artistid=2763657&wt.mc_id=NHL_TEAM_SEA_SCHEDULE_GM29&utm_source=NHL.com&utm_medium=client&utm_campaign=NHL_TEAM_SEA&utm_content=SCHEDULE_GM29,https://d2igy0yla8zi0u.cloudfront.net/PIT/20262027/PIT-radio.m3u8,https://d2igy0yla8zi0u.cloudfront.net/SEA/20262027/SEA-radio.m3u8,,,,,,,,,,,,,,
20252026,20262027,,US/Pacific,2026020950,20262027,2,2027-02-17,False,2027-02-18T02:40:00Z,-05:00,-08:00,US/Pacific,FUT,OK,"[{'id': 652, 'market': 'H', 'countryCode': 'US', 'network': 'Prime Video', 'sequenceNumber': 117}, {'id': 387, 'market': 'H', 'countryCode': 'US', 'network': 'KING', 'sequenceNumber': 615}, {'id': 388, 'market': 'H', 'countryCode': 'US', 'network': 'KONG', 'sequenceNumber': 654}, {'id': 294, 'market': 'A', 'countryCode': 'CA', 'network': 'TSN5', 'sequenceNumber': 135}, {'id': 33, 'market': 'A', 'countryCode': 'CA', 'network': 'RDS', 'sequenceNumber': 145}]",,,/gamecenter/ott-vs-sea/2027/02/17/2026020950,Climate Pledge Arena,9,Senators,Ottawa,Ottawa,d'Ottawa,OTT,https://assets.nhle.com/logos/nhl/svg/OTT_light.svg,https://assets.nhle.com/logos/nhl/svg/OTT_dark.svg,False,https://www.aircanada.com/home/ca/en/aco/flights,Book Flights with Air Canada,https://www.brookstreethotel.com/?gad_source=1&gad_campaignid=361534260&gbraid=0AAAAAD7lh6gowt52ky_hNFfUfpIJrBOLt&gclid=CjwKCAjws_DTBhB_EiwAXZknGWgxgnsGfRdBp1sxO_Bjc5W4YaWOrsfOWgCMIIPHfxIA9-A04EYXdhoClb8QAvD_BwE,Brookstreet Hotel,,55,Kraken,Seattle,Seattle,de Seattle,SEA,https://assets.nhle.com/logos/nhl/svg/SEA_light.svg,https://assets.nhle.com/logos/nhl/svg/SEA_dark.svg,False,,,https://stayinglevel.com/offers/seattle-climate-pledge-arena-fans/,Stay close to the action at Level,,1,REG,3,,,,,,,,,https://www.ticketmaster.com/event/0F0064C4A0DBA369?brand=seattlekraken&artistid=2763657&wt.mc_id=NHL_TEAM_SEA_SCHEDULE_GM30&utm_source=NHL.com&utm_medium=client&utm_campaign=NHL_TEAM_SEA&utm_content=SCHEDULE_GM30,https://www.ticketmaster.com/event/0F0064C4A0DBA369?brand=seattlekraken&artistid=2763657&wt.mc_id=NHL_TEAM_SEA_SCHEDULE_GM30&utm_source=NHL.com&utm_medium=client&utm_campaign=NHL_TEAM_SEA&utm_content=SCHEDULE_GM30,https://d2igy0yla8zi0u.cloudfront.net/OTT/20262027/OTT-radio.m3u8,https://d2igy0yla8zi0u.cloudfront.net/SEA/20262027/SEA-radio.m3u8,,,,,,,,,,,,,Sénateurs,
20252026,20262027,,US/Pacific,2026020966,20262027,2,2027-02-19,False,2027-02-20T02:00:00Z,-05:00,-07:00,America/Denver,FUT,OK,"[{'id': 309, 'market': 'N', 'countryCode': 'US', 'network': 'ESPN', 'sequenceNumber': 10}, {'id': 549, 'market': 'N', 'countryCode': 'CA', 'network': 'SN+', 'sequenceNumber': 117}]",,,/gamecenter/sea-vs-uta/2027/02/19/2026020966,Delta Center,55,Kraken,Seattle,Seattle,de Seattle,SEA,https://assets.nhle.com/logos/nhl/svg/SEA_light.svg,https://assets.nhle.com/logos/nhl/svg/SEA_dark.svg,False,,,,,,68,Mammoth,Utah,Utah,de l'Utah,UTA,https://assets.nhle.com/logos/nhl/svg/UTA_light.svg,https://assets.nhle.com/logos/nhl/svg/UTA_dark.svg,False,,,,,,1,REG,3,,,,,,,,,https://seatgeek.com/utah-mammoth-tickets/8-7-2026-salt-lake-city-utah-delta-center-1/nhl/18242311?wid=club-web-schedule,https://seatgeek.com/utah-mammoth-tickets/8-7-2026-salt-lake-city-utah-delta-center-1/nhl/18242311?wid=club-web-schedule,https://d2igy0yla8zi0u.cloudfront.net/SEA/20262027/SEA-radio.m3u8,https://d2igy0yla8zi0u.cloudfront.net/UTA/20262027/UTA-radio.m3u8,,,,,,,,,,,,,,
20252026,20262027,,US/Pacific,2026020976,20262027,2,2027-02-20,False,2027-02-21T03:30:00Z,-05:00,-08:00,America/Los_Angeles,FUT,OK,"[{'id': 652, 'market': 'A', 'countryCode': 'US', 'network': 'Prime Video', 'sequenceNumber': 117}, {'id': 388, 'market': 'A', 'countryCode': 'US', 'network': 'KONG', 'sequenceNumber': 654}, {'id': 651, 'market': 'H', 'countryCode': 'US', 'network': 'ABTV ', 'sequenceNumber': 1}]",,,/gamecenter/sea-vs-lak/2027/02/20/2026020976,Crypto.com Arena,55,Kraken,Seattle,Seattle,de Seattle,SEA,https://assets.nhle.com/logos/nhl/svg/SEA_light.svg,https://assets.nhle.com/logos/nhl/svg/SEA_dark.svg,False,,,,,,26,Kings,Los Angeles,Los Angeles,de Los Angeles,LAK,https://assets.nhle.com/logos/nhl/svg/LAK_light.svg,https://assets.nhle.com/logos/nhl/svg/LAK_dark.svg,False,,,,,,1,REG,3,,,,,,,,,https://www.nhl.com/kings/tickets/single-game-tickets,https://www.nhl.com/kings/tickets/single-game-tickets,https://d2igy0yla8zi0u.cloudfront.net/SEA/20262027/SEA-radio.m3u8,https://d2igy0yla8zi0u.cloudfront.net/LAK/20262027/LAK-radio.m3u8,,,https://tix.axs.com/hIZzMgAAAAAl%2bbiTAgAAAAB0%2fv%2f%2f%2fwD%2f%2f%2f%2f%2fB2xha2luZ3MA%2f%2f%2f%2f%2f%2f%2f%2f%2f%2f8%3d,Mexican Heritage,,,,,,,,,,
20252026,20262027,,US/Pacific,2026020990,20262027,2,2027-02-22,False,2027-02-23T02:40:00Z,-05:00,-08:00,US/Pacific,FUT,OK,"[{'id': 549, 'market': 'N', 'countryCode': 'CA', 'network': 'SN+', 'sequenceNumber': 117}, {'id': 281, 'market': 'N', 'countryCode': 'CA', 'network': 'TVAS', 'sequenceNumber': 120}, {'id': 652, 'market': 'H', 'countryCode': 'US', 'network': 'Prime Video', 'sequenceNumber': 117}, {'id': 388, 'market': 'H', 'countryCode': 'US', 'network': 'KONG', 'sequenceNumber': 654}, {'id': 31, 'market': 'A', 'countryCode': 'US', 'network': 'NESN', 'sequenceNumber': 405}]",,,/gamecenter/bos-vs-sea/2027/02/22/2026020990,Climate Pledge Arena,6,Bruins,Boston,Boston,de Boston,BOS,https://assets.nhle.com/logos/nhl/svg/BOS_light.svg,https://assets.nhle.com/logos/nhl/svg/BOS_dark.svg,False,,,,,,55,Kraken,Seattle,Seattle,de Seattle,SEA,https://assets.nhle.com/logos/nhl/svg/SEA_light.svg,https://assets.nhle.com/logos/nhl/svg/SEA_dark.svg,False,,,https://stayinglevel.com/offers/seattle-climate-pledge-arena-fans/,Stay close to the action at Level,,1,REG,3,,,,,,,,,https://www.ticketmaster.com/event/0F0064C4A00DA1AA?brand=seattlekraken&artistid=2763657&wt.mc_id=NHL_TEAM_SEA_SCHEDULE_GM31&utm_source=NHL.com&utm_medium=client&utm_campaign=NHL_TEAM_SEA&utm_content=SCHEDULE_GM31,https://www.ticketmaster.com/event/0F0064C4A00DA1AA?brand=seattlekraken&artistid=2763657&wt.mc_id=NHL_TEAM_SEA_SCHEDULE_GM31&utm_source=NHL.com&utm_medium=client&utm_campaign=NHL_TEAM_SEA&utm_content=SCHEDULE_GM31,https://d2igy0yla8zi0u.cloudfront.net/BOS/20262027/BOS-radio.m3u8,https://d2igy0yla8zi0u.cloudfront.net/SEA/20262027/SEA-radio.m3u8,,,,,,,,,,,,,,
20252026,20262027,,US/Pacific,2026021002,20262027,2,2027-02-24,False,2027-02-25T03:00:00Z,-05:00,-08:00,America/Los_Angeles,FUT,OK,"[{'id': 652, 'market': 'A', 'countryCode': 'US', 'network': 'Prime Video', 'sequenceNumber': 117}, {'id': 388, 'market': 'A', 'countryCode': 'US', 'network': 'KONG', 'sequenceNumber': 654}, {'id': 652, 'market': 'H', 'countryCode': 'US', 'network': 'Prime Video', 'sequenceNumber': 117}, {'id': 219, 'market': 'H', 'countryCode': 'US', 'network': 'KCOP-13', 'sequenceNumber': 656}]",,,/gamecenter/sea-vs-ana/2027/02/24/2026021002,Honda Center,55,Kraken,Seattle,Seattle,de Seattle,SEA,https://assets.nhle.com/logos/nhl/svg/SEA_light.svg,https://assets.nhle.com/logos/nhl/svg/SEA_dark.svg,False,,,,,,24,Ducks,Anaheim,Anaheim,d'Anaheim,ANA,https://assets.nhle.com/logos/nhl/svg/ANA_light.svg,https://assets.nhle.com/logos/nhl/svg/ANA_dark.svg,False,,,,,,1,REG,3,,,,,,,,,https://www.ticketmaster.com/event/090064EA38B396E3?brand=ducks&artistid=805893&wt.mc_id=NHL_TEAM_ANA_SCHEDULE_GM32&utm_source=NHL.com&utm_medium=client&utm_campaign=NHL_TEAM_ANA&utm_content=SCHEDULE_GM32,https://www.ticketmaster.com/event/090064EA38B396E3?brand=ducks&artistid=805893&wt.mc_id=NHL_TEAM_ANA_SCHEDULE_GM32&utm_source=NHL.com&utm_medium=client&utm_campaign=NHL_TEAM_ANA&utm_content=SCHEDULE_GM32,https://d2igy0yla8zi0u.cloudfront.net/SEA/20262027/SEA-radio.m3u8,https://d2igy0yla8zi0u.cloudfront.net/ANA/20262027/ANA-radio.m3u8,,,https://www.nhl.com/ducks/fans/promotional-schedule,Pierce the Veil Night + Puck Punks merch drop,,,,,,,,,,
20252026,20262027,,US/Pacific,2026021028,20262027,2,2027-02-27,False,2027-02-28T00:00:00Z,-05:00,-08:00,US/Pacific,FUT,OK,"[{'id': 289, 'market': 'N', 'countryCode': 'CA', 'network': 'SNW', 'sequenceNumber': 34}, {'id': 652, 'market': 'H', 'countryCode': 'US', 'network': 'Prime Video', 'sequenceNumber': 117}, {'id': 387, 'market': 'H', 'countryCode': 'US', 'network': 'KING', 'sequenceNumber': 615}, {'id': 388, 'market': 'H', 'countryCode': 'US', 'network': 'KONG', 'sequenceNumber': 654}]",,,/gamecenter/wpg-vs-sea/2027/02/27/2026021028,Climate Pledge Arena,52,Jets,Winnipeg,Winnipeg,de Winnipeg,WPG,https://assets.nhle.com/logos/nhl/svg/WPG_light.svg,https://assets.nhle.com/logos/nhl/svg/WPG_dark.svg,False,,,,,,55,Kraken,Seattle,Seattle,de Seattle,SEA,https://assets.nhle.com/logos/nhl/svg/SEA_light.svg,https://assets.nhle.com/logos/nhl/svg/SEA_dark.svg,False,,,https://stayinglevel.com/offers/seattle-climate-pledge-arena-fans/,Stay close to the action at Level,,1,REG,3,,,,,,,,,https://www.ticketmaster.com/event/0F0064C4A013A1BA?brand=seattlekraken&artistid=2763657&wt.mc_id=NHL_TEAM_SEA_SCHEDULE_GM32&utm_source=NHL.com&utm_medium=client&utm_campaign=NHL_TEAM_SEA&utm_content=SCHEDULE_GM32,https://www.ticketmaster.com/event/0F0064C4A013A1BA?brand=seattlekraken&artistid=2763657&wt.mc_id=NHL_TEAM_SEA_SCHEDULE_GM32&utm_source=NHL.com&utm_medium=client&utm_campaign=NHL_TEAM_SEA&utm_content=SCHEDULE_GM32,https://d2igy0yla8zi0u.cloudfront.net/WPG/20262027/WPG-radio.m3u8,https://d2igy0yla8zi0u.cloudfront.net/SEA/20262027/SEA-radio.m3u8,,,,,,,,,,,,,,
20252026,20262027,,US/Pacific,2026021039,20262027,2,2027-03-01,False,2027-03-02T00:00:00Z,-05:00,-06:00,America/Winnipeg,FUT,OK,"[{'id': 549, 'market': 'N', 'countryCode': 'CA', 'network': 'SN+', 'sequenceNumber': 117}, {'id': 652, 'market': 'A', 'countryCode': 'US', 'network': 'Prime Video', 'sequenceNumber': 117}, {'id': 388, 'market': 'A', 'countryCode': 'US', 'network': 'KONG', 'sequenceNumber': 654}]",,,/gamecenter/sea-vs-wpg/2027/03/01/2026021039,Canada Life Centre,55,Kraken,Seattle,Seattle,de Seattle,SEA,https://assets.nhle.com/logos/nhl/svg/SEA_light.svg,https://assets.nhle.com/logos/nhl/svg/SEA_dark.svg,False,,,,,,52,Jets,Winnipeg,Winnipeg,de Winnipeg,WPG,https://assets.nhle.com/logos/nhl/svg/WPG_light.svg,https://assets.nhle.com/logos/nhl/svg/WPG_dark.svg,False,,,,,,1,REG,3,,,,,,,,,https://www.ticketmaster.ca/event/11006505D092AFBB?brand=winnipegjets&artistid=1613893&wt.mc_id=NHL_TEAM_WPG_SCHEDULE_GM30&utm_source=NHL.com&utm_medium=client_PM&utm_campaign=NHL_TEAM_WPG&utm_content=SCHEDULE_GM30,https://www.ticketmaster.ca/event/11006505D092AFBB?brand=winnipegjets&artistid=1613893&wt.mc_id=NHL_TEAM_WPG_SCHEDULE_GM30&utm_source=NHL.com&utm_medium=client_PM&utm_campaign=NHL_TEAM_WPG&utm_content=SCHEDULE_GM30,https://d2igy0yla8zi0u.cloudfront.net/SEA/20262027/SEA-radio.m3u8,https://d2igy0yla8zi0u.cloudfront.net/WPG/20262027/WPG-radio.m3u8,,,https://www.ticketmaster.ca/event/11006505D092AFBB,Black History Night,,,,,,,,,,
20252026,20262027,,US/Pacific,2026021048,20262027,2,2027-03-03,False,2027-03-03T23:30:00Z,-05:00,-05:00,America/Toronto,FUT,OK,"[{'id': 652, 'market': 'A', 'countryCode': 'US', 'network': 'Prime Video', 'sequenceNumber': 117}, {'id': 388, 'market': 'A', 'countryCode': 'US', 'network': 'KONG', 'sequenceNumber': 654}, {'id': 293, 'market': 'H', 'countryCode': 'CA', 'network': 'TSN4', 'sequenceNumber': 137}]",,,/gamecenter/sea-vs-tor/2027/03/03/2026021048,Scotiabank Arena,55,Kraken,Seattle,Seattle,de Seattle,SEA,https://assets.nhle.com/logos/nhl/svg/SEA_light.svg,https://assets.nhle.com/logos/nhl/svg/SEA_dark.svg,False,,,,,,10,Maple Leafs,Toronto,Toronto,de Toronto,TOR,https://assets.nhle.com/logos/nhl/svg/TOR_light.svg,https://assets.nhle.com/logos/nhl/svg/TOR_dark.svg,False,,,"https://www.marriott.com/search/findHotels.mi?destinationAddress.destination=SCOTIABANK+ARENA,+TORONTO,+CANADA&cid=DIS_GLB000791Q_GLE000HJ7H_GLF0017USO",Book Now,,1,REG,3,,,,,,,,,https://www.ticketmaster.ca/event/100064FECC93F683?brand=torontomapleleafs&artistid=806033&wt.mc_id=NHL_TEAM_TOR_SCHEDULE_GM34&utm_source=NHL.com&utm_medium=client_PM&utm_campaign=NHL_TEAM_TOR&utm_content=SCHEDULE_GM34,https://www.ticketmaster.ca/event/100064FECC93F683?brand=torontomapleleafs&artistid=806033&wt.mc_id=NHL_TEAM_TOR_SCHEDULE_GM34&utm_source=NHL.com&utm_medium=client_PM&utm_campaign=NHL_TEAM_TOR&utm_content=SCHEDULE_GM34,https://d2igy0yla8zi0u.cloudfront.net/SEA/20262027/SEA-radio.m3u8,https://d2igy0yla8zi0u.cloudfront.net/TOR/20262027/TOR-radio.m3u8,,,,,,,,,,,,,,
20252026,20262027,,US/Pacific,2026021057,20262027,2,2027-03-04,False,2027-03-05T00:00:00Z,-05:00,-05:00,America/Montreal,FUT,OK,"[{'id': 652, 'market': 'A', 'countryCode': 'US', 'network': 'Prime Video', 'sequenceNumber': 117}, {'id': 388, 'market': 'A', 'countryCode': 'US', 'network': 'KONG', 'sequenceNumber': 654}, {'id': 131, 'market': 'H', 'countryCode': 'CA', 'network': 'TSN2', 'sequenceNumber': 112}, {'id': 33, 'market': 'H', 'countryCode': 'CA', 'network': 'RDS', 'sequenceNumber': 145}]",,,/gamecenter/sea-vs-mtl/2027/03/04/2026021057,Centre Bell,55,Kraken,Seattle,Seattle,de Seattle,SEA,https://assets.nhle.com/logos/nhl/svg/SEA_light.svg,https://assets.nhle.com/logos/nhl/svg/SEA_dark.svg,False,,,,,,8,Canadiens,Montréal,Montréal,de Montréal,MTL,https://assets.nhle.com/logos/nhl/svg/MTL_light.svg,https://assets.nhle.com/logos/nhl/svg/MTL_dark.svg,False,,,,,,1,REG,3,,,,,,,,,https://www.ticketmaster.ca/event/310064FACA6C8671?lang=en-ca&brand=canadiens&artistid=805975&wt.mc_id=NHL_TEAM_MTL_SCHEDULE_GM33&utm_source=NHL.com&utm_medium=client&utm_campaign=NHL_TEAM_MTL&utm_content=SCHEDULE_GM33,https://www.ticketmaster.ca/event/310064FACA6C8671?lang=fr-ca&brand=canadiens&artistid=805975&wt.mc_id=NHL_TEAM_MTL_SCHEDULE_GM33&utm_source=NHL.com&utm_medium=client&utm_campaign=NHL_TEAM_MTL&utm_content=SCHEDULE_GM33,https://d2igy0yla8zi0u.cloudfront.net/SEA/20262027/SEA-radio.m3u8,https://d2igy0yla8zi0u.cloudfront.net/MTL/20262027/MTL-radio.m3u8,,,,,,,,,,,,,,
20252026,20262027,,US/Pacific,2026021073,20262027,2,2027-03-06,False,2027-03-06T20:00:00Z,-05:00,-05:00,US/Eastern,FUT,OK,"[{'id': 282, 'market': 'N', 'countryCode': 'CA', 'network': 'SN', 'sequenceNumber': 107}, {'id': 281, 'market': 'N', 'countryCode': 'CA', 'network': 'TVAS', 'sequenceNumber': 120}, {'id': 652, 'market': 'A', 'countryCode': 'US', 'network': 'Prime Video', 'sequenceNumber': 117}, {'id': 388, 'market': 'A', 'countryCode': 'US', 'network': 'KONG', 'sequenceNumber': 654}]",,,/gamecenter/sea-vs-ott/2027/03/06/2026021073,Canadian Tire Centre,55,Kraken,Seattle,Seattle,de Seattle,SEA,https://assets.nhle.com/logos/nhl/svg/SEA_light.svg,https://assets.nhle.com/logos/nhl/svg/SEA_dark.svg,False,,,,,,9,Senators,Ottawa,Ottawa,d'Ottawa,OTT,https://assets.nhle.com/logos/nhl/svg/OTT_light.svg,https://assets.nhle.com/logos/nhl/svg/OTT_dark.svg,False,https://www.aircanada.com/home/ca/en/aco/flights,Air  Canada Flights,https://www.brookstreethotel.com/,Hotel,,1,REG,3,,,,,,,,,https://www.ticketmaster.ca/event/31006507E8E3338C?brand=ottawasenators&artistid=805997&landing=s&wt.mc_id=NHL_TEAM_OTT_SGT_PG_GM32&,https://www.nhl.com/fr/senators/tickets/,https://d2igy0yla8zi0u.cloudfront.net/SEA/20262027/SEA-radio.m3u8,https://d2igy0yla8zi0u.cloudfront.net/OTT/20262027/OTT-radio.m3u8,,,,,,,,,,,,Centre Canadian Tire,,Sénateurs
20252026,20262027,,US/Pacific,2026021089,20262027,2,2027-03-08,False,2027-03-09T00:00:00Z,-05:00,-05:00,US/Eastern,FUT,OK,"[{'id': 281, 'market': 'N', 'countryCode': 'CA', 'network': 'TVAS', 'sequenceNumber': 120}, {'id': 652, 'market': 'A', 'countryCode': 'US', 'network': 'Prime Video', 'sequenceNumber': 117}, {'id': 388, 'market': 'A', 'countryCode': 'US', 'network': 'KONG', 'sequenceNumber': 654}, {'id': 31, 'market': 'H', 'countryCode': 'US', 'network': 'NESN', 'sequenceNumber': 405}]",,,/gamecenter/sea-vs-bos/2027/03/08/2026021089,TD Garden,55,Kraken,Seattle,Seattle,de Seattle,SEA,https://assets.nhle.com/logos/nhl/svg/SEA_light.svg,https://assets.nhle.com/logos/nhl/svg/SEA_dark.svg,False,,,,,,6,Bruins,Boston,Boston,de Boston,BOS,https://assets.nhle.com/logos/nhl/svg/BOS_light.svg,https://assets.nhle.com/logos/nhl/svg/BOS_dark.svg,False,,,,,,1,REG,3,,,,,,,,,https://www.ticketmaster.com/event/010064EDC4B97877?brand=bostonbruins&artistid=805902&wt.mc_id=NHL_TEAM_BOS_SCHEDULE_GM36&utm_source=NHL.com&utm_medium=client&utm_campaign=NHL_TEAM_BOS&utm_content=SCHEDULE_GM36,https://www.ticketmaster.com/event/010064EDC4B97877?brand=bostonbruins&artistid=805902&wt.mc_id=NHL_TEAM_BOS_SCHEDULE_GM36&utm_source=NHL.com&utm_medium=client&utm_campaign=NHL_TEAM_BOS&utm_content=SCHEDULE_GM36,https://d2igy0yla8zi0u.cloudfront.net/SEA/20262027/SEA-radio.m3u8,https://d2igy0yla8zi0u.cloudfront.net/BOS/20262027/BOS-radio.m3u8,,,,,,,,,,,,,,
20252026,20262027,,US/Pacific,2026021115,20262027,2,2027-03-11,False,2027-03-12T02:30:00Z,-05:00,-08:00,US/Pacific,FUT,OK,"[{'id': 329, 'market': 'N', 'countryCode': 'US', 'network': 'ESPN+', 'sequenceNumber': 16}, {'id': 391, 'market': 'N', 'countryCode': 'US', 'network': 'HULU', 'sequenceNumber': 17}, {'id': 574, 'market': 'N', 'countryCode': 'US', 'network': 'Disney+', 'sequenceNumber': 21}, {'id': 549, 'market': 'N', 'countryCode': 'CA', 'network': 'SN+', 'sequenceNumber': 117}]",,,/gamecenter/lak-vs-sea/2027/03/11/2026021115,Climate Pledge Arena,26,Kings,Los Angeles,Los Angeles,de Los Angeles,LAK,https://assets.nhle.com/logos/nhl/svg/LAK_light.svg,https://assets.nhle.com/logos/nhl/svg/LAK_dark.svg,False,,,,,,55,Kraken,Seattle,Seattle,de Seattle,SEA,https://assets.nhle.com/logos/nhl/svg/SEA_light.svg,https://assets.nhle.com/logos/nhl/svg/SEA_dark.svg,False,,,https://stayinglevel.com/offers/seattle-climate-pledge-arena-fans/,Stay close to the action at Level,,1,REG,3,,,,,,,,,https://www.ticketmaster.com/event/0F0064C4A019A1C3?brand=seattlekraken&artistid=2763657&wt.mc_id=NHL_TEAM_SEA_SCHEDULE_GM33&utm_source=NHL.com&utm_medium=client&utm_campaign=NHL_TEAM_SEA&utm_content=SCHEDULE_GM33,https://www.ticketmaster.com/event/0F0064C4A019A1C3?brand=seattlekraken&artistid=2763657&wt.mc_id=NHL_TEAM_SEA_SCHEDULE_GM33&utm_source=NHL.com&utm_medium=client&utm_campaign=NHL_TEAM_SEA&utm_content=SCHEDULE_GM33,https://d2igy0yla8zi0u.cloudfront.net/LAK/20262027/LAK-radio.m3u8,https://d2igy0yla8zi0u.cloudfront.net/SEA/20262027/SEA-radio.m3u8,,,,,,,,,,,,,,
20252026,20262027,,US/Pacific,2026021133,20262027,2,2027-03-13,False,2027-03-14T03:00:00Z,-05:00,-08:00,US/Pacific,FUT,OK,"[{'id': 282, 'market': 'N', 'countryCode': 'CA', 'network': 'SN', 'sequenceNumber': 107}, {'id': 281, 'market': 'N', 'countryCode': 'CA', 'network': 'TVAS', 'sequenceNumber': 120}, {'id': 652, 'market': 'H', 'countryCode': 'US', 'network': 'Prime Video', 'sequenceNumber': 117}, {'id': 387, 'market': 'H', 'countryCode': 'US', 'network': 'KING', 'sequenceNumber': 615}, {'id': 388, 'market': 'H', 'countryCode': 'US', 'network': 'KONG', 'sequenceNumber': 654}]",,,/gamecenter/edm-vs-sea/2027/03/13/2026021133,Climate Pledge Arena,22,Oilers,Edmonton,Edmonton,d'Edmonton,EDM,https://assets.nhle.com/logos/nhl/svg/EDM_light.svg,https://assets.nhle.com/logos/nhl/svg/EDM_dark.svg,False,,,,,,55,Kraken,Seattle,Seattle,de Seattle,SEA,https://assets.nhle.com/logos/nhl/svg/SEA_light.svg,https://assets.nhle.com/logos/nhl/svg/SEA_dark.svg,False,,,https://stayinglevel.com/offers/seattle-climate-pledge-arena-fans/,Stay close to the action at Level,,1,REG,3,,,,,,,,,https://www.ticketmaster.com/event/0F0064C4A020A1E8?brand=seattlekraken&artistid=2763657&wt.mc_id=NHL_TEAM_SEA_SCHEDULE_GM34&utm_source=NHL.com&utm_medium=client&utm_campaign=NHL_TEAM_SEA&utm_content=SCHEDULE_GM34,https://www.ticketmaster.com/event/0F0064C4A020A1E8?brand=seattlekraken&artistid=2763657&wt.mc_id=NHL_TEAM_SEA_SCHEDULE_GM34&utm_source=NHL.com&utm_medium=client&utm_campaign=NHL_TEAM_SEA&utm_content=SCHEDULE_GM34,https://d2igy0yla8zi0u.cloudfront.net/EDM/20262027/EDM-radio.m3u8,https://d2igy0yla8zi0u.cloudfront.net/SEA/20262027/SEA-radio.m3u8,,,,,,,,,,,,,,
20252026,20262027,,US/Pacific,2026021145,20262027,2,2027-03-15,False,2027-03-16T01:40:00Z,-04:00,-07:00,US/Pacific,FUT,OK,"[{'id': 652, 'market': 'H', 'countryCode': 'US', 'network': 'Prime Video', 'sequenceNumber': 117}, {'id': 388, 'market': 'H', 'countryCode': 'US', 'network': 'KONG', 'sequenceNumber': 654}, {'id': 649, 'market': 'A', 'countryCode': 'US', 'network': 'STLNHL', 'sequenceNumber': 1}, {'id': 650, 'market': 'A', 'countryCode': 'US', 'network': 'BN+', 'sequenceNumber': 1}]",,,/gamecenter/stl-vs-sea/2027/03/15/2026021145,Climate Pledge Arena,19,Blues,St. Louis,St. Louis,de St. Louis,STL,https://assets.nhle.com/logos/nhl/svg/STL_light.svg,https://assets.nhle.com/logos/nhl/svg/STL_dark.svg,False,,,,,,55,Kraken,Seattle,Seattle,de Seattle,SEA,https://assets.nhle.com/logos/nhl/svg/SEA_light.svg,https://assets.nhle.com/logos/nhl/svg/SEA_dark.svg,False,,,https://stayinglevel.com/offers/seattle-climate-pledge-arena-fans/,Stay close to the action at Level,,1,REG,3,,,,,,,,,https://www.ticketmaster.com/event/0F0064C4A0E1A372?brand=seattlekraken&artistid=2763657&wt.mc_id=NHL_TEAM_SEA_SCHEDULE_GM35&utm_source=NHL.com&utm_medium=client&utm_campaign=NHL_TEAM_SEA&utm_content=SCHEDULE_GM35,https://www.ticketmaster.com/event/0F0064C4A0E1A372?brand=seattlekraken&artistid=2763657&wt.mc_id=NHL_TEAM_SEA_SCHEDULE_GM35&utm_source=NHL.com&utm_medium=client&utm_campaign=NHL_TEAM_SEA&utm_content=SCHEDULE_GM35,https://d2igy0yla8zi0u.cloudfront.net/STL/20262027/STL-radio.m3u8,https://d2igy0yla8zi0u.cloudfront.net/SEA/20262027/SEA-radio.m3u8,,,,,,,,,,,,,,
20252026,20262027,,US/Pacific,2026021159,20262027,2,2027-03-17,False,2027-03-18T02:00:00Z,-04:00,-07:00,US/Pacific,FUT,OK,"[{'id': 652, 'market': 'A', 'countryCode': 'US', 'network': 'Prime Video', 'sequenceNumber': 117}, {'id': 388, 'market': 'A', 'countryCode': 'US', 'network': 'KONG', 'sequenceNumber': 654}, {'id': 521, 'market': 'H', 'countryCode': 'US', 'network': 'SCRIPPS', 'sequenceNumber': 657}]",,,/gamecenter/sea-vs-vgk/2027/03/17/2026021159,T-Mobile Arena,55,Kraken,Seattle,Seattle,de Seattle,SEA,https://assets.nhle.com/logos/nhl/svg/SEA_light.svg,https://assets.nhle.com/logos/nhl/svg/SEA_dark.svg,False,,,,,,54,Golden Knights,Vegas,Vegas,de Vegas,VGK,https://assets.nhle.com/logos/nhl/svg/VGK_light.svg,https://assets.nhle.com/logos/nhl/svg/VGK_dark.svg,False,,,,,,1,REG,3,,,,,,,,,https://tix.axs.com/c8egKQAAAAAgLlbvAgAAAAAw%2fv%2f%2f%2fwD%2f%2f%2f%2f%2fEnZlZ2FzZ29sZGVua25pZ2h0cwD%2f%2f%2f%2f%2f%2f%2f%2f%2f%2fw%3d%3d,https://tix.axs.com/c8egKQAAAAAgLlbvAgAAAAAw%2fv%2f%2f%2fwD%2f%2f%2f%2f%2fEnZlZ2FzZ29sZGVua25pZ2h0cwD%2f%2f%2f%2f%2f%2f%2f%2f%2f%2fw%3d%3d,https://d2igy0yla8zi0u.cloudfront.net/SEA/20262027/SEA-radio.m3u8,https://d2igy0yla8zi0u.cloudfront.net/VGK/20262027/VGK-radio.m3u8,,,,,,,,,,,,,,
20252026,20262027,,US/Pacific,2026021173,20262027,2,2027-03-19,False,2027-03-20T02:00:00Z,-04:00,-07:00,US/Pacific,FUT,OK,"[{'id': 284, 'market': 'N', 'countryCode': 'CA', 'network': 'SN1', 'sequenceNumber': 113}, {'id': 281, 'market': 'N', 'countryCode': 'CA', 'network': 'TVAS', 'sequenceNumber': 120}, {'id': 652, 'market': 'H', 'countryCode': 'US', 'network': 'Prime Video', 'sequenceNumber': 117}, {'id': 388, 'market': 'H', 'countryCode': 'US', 'network': 'KONG', 'sequenceNumber': 654}, {'id': 2, 'market': 'A', 'countryCode': 'US', 'network': 'ALT', 'sequenceNumber': 385}]",,,/gamecenter/col-vs-sea/2027/03/19/2026021173,Climate Pledge Arena,21,Avalanche,Colorado,Colorado,du Colorado,COL,https://assets.nhle.com/logos/nhl/svg/COL_light.svg,https://assets.nhle.com/logos/nhl/svg/COL_dark.svg,False,,,,,,55,Kraken,Seattle,Seattle,de Seattle,SEA,https://assets.nhle.com/logos/nhl/svg/SEA_light.svg,https://assets.nhle.com/logos/nhl/svg/SEA_dark.svg,False,,,https://stayinglevel.com/offers/seattle-climate-pledge-arena-fans/,Stay close to the action at Level,,1,REG,3,,,,,,,,,https://www.ticketmaster.com/event/0F0064C4A066A29F?brand=seattlekraken&artistid=2763657&wt.mc_id=NHL_TEAM_SEA_SCHEDULE_GM36&utm_source=NHL.com&utm_medium=client&utm_campaign=NHL_TEAM_SEA&utm_content=SCHEDULE_GM36,https://www.ticketmaster.com/event/0F0064C4A066A29F?brand=seattlekraken&artistid=2763657&wt.mc_id=NHL_TEAM_SEA_SCHEDULE_GM36&utm_source=NHL.com&utm_medium=client&utm_campaign=NHL_TEAM_SEA&utm_content=SCHEDULE_GM36,https://d2igy0yla8zi0u.cloudfront.net/COL/20262027/COL-radio.m3u8,https://d2igy0yla8zi0u.cloudfront.net/SEA/20262027/SEA-radio.m3u8,,,,,,,,,,,,,,
20252026,20262027,,US/Pacific,2026021191,20262027,2,2027-03-21,False,2027-03-22T00:00:00Z,-04:00,-07:00,US/Pacific,FUT,OK,"[{'id': 652, 'market': 'H', 'countryCode': 'US', 'network': 'Prime Video', 'sequenceNumber': 117}, {'id': 388, 'market': 'H', 'countryCode': 'US', 'network': 'KONG', 'sequenceNumber': 654}, {'id': 651, 'market': 'A', 'countryCode': 'US', 'network': 'ABTV ', 'sequenceNumber': 1}]",,,/gamecenter/lak-vs-sea/2027/03/21/2026021191,Climate Pledge Arena,26,Kings,Los Angeles,Los Angeles,de Los Angeles,LAK,https://assets.nhle.com/logos/nhl/svg/LAK_light.svg,https://assets.nhle.com/logos/nhl/svg/LAK_dark.svg,False,,,,,,55,Kraken,Seattle,Seattle,de Seattle,SEA,https://assets.nhle.com/logos/nhl/svg/SEA_light.svg,https://assets.nhle.com/logos/nhl/svg/SEA_dark.svg,False,,,https://stayinglevel.com/offers/seattle-climate-pledge-arena-fans/,Stay close to the action at Level,,1,REG,3,,,,,,,,,https://www.ticketmaster.com/event/0F0064C4A0E7A37D?brand=seattlekraken&artistid=2763657&wt.mc_id=NHL_TEAM_SEA_SCHEDULE_GM37&utm_source=NHL.com&utm_medium=client&utm_campaign=NHL_TEAM_SEA&utm_content=SCHEDULE_GM37,https://www.ticketmaster.com/event/0F0064C4A0E7A37D?brand=seattlekraken&artistid=2763657&wt.mc_id=NHL_TEAM_SEA_SCHEDULE_GM37&utm_source=NHL.com&utm_medium=client&utm_campaign=NHL_TEAM_SEA&utm_content=SCHEDULE_GM37,https://d2igy0yla8zi0u.cloudfront.net/LAK/20262027/LAK-radio.m3u8,https://d2igy0yla8zi0u.cloudfront.net/SEA/20262027/SEA-radio.m3u8,,,,,,,,,,,,,,
20252026,20262027,,US/Pacific,2026021206,20262027,2,2027-03-23,False,2027-03-24T01:40:00Z,-04:00,-07:00,US/Pacific,FUT,OK,"[{'id': 652, 'market': 'H', 'countryCode': 'US', 'network': 'Prime Video', 'sequenceNumber': 117}, {'id': 388, 'market': 'H', 'countryCode': 'US', 'network': 'KONG', 'sequenceNumber': 654}, {'id': 521, 'market': 'A', 'countryCode': 'US', 'network': 'SCRIPPS', 'sequenceNumber': 657}]",,,/gamecenter/vgk-vs-sea/2027/03/23/2026021206,Climate Pledge Arena,54,Golden Knights,Vegas,Vegas,de Vegas,VGK,https://assets.nhle.com/logos/nhl/svg/VGK_light.svg,https://assets.nhle.com/logos/nhl/svg/VGK_dark.svg,False,,,,,,55,Kraken,Seattle,Seattle,de Seattle,SEA,https://assets.nhle.com/logos/nhl/svg/SEA_light.svg,https://assets.nhle.com/logos/nhl/svg/SEA_dark.svg,False,,,https://stayinglevel.com/offers/seattle-climate-pledge-arena-fans/,Stay close to the action at Level,,1,REG,3,,,,,,,,,https://www.ticketmaster.com/event/0F0064C4A0ECA388?brand=seattlekraken&artistid=2763657&wt.mc_id=NHL_TEAM_SEA_SCHEDULE_GM38&utm_source=NHL.com&utm_medium=client&utm_campaign=NHL_TEAM_SEA&utm_content=SCHEDULE_GM38,https://www.ticketmaster.com/event/0F0064C4A0ECA388?brand=seattlekraken&artistid=2763657&wt.mc_id=NHL_TEAM_SEA_SCHEDULE_GM38&utm_source=NHL.com&utm_medium=client&utm_campaign=NHL_TEAM_SEA&utm_content=SCHEDULE_GM38,https://d2igy0yla8zi0u.cloudfront.net/VGK/20262027/VGK-radio.m3u8,https://d2igy0yla8zi0u.cloudfront.net/SEA/20262027/SEA-radio.m3u8,,,,,,,,,,,,,,
20252026,20262027,,US/Pacific,2026021222,20262027,2,2027-03-25,False,2027-03-26T01:40:00Z,-04:00,-07:00,US/Pacific,FUT,OK,"[{'id': 652, 'market': 'H', 'countryCode': 'US', 'network': 'Prime Video', 'sequenceNumber': 117}, {'id': 387, 'market': 'H', 'countryCode': 'US', 'network': 'KING', 'sequenceNumber': 615}, {'id': 388, 'market': 'H', 'countryCode': 'US', 'network': 'KONG', 'sequenceNumber': 654}, {'id': 652, 'market': 'A', 'countryCode': 'US', 'network': 'Prime Video', 'sequenceNumber': 117}, {'id': 219, 'market': 'A', 'countryCode': 'US', 'network': 'KCOP-13', 'sequenceNumber': 656}]",,,/gamecenter/ana-vs-sea/2027/03/25/2026021222,Climate Pledge Arena,24,Ducks,Anaheim,Anaheim,d'Anaheim,ANA,https://assets.nhle.com/logos/nhl/svg/ANA_light.svg,https://assets.nhle.com/logos/nhl/svg/ANA_dark.svg,False,,,,,,55,Kraken,Seattle,Seattle,de Seattle,SEA,https://assets.nhle.com/logos/nhl/svg/SEA_light.svg,https://assets.nhle.com/logos/nhl/svg/SEA_dark.svg,False,,,https://stayinglevel.com/offers/seattle-climate-pledge-arena-fans/,Stay close to the action at Level,,1,REG,3,,,,,,,,,https://www.ticketmaster.com/event/0F0064C4A0F3A396?brand=seattlekraken&artistid=2763657&wt.mc_id=NHL_TEAM_SEA_SCHEDULE_GM39&utm_source=NHL.com&utm_medium=client&utm_campaign=NHL_TEAM_SEA&utm_content=SCHEDULE_GM39,https://www.ticketmaster.com/event/0F0064C4A0F3A396?brand=seattlekraken&artistid=2763657&wt.mc_id=NHL_TEAM_SEA_SCHEDULE_GM39&utm_source=NHL.com&utm_medium=client&utm_campaign=NHL_TEAM_SEA&utm_content=SCHEDULE_GM39,https://d2igy0yla8zi0u.cloudfront.net/ANA/20262027/ANA-radio.m3u8,https://d2igy0yla8zi0u.cloudfront.net/SEA/20262027/SEA-radio.m3u8,,,,,,,,,,,,,,
20252026,20262027,,US/Pacific,2026021228,20262027,2,2027-03-27,False,2027-03-27T18:00:00Z,-04:00,-05:00,US/Central,FUT,OK,"[{'id': 652, 'market': 'A', 'countryCode': 'US', 'network': 'Prime Video', 'sequenceNumber': 117}, {'id': 388, 'market': 'A', 'countryCode': 'US', 'network': 'KONG', 'sequenceNumber': 654}, {'id': 648, 'market': 'H', 'countryCode': 'US', 'network': 'MINNHL', 'sequenceNumber': 1}, {'id': 758, 'market': 'H', 'countryCode': 'US', 'network': 'Wild+', 'sequenceNumber': 1}]",,,/gamecenter/sea-vs-min/2027/03/27/2026021228,Grand Casino Arena,55,Kraken,Seattle,Seattle,de Seattle,SEA,https://assets.nhle.com/logos/nhl/svg/SEA_light.svg,https://assets.nhle.com/logos/nhl/svg/SEA_dark.svg,False,,,,,,30,Wild,Minnesota,Minnesota,du Minnesota,MIN,https://assets.nhle.com/logos/nhl/svg/MIN_light.svg,https://assets.nhle.com/logos/nhl/svg/MIN_dark.svg,False,,,,,,1,REG,3,,,,,,,,,https://mnwild.co/rs7bjd0b,https://mnwild.co/rs7bjd0b,https://d2igy0yla8zi0u.cloudfront.net/SEA/20262027/SEA-radio.m3u8,https://d2igy0yla8zi0u.cloudfront.net/MIN/20262027/MIN-radio.m3u8,,,,,,,,,,,,,,
20252026,20262027,,US/Pacific,2026021240,20262027,2,2027-03-28,False,2027-03-28T18:00:00Z,-04:00,-05:00,America/Chicago,FUT,OK,"[{'id': 284, 'market': 'N', 'countryCode': 'CA', 'network': 'SN1', 'sequenceNumber': 113}, {'id': 652, 'market': 'A', 'countryCode': 'US', 'network': 'Prime Video', 'sequenceNumber': 117}, {'id': 388, 'market': 'A', 'countryCode': 'US', 'network': 'KONG', 'sequenceNumber': 654}, {'id': 551, 'market': 'H', 'countryCode': 'US', 'network': 'CHSN', 'sequenceNumber': 254}]",,,/gamecenter/sea-vs-chi/2027/03/28/2026021240,United Center,55,Kraken,Seattle,Seattle,de Seattle,SEA,https://assets.nhle.com/logos/nhl/svg/SEA_light.svg,https://assets.nhle.com/logos/nhl/svg/SEA_dark.svg,False,,,,,,16,Blackhawks,Chicago,Chicago,de Chicago,CHI,https://assets.nhle.com/logos/nhl/svg/CHI_light.svg,https://assets.nhle.com/logos/nhl/svg/CHI_dark.svg,False,,,,,,1,REG,3,,,,,,,,,https://www.ticketmaster.com/event/040064F090197751?brand=blackhawks&artistid=805913&wt.mc_id=NHL_TEAM_CHI_SCHEDULE_GM39,https://www.ticketmaster.com/event/040064F090197751?brand=blackhawks&artistid=805913&wt.mc_id=NHL_TEAM_CHI_SCHEDULE_GM39,https://d2igy0yla8zi0u.cloudfront.net/SEA/20262027/SEA-radio.m3u8,https://d2igy0yla8zi0u.cloudfront.net/CHI/20262027/CHI-radio.m3u8,,,,,,,,,,,,,,
20252026,20262027,,US/Pacific,2026021257,20262027,2,2027-03-30,False,2027-03-31T01:40:00Z,-04:00,-07:00,US/Pacific,FUT,OK,"[{'id': 652, 'market': 'H', 'countryCode': 'US', 'network': 'Prime Video', 'sequenceNumber': 117}, {'id': 388, 'market': 'H', 'countryCode': 'US', 'network': 'KONG', 'sequenceNumber': 654}, {'id': 558, 'market': 'A', 'countryCode': 'US', 'network': 'Utah16', 'sequenceNumber': 381}]",,,/gamecenter/uta-vs-sea/2027/03/30/2026021257,Climate Pledge Arena,68,Mammoth,Utah,Utah,de l'Utah,UTA,https://assets.nhle.com/logos/nhl/svg/UTA_light.svg,https://assets.nhle.com/logos/nhl/svg/UTA_dark.svg,False,,,,,,55,Kraken,Seattle,Seattle,de Seattle,SEA,https://assets.nhle.com/logos/nhl/svg/SEA_light.svg,https://assets.nhle.com/logos/nhl/svg/SEA_dark.svg,False,,,https://stayinglevel.com/offers/seattle-climate-pledge-arena-fans/,Stay close to the action at Level,,1,REG,3,,,,,,,,,https://www.ticketmaster.com/event/0F0064C4A0F9A39D?brand=seattlekraken&artistid=2763657&wt.mc_id=NHL_TEAM_SEA_SCHEDULE_GM40&utm_source=NHL.com&utm_medium=client&utm_campaign=NHL_TEAM_SEA&utm_content=SCHEDULE_GM40,https://www.ticketmaster.com/event/0F0064C4A0F9A39D?brand=seattlekraken&artistid=2763657&wt.mc_id=NHL_TEAM_SEA_SCHEDULE_GM40&utm_source=NHL.com&utm_medium=client&utm_campaign=NHL_TEAM_SEA&utm_content=SCHEDULE_GM40,https://d2igy0yla8zi0u.cloudfront.net/UTA/20262027/UTA-radio.m3u8,https://d2igy0yla8zi0u.cloudfront.net/SEA/20262027/SEA-radio.m3u8,,,,,,,,,,,,,,
20252026,20262027,,US/Pacific,2026021284,20262027,2,2027-04-03,False,2027-04-03T23:00:00Z,-04:00,-07:00,US/Pacific,FUT,OK,"[{'id': 289, 'market': 'N', 'countryCode': 'CA', 'network': 'SNW', 'sequenceNumber': 34}, {'id': 652, 'market': 'H', 'countryCode': 'US', 'network': 'Prime Video', 'sequenceNumber': 117}, {'id': 388, 'market': 'H', 'countryCode': 'US', 'network': 'KONG', 'sequenceNumber': 654}]",,,/gamecenter/wpg-vs-sea/2027/04/03/2026021284,Climate Pledge Arena,52,Jets,Winnipeg,Winnipeg,de Winnipeg,WPG,https://assets.nhle.com/logos/nhl/svg/WPG_light.svg,https://assets.nhle.com/logos/nhl/svg/WPG_dark.svg,False,,,,,,55,Kraken,Seattle,Seattle,de Seattle,SEA,https://assets.nhle.com/logos/nhl/svg/SEA_light.svg,https://assets.nhle.com/logos/nhl/svg/SEA_dark.svg,False,,,https://stayinglevel.com/offers/seattle-climate-pledge-arena-fans/,Stay close to the action at Level,,1,REG,3,,,,,,,,,https://www.ticketmaster.com/event/0F0064C4A0FFA3A7?brand=seattlekraken&artistid=2763657&wt.mc_id=NHL_TEAM_SEA_SCHEDULE_GM41&utm_source=NHL.com&utm_medium=client&utm_campaign=NHL_TEAM_SEA&utm_content=SCHEDULE_GM41,https://www.ticketmaster.com/event/0F0064C4A0FFA3A7?brand=seattlekraken&artistid=2763657&wt.mc_id=NHL_TEAM_SEA_SCHEDULE_GM41&utm_source=NHL.com&utm_medium=client&utm_campaign=NHL_TEAM_SEA&utm_content=SCHEDULE_GM41,https://d2igy0yla8zi0u.cloudfront.net/WPG/20262027/WPG-radio.m3u8,https://d2igy0yla8zi0u.cloudfront.net/SEA/20262027/SEA-radio.m3u8,,,,,,,,,,,,,,
20252026,20262027,,US/Pacific,2026021299,20262027,2,2027-04-05,False,2027-04-06T00:00:00Z,-04:00,-05:00,US/Central,FUT,OK,"[{'id': 652, 'market': 'A', 'countryCode': 'US', 'network': 'Prime Video', 'sequenceNumber': 117}, {'id': 388, 'market': 'A', 'countryCode': 'US', 'network': 'KONG', 'sequenceNumber': 654}, {'id': 756, 'market': 'H', 'countryCode': 'US', 'network': 'KDFW 4', 'sequenceNumber': 1}, {'id': 652, 'market': 'H', 'countryCode': 'US', 'network': 'Prime Video', 'sequenceNumber': 117}]",,,/gamecenter/sea-vs-dal/2027/04/05/2026021299,American Airlines Center,55,Kraken,Seattle,Seattle,de Seattle,SEA,https://assets.nhle.com/logos/nhl/svg/SEA_light.svg,https://assets.nhle.com/logos/nhl/svg/SEA_dark.svg,False,,,,,,25,Stars,Dallas,Dallas,de Dallas,DAL,https://assets.nhle.com/logos/nhl/svg/DAL_light.svg,https://assets.nhle.com/logos/nhl/svg/DAL_dark.svg,False,https://www.aa.com/homePage.do?c=SPNS%7CDSP%7CSTR%7C2026%7CSCH%7C_STARS_2026_SCHEDULE_PAGE,Book flights with American Airlines,,,,1,REG,3,,,,,,,,,https://www.ticketmaster.com/event/0C0064EDDE64A7F4?brand=dallas_stars&wt.mc_id=NHL_TEAM_DAL_SCHEDULE_GM40&utm_source=NHL.com&utm_medium=client&utm_campaign=NHL_TEAM_DAL&utm_content=SCHEDULE_GM40,https://www.ticketmaster.com/event/0C0064EDDE64A7F4?brand=dallas_stars&wt.mc_id=NHL_TEAM_DAL_SCHEDULE_GM40&utm_source=NHL.com&utm_medium=client&utm_campaign=NHL_TEAM_DAL&utm_content=SCHEDULE_GM40,https://d2igy0yla8zi0u.cloudfront.net/SEA/20262027/SEA-radio.m3u8,https://d2igy0yla8zi0u.cloudfront.net/DAL/20262027/DAL-radio.m3u8,,,https://www.nhl.com/stars/tickets/promotional-schedule,View promotional schedule,,,,,,,,,,
20252026,20262027,,US/Pacific,2026021307,20262027,2,2027-04-06,False,2027-04-07T00:00:00Z,-04:00,-05:00,US/Central,FUT,OK,"[{'id': 652, 'market': 'A', 'countryCode': 'US', 'network': 'Prime Video', 'sequenceNumber': 117}, {'id': 388, 'market': 'A', 'countryCode': 'US', 'network': 'KONG', 'sequenceNumber': 654}, {'id': 521, 'market': 'H', 'countryCode': 'US', 'network': 'SCRIPPS', 'sequenceNumber': 657}]",,,/gamecenter/sea-vs-nsh/2027/04/06/2026021307,Bridgestone Arena,55,Kraken,Seattle,Seattle,de Seattle,SEA,https://assets.nhle.com/logos/nhl/svg/SEA_light.svg,https://assets.nhle.com/logos/nhl/svg/SEA_dark.svg,False,,,,,,18,Predators,Nashville,Nashville,de Nashville,NSH,https://assets.nhle.com/logos/nhl/svg/NSH_light.svg,https://assets.nhle.com/logos/nhl/svg/NSH_dark.svg,False,,,,,,1,REG,3,,,,,,,,,https://www.ticketmaster.com/event/1B006507EFD4E3FF?brand=predators&artistid=805978&landing=s&wt.mc_id=NHL_TEAM_NSH_SGT_PG_GM41&utm_source=NHL.com&utm_medium=PredsWebSchedule&utm_campaign=NHL_TEAM_NSH_SGT_PG_GM41,https://www.ticketmaster.com/event/1B006507EFD4E3FF?brand=predators&artistid=805978&landing=s&wt.mc_id=NHL_TEAM_NSH_SGT_PG_GM41&utm_source=NHL.com&utm_medium=PredsWebSchedule&utm_campaign=NHL_TEAM_NSH_SGT_PG_GM41,https://d2igy0yla8zi0u.cloudfront.net/SEA/20262027/SEA-radio.m3u8,https://d2igy0yla8zi0u.cloudfront.net/NSH/20262027/NSH-radio.m3u8,,,,,,,,,,,,,,
20252026,20262027,,US/Pacific,2026021321,20262027,2,2027-04-08,False,2027-04-09T00:00:00Z,-04:00,-05:00,US/Central,FUT,OK,"[{'id': 652, 'market': 'A', 'countryCode': 'US', 'network': 'Prime Video', 'sequenceNumber': 117}, {'id': 387, 'market': 'A', 'countryCode': 'US', 'network': 'KING', 'sequenceNumber': 615}, {'id': 388, 'market': 'A', 'countryCode': 'US', 'network': 'KONG', 'sequenceNumber': 654}, {'id': 649, 'market': 'H', 'countryCode': 'US', 'network': 'STLNHL', 'sequenceNumber': 1}, {'id': 650, 'market': 'H', 'countryCode': 'US', 'network': 'BN+', 'sequenceNumber': 1}]",,,/gamecenter/sea-vs-stl/2027/04/08/2026021321,Enterprise Center,55,Kraken,Seattle,Seattle,de Seattle,SEA,https://assets.nhle.com/logos/nhl/svg/SEA_light.svg,https://assets.nhle.com/logos/nhl/svg/SEA_dark.svg,False,,,,,,19,Blues,St. Louis,St. Louis,de St. Louis,STL,https://assets.nhle.com/logos/nhl/svg/STL_light.svg,https://assets.nhle.com/logos/nhl/svg/STL_dark.svg,False,,,https://www.stlouisunionstation.com/hotel-packages,Stay at Union Station,,1,REG,3,,,,,,,,,https://www.ticketmaster.com/event/060064EECDCD1AA3?brand=blues&artistid=806025&wt.mc_id=NHL_TEAM_STL_SCHEDULE_GM41&utm_source=NHL.com&utm_medium=client&utm_campaign=NHL_TEAM_STL&utm_content=SCHEDULE_GM41,https://www.ticketmaster.com/event/060064EECDCD1AA3?brand=blues&artistid=806025&wt.mc_id=NHL_TEAM_STL_SCHEDULE_GM41&utm_source=NHL.com&utm_medium=client&utm_campaign=NHL_TEAM_STL&utm_content=SCHEDULE_GM41,https://d2igy0yla8zi0u.cloudfront.net/SEA/20262027/SEA-radio.m3u8,https://d2igy0yla8zi0u.cloudfront.net/STL/20262027/STL-radio.m3u8,,,,,,,,,,,,,,
20252026,20262027,,US/Pacific,2026021336,20262027,2,2027-04-10,False,2027-04-10T22:00:00Z,-04:00,-05:00,America/Chicago,FUT,OK,"[{'id': 652, 'market': 'A', 'countryCode': 'US', 'network': 'Prime Video', 'sequenceNumber': 117}, {'id': 388, 'market': 'A', 'countryCode': 'US', 'network': 'KONG', 'sequenceNumber': 654}, {'id': 551, 'market': 'H', 'countryCode': 'US', 'network': 'CHSN', 'sequenceNumber': 254}]",,,/gamecenter/sea-vs-chi/2027/04/10/2026021336,United Center,55,Kraken,Seattle,Seattle,de Seattle,SEA,https://assets.nhle.com/logos/nhl/svg/SEA_light.svg,https://assets.nhle.com/logos/nhl/svg/SEA_dark.svg,False,,,,,,16,Blackhawks,Chicago,Chicago,de Chicago,CHI,https://assets.nhle.com/logos/nhl/svg/CHI_light.svg,https://assets.nhle.com/logos/nhl/svg/CHI_dark.svg,False,,,,,,1,REG,3,,,,,,,,,https://www.ticketmaster.com/event/040064F090237777?brand=blackhawks&artistid=805913&wt.mc_id=NHL_TEAM_CHI_SCHEDULE_GM41,https://www.ticketmaster.com/event/040064F090237777?brand=blackhawks&artistid=805913&wt.mc_id=NHL_TEAM_CHI_SCHEDULE_GM41,https://d2igy0yla8zi0u.cloudfront.net/SEA/20262027/SEA-radio.m3u8,https://d2igy0yla8zi0u.cloudfront.net/CHI/20262027/CHI-radio.m3u8,,,,,,,,,,,,,,
