club_previous_season,club_current_season,club_next_season,club_timezone,id,season,game_type,game_date,neutral_site,start_time_utc,eastern_utc_offset,venue_utc_offset,venue_timezone,game_state,game_schedule_state,tv_broadcasts,three_min_recap_fr,condensed_game,game_center_link,venue_default,away_team_id,away_team_common_name_default,away_team_place_name_default,away_team_place_name_with_preposition_default,away_team_place_name_with_preposition_fr,away_team_abbrev,away_team_logo,away_team_dark_logo,away_team_away_split_squad,away_team_airline_link,away_team_airline_desc,away_team_hotel_link,away_team_hotel_desc,away_team_score,home_team_id,home_team_common_name_default,home_team_place_name_default,home_team_place_name_with_preposition_default,home_team_place_name_with_preposition_fr,home_team_abbrev,home_team_logo,home_team_dark_logo,home_team_home_split_squad,home_team_airline_link,home_team_airline_desc,home_team_hotel_link,home_team_hotel_desc,home_team_score,period_descriptor_number,period_descriptor_period_type,period_descriptor_max_regulation_periods,game_outcome_last_period_type,winning_goalie_player_id,winning_goalie_first_initial_default,winning_goalie_last_name_default,winning_goal_scorer_player_id,winning_goal_scorer_first_initial_default,winning_goal_scorer_last_name_default,three_min_recap,tickets_link,tickets_link_fr,away_team_promo_link,away_team_promo_desc,away_team_radio_link,home_team_promo_link,home_team_promo_desc,home_team_radio_link,away_team_place_name_fr,venue_fr,home_team_common_name_fr,venue_es,away_team_common_name_fr,home_team_place_name_fr
20252026,20262027,,US/Central,2026010001,20262027,1,2026-09-19,False,2026-09-19T23:00:00Z,-04:00,-05:00,US/Central,FINAL,OK,"[{'id': 579, 'market': 'H', 'countryCode': 'US', 'network': 'Blues App', 'sequenceNumber': 206}]",/fr/video/dal-vs-stl-19-09-2026-resume-6405317421112,/video/dal-at-stl-condensed-game-6405316931112,/gamecenter/dal-vs-stl/2026/09/19/2026010001,Enterprise Center,25,Stars,Dallas,Dallas,de Dallas,DAL,https://assets.nhle.com/logos/nhl/svg/DAL_light.svg,https://assets.nhle.com/logos/nhl/svg/DAL_dark.svg,False,https://www.aa.com/homePage.do?c=SPNS%7CDSP%7CSTR%7C2026%7CSCH%7C_STARS_2026_SCHEDULE_PAGE,Book flights with American Airlines,,,2.0,19,Blues,St. Louis,St. Louis,de St. Louis,STL,https://assets.nhle.com/logos/nhl/svg/STL_light.svg,https://assets.nhle.com/logos/nhl/svg/STL_dark.svg,False,,,https://www.stlouisunionstation.com/hotel-packages,Stay at Union Station,1.0,3,REG,3,REG,8482465.0,R.,Poirier,8478912.0,J.,Becker,,,,,,,,,,,,,,,
20252026,20262027,,US/Central,2026010021,20262027,1,2026-09-21,False,2026-09-22T00:00:00Z,-04:00,-05:00,US/Central,FINAL,OK,[],/fr/video/stl-vs-dal-21-09-2026-resume-6405394823112,/video/stl-at-dal-condensed-game-6405394503112,/gamecenter/stl-vs-dal/2026/09/21/2026010021,American Airlines Center,19,Blues,St. Louis,St. Louis,de St. Louis,STL,https://assets.nhle.com/logos/nhl/svg/STL_light.svg,https://assets.nhle.com/logos/nhl/svg/STL_dark.svg,False,,,,,1.0,25,Stars,Dallas,Dallas,de Dallas,DAL,https://assets.nhle.com/logos/nhl/svg/DAL_light.svg,https://assets.nhle.com/logos/nhl/svg/DAL_dark.svg,False,https://www.aa.com/homePage.do?c=SPNS%7CDSP%7CSTR%7C2026%7CSCH%7C_STARS_2026_SCHEDULE_PAGE,Book flights with American Airlines,,,2.0,3,REG,3,REG,8479193.0,C.,DeSmith,8480878.0,N.,Lundkvist,/video/stl-at-dal-recap-6405393991112,,,,,,,,,,,,,,
20252026,20262027,,US/Central,2026010034,20262027,1,2026-09-23,False,2026-09-24T00:00:00Z,-04:00,-05:00,US/Central,FINAL,OK,"[{'id': 25, 'market': 'A', 'countryCode': 'US', 'network': 'KSTC', 'sequenceNumber': 618}]",/fr/video/min-vs-dal-23-09-2026-resume-6405519484112,/video/min-at-dal-condensed-game-6405520750112,/gamecenter/min-vs-dal/2026/09/23/2026010034,American Airlines Center,30,Wild,Minnesota,Minnesota,du Minnesota,MIN,https://assets.nhle.com/logos/nhl/svg/MIN_light.svg,https://assets.nhle.com/logos/nhl/svg/MIN_dark.svg,False,,,,,0.0,25,Stars,Dallas,Dallas,de Dallas,DAL,https://assets.nhle.com/logos/nhl/svg/DAL_light.svg,https://assets.nhle.com/logos/nhl/svg/DAL_dark.svg,False,https://www.aa.com/homePage.do?c=SPNS%7CDSP%7CSTR%7C2026%7CSCH%7C_STARS_2026_SCHEDULE_PAGE,Book flights with American Airlines,,,2.0,3,REG,3,REG,8482465.0,R.,Poirier,8483514.0,M.,Seminoff,/video/min-at-dal-recap-6405521322112,,,,,,,,,,,,,,
20252026,20262027,,US/Central,2026010050,20262027,1,2026-09-25,False,2026-09-26T00:00:00Z,-04:00,-05:00,US/Central,FINAL,OK,"[{'id': 385, 'market': 'N', 'countryCode': 'US', 'network': 'TNT', 'sequenceNumber': 11}, {'id': 501, 'market': 'N', 'countryCode': 'US', 'network': 'truTV', 'sequenceNumber': 14}, {'id': 578, 'market': 'N', 'countryCode': 'US', 'network': 'HBO MAX', 'sequenceNumber': 19}]",/fr/video/dal-vs-min-25-09-2026-resume-6405654456112,/video/dal-at-min-condensed-game-6405654651112,/gamecenter/dal-vs-min/2026/09/25/2026010050,Grand Casino Arena,25,Stars,Dallas,Dallas,de Dallas,DAL,https://assets.nhle.com/logos/nhl/svg/DAL_light.svg,https://assets.nhle.com/logos/nhl/svg/DAL_dark.svg,False,https://www.aa.com/homePage.do?c=SPNS%7CDSP%7CSTR%7C2026%7CSCH%7C_STARS_2026_SCHEDULE_PAGE,Book flights with American Airlines,,,2.0,30,Wild,Minnesota,Minnesota,du Minnesota,MIN,https://assets.nhle.com/logos/nhl/svg/MIN_light.svg,https://assets.nhle.com/logos/nhl/svg/MIN_dark.svg,False,,,,,1.0,3,REG,3,REG,8479193.0,C.,DeSmith,8481581.0,T.,Harley,/video/dal-at-min-recap-6405654650112,,,,,,,,,,,,,,
20252026,20262027,,US/Central,2026020020,20262027,2,2026-10-02,False,2026-10-03T01:00:00Z,-04:00,-05:00,US/Central,FUT,OK,"[{'id': 385, 'market': 'N', 'countryCode': 'US', 'network': 'TNT', 'sequenceNumber': 11}, {'id': 501, 'market': 'N', 'countryCode': 'US', 'network': 'truTV', 'sequenceNumber': 14}, {'id': 578, 'market': 'N', 'countryCode': 'US', 'network': 'HBO MAX', 'sequenceNumber': 19}, {'id': 284, 'market': 'N', 'countryCode': 'CA', 'network': 'SN1', 'sequenceNumber': 113}]",,,/gamecenter/stl-vs-dal/2026/10/02/2026020020,American Airlines Center,19,Blues,St. Louis,St. Louis,de St. Louis,STL,https://assets.nhle.com/logos/nhl/svg/STL_light.svg,https://assets.nhle.com/logos/nhl/svg/STL_dark.svg,False,,,,,,25,Stars,Dallas,Dallas,de Dallas,DAL,https://assets.nhle.com/logos/nhl/svg/DAL_light.svg,https://assets.nhle.com/logos/nhl/svg/DAL_dark.svg,False,https://www.aa.com/homePage.do?c=SPNS%7CDSP%7CSTR%7C2026%7CSCH%7C_STARS_2026_SCHEDULE_PAGE,Book flights with American Airlines,,,,1,REG,3,,,,,,,,,https://www.ticketmaster.com/event/0C0064EDCDE79355?brand=dallas_stars&wt.mc_id=NHL_TEAM_DAL_SCHEDULE_GM1&utm_source=NHL.com&utm_medium=client&utm_campaign=NHL_TEAM_DAL&utm_content=SCHEDULE_GM1,https://www.ticketmaster.com/event/0C0064EDCDE79355?brand=dallas_stars&wt.mc_id=NHL_TEAM_DAL_SCHEDULE_GM1&utm_source=NHL.com&utm_medium=client&utm_campaign=NHL_TEAM_DAL&utm_content=SCHEDULE_GM1,,,https://d2igy0yla8zi0u.cloudfront.net/STL/20262027/STL-radio.m3u8,https://www.nhl.com/stars/tickets/promotional-schedule,View promotional schedule,https://d2igy0yla8zi0u.cloudfront.net/DAL/20262027/DAL-radio.m3u8,,,,,,
20252026,20262027,,US/Central,2026020030,20262027,2,2026-10-03,False,2026-10-04T00:00:00Z,-04:00,-05:00,US/Central,FUT,OK,"[{'id': 652, 'market': 'A', 'countryCode': 'US', 'network': 'Prime Video', 'sequenceNumber': 117}, {'id': 521, 'market': 'H', 'countryCode': 'US', 'network': 'SCRIPPS', 'sequenceNumber': 657}]",,,/gamecenter/dal-vs-nsh/2026/10/03/2026020030,Bridgestone Arena,25,Stars,Dallas,Dallas,de Dallas,DAL,https://assets.nhle.com/logos/nhl/svg/DAL_light.svg,https://assets.nhle.com/logos/nhl/svg/DAL_dark.svg,False,https://www.aa.com/homePage.do?c=SPNS%7CDSP%7CSTR%7C2026%7CSCH%7C_STARS_2026_SCHEDULE_PAGE,Book flights with American Airlines,,,,18,Predators,Nashville,Nashville,de Nashville,NSH,https://assets.nhle.com/logos/nhl/svg/NSH_light.svg,https://assets.nhle.com/logos/nhl/svg/NSH_dark.svg,False,,,,,,1,REG,3,,,,,,,,,https://www.ticketmaster.com/event/1B006507EFE4E420?brand=predators&artistid=805978&landing=s&wt.mc_id=NHL_TEAM_NSH_SGT_PG_GM2&utm_source=NHL.com&utm_medium=PredsWebSchedule&utm_campaign=NHL_TEAM_NSH_SGT_PG_GM2,https://www.ticketmaster.com/event/1B006507EFE4E420?brand=predators&artistid=805978&landing=s&wt.mc_id=NHL_TEAM_NSH_SGT_PG_GM2&utm_source=NHL.com&utm_medium=PredsWebSchedule&utm_campaign=NHL_TEAM_NSH_SGT_PG_GM2,,,https://d2igy0yla8zi0u.cloudfront.net/DAL/20262027/DAL-radio.m3u8,https://predators.spinzo.com/nashville-predators-vs-dallas-stars-2026-10-03-JFEUB?group=hispanic-heritage-night-6a4u&affiliate=web-jyg7&utm_source=Preds Web&utm_medium=Spinzo&utm_campaign=2627Preds,Hispanic Music Heritage Night,https://d2igy0yla8zi0u.cloudfront.net/NSH/20262027/NSH-radio.m3u8,,,,,,
20252026,20262027,,US/Central,2026020043,20262027,2,2026-10-05,False,2026-10-06T00:00:00Z,-04:00,-05:00,US/Central,FUT,OK,"[{'id': 652, 'market': 'H', 'countryCode': 'US', 'network': 'Prime Video', 'sequenceNumber': 117}, {'id': 314, 'market': 'A', 'countryCode': 'US', 'network': 'NBCSCA', 'sequenceNumber': 393}]",,,/gamecenter/sjs-vs-dal/2026/10/05/2026020043,American Airlines Center,28,Sharks,San Jose,San Jose,de San Jose,SJS,https://assets.nhle.com/logos/nhl/svg/SJS_light.svg,https://assets.nhle.com/logos/nhl/svg/SJS_dark.svg,False,,,,,,25,Stars,Dallas,Dallas,de Dallas,DAL,https://assets.nhle.com/logos/nhl/svg/DAL_light.svg,https://assets.nhle.com/logos/nhl/svg/DAL_dark.svg,False,https://www.aa.com/homePage.do?c=SPNS%7CDSP%7CSTR%7C2026%7CSCH%7C_STARS_2026_SCHEDULE_PAGE,Book flights with American Airlines,,,,1,REG,3,,,,,,,,,https://www.ticketmaster.com/event/0C0064EDDB82A477?brand=dallas_stars&wt.mc_id=NHL_TEAM_DAL_SCHEDULE_GM2&utm_source=NHL.com&utm_medium=client&utm_campaign=NHL_TEAM_DAL&utm_content=SCHEDULE_GM2,https://www.ticketmaster.com/event/0C0064EDDB82A477?brand=dallas_stars&wt.mc_id=NHL_TEAM_DAL_SCHEDULE_GM2&utm_source=NHL.com&utm_medium=client&utm_campaign=NHL_TEAM_DAL&utm_content=SCHEDULE_GM2,,,https://d2igy0yla8zi0u.cloudfront.net/SJS/20262027/SJS-radio.m3u8,https://www.nhl.com/stars/tickets/promotional-schedule,View promotional schedule,https://d2igy0yla8zi0u.cloudfront.net/DAL/20262027/DAL-radio.m3u8,,,,,,
20252026,20262027,,US/Central,2026020057,20262027,2,2026-10-08,False,2026-10-08T23:00:00Z,-04:00,-04:00,America/New_York,FUT,OK,"[{'id': 652, 'market': 'A', 'countryCode': 'US', 'network': 'Prime Video', 'sequenceNumber': 117}, {'id': 28, 'market': 'H', 'countryCode': 'US', 'network': 'MSG-B', 'sequenceNumber': 392}]",,,/gamecenter/dal-vs-buf/2026/10/08/2026020057,KeyBank Center,25,Stars,Dallas,Dallas,de Dallas,DAL,https://assets.nhle.com/logos/nhl/svg/DAL_light.svg,https://assets.nhle.com/logos/nhl/svg/DAL_dark.svg,False,https://www.aa.com/homePage.do?c=SPNS%7CDSP%7CSTR%7C2026%7CSCH%7C_STARS_2026_SCHEDULE_PAGE,Book flights with American Airlines,,,,7,Sabres,Buffalo,Buffalo,de Buffalo,BUF,https://assets.nhle.com/logos/nhl/svg/BUF_light.svg,https://assets.nhle.com/logos/nhl/svg/BUF_dark.svg,False,,,,,,1,REG,3,,,,,,,,,https://www.ticketmaster.com/event/000064EFCB127F68?brand=sabres&artistid=805906&wt.mc_id=NHL_TEAM_BUF_SCHEDULE_GM3&utm_source=NHL.com&utm_medium=client&utm_campaign=NHL_TEAM_BUF&utm_content=SCHEDULE_GM3,https://www.ticketmaster.com/event/000064EFCB127F68?brand=sabres&artistid=805906&wt.mc_id=NHL_TEAM_BUF_SCHEDULE_GM3&utm_source=NHL.com&utm_medium=client&utm_campaign=NHL_TEAM_BUF&utm_content=SCHEDULE_GM3,,,https://d2igy0yla8zi0u.cloudfront.net/DAL/20262027/DAL-radio.m3u8,https://www.nhl.com/sabres/tickets/theme-nights,Oktoberfest,https://d2igy0yla8zi0u.cloudfront.net/BUF/20262027/BUF-radio.m3u8,,,,,,
20252026,20262027,,US/Central,2026020077,20262027,2,2026-10-10,False,2026-10-10T23:00:00Z,-04:00,-04:00,US/Eastern,FUT,OK,"[{'id': 652, 'market': 'A', 'countryCode': 'US', 'network': 'Prime Video', 'sequenceNumber': 117}, {'id': 528, 'market': 'H', 'countryCode': 'US', 'network': 'SN-PIT', 'sequenceNumber': 384}]",,,/gamecenter/dal-vs-pit/2026/10/10/2026020077,PPG Paints Arena,25,Stars,Dallas,Dallas,de Dallas,DAL,https://assets.nhle.com/logos/nhl/svg/DAL_light.svg,https://assets.nhle.com/logos/nhl/svg/DAL_dark.svg,False,https://www.aa.com/homePage.do?c=SPNS%7CDSP%7CSTR%7C2026%7CSCH%7C_STARS_2026_SCHEDULE_PAGE,Book flights with American Airlines,,,,5,Penguins,Pittsburgh,Pittsburgh,de Pittsburgh,PIT,https://assets.nhle.com/logos/nhl/svg/PIT_light.svg,https://assets.nhle.com/logos/nhl/svg/PIT_dark.svg,False,,,,,,1,REG,3,,,,,,,,,https://www.ticketmaster.com/event/160064EAF579B899?brand=penguins&artistid=806005&wt.mc_id=NHL_TEAM_PIT_SCHEDULE_GM3&utm_source=NHL.com&utm_medium=client&utm_campaign=NHL_TEAM_PIT&utm_content=SCHEDULE_GM3&camefrom=NHLPENGUINS_WEB_SCHEDULE,https://www.ticketmaster.com/event/160064EAF579B899?brand=penguins&artistid=806005&wt.mc_id=NHL_TEAM_PIT_SCHEDULE_GM3&utm_source=NHL.com&utm_medium=client&utm_campaign=NHL_TEAM_PIT&utm_content=SCHEDULE_GM3&camefrom=NHLPENGUINS_WEB_SCHEDULE,,,https://d2igy0yla8zi0u.cloudfront.net/DAL/20262027/DAL-radio.m3u8,,,https://d2igy0yla8zi0u.cloudfront.net/PIT/20262027/PIT-radio.m3u8,,,,,,
20252026,20262027,,US/Central,2026020100,20262027,2,2026-10-13,False,2026-10-14T00:30:00Z,-04:00,-05:00,US/Central,FUT,OK,"[{'id': 309, 'market': 'N', 'countryCode': 'US', 'network': 'ESPN', 'sequenceNumber': 10}, {'id': 549, 'market': 'N', 'countryCode': 'CA', 'network': 'SN+', 'sequenceNumber': 117}, {'id': 281, 'market': 'N', 'countryCode': 'CA', 'network': 'TVAS', 'sequenceNumber': 120}]",,,/gamecenter/col-vs-dal/2026/10/13/2026020100,American Airlines Center,21,Avalanche,Colorado,Colorado,du Colorado,COL,https://assets.nhle.com/logos/nhl/svg/COL_light.svg,https://assets.nhle.com/logos/nhl/svg/COL_dark.svg,False,,,,,,25,Stars,Dallas,Dallas,de Dallas,DAL,https://assets.nhle.com/logos/nhl/svg/DAL_light.svg,https://assets.nhle.com/logos/nhl/svg/DAL_dark.svg,False,https://www.aa.com/homePage.do?c=SPNS%7CDSP%7CSTR%7C2026%7CSCH%7C_STARS_2026_SCHEDULE_PAGE,Book flights with American Airlines,,,,1,REG,3,,,,,,,,,https://www.ticketmaster.com/event/0C0064EDD5FE9D0A?brand=dallas_stars&wt.mc_id=NHL_TEAM_DAL_SCHEDULE_GM3&utm_source=NHL.com&utm_medium=client&utm_campaign=NHL_TEAM_DAL&utm_content=SCHEDULE_GM3,https://www.ticketmaster.com/event/0C0064EDD5FE9D0A?brand=dallas_stars&wt.mc_id=NHL_TEAM_DAL_SCHEDULE_GM3&utm_source=NHL.com&utm_medium=client&utm_campaign=NHL_TEAM_DAL&utm_content=SCHEDULE_GM3,,,https://d2igy0yla8zi0u.cloudfront.net/COL/20262027/COL-radio.m3u8,https://www.nhl.com/stars/tickets/promotional-schedule,View promotional schedule,https://d2igy0yla8zi0u.cloudfront.net/DAL/20262027/DAL-radio.m3u8,,,,,,
20252026,20262027,,US/Central,2026020107,20262027,2,2026-10-14,False,2026-10-15T00:30:00Z,-04:00,-06:00,America/Denver,FUT,OK,"[{'id': 385, 'market': 'N', 'countryCode': 'US', 'network': 'TNT', 'sequenceNumber': 11}, {'id': 501, 'market': 'N', 'countryCode': 'US', 'network': 'truTV', 'sequenceNumber': 14}, {'id': 578, 'market': 'N', 'countryCode': 'US', 'network': 'HBO MAX', 'sequenceNumber': 19}]",,,/gamecenter/dal-vs-col/2026/10/14/2026020107,Ball Arena,25,Stars,Dallas,Dallas,de Dallas,DAL,https://assets.nhle.com/logos/nhl/svg/DAL_light.svg,https://assets.nhle.com/logos/nhl/svg/DAL_dark.svg,False,https://www.aa.com/homePage.do?c=SPNS%7CDSP%7CSTR%7C2026%7CSCH%7C_STARS_2026_SCHEDULE_PAGE,Book flights with American Airlines,,,,21,Avalanche,Colorado,Colorado,du Colorado,COL,https://assets.nhle.com/logos/nhl/svg/COL_light.svg,https://assets.nhle.com/logos/nhl/svg/COL_dark.svg,False,,,,,,1,REG,3,,,,,,,,,https://avs.social/2627_SCHEDULE_GM4,https://avs.social/2627_SCHEDULE_GM4,,,https://d2igy0yla8zi0u.cloudfront.net/DAL/20262027/DAL-radio.m3u8,https://avalanchepremium.com/events/Colorado-Avalanche-vs-Dallas-Stars-125239/,Premium Spaces,https://d2igy0yla8zi0u.cloudfront.net/COL/20262027/COL-radio.m3u8,,,,,,
20252026,20262027,,US/Central,2026020130,20262027,2,2026-10-17,False,2026-10-17T23:00:00Z,-04:00,-05:00,America/Chicago,FUT,OK,"[{'id': 652, 'market': 'A', 'countryCode': 'US', 'network': 'Prime Video', 'sequenceNumber': 117}, {'id': 551, 'market': 'H', 'countryCode': 'US', 'network': 'CHSN', 'sequenceNumber': 254}]",,,/gamecenter/dal-vs-chi/2026/10/17/2026020130,United Center,25,Stars,Dallas,Dallas,de Dallas,DAL,https://assets.nhle.com/logos/nhl/svg/DAL_light.svg,https://assets.nhle.com/logos/nhl/svg/DAL_dark.svg,False,https://www.aa.com/homePage.do?c=SPNS%7CDSP%7CSTR%7C2026%7CSCH%7C_STARS_2026_SCHEDULE_PAGE,Book flights with American Airlines,,,,16,Blackhawks,Chicago,Chicago,de Chicago,CHI,https://assets.nhle.com/logos/nhl/svg/CHI_light.svg,https://assets.nhle.com/logos/nhl/svg/CHI_dark.svg,False,,,,,,1,REG,3,,,,,,,,,https://www.ticketmaster.com/event/040064F0903F77D5?brand=blackhawks&artistid=805913&wt.mc_id=NHL_TEAM_CHI_SCHEDULE_GM5,https://www.ticketmaster.com/event/040064F0903F77D5?brand=blackhawks&artistid=805913&wt.mc_id=NHL_TEAM_CHI_SCHEDULE_GM5,,,https://d2igy0yla8zi0u.cloudfront.net/DAL/20262027/DAL-radio.m3u8,,,https://d2igy0yla8zi0u.cloudfront.net/CHI/20262027/CHI-radio.m3u8,,,,,,
20252026,20262027,,US/Central,2026020147,20262027,2,2026-10-20,False,2026-10-21T00:00:00Z,-04:00,-05:00,US/Central,FUT,OK,"[{'id': 309, 'market': 'N', 'countryCode': 'US', 'network': 'ESPN', 'sequenceNumber': 10}, {'id': 549, 'market': 'N', 'countryCode': 'CA', 'network': 'SN+', 'sequenceNumber': 117}]",,,/gamecenter/bos-vs-dal/2026/10/20/2026020147,American Airlines Center,6,Bruins,Boston,Boston,de Boston,BOS,https://assets.nhle.com/logos/nhl/svg/BOS_light.svg,https://assets.nhle.com/logos/nhl/svg/BOS_dark.svg,False,,,,,,25,Stars,Dallas,Dallas,de Dallas,DAL,https://assets.nhle.com/logos/nhl/svg/DAL_light.svg,https://assets.nhle.com/logos/nhl/svg/DAL_dark.svg,False,https://www.aa.com/homePage.do?c=SPNS%7CDSP%7CSTR%7C2026%7CSCH%7C_STARS_2026_SCHEDULE_PAGE,Book flights with American Airlines,,,,1,REG,3,,,,,,,,,https://www.ticketmaster.com/event/0C0064EDD6039D12?brand=dallas_stars&wt.mc_id=NHL_TEAM_DAL_SCHEDULE_GM4&utm_source=NHL.com&utm_medium=client&utm_campaign=NHL_TEAM_DAL&utm_content=SCHEDULE_GM4,https://www.ticketmaster.com/event/0C0064EDD6039D12?brand=dallas_stars&wt.mc_id=NHL_TEAM_DAL_SCHEDULE_GM4&utm_source=NHL.com&utm_medium=client&utm_campaign=NHL_TEAM_DAL&utm_content=SCHEDULE_GM4,,,https://d2igy0yla8zi0u.cloudfront.net/BOS/20262027/BOS-radio.m3u8,,,https://d2igy0yla8zi0u.cloudfront.net/DAL/20262027/DAL-radio.m3u8,,,,,,
20252026,20262027,,US/Central,2026020161,20262027,2,2026-10-22,False,2026-10-23T00:00:00Z,-04:00,-05:00,US/Central,FUT,OK,"[{'id': 756, 'market': 'H', 'countryCode': 'US', 'network': 'KDFW 4', 'sequenceNumber': 1}, {'id': 652, 'market': 'H', 'countryCode': 'US', 'network': 'Prime Video', 'sequenceNumber': 117}, {'id': 292, 'market': 'A', 'countryCode': 'CA', 'network': 'TSN3', 'sequenceNumber': 134}]",,,/gamecenter/wpg-vs-dal/2026/10/22/2026020161,American Airlines Center,52,Jets,Winnipeg,Winnipeg,de Winnipeg,WPG,https://assets.nhle.com/logos/nhl/svg/WPG_light.svg,https://assets.nhle.com/logos/nhl/svg/WPG_dark.svg,False,,,,,,25,Stars,Dallas,Dallas,de Dallas,DAL,https://assets.nhle.com/logos/nhl/svg/DAL_light.svg,https://assets.nhle.com/logos/nhl/svg/DAL_dark.svg,False,https://www.aa.com/homePage.do?c=SPNS%7CDSP%7CSTR%7C2026%7CSCH%7C_STARS_2026_SCHEDULE_PAGE,Book flights with American Airlines,,,,1,REG,3,,,,,,,,,https://www.ticketmaster.com/event/0C0064EDDB87A47E?brand=dallas_stars&wt.mc_id=NHL_TEAM_DAL_SCHEDULE_GM5&utm_source=NHL.com&utm_medium=client&utm_campaign=NHL_TEAM_DAL&utm_content=SCHEDULE_GM5,https://www.ticketmaster.com/event/0C0064EDDB87A47E?brand=dallas_stars&wt.mc_id=NHL_TEAM_DAL_SCHEDULE_GM5&utm_source=NHL.com&utm_medium=client&utm_campaign=NHL_TEAM_DAL&utm_content=SCHEDULE_GM5,,,https://d2igy0yla8zi0u.cloudfront.net/WPG/20262027/WPG-radio.m3u8,https://www.nhl.com/stars/tickets/promotional-schedule,View promotional schedule,https://d2igy0yla8zi0u.cloudfront.net/DAL/20262027/DAL-radio.m3u8,,,,,,
20252026,20262027,,US/Central,2026020181,20262027,2,2026-10-25,False,2026-10-25T22:00:00Z,-04:00,-05:00,US/Central,FUT,OK,"[{'id': 652, 'market': 'H', 'countryCode': 'US', 'network': 'Prime Video', 'sequenceNumber': 117}, {'id': 409, 'market': 'A', 'countryCode': 'US', 'network': 'MSGSN', 'sequenceNumber': 411}]",,,/gamecenter/nyi-vs-dal/2026/10/25/2026020181,American Airlines Center,2,Islanders,New York,New York,de New York,NYI,https://assets.nhle.com/logos/nhl/svg/NYI_light.svg,https://assets.nhle.com/logos/nhl/svg/NYI_dark.svg,False,https://www.jetblue.com/?utm_source=nyi_website&utm_medium=schedulepage&utm_campaign=nyi_belmontdepositcampaign&utm_content=jetblueicon,Fly JetBlue,,,,25,Stars,Dallas,Dallas,de Dallas,DAL,https://assets.nhle.com/logos/nhl/svg/DAL_light.svg,https://assets.nhle.com/logos/nhl/svg/DAL_dark.svg,False,https://www.aa.com/homePage.do?c=SPNS%7CDSP%7CSTR%7C2026%7CSCH%7C_STARS_2026_SCHEDULE_PAGE,Book flights with American Airlines,,,,1,REG,3,,,,,,,,,https://www.ticketmaster.com/event/0C0064EDD6089D1E?brand=dallas_stars&wt.mc_id=NHL_TEAM_DAL_SCHEDULE_GM6&utm_source=NHL.com&utm_medium=client&utm_campaign=NHL_TEAM_DAL&utm_content=SCHEDULE_GM6,https://www.ticketmaster.com/event/0C0064EDD6089D1E?brand=dallas_stars&wt.mc_id=NHL_TEAM_DAL_SCHEDULE_GM6&utm_source=NHL.com&utm_medium=client&utm_campaign=NHL_TEAM_DAL&utm_content=SCHEDULE_GM6,,,https://d2igy0yla8zi0u.cloudfront.net/NYI/20262027/NYI-radio.m3u8,https://www.nhl.com/stars/tickets/promotional-schedule,View promotional schedule,https://d2igy0yla8zi0u.cloudfront.net/DAL/20262027/DAL-radio.m3u8,,,,,,
20252026,20262027,,US/Central,2026020193,20262027,2,2026-10-27,False,2026-10-28T00:00:00Z,-04:00,-05:00,US/Central,FUT,OK,"[{'id': 652, 'market': 'H', 'countryCode': 'US', 'network': 'Prime Video', 'sequenceNumber': 117}, {'id': 409, 'market': 'A', 'countryCode': 'US', 'network': 'MSGSN', 'sequenceNumber': 411}]",,,/gamecenter/njd-vs-dal/2026/10/27/2026020193,American Airlines Center,1,Devils,New Jersey,New Jersey,du New Jersey,NJD,https://assets.nhle.com/logos/nhl/svg/NJD_light.svg,https://assets.nhle.com/logos/nhl/svg/NJD_dark.svg,False,,,,,,25,Stars,Dallas,Dallas,de Dallas,DAL,https://assets.nhle.com/logos/nhl/svg/DAL_light.svg,https://assets.nhle.com/logos/nhl/svg/DAL_dark.svg,False,https://www.aa.com/homePage.do?c=SPNS%7CDSP%7CSTR%7C2026%7CSCH%7C_STARS_2026_SCHEDULE_PAGE,Book flights with American Airlines,,,,1,REG,3,,,,,,,,,https://www.ticketmaster.com/event/0C0064EDDB8CA487?brand=dallas_stars&wt.mc_id=NHL_TEAM_DAL_SCHEDULE_GM7&utm_source=NHL.com&utm_medium=client&utm_campaign=NHL_TEAM_DAL&utm_content=SCHEDULE_GM7,https://www.ticketmaster.com/event/0C0064EDDB8CA487?brand=dallas_stars&wt.mc_id=NHL_TEAM_DAL_SCHEDULE_GM7&utm_source=NHL.com&utm_medium=client&utm_campaign=NHL_TEAM_DAL&utm_content=SCHEDULE_GM7,,,https://d2igy0yla8zi0u.cloudfront.net/NJD/20262027/NJD-radio.m3u8,https://www.nhl.com/stars/tickets/promotional-schedule,View promotional schedule,https://d2igy0yla8zi0u.cloudfront.net/DAL/20262027/DAL-radio.m3u8,,,,,,
20252026,20262027,,US/Central,2026020209,20262027,2,2026-10-29,False,2026-10-30T00:00:00Z,-04:00,-05:00,US/Central,FUT,OK,"[{'id': 652, 'market': 'H', 'countryCode': 'US', 'network': 'Prime Video', 'sequenceNumber': 117}, {'id': 131, 'market': 'A', 'countryCode': 'CA', 'network': 'TSN2', 'sequenceNumber': 112}, {'id': 33, 'market': 'A', 'countryCode': 'CA', 'network': 'RDS', 'sequenceNumber': 145}]",,,/gamecenter/mtl-vs-dal/2026/10/29/2026020209,American Airlines Center,8,Canadiens,Montréal,Montréal,de Montréal,MTL,https://assets.nhle.com/logos/nhl/svg/MTL_light.svg,https://assets.nhle.com/logos/nhl/svg/MTL_dark.svg,False,,,,,,25,Stars,Dallas,Dallas,de Dallas,DAL,https://assets.nhle.com/logos/nhl/svg/DAL_light.svg,https://assets.nhle.com/logos/nhl/svg/DAL_dark.svg,False,https://www.aa.com/homePage.do?c=SPNS%7CDSP%7CSTR%7C2026%7CSCH%7C_STARS_2026_SCHEDULE_PAGE,Book flights with American Airlines,,,,1,REG,3,,,,,,,,,https://www.ticketmaster.com/event/0C0064EDDB92A48B?brand=dallas_stars&wt.mc_id=NHL_TEAM_DAL_SCHEDULE_GM8&utm_source=NHL.com&utm_medium=client&utm_campaign=NHL_TEAM_DAL&utm_content=SCHEDULE_GM8,https://www.ticketmaster.com/event/0C0064EDDB92A48B?brand=dallas_stars&wt.mc_id=NHL_TEAM_DAL_SCHEDULE_GM8&utm_source=NHL.com&utm_medium=client&utm_campaign=NHL_TEAM_DAL&utm_content=SCHEDULE_GM8,,,https://d2igy0yla8zi0u.cloudfront.net/MTL/20262027/MTL-radio.m3u8,https://www.nhl.com/stars/tickets/promotional-schedule,View promotional schedule,https://d2igy0yla8zi0u.cloudfront.net/DAL/20262027/DAL-radio.m3u8,,,,,,
20252026,20262027,,US/Central,2026020225,20262027,2,2026-10-31,False,2026-11-01T00:00:00Z,-04:00,-05:00,US/Central,FUT,OK,"[{'id': 652, 'market': 'H', 'countryCode': 'US', 'network': 'Prime Video', 'sequenceNumber': 117}, {'id': 647, 'market': 'A', 'countryCode': 'US', 'network': 'CBJNHL', 'sequenceNumber': 1}, {'id': 755, 'market': 'A', 'countryCode': 'US', 'network': 'CBJHN', 'sequenceNumber': 1}]",,,/gamecenter/cbj-vs-dal/2026/10/31/2026020225,American Airlines Center,29,Blue Jackets,Columbus,Columbus,de Columbus,CBJ,https://assets.nhle.com/logos/nhl/svg/CBJ_light.svg,https://assets.nhle.com/logos/nhl/svg/CBJ_dark.svg,False,,,,,,25,Stars,Dallas,Dallas,de Dallas,DAL,https://assets.nhle.com/logos/nhl/svg/DAL_light.svg,https://assets.nhle.com/logos/nhl/svg/DAL_dark.svg,False,https://www.aa.com/homePage.do?c=SPNS%7CDSP%7CSTR%7C2026%7CSCH%7C_STARS_2026_SCHEDULE_PAGE,Book flights with American Airlines,,,,1,REG,3,,,,,,,,,https://www.ticketmaster.com/event/0C0064EDD8F9A0B2?brand=dallas_stars&wt.mc_id=NHL_TEAM_DAL_SCHEDULE_GM9&utm_source=NHL.com&utm_medium=client&utm_campaign=NHL_TEAM_DAL&utm_content=SCHEDULE_GM9,https://www.ticketmaster.com/event/0C0064EDD8F9A0B2?brand=dallas_stars&wt.mc_id=NHL_TEAM_DAL_SCHEDULE_GM9&utm_source=NHL.com&utm_medium=client&utm_campaign=NHL_TEAM_DAL&utm_content=SCHEDULE_GM9,,,https://d2igy0yla8zi0u.cloudfront.net/CBJ/20262027/CBJ-radio.m3u8,https://www.nhl.com/stars/tickets/promotional-schedule,View promotional schedule,https://d2igy0yla8zi0u.cloudfront.net/DAL/20262027/DAL-radio.m3u8,,,,,,
20252026,20262027,,US/Central,2026020243,20262027,2,2026-11-03,False,2026-11-04T00:00:00Z,-05:00,-05:00,US/Eastern,FUT,OK,"[{'id': 652, 'market': 'A', 'countryCode': 'US', 'network': 'Prime Video', 'sequenceNumber': 117}, {'id': 517, 'market': 'H', 'countryCode': 'US', 'network': 'MNMT', 'sequenceNumber': 396}]",,,/gamecenter/dal-vs-wsh/2026/11/03/2026020243,Capital One Arena,25,Stars,Dallas,Dallas,de Dallas,DAL,https://assets.nhle.com/logos/nhl/svg/DAL_light.svg,https://assets.nhle.com/logos/nhl/svg/DAL_dark.svg,False,https://www.aa.com/homePage.do?c=SPNS%7CDSP%7CSTR%7C2026%7CSCH%7C_STARS_2026_SCHEDULE_PAGE,Book flights with American Airlines,,,,15,Capitals,Washington,Washington,de Washington,WSH,https://assets.nhle.com/logos/nhl/svg/WSH_secondary_light.svg,https://assets.nhle.com/logos/nhl/svg/WSH_secondary_dark.svg,False,https://www.united.com/en/us?utm_source=washcaps_schedulepage&utm_medium=web_organic&utm_campaign=2627_washcaps&utm_content=united,Fly with United Arlines,,,,1,REG,3,,,,,,,,,https://www.ticketmaster.com/event/150064F03477E2BF?brand=capitals&artistid=806039&wt.mc_id=NHL_TEAM_WSH_SCHEDULE_GM10&utm_source=club_schedule&utm_medium=web_organic&utm_campaign=2627sgb_ca1103ds,https://www.ticketmaster.com/event/150064F03477E2BF?brand=capitals&artistid=806039&wt.mc_id=NHL_TEAM_WSH_SCHEDULE_GM10&utm_source=club_schedule&utm_medium=web_organic&utm_campaign=2627sgb_ca1103ds,,,https://d2igy0yla8zi0u.cloudfront.net/DAL/20262027/DAL-radio.m3u8,,,https://d2igy0yla8zi0u.cloudfront.net/WSH/20262027/WSH-radio.m3u8,,,,,,
20252026,20262027,,US/Central,2026020258,20262027,2,2026-11-05,False,2026-11-06T00:00:00Z,-05:00,-05:00,US/Eastern,FUT,OK,"[{'id': 652, 'market': 'A', 'countryCode': 'US', 'network': 'Prime Video', 'sequenceNumber': 117}, {'id': 647, 'market': 'H', 'countryCode': 'US', 'network': 'CBJNHL', 'sequenceNumber': 1}, {'id': 755, 'market': 'H', 'countryCode': 'US', 'network': 'CBJHN', 'sequenceNumber': 1}]",,,/gamecenter/dal-vs-cbj/2026/11/05/2026020258,Nationwide Arena,25,Stars,Dallas,Dallas,de Dallas,DAL,https://assets.nhle.com/logos/nhl/svg/DAL_light.svg,https://assets.nhle.com/logos/nhl/svg/DAL_dark.svg,False,https://www.aa.com/homePage.do?c=SPNS%7CDSP%7CSTR%7C2026%7CSCH%7C_STARS_2026_SCHEDULE_PAGE,Book flights with American Airlines,,,,29,Blue Jackets,Columbus,Columbus,de Columbus,CBJ,https://assets.nhle.com/logos/nhl/svg/CBJ_light.svg,https://assets.nhle.com/logos/nhl/svg/CBJ_dark.svg,False,,,https://www.sonesta.com/sonesta-hotels-resorts/oh/columbus/sonesta-columbus-downtown?isGroupCode=false&promoCode=CBJPROMO,Stay at Sonesta Columbus Downtown,,1,REG,3,,,,,,,,,https://www.ticketmaster.com/event/050064EDB0CA8031?brand=bluejackets&artistid=805927&wt.mc_id=NHL_TEAM_CBJ_SCHEDULE_GM9&utm_source=web_schedule_club&utm_medium=NHL.com&utm_campaign=single_game_tickets&utm_content=SCHEDULE_GM9,https://www.ticketmaster.com/event/050064EDB0CA8031?brand=bluejackets&artistid=805927&wt.mc_id=NHL_TEAM_CBJ_SCHEDULE_GM9&utm_source=web_schedule_club&utm_medium=NHL.com&utm_campaign=single_game_tickets&utm_content=SCHEDULE_GM9,,,https://d2igy0yla8zi0u.cloudfront.net/DAL/20262027/DAL-radio.m3u8,https://bluejackets.spinzo.com/?group=hockey-fights-cancer-special-ticket-offer-wmxt,Purchase a Hockey Fights Cancer Ticket Package,https://d2igy0yla8zi0u.cloudfront.net/CBJ/20262027/CBJ-radio.m3u8,,,,,,
20252026,20262027,,US/Central,2026020272,20262027,2,2026-11-07,False,2026-11-08T01:00:00Z,-05:00,-06:00,US/Central,FUT,OK,"[{'id': 652, 'market': 'H', 'countryCode': 'US', 'network': 'Prime Video', 'sequenceNumber': 117}, {'id': 314, 'market': 'A', 'countryCode': 'US', 'network': 'NBCSCA', 'sequenceNumber': 393}]",,,/gamecenter/sjs-vs-dal/2026/11/07/2026020272,American Airlines Center,28,Sharks,San Jose,San Jose,de San Jose,SJS,https://assets.nhle.com/logos/nhl/svg/SJS_light.svg,https://assets.nhle.com/logos/nhl/svg/SJS_dark.svg,False,,,,,,25,Stars,Dallas,Dallas,de Dallas,DAL,https://assets.nhle.com/logos/nhl/svg/DAL_light.svg,https://assets.nhle.com/logos/nhl/svg/DAL_dark.svg,False,https://www.aa.com/homePage.do?c=SPNS%7CDSP%7CSTR%7C2026%7CSCH%7C_STARS_2026_SCHEDULE_PAGE,Book flights with American Airlines,,,,1,REG,3,,,,,,,,,https://www.ticketmaster.com/event/0C0064EDD8FDA0B8?brand=dallas_stars&wt.mc_id=NHL_TEAM_DAL_SCHEDULE_GM10&utm_source=NHL.com&utm_medium=client&utm_campaign=NHL_TEAM_DAL&utm_content=SCHEDULE_GM10,https://www.ticketmaster.com/event/0C0064EDD8FDA0B8?brand=dallas_stars&wt.mc_id=NHL_TEAM_DAL_SCHEDULE_GM10&utm_source=NHL.com&utm_medium=client&utm_campaign=NHL_TEAM_DAL&utm_content=SCHEDULE_GM10,,,https://d2igy0yla8zi0u.cloudfront.net/SJS/20262027/SJS-radio.m3u8,,,https://d2igy0yla8zi0u.cloudfront.net/DAL/20262027/DAL-radio.m3u8,,,,,,
20252026,20262027,,US/Central,2026020306,20262027,2,2026-11-12,False,2026-11-13T01:00:00Z,-05:00,-06:00,US/Central,FUT,OK,"[{'id': 652, 'market': 'H', 'countryCode': 'US', 'network': 'Prime Video', 'sequenceNumber': 117}, {'id': 23, 'market': 'H', 'countryCode': 'US', 'network': 'KDFI', 'sequenceNumber': 610}, {'id': 292, 'market': 'A', 'countryCode': 'CA', 'network': 'TSN3', 'sequenceNumber': 134}]",,,/gamecenter/wpg-vs-dal/2026/11/12/2026020306,American Airlines Center,52,Jets,Winnipeg,Winnipeg,de Winnipeg,WPG,https://assets.nhle.com/logos/nhl/svg/WPG_light.svg,https://assets.nhle.com/logos/nhl/svg/WPG_dark.svg,False,,,,,,25,Stars,Dallas,Dallas,de Dallas,DAL,https://assets.nhle.com/logos/nhl/svg/DAL_light.svg,https://assets.nhle.com/logos/nhl/svg/DAL_dark.svg,False,https://www.aa.com/homePage.do?c=SPNS%7CDSP%7CSTR%7C2026%7CSCH%7C_STARS_2026_SCHEDULE_PAGE,Book flights with American Airlines,,,,1,REG,3,,,,,,,,,https://www.ticketmaster.com/event/0C0064EDDE69A7FB?brand=dallas_stars&wt.mc_id=NHL_TEAM_DAL_SCHEDULE_GM11&utm_source=NHL.com&utm_medium=client&utm_campaign=NHL_TEAM_DAL&utm_content=SCHEDULE_GM11,https://www.ticketmaster.com/event/0C0064EDDE69A7FB?brand=dallas_stars&wt.mc_id=NHL_TEAM_DAL_SCHEDULE_GM11&utm_source=NHL.com&utm_medium=client&utm_campaign=NHL_TEAM_DAL&utm_content=SCHEDULE_GM11,,,https://d2igy0yla8zi0u.cloudfront.net/WPG/20262027/WPG-radio.m3u8,https://www.nhl.com/stars/tickets/promotional-schedule,View promotional schedule,https://d2igy0yla8zi0u.cloudfront.net/DAL/20262027/DAL-radio.m3u8,,,,,,
20252026,20262027,,US/Central,2026020322,20262027,2,2026-11-14,False,2026-11-15T01:00:00Z,-05:00,-06:00,US/Central,FUT,OK,"[{'id': 652, 'market': 'H', 'countryCode': 'US', 'network': 'Prime Video', 'sequenceNumber': 117}, {'id': 28, 'market': 'A', 'countryCode': 'US', 'network': 'MSG-B', 'sequenceNumber': 392}]",,,/gamecenter/buf-vs-dal/2026/11/14/2026020322,American Airlines Center,7,Sabres,Buffalo,Buffalo,de Buffalo,BUF,https://assets.nhle.com/logos/nhl/svg/BUF_light.svg,https://assets.nhle.com/logos/nhl/svg/BUF_dark.svg,False,,,,,,25,Stars,Dallas,Dallas,de Dallas,DAL,https://assets.nhle.com/logos/nhl/svg/DAL_light.svg,https://assets.nhle.com/logos/nhl/svg/DAL_dark.svg,False,https://www.aa.com/homePage.do?c=SPNS%7CDSP%7CSTR%7C2026%7CSCH%7C_STARS_2026_SCHEDULE_PAGE,Book flights with American Airlines,,,,1,REG,3,,,,,,,,,https://www.ticketmaster.com/event/0C0064EDD901A0C6?brand=dallas_stars&wt.mc_id=NHL_TEAM_DAL_SCHEDULE_GM12&utm_source=NHL.com&utm_medium=client&utm_campaign=NHL_TEAM_DAL&utm_content=SCHEDULE_GM12,https://www.ticketmaster.com/event/0C0064EDD901A0C6?brand=dallas_stars&wt.mc_id=NHL_TEAM_DAL_SCHEDULE_GM12&utm_source=NHL.com&utm_medium=client&utm_campaign=NHL_TEAM_DAL&utm_content=SCHEDULE_GM12,,,https://d2igy0yla8zi0u.cloudfront.net/BUF/20262027/BUF-radio.m3u8,,,https://d2igy0yla8zi0u.cloudfront.net/DAL/20262027/DAL-radio.m3u8,,,,,,
20252026,20262027,,US/Central,2026020327,20262027,2,2026-11-15,False,2026-11-16T01:00:00Z,-05:00,-06:00,US/Central,FUT,OK,"[{'id': 652, 'market': 'H', 'countryCode': 'US', 'network': 'Prime Video', 'sequenceNumber': 117}, {'id': 521, 'market': 'A', 'countryCode': 'US', 'network': 'SCRIPPS', 'sequenceNumber': 657}]",,,/gamecenter/fla-vs-dal/2026/11/15/2026020327,American Airlines Center,13,Panthers,Florida,Florida,de la Floride,FLA,https://assets.nhle.com/logos/nhl/svg/FLA_light.svg,https://assets.nhle.com/logos/nhl/svg/FLA_dark.svg,False,,,,,,25,Stars,Dallas,Dallas,de Dallas,DAL,https://assets.nhle.com/logos/nhl/svg/DAL_light.svg,https://assets.nhle.com/logos/nhl/svg/DAL_dark.svg,False,https://www.aa.com/homePage.do?c=SPNS%7CDSP%7CSTR%7C2026%7CSCH%7C_STARS_2026_SCHEDULE_PAGE,Book flights with American Airlines,,,,1,REG,3,,,,,,,,,https://www.ticketmaster.com/event/0C0064EDD60D9D27?brand=dallas_stars&wt.mc_id=NHL_TEAM_DAL_SCHEDULE_GM13&utm_source=NHL.com&utm_medium=client&utm_campaign=NHL_TEAM_DAL&utm_content=SCHEDULE_GM13,https://www.ticketmaster.com/event/0C0064EDD60D9D27?brand=dallas_stars&wt.mc_id=NHL_TEAM_DAL_SCHEDULE_GM13&utm_source=NHL.com&utm_medium=client&utm_campaign=NHL_TEAM_DAL&utm_content=SCHEDULE_GM13,,,https://d2igy0yla8zi0u.cloudfront.net/FLA/20262027/FLA-radio.m3u8,https://www.nhl.com/stars/tickets/promotional-schedule,View promotional schedule,https://d2igy0yla8zi0u.cloudfront.net/DAL/20262027/DAL-radio.m3u8,Floride,,,,,
20252026,20262027,,US/Central,2026020342,20262027,2,2026-11-17,False,2026-11-18T03:00:00Z,-05:00,-08:00,US/Pacific,FUT,OK,"[{'id': 385, 'market': 'N', 'countryCode': 'US', 'network': 'TNT', 'sequenceNumber': 11}, {'id': 501, 'market': 'N', 'countryCode': 'US', 'network': 'truTV', 'sequenceNumber': 14}, {'id': 578, 'market': 'N', 'countryCode': 'US', 'network': 'HBO MAX', 'sequenceNumber': 19}]",,,/gamecenter/dal-vs-vgk/2026/11/17/2026020342,T-Mobile Arena,25,Stars,Dallas,Dallas,de Dallas,DAL,https://assets.nhle.com/logos/nhl/svg/DAL_light.svg,https://assets.nhle.com/logos/nhl/svg/DAL_dark.svg,False,https://www.aa.com/homePage.do?c=SPNS%7CDSP%7CSTR%7C2026%7CSCH%7C_STARS_2026_SCHEDULE_PAGE,Book flights with American Airlines,,,,54,Golden Knights,Vegas,Vegas,de Vegas,VGK,https://assets.nhle.com/logos/nhl/svg/VGK_light.svg,https://assets.nhle.com/logos/nhl/svg/VGK_dark.svg,False,,,,,,1,REG,3,,,,,,,,,https://tix.axs.com/c8egKQAAAAACJLruAgAAAAAi%2fv%2f%2f%2fwD%2f%2f%2f%2f%2fEnZlZ2FzZ29sZGVua25pZ2h0cwD%2f%2f%2f%2f%2f%2f%2f%2f%2f%2fw%3d%3d,https://tix.axs.com/c8egKQAAAAACJLruAgAAAAAi%2fv%2f%2f%2fwD%2f%2f%2f%2f%2fEnZlZ2FzZ29sZGVua25pZ2h0cwD%2f%2f%2f%2f%2f%2f%2f%2f%2f%2fw%3d%3d,,,https://d2igy0yla8zi0u.cloudfront.net/DAL/20262027/DAL-radio.m3u8,,,https://d2igy0yla8zi0u.cloudfront.net/VGK/20262027/VGK-radio.m3u8,,,,,,
20252026,20262027,,US/Central,2026020358,20262027,2,2026-11-19,False,2026-11-20T03:00:00Z,-05:00,-08:00,US/Pacific,FUT,OK,"[{'id': 329, 'market': 'N', 'countryCode': 'US', 'network': 'ESPN+', 'sequenceNumber': 16}, {'id': 391, 'market': 'N', 'countryCode': 'US', 'network': 'HULU', 'sequenceNumber': 17}, {'id': 282, 'market': 'N', 'countryCode': 'CA', 'network': 'SN', 'sequenceNumber': 21}, {'id': 574, 'market': 'N', 'countryCode': 'US', 'network': 'Disney+', 'sequenceNumber': 21}, {'id': 283, 'market': 'N', 'countryCode': 'CA', 'network': 'SN360', 'sequenceNumber': 114}]",,,/gamecenter/dal-vs-vgk/2026/11/19/2026020358,T-Mobile Arena,25,Stars,Dallas,Dallas,de Dallas,DAL,https://assets.nhle.com/logos/nhl/svg/DAL_light.svg,https://assets.nhle.com/logos/nhl/svg/DAL_dark.svg,False,https://www.aa.com/homePage.do?c=SPNS%7CDSP%7CSTR%7C2026%7CSCH%7C_STARS_2026_SCHEDULE_PAGE,Book flights with American Airlines,,,,54,Golden Knights,Vegas,Vegas,de Vegas,VGK,https://assets.nhle.com/logos/nhl/svg/VGK_light.svg,https://assets.nhle.com/logos/nhl/svg/VGK_dark.svg,False,,,,,,1,REG,3,,,,,,,,,https://tix.axs.com/c8egKQAAAAC2jrruAgAAAAA3%2fv%2f%2f%2fwD%2f%2f%2f%2f%2fEnZlZ2FzZ29sZGVua25pZ2h0cwD%2f%2f%2f%2f%2f%2f%2f%2f%2f%2fw%3d%3d,https://tix.axs.com/c8egKQAAAAC2jrruAgAAAAA3%2fv%2f%2f%2fwD%2f%2f%2f%2f%2fEnZlZ2FzZ29sZGVua25pZ2h0cwD%2f%2f%2f%2f%2f%2f%2f%2f%2f%2fw%3d%3d,,,https://d2igy0yla8zi0u.cloudfront.net/DAL/20262027/DAL-radio.m3u8,,,https://d2igy0yla8zi0u.cloudfront.net/VGK/20262027/VGK-radio.m3u8,,,,,,
20252026,20262027,,US/Central,2026020376,20262027,2,2026-11-22,False,2026-11-23T00:00:00Z,-05:00,-06:00,US/Central,FUT,OK,"[{'id': 281, 'market': 'N', 'countryCode': 'CA', 'network': 'TVAS', 'sequenceNumber': 120}, {'id': 652, 'market': 'H', 'countryCode': 'US', 'network': 'Prime Video', 'sequenceNumber': 117}, {'id': 528, 'market': 'A', 'countryCode': 'US', 'network': 'SN-PIT', 'sequenceNumber': 384}]",,,/gamecenter/pit-vs-dal/2026/11/22/2026020376,American Airlines Center,5,Penguins,Pittsburgh,Pittsburgh,de Pittsburgh,PIT,https://assets.nhle.com/logos/nhl/svg/PIT_light.svg,https://assets.nhle.com/logos/nhl/svg/PIT_dark.svg,False,,,,,,25,Stars,Dallas,Dallas,de Dallas,DAL,https://assets.nhle.com/logos/nhl/svg/DAL_light.svg,https://assets.nhle.com/logos/nhl/svg/DAL_dark.svg,False,https://www.aa.com/homePage.do?c=SPNS%7CDSP%7CSTR%7C2026%7CSCH%7C_STARS_2026_SCHEDULE_PAGE,Book flights with American Airlines,,,,1,REG,3,,,,,,,,,https://www.ticketmaster.com/event/0C0064EDD906A0CA?brand=dallas_stars&wt.mc_id=NHL_TEAM_DAL_SCHEDULE_GM14&utm_source=NHL.com&utm_medium=client&utm_campaign=NHL_TEAM_DAL&utm_content=SCHEDULE_GM14,https://www.ticketmaster.com/event/0C0064EDD906A0CA?brand=dallas_stars&wt.mc_id=NHL_TEAM_DAL_SCHEDULE_GM14&utm_source=NHL.com&utm_medium=client&utm_campaign=NHL_TEAM_DAL&utm_content=SCHEDULE_GM14,,,https://d2igy0yla8zi0u.cloudfront.net/PIT/20262027/PIT-radio.m3u8,,,https://d2igy0yla8zi0u.cloudfront.net/DAL/20262027/DAL-radio.m3u8,,,,,,
20252026,20262027,,US/Central,2026020395,20262027,2,2026-11-25,False,2026-11-26T01:00:00Z,-05:00,-06:00,US/Central,FUT,OK,"[{'id': 652, 'market': 'H', 'countryCode': 'US', 'network': 'Prime Video', 'sequenceNumber': 117}, {'id': 23, 'market': 'H', 'countryCode': 'US', 'network': 'KDFI', 'sequenceNumber': 610}, {'id': 521, 'market': 'A', 'countryCode': 'US', 'network': 'SCRIPPS', 'sequenceNumber': 657}]",,,/gamecenter/nsh-vs-dal/2026/11/25/2026020395,American Airlines Center,18,Predators,Nashville,Nashville,de Nashville,NSH,https://assets.nhle.com/logos/nhl/svg/NSH_light.svg,https://assets.nhle.com/logos/nhl/svg/NSH_dark.svg,False,,,,,,25,Stars,Dallas,Dallas,de Dallas,DAL,https://assets.nhle.com/logos/nhl/svg/DAL_light.svg,https://assets.nhle.com/logos/nhl/svg/DAL_dark.svg,False,https://www.aa.com/homePage.do?c=SPNS%7CDSP%7CSTR%7C2026%7CSCH%7C_STARS_2026_SCHEDULE_PAGE,Book flights with American Airlines,,,,1,REG,3,,,,,,,,,https://www.ticketmaster.com/event/0C0064EDD90AA0D1?brand=dallas_stars&wt.mc_id=NHL_TEAM_DAL_SCHEDULE_GM15&utm_source=NHL.com&utm_medium=client&utm_campaign=NHL_TEAM_DAL&utm_content=SCHEDULE_GM15,https://www.ticketmaster.com/event/0C0064EDD90AA0D1?brand=dallas_stars&wt.mc_id=NHL_TEAM_DAL_SCHEDULE_GM15&utm_source=NHL.com&utm_medium=client&utm_campaign=NHL_TEAM_DAL&utm_content=SCHEDULE_GM15,,,https://d2igy0yla8zi0u.cloudfront.net/NSH/20262027/NSH-radio.m3u8,,,https://d2igy0yla8zi0u.cloudfront.net/DAL/20262027/DAL-radio.m3u8,,,,,,
20252026,20262027,,US/Central,2026020403,20262027,2,2026-11-27,False,2026-11-27T19:00:00Z,-05:00,-06:00,US/Central,FUT,OK,"[{'id': 549, 'market': 'N', 'countryCode': 'CA', 'network': 'SN+', 'sequenceNumber': 117}, {'id': 652, 'market': 'A', 'countryCode': 'US', 'network': 'Prime Video', 'sequenceNumber': 117}, {'id': 649, 'market': 'H', 'countryCode': 'US', 'network': 'STLNHL', 'sequenceNumber': 1}, {'id': 650, 'market': 'H', 'countryCode': 'US', 'network': 'BN+', 'sequenceNumber': 1}]",,,/gamecenter/dal-vs-stl/2026/11/27/2026020403,Enterprise Center,25,Stars,Dallas,Dallas,de Dallas,DAL,https://assets.nhle.com/logos/nhl/svg/DAL_light.svg,https://assets.nhle.com/logos/nhl/svg/DAL_dark.svg,False,https://www.aa.com/homePage.do?c=SPNS%7CDSP%7CSTR%7C2026%7CSCH%7C_STARS_2026_SCHEDULE_PAGE,Book flights with American Airlines,,,,19,Blues,St. Louis,St. Louis,de St. Louis,STL,https://assets.nhle.com/logos/nhl/svg/STL_light.svg,https://assets.nhle.com/logos/nhl/svg/STL_dark.svg,False,,,https://www.stlouisunionstation.com/hotel-packages,Stay at Union Station,,1,REG,3,,,,,,,,,https://www.ticketmaster.com/event/060064EECE291B87?brand=blues&artistid=806025&wt.mc_id=NHL_TEAM_STL_SCHEDULE_GM13&utm_source=NHL.com&utm_medium=client&utm_campaign=NHL_TEAM_STL&utm_content=SCHEDULE_GM13,https://www.ticketmaster.com/event/060064EECE291B87?brand=blues&artistid=806025&wt.mc_id=NHL_TEAM_STL_SCHEDULE_GM13&utm_source=NHL.com&utm_medium=client&utm_campaign=NHL_TEAM_STL&utm_content=SCHEDULE_GM13,,,https://d2igy0yla8zi0u.cloudfront.net/DAL/20262027/DAL-radio.m3u8,,,https://d2igy0yla8zi0u.cloudfront.net/STL/20262027/STL-radio.m3u8,,,,,,
20252026,20262027,,US/Central,2026020424,20262027,2,2026-11-28,False,2026-11-29T01:00:00Z,-05:00,-06:00,US/Central,FUT,OK,"[{'id': 652, 'market': 'H', 'countryCode': 'US', 'network': 'Prime Video', 'sequenceNumber': 117}, {'id': 558, 'market': 'A', 'countryCode': 'US', 'network': 'Utah16', 'sequenceNumber': 381}]",,,/gamecenter/uta-vs-dal/2026/11/28/2026020424,American Airlines Center,68,Mammoth,Utah,Utah,de l'Utah,UTA,https://assets.nhle.com/logos/nhl/svg/UTA_light.svg,https://assets.nhle.com/logos/nhl/svg/UTA_dark.svg,False,,,,,,25,Stars,Dallas,Dallas,de Dallas,DAL,https://assets.nhle.com/logos/nhl/svg/DAL_light.svg,https://assets.nhle.com/logos/nhl/svg/DAL_dark.svg,False,https://www.aa.com/homePage.do?c=SPNS%7CDSP%7CSTR%7C2026%7CSCH%7C_STARS_2026_SCHEDULE_PAGE,Book flights with American Airlines,,,,1,REG,3,,,,,,,,,https://www.ticketmaster.com/event/0C0064EDD1A99777?brand=dallas_stars&wt.mc_id=NHL_TEAM_DAL_SCHEDULE_GM16&utm_source=NHL.com&utm_medium=client&utm_campaign=NHL_TEAM_DAL&utm_content=SCHEDULE_GM16,https://www.ticketmaster.com/event/0C0064EDD1A99777?brand=dallas_stars&wt.mc_id=NHL_TEAM_DAL_SCHEDULE_GM16&utm_source=NHL.com&utm_medium=client&utm_campaign=NHL_TEAM_DAL&utm_content=SCHEDULE_GM16,,,https://d2igy0yla8zi0u.cloudfront.net/UTA/20262027/UTA-radio.m3u8,,,https://d2igy0yla8zi0u.cloudfront.net/DAL/20262027/DAL-radio.m3u8,,,,,,
20252026,20262027,,US/Central,2026020442,20262027,2,2026-12-01,False,2026-12-02T02:40:00Z,-05:00,-08:00,US/Pacific,FUT,OK,"[{'id': 652, 'market': 'A', 'countryCode': 'US', 'network': 'Prime Video', 'sequenceNumber': 117}, {'id': 652, 'market': 'H', 'countryCode': 'US', 'network': 'Prime Video', 'sequenceNumber': 117}, {'id': 388, 'market': 'H', 'countryCode': 'US', 'network': 'KONG', 'sequenceNumber': 654}]",,,/gamecenter/dal-vs-sea/2026/12/01/2026020442,Climate Pledge Arena,25,Stars,Dallas,Dallas,de Dallas,DAL,https://assets.nhle.com/logos/nhl/svg/DAL_light.svg,https://assets.nhle.com/logos/nhl/svg/DAL_dark.svg,False,https://www.aa.com/homePage.do?c=SPNS%7CDSP%7CSTR%7C2026%7CSCH%7C_STARS_2026_SCHEDULE_PAGE,Book flights with American Airlines,,,,55,Kraken,Seattle,Seattle,de Seattle,SEA,https://assets.nhle.com/logos/nhl/svg/SEA_light.svg,https://assets.nhle.com/logos/nhl/svg/SEA_dark.svg,False,,,https://stayinglevel.com/offers/seattle-climate-pledge-arena-fans/,Stay close to the action at Level,,1,REG,3,,,,,,,,,https://www.ticketmaster.com/event/0F0064C4A07DA2C0?brand=seattlekraken&artistid=2763657&wt.mc_id=NHL_TEAM_SEA_SCHEDULE_GM13&utm_source=NHL.com&utm_medium=client&utm_campaign=NHL_TEAM_SEA&utm_content=SCHEDULE_GM13,https://www.ticketmaster.com/event/0F0064C4A07DA2C0?brand=seattlekraken&artistid=2763657&wt.mc_id=NHL_TEAM_SEA_SCHEDULE_GM13&utm_source=NHL.com&utm_medium=client&utm_campaign=NHL_TEAM_SEA&utm_content=SCHEDULE_GM13,,,https://d2igy0yla8zi0u.cloudfront.net/DAL/20262027/DAL-radio.m3u8,,,https://d2igy0yla8zi0u.cloudfront.net/SEA/20262027/SEA-radio.m3u8,,,,,,
20252026,20262027,,US/Central,2026020457,20262027,2,2026-12-03,False,2026-12-04T03:00:00Z,-05:00,-08:00,US/Pacific,FUT,OK,"[{'id': 329, 'market': 'N', 'countryCode': 'US', 'network': 'ESPN+', 'sequenceNumber': 16}, {'id': 391, 'market': 'N', 'countryCode': 'US', 'network': 'HULU', 'sequenceNumber': 17}, {'id': 574, 'market': 'N', 'countryCode': 'US', 'network': 'Disney+', 'sequenceNumber': 21}, {'id': 549, 'market': 'N', 'countryCode': 'CA', 'network': 'SN+', 'sequenceNumber': 117}]",,,/gamecenter/dal-vs-sea/2026/12/03/2026020457,Climate Pledge Arena,25,Stars,Dallas,Dallas,de Dallas,DAL,https://assets.nhle.com/logos/nhl/svg/DAL_light.svg,https://assets.nhle.com/logos/nhl/svg/DAL_dark.svg,False,https://www.aa.com/homePage.do?c=SPNS%7CDSP%7CSTR%7C2026%7CSCH%7C_STARS_2026_SCHEDULE_PAGE,Book flights with American Airlines,,,,55,Kraken,Seattle,Seattle,de Seattle,SEA,https://assets.nhle.com/logos/nhl/svg/SEA_light.svg,https://assets.nhle.com/logos/nhl/svg/SEA_dark.svg,False,,,https://stayinglevel.com/offers/seattle-climate-pledge-arena-fans/,Stay close to the action at Level,,1,REG,3,,,,,,,,,https://www.ticketmaster.com/event/0F0064C4A082A2C8?brand=seattlekraken&artistid=2763657&wt.mc_id=NHL_TEAM_SEA_SCHEDULE_GM14&utm_source=NHL.com&utm_medium=client&utm_campaign=NHL_TEAM_SEA&utm_content=SCHEDULE_GM14,https://www.ticketmaster.com/event/0F0064C4A082A2C8?brand=seattlekraken&artistid=2763657&wt.mc_id=NHL_TEAM_SEA_SCHEDULE_GM14&utm_source=NHL.com&utm_medium=client&utm_campaign=NHL_TEAM_SEA&utm_content=SCHEDULE_GM14,,,https://d2igy0yla8zi0u.cloudfront.net/DAL/20262027/DAL-radio.m3u8,,,https://d2igy0yla8zi0u.cloudfront.net/SEA/20262027/SEA-radio.m3u8,,,,,,
20252026,20262027,,US/Central,2026020475,20262027,2,2026-12-05,False,2026-12-06T03:00:00Z,-05:00,-07:00,America/Vancouver,FUT,OK,"[{'id': 282, 'market': 'N', 'countryCode': 'CA', 'network': 'SN', 'sequenceNumber': 107}, {'id': 281, 'market': 'N', 'countryCode': 'CA', 'network': 'TVAS', 'sequenceNumber': 120}, {'id': 652, 'market': 'A', 'countryCode': 'US', 'network': 'Prime Video', 'sequenceNumber': 117}]",,,/gamecenter/dal-vs-van/2026/12/05/2026020475,Rogers Arena,25,Stars,Dallas,Dallas,de Dallas,DAL,https://assets.nhle.com/logos/nhl/svg/DAL_light.svg,https://assets.nhle.com/logos/nhl/svg/DAL_dark.svg,False,https://www.aa.com/homePage.do?c=SPNS%7CDSP%7CSTR%7C2026%7CSCH%7C_STARS_2026_SCHEDULE_PAGE,Book flights with American Airlines,,,,23,Canucks,Vancouver,Vancouver,de Vancouver,VAN,https://assets.nhle.com/logos/nhl/svg/VAN_light.svg,https://assets.nhle.com/logos/nhl/svg/VAN_dark.svg,False,,,,,,1,REG,3,,,,,,,,,https://www.ticketmaster.ca/event/11006503F0C4BBC4?brand=canucks&artistid=806037&wt.mc_id=NHL_TEAM_VAN_SCHEDULE_GM14&utm_source=NHL.com&utm_medium=client_PM&utm_campaign=NHL_TEAM_VAN&utm_content=SCHEDULE_GM14,https://www.ticketmaster.ca/event/11006503F0C4BBC4?brand=canucks&artistid=806037&wt.mc_id=NHL_TEAM_VAN_SCHEDULE_GM14&utm_source=NHL.com&utm_medium=client_PM&utm_campaign=NHL_TEAM_VAN&utm_content=SCHEDULE_GM14,,,https://d2igy0yla8zi0u.cloudfront.net/DAL/20262027/DAL-radio.m3u8,,,https://d2igy0yla8zi0u.cloudfront.net/VAN/20262027/VAN-radio.m3u8,,,,,,
20252026,20262027,,US/Central,2026020497,20262027,2,2026-12-09,False,2026-12-10T00:30:00Z,-05:00,-06:00,US/Central,FUT,OK,"[{'id': 548, 'market': 'N', 'countryCode': 'CA', 'network': 'Prime', 'sequenceNumber': 116}, {'id': 652, 'market': 'H', 'countryCode': 'US', 'network': 'Prime Video', 'sequenceNumber': 117}, {'id': 23, 'market': 'H', 'countryCode': 'US', 'network': 'KDFI', 'sequenceNumber': 610}]",,,/gamecenter/tor-vs-dal/2026/12/09/2026020497,American Airlines Center,10,Maple Leafs,Toronto,Toronto,de Toronto,TOR,https://assets.nhle.com/logos/nhl/svg/TOR_light.svg,https://assets.nhle.com/logos/nhl/svg/TOR_dark.svg,False,,,"https://marriott.com/search/findHotels.mi?destinationAddress.destination=AMERICAN+AIRLINES,+DALLAS,+TEXAS,+USA&cid=DIS_GLB000791Q_GLE000HJ7H_GLF0017UW5",Book Now,,25,Stars,Dallas,Dallas,de Dallas,DAL,https://assets.nhle.com/logos/nhl/svg/DAL_light.svg,https://assets.nhle.com/logos/nhl/svg/DAL_dark.svg,False,https://www.aa.com/homePage.do?c=SPNS%7CDSP%7CSTR%7C2026%7CSCH%7C_STARS_2026_SCHEDULE_PAGE,Book flights with American Airlines,,,,1,REG,3,,,,,,,,,https://www.ticketmaster.com/event/0C0064EDD6129D2F?brand=dallas_stars&wt.mc_id=NHL_TEAM_DAL_SCHEDULE_GM17&utm_source=NHL.com&utm_medium=client&utm_campaign=NHL_TEAM_DAL&utm_content=SCHEDULE_GM17,https://www.ticketmaster.com/event/0C0064EDD6129D2F?brand=dallas_stars&wt.mc_id=NHL_TEAM_DAL_SCHEDULE_GM17&utm_source=NHL.com&utm_medium=client&utm_campaign=NHL_TEAM_DAL&utm_content=SCHEDULE_GM17,,,https://d2igy0yla8zi0u.cloudfront.net/TOR/20262027/TOR-radio.m3u8,,,https://d2igy0yla8zi0u.cloudfront.net/DAL/20262027/DAL-radio.m3u8,,,,,,
20252026,20262027,,US/Central,2026020523,20262027,2,2026-12-12,False,2026-12-13T01:00:00Z,-05:00,-06:00,US/Central,FUT,OK,"[{'id': 652, 'market': 'H', 'countryCode': 'US', 'network': 'Prime Video', 'sequenceNumber': 117}, {'id': 649, 'market': 'A', 'countryCode': 'US', 'network': 'STLNHL', 'sequenceNumber': 1}, {'id': 650, 'market': 'A', 'countryCode': 'US', 'network': 'BN+', 'sequenceNumber': 1}]",,,/gamecenter/stl-vs-dal/2026/12/12/2026020523,American Airlines Center,19,Blues,St. Louis,St. Louis,de St. Louis,STL,https://assets.nhle.com/logos/nhl/svg/STL_light.svg,https://assets.nhle.com/logos/nhl/svg/STL_dark.svg,False,,,,,,25,Stars,Dallas,Dallas,de Dallas,DAL,https://assets.nhle.com/logos/nhl/svg/DAL_light.svg,https://assets.nhle.com/logos/nhl/svg/DAL_dark.svg,False,https://www.aa.com/homePage.do?c=SPNS%7CDSP%7CSTR%7C2026%7CSCH%7C_STARS_2026_SCHEDULE_PAGE,Book flights with American Airlines,,,,1,REG,3,,,,,,,,,https://www.ticketmaster.com/event/0C0064EDD90FA0DA?brand=dallas_stars&wt.mc_id=NHL_TEAM_DAL_SCHEDULE_GM18&utm_source=NHL.com&utm_medium=client&utm_campaign=NHL_TEAM_DAL&utm_content=SCHEDULE_GM18,https://www.ticketmaster.com/event/0C0064EDD90FA0DA?brand=dallas_stars&wt.mc_id=NHL_TEAM_DAL_SCHEDULE_GM18&utm_source=NHL.com&utm_medium=client&utm_campaign=NHL_TEAM_DAL&utm_content=SCHEDULE_GM18,,,https://d2igy0yla8zi0u.cloudfront.net/STL/20262027/STL-radio.m3u8,https://www.nhl.com/stars/tickets/promotional-schedule,View promotional schedule,https://d2igy0yla8zi0u.cloudfront.net/DAL/20262027/DAL-radio.m3u8,,,,,,
20252026,20262027,,US/Central,2026020546,20262027,2,2026-12-15,False,2026-12-16T02:30:00Z,-05:00,-06:00,US/Central,FUT,OK,"[{'id': 385, 'market': 'N', 'countryCode': 'US', 'network': 'TNT', 'sequenceNumber': 11}, {'id': 501, 'market': 'N', 'countryCode': 'US', 'network': 'truTV', 'sequenceNumber': 14}, {'id': 578, 'market': 'N', 'countryCode': 'US', 'network': 'HBO MAX', 'sequenceNumber': 19}, {'id': 283, 'market': 'N', 'countryCode': 'CA', 'network': 'SN360', 'sequenceNumber': 114}, {'id': 281, 'market': 'N', 'countryCode': 'CA', 'network': 'TVAS', 'sequenceNumber': 120}, {'id': 517, 'market': 'A', 'countryCode': 'US', 'network': 'MNMT', 'sequenceNumber': 396}]",,,/gamecenter/wsh-vs-dal/2026/12/15/2026020546,American Airlines Center,15,Capitals,Washington,Washington,de Washington,WSH,https://assets.nhle.com/logos/nhl/svg/WSH_secondary_light.svg,https://assets.nhle.com/logos/nhl/svg/WSH_secondary_dark.svg,False,https://www.united.com/en/us?utm_source=washcaps_schedulepage&utm_medium=web_organic&utm_campaign=2627_washcaps&utm_content=united,Fly with United Airlines,,,,25,Stars,Dallas,Dallas,de Dallas,DAL,https://assets.nhle.com/logos/nhl/svg/DAL_light.svg,https://assets.nhle.com/logos/nhl/svg/DAL_dark.svg,False,https://www.aa.com/homePage.do?c=SPNS%7CDSP%7CSTR%7C2026%7CSCH%7C_STARS_2026_SCHEDULE_PAGE,Book flights with American Airlines,,,,1,REG,3,,,,,,,,,https://www.ticketmaster.com/event/0C0064EDD915A0DD?brand=dallas_stars&wt.mc_id=NHL_TEAM_DAL_SCHEDULE_GM19&utm_source=NHL.com&utm_medium=client&utm_campaign=NHL_TEAM_DAL&utm_content=SCHEDULE_GM19,https://www.ticketmaster.com/event/0C0064EDD915A0DD?brand=dallas_stars&wt.mc_id=NHL_TEAM_DAL_SCHEDULE_GM19&utm_source=NHL.com&utm_medium=client&utm_campaign=NHL_TEAM_DAL&utm_content=SCHEDULE_GM19,,,https://d2igy0yla8zi0u.cloudfront.net/WSH/20262027/WSH-radio.m3u8,https://www.nhl.com/stars/tickets/promotional-schedule,View promotional schedule,https://d2igy0yla8zi0u.cloudfront.net/DAL/20262027/DAL-radio.m3u8,,,,,,
20252026,20262027,,US/Central,2026020557,20262027,2,2026-12-17,False,2026-12-18T01:00:00Z,-05:00,-07:00,America/Edmonton,FUT,OK,"[{'id': 284, 'market': 'N', 'countryCode': 'CA', 'network': 'SN1', 'sequenceNumber': 113}, {'id': 652, 'market': 'A', 'countryCode': 'US', 'network': 'Prime Video', 'sequenceNumber': 117}]",,,/gamecenter/dal-vs-edm/2026/12/17/2026020557,Rogers Place,25,Stars,Dallas,Dallas,de Dallas,DAL,https://assets.nhle.com/logos/nhl/svg/DAL_light.svg,https://assets.nhle.com/logos/nhl/svg/DAL_dark.svg,False,https://www.aa.com/homePage.do?c=SPNS%7CDSP%7CSTR%7C2026%7CSCH%7C_STARS_2026_SCHEDULE_PAGE,Book flights with American Airlines,,,,22,Oilers,Edmonton,Edmonton,d'Edmonton,EDM,https://assets.nhle.com/logos/nhl/svg/EDM_light.svg,https://assets.nhle.com/logos/nhl/svg/EDM_dark.svg,False,,,,,,1,REG,3,,,,,,,,,https://www.ticketmaster.ca/event/11006513A63FA52D?brand=edmontonoilers&artistid=805943&wt.mc_id=NHL_TEAM_EDM_SCHEDULE_GM17&utm_source=NHL.com&utm_medium=client_PM&utm_campaign=NHL_TEAM_EDM&utm_content=SCHEDULE_GM17,https://www.ticketmaster.ca/event/11006513A63FA52D?brand=edmontonoilers&artistid=805943&wt.mc_id=NHL_TEAM_EDM_SCHEDULE_GM17&utm_source=NHL.com&utm_medium=client_PM&utm_campaign=NHL_TEAM_EDM&utm_content=SCHEDULE_GM17,,,https://d2igy0yla8zi0u.cloudfront.net/DAL/20262027/DAL-radio.m3u8,,,https://d2igy0yla8zi0u.cloudfront.net/EDM/20262027/EDM-radio.m3u8,,,,,,
20252026,20262027,,US/Central,2026020574,20262027,2,2026-12-19,False,2026-12-20T00:00:00Z,-05:00,-06:00,America/Winnipeg,FUT,OK,"[{'id': 289, 'market': 'N', 'countryCode': 'CA', 'network': 'SNW', 'sequenceNumber': 34}, {'id': 652, 'market': 'A', 'countryCode': 'US', 'network': 'Prime Video', 'sequenceNumber': 117}]",,,/gamecenter/dal-vs-wpg/2026/12/19/2026020574,Canada Life Centre,25,Stars,Dallas,Dallas,de Dallas,DAL,https://assets.nhle.com/logos/nhl/svg/DAL_light.svg,https://assets.nhle.com/logos/nhl/svg/DAL_dark.svg,False,https://www.aa.com/homePage.do?c=SPNS%7CDSP%7CSTR%7C2026%7CSCH%7C_STARS_2026_SCHEDULE_PAGE,Book flights with American Airlines,,,,52,Jets,Winnipeg,Winnipeg,de Winnipeg,WPG,https://assets.nhle.com/logos/nhl/svg/WPG_light.svg,https://assets.nhle.com/logos/nhl/svg/WPG_dark.svg,False,,,,,,1,REG,3,,,,,,,,,https://www.ticketmaster.ca/event/11006505C9D4A745?brand=winnipegjets&artistid=1613893&wt.mc_id=NHL_TEAM_WPG_SCHEDULE_GM17&utm_source=NHL.com&utm_medium=client_PM&utm_campaign=NHL_TEAM_WPG&utm_content=SCHEDULE_GM17,https://www.ticketmaster.ca/event/11006505C9D4A745?brand=winnipegjets&artistid=1613893&wt.mc_id=NHL_TEAM_WPG_SCHEDULE_GM17&utm_source=NHL.com&utm_medium=client_PM&utm_campaign=NHL_TEAM_WPG&utm_content=SCHEDULE_GM17,,,https://d2igy0yla8zi0u.cloudfront.net/DAL/20262027/DAL-radio.m3u8,https://www.ticketmaster.ca/event/11006505C9D4A745,Holiday Weekend,https://d2igy0yla8zi0u.cloudfront.net/WPG/20262027/WPG-radio.m3u8,,,,,,
20252026,20262027,,US/Central,2026020580,20262027,2,2026-12-20,False,2026-12-20T22:00:00Z,-05:00,-06:00,America/Winnipeg,FUT,OK,"[{'id': 652, 'market': 'A', 'countryCode': 'US', 'network': 'Prime Video', 'sequenceNumber': 117}, {'id': 292, 'market': 'H', 'countryCode': 'CA', 'network': 'TSN3', 'sequenceNumber': 134}]",,,/gamecenter/dal-vs-wpg/2026/12/20/2026020580,Canada Life Centre,25,Stars,Dallas,Dallas,de Dallas,DAL,https://assets.nhle.com/logos/nhl/svg/DAL_light.svg,https://assets.nhle.com/logos/nhl/svg/DAL_dark.svg,False,https://www.aa.com/homePage.do?c=SPNS%7CDSP%7CSTR%7C2026%7CSCH%7C_STARS_2026_SCHEDULE_PAGE,Book flights with American Airlines,,,,52,Jets,Winnipeg,Winnipeg,de Winnipeg,WPG,https://assets.nhle.com/logos/nhl/svg/WPG_light.svg,https://assets.nhle.com/logos/nhl/svg/WPG_dark.svg,False,,,,,,1,REG,3,,,,,,,,,https://www.ticketmaster.ca/event/11006505CAB1A868?brand=winnipegjets&artistid=1613893&wt.mc_id=NHL_TEAM_WPG_SCHEDULE_GM18&utm_source=NHL.com&utm_medium=client_PM&utm_campaign=NHL_TEAM_WPG&utm_content=SCHEDULE_GM18,https://www.ticketmaster.ca/event/11006505CAB1A868?brand=winnipegjets&artistid=1613893&wt.mc_id=NHL_TEAM_WPG_SCHEDULE_GM18&utm_source=NHL.com&utm_medium=client_PM&utm_campaign=NHL_TEAM_WPG&utm_content=SCHEDULE_GM18,,,https://d2igy0yla8zi0u.cloudfront.net/DAL/20262027/DAL-radio.m3u8,https://www.ticketmaster.ca/event/11006505CAB1A868,Holiday Weekend,https://d2igy0yla8zi0u.cloudfront.net/WPG/20262027/WPG-radio.m3u8,,,,,,
20252026,20262027,,US/Central,2026020597,20262027,2,2026-12-22,False,2026-12-23T01:00:00Z,-05:00,-06:00,US/Central,FUT,OK,"[{'id': 756, 'market': 'H', 'countryCode': 'US', 'network': 'KDFW 4', 'sequenceNumber': 1}, {'id': 652, 'market': 'H', 'countryCode': 'US', 'network': 'Prime Video', 'sequenceNumber': 117}, {'id': 289, 'market': 'A', 'countryCode': 'CA', 'network': 'SNW', 'sequenceNumber': 34}]",,,/gamecenter/cgy-vs-dal/2026/12/22/2026020597,American Airlines Center,20,Flames,Calgary,Calgary,de Calgary,CGY,https://assets.nhle.com/logos/nhl/svg/CGY_light.svg,https://assets.nhle.com/logos/nhl/svg/CGY_dark.svg,False,,,,,,25,Stars,Dallas,Dallas,de Dallas,DAL,https://assets.nhle.com/logos/nhl/svg/DAL_light.svg,https://assets.nhle.com/logos/nhl/svg/DAL_dark.svg,False,https://www.aa.com/homePage.do?c=SPNS%7CDSP%7CSTR%7C2026%7CSCH%7C_STARS_2026_SCHEDULE_PAGE,Book flights with American Airlines,,,,1,REG,3,,,,,,,,,https://www.ticketmaster.com/event/0C0064EDD91AA0E7?brand=dallas_stars&wt.mc_id=NHL_TEAM_DAL_SCHEDULE_GM20&utm_source=NHL.com&utm_medium=client&utm_campaign=NHL_TEAM_DAL&utm_content=SCHEDULE_GM20,https://www.ticketmaster.com/event/0C0064EDD91AA0E7?brand=dallas_stars&wt.mc_id=NHL_TEAM_DAL_SCHEDULE_GM20&utm_source=NHL.com&utm_medium=client&utm_campaign=NHL_TEAM_DAL&utm_content=SCHEDULE_GM20,,,https://d2igy0yla8zi0u.cloudfront.net/CGY/20262027/CGY-radio.m3u8,https://www.nhl.com/stars/tickets/promotional-schedule,View promotional schedule,https://d2igy0yla8zi0u.cloudfront.net/DAL/20262027/DAL-radio.m3u8,,,,,,
20252026,20262027,,US/Central,2026020615,20262027,2,2026-12-27,False,2026-12-28T00:00:00Z,-05:00,-05:00,America/Montreal,FUT,OK,"[{'id': 652, 'market': 'A', 'countryCode': 'US', 'network': 'Prime Video', 'sequenceNumber': 117}, {'id': 131, 'market': 'H', 'countryCode': 'CA', 'network': 'TSN2', 'sequenceNumber': 112}, {'id': 33, 'market': 'H', 'countryCode': 'CA', 'network': 'RDS', 'sequenceNumber': 145}]",,,/gamecenter/dal-vs-mtl/2026/12/27/2026020615,Centre Bell,25,Stars,Dallas,Dallas,de Dallas,DAL,https://assets.nhle.com/logos/nhl/svg/DAL_light.svg,https://assets.nhle.com/logos/nhl/svg/DAL_dark.svg,False,https://www.aa.com/homePage.do?c=SPNS%7CDSP%7CSTR%7C2026%7CSCH%7C_STARS_2026_SCHEDULE_PAGE,Book flights with American Airlines,,,,8,Canadiens,Montréal,Montréal,de Montréal,MTL,https://assets.nhle.com/logos/nhl/svg/MTL_light.svg,https://assets.nhle.com/logos/nhl/svg/MTL_dark.svg,False,,,,,,1,REG,3,,,,,,,,,https://www.ticketmaster.ca/event/310064FACB0087EC?lang=en-ca&brand=canadiens&artistid=805975&wt.mc_id=NHL_TEAM_MTL_SCHEDULE_GM21&utm_source=NHL.com&utm_medium=client&utm_campaign=NHL_TEAM_MTL&utm_content=SCHEDULE_GM21,https://www.ticketmaster.ca/event/310064FACB0087EC?lang=fr-ca&brand=canadiens&artistid=805975&wt.mc_id=NHL_TEAM_MTL_SCHEDULE_GM21&utm_source=NHL.com&utm_medium=client&utm_campaign=NHL_TEAM_MTL&utm_content=SCHEDULE_GM21,,,https://d2igy0yla8zi0u.cloudfront.net/DAL/20262027/DAL-radio.m3u8,,,https://d2igy0yla8zi0u.cloudfront.net/MTL/20262027/MTL-radio.m3u8,,,,,,
20252026,20262027,,US/Central,2026020627,20262027,2,2026-12-29,False,2026-12-30T00:00:00Z,-05:00,-05:00,US/Eastern,FUT,OK,"[{'id': 652, 'market': 'A', 'countryCode': 'US', 'network': 'Prime Video', 'sequenceNumber': 117}, {'id': 294, 'market': 'H', 'countryCode': 'CA', 'network': 'TSN5', 'sequenceNumber': 135}, {'id': 242, 'market': 'H', 'countryCode': 'CA', 'network': 'RDSI', 'sequenceNumber': 147}]",,,/gamecenter/dal-vs-ott/2026/12/29/2026020627,Canadian Tire Centre,25,Stars,Dallas,Dallas,de Dallas,DAL,https://assets.nhle.com/logos/nhl/svg/DAL_light.svg,https://assets.nhle.com/logos/nhl/svg/DAL_dark.svg,False,https://www.aa.com/homePage.do?c=SPNS%7CDSP%7CSTR%7C2026%7CSCH%7C_STARS_2026_SCHEDULE_PAGE,Book flights with American Airlines,,,,9,Senators,Ottawa,Ottawa,d'Ottawa,OTT,https://assets.nhle.com/logos/nhl/svg/OTT_light.svg,https://assets.nhle.com/logos/nhl/svg/OTT_dark.svg,False,https://www.aircanada.com/home/ca/en/aco/flights,Air  Canada Flights,https://www.brookstreethotel.com/,Hotel,,1,REG,3,,,,,,,,,https://www.ticketmaster.ca/event/31006507E42E1F03?brand=ottawasenators&artistid=805997&landing=s&wt.mc_id=NHL_TEAM_OTT_SGT_PG_GM20&,https://www.nhl.com/fr/senators/tickets/,,,https://d2igy0yla8zi0u.cloudfront.net/DAL/20262027/DAL-radio.m3u8,,,https://d2igy0yla8zi0u.cloudfront.net/OTT/20262027/OTT-radio.m3u8,,Centre Canadian Tire,Sénateurs,,,
20252026,20262027,,US/Central,2026020649,20262027,2,2026-12-31,False,2027-01-01T02:00:00Z,-05:00,-06:00,US/Central,FUT,OK,"[{'id': 282, 'market': 'N', 'countryCode': 'CA', 'network': 'SN', 'sequenceNumber': 21}, {'id': 652, 'market': 'H', 'countryCode': 'US', 'network': 'Prime Video', 'sequenceNumber': 117}, {'id': 23, 'market': 'H', 'countryCode': 'US', 'network': 'KDFI', 'sequenceNumber': 610}, {'id': 409, 'market': 'A', 'countryCode': 'US', 'network': 'MSGSN', 'sequenceNumber': 411}]",,,/gamecenter/nyr-vs-dal/2026/12/31/2026020649,American Airlines Center,3,Rangers,New York,New York,de New York,NYR,https://assets.nhle.com/logos/nhl/svg/NYR_light.svg,https://assets.nhle.com/logos/nhl/svg/NYR_dark.svg,False,,,,,,25,Stars,Dallas,Dallas,de Dallas,DAL,https://assets.nhle.com/logos/nhl/svg/DAL_light.svg,https://assets.nhle.com/logos/nhl/svg/DAL_dark.svg,False,https://www.aa.com/homePage.do?c=SPNS%7CDSP%7CSTR%7C2026%7CSCH%7C_STARS_2026_SCHEDULE_PAGE,Book flights with American Airlines,,,,1,REG,3,,,,,,,,,https://www.ticketmaster.com/event/0C0064EDD1AF9781?brand=dallas_stars&wt.mc_id=NHL_TEAM_DAL_SCHEDULE_GM21&utm_source=NHL.com&utm_medium=client&utm_campaign=NHL_TEAM_DAL&utm_content=SCHEDULE_GM21,https://www.ticketmaster.com/event/0C0064EDD1AF9781?brand=dallas_stars&wt.mc_id=NHL_TEAM_DAL_SCHEDULE_GM21&utm_source=NHL.com&utm_medium=client&utm_campaign=NHL_TEAM_DAL&utm_content=SCHEDULE_GM21,,,https://d2igy0yla8zi0u.cloudfront.net/NYR/20262027/NYR-radio.m3u8,https://www.nhl.com/stars/tickets/promotional-schedule,View promotional schedule,https://d2igy0yla8zi0u.cloudfront.net/DAL/20262027/DAL-radio.m3u8,,,,,,
20252026,20262027,,US/Central,2026020664,20262027,2,2027-01-02,False,2027-01-03T01:00:00Z,-05:00,-06:00,US/Central,FUT,OK,"[{'id': 652, 'market': 'H', 'countryCode': 'US', 'network': 'Prime Video', 'sequenceNumber': 117}, {'id': 551, 'market': 'A', 'countryCode': 'US', 'network': 'CHSN', 'sequenceNumber': 254}]",,,/gamecenter/chi-vs-dal/2027/01/02/2026020664,American Airlines Center,16,Blackhawks,Chicago,Chicago,de Chicago,CHI,https://assets.nhle.com/logos/nhl/svg/CHI_light.svg,https://assets.nhle.com/logos/nhl/svg/CHI_dark.svg,False,,,,,,25,Stars,Dallas,Dallas,de Dallas,DAL,https://assets.nhle.com/logos/nhl/svg/DAL_light.svg,https://assets.nhle.com/logos/nhl/svg/DAL_dark.svg,False,https://www.aa.com/homePage.do?c=SPNS%7CDSP%7CSTR%7C2026%7CSCH%7C_STARS_2026_SCHEDULE_PAGE,Book flights with American Airlines,,,,1,REG,3,,,,,,,,,https://www.ticketmaster.com/event/0C0064EDD19E9761?brand=dallas_stars&wt.mc_id=NHL_TEAM_DAL_SCHEDULE_GM22&utm_source=NHL.com&utm_medium=client&utm_campaign=NHL_TEAM_DAL&utm_content=SCHEDULE_GM22,https://www.ticketmaster.com/event/0C0064EDD19E9761?brand=dallas_stars&wt.mc_id=NHL_TEAM_DAL_SCHEDULE_GM22&utm_source=NHL.com&utm_medium=client&utm_campaign=NHL_TEAM_DAL&utm_content=SCHEDULE_GM22,,,https://d2igy0yla8zi0u.cloudfront.net/CHI/20262027/CHI-radio.m3u8,,,https://d2igy0yla8zi0u.cloudfront.net/DAL/20262027/DAL-radio.m3u8,,,,,,
20252026,20262027,,US/Central,2026020677,20262027,2,2027-01-04,False,2027-01-05T01:00:00Z,-05:00,-06:00,US/Central,FUT,OK,"[{'id': 652, 'market': 'H', 'countryCode': 'US', 'network': 'Prime Video', 'sequenceNumber': 117}, {'id': 23, 'market': 'H', 'countryCode': 'US', 'network': 'KDFI', 'sequenceNumber': 610}, {'id': 645, 'market': 'A', 'countryCode': 'US', 'network': 'DSN', 'sequenceNumber': 1}]",,,/gamecenter/det-vs-dal/2027/01/04/2026020677,American Airlines Center,17,Red Wings,Detroit,Detroit,de Detroit,DET,https://assets.nhle.com/logos/nhl/svg/DET_light.svg,https://assets.nhle.com/logos/nhl/svg/DET_dark.svg,False,,,,,,25,Stars,Dallas,Dallas,de Dallas,DAL,https://assets.nhle.com/logos/nhl/svg/DAL_light.svg,https://assets.nhle.com/logos/nhl/svg/DAL_dark.svg,False,https://www.aa.com/homePage.do?c=SPNS%7CDSP%7CSTR%7C2026%7CSCH%7C_STARS_2026_SCHEDULE_PAGE,Book flights with American Airlines,,,,1,REG,3,,,,,,,,,https://www.ticketmaster.com/event/0C0064EDD5E99CEB?brand=dallas_stars&wt.mc_id=NHL_TEAM_DAL_SCHEDULE_GM23&utm_source=NHL.com&utm_medium=client&utm_campaign=NHL_TEAM_DAL&utm_content=SCHEDULE_GM23,https://www.ticketmaster.com/event/0C0064EDD5E99CEB?brand=dallas_stars&wt.mc_id=NHL_TEAM_DAL_SCHEDULE_GM23&utm_source=NHL.com&utm_medium=client&utm_campaign=NHL_TEAM_DAL&utm_content=SCHEDULE_GM23,,,https://d2igy0yla8zi0u.cloudfront.net/DET/20262027/DET-radio.m3u8,,,https://d2igy0yla8zi0u.cloudfront.net/DAL/20262027/DAL-radio.m3u8,,,,,,
20252026,20262027,,US/Central,2026020693,20262027,2,2027-01-06,False,2027-01-07T03:00:00Z,-05:00,-08:00,US/Pacific,FUT,OK,"[{'id': 652, 'market': 'A', 'countryCode': 'US', 'network': 'Prime Video', 'sequenceNumber': 117}, {'id': 314, 'market': 'H', 'countryCode': 'US', 'network': 'NBCSCA', 'sequenceNumber': 393}]",,,/gamecenter/dal-vs-sjs/2027/01/06/2026020693,SAP Center at San Jose,25,Stars,Dallas,Dallas,de Dallas,DAL,https://assets.nhle.com/logos/nhl/svg/DAL_light.svg,https://assets.nhle.com/logos/nhl/svg/DAL_dark.svg,False,https://www.aa.com/homePage.do?c=SPNS%7CDSP%7CSTR%7C2026%7CSCH%7C_STARS_2026_SCHEDULE_PAGE,Book flights with American Airlines,,,,28,Sharks,San Jose,San Jose,de San Jose,SJS,https://assets.nhle.com/logos/nhl/svg/SJS_light.svg,https://assets.nhle.com/logos/nhl/svg/SJS_dark.svg,False,,,https://teal.sjsharks.com/trk/ibdqc,Rest Easy at San Jose Marriott,,1,REG,3,,,,,,,,,https://www.ticketmaster.com/event/1C0064E79B359CB3?brand=sharks&artistid=806018&wt.mc_id=NHL_TEAM_SJS_SCHEDULE_GM23&utm_source=NHL.com&utm_medium=client&utm_campaign=NHL_TEAM_SJS&utm_content=SCHEDULE_GM23,https://www.ticketmaster.com/event/1C0064E79B359CB3?brand=sharks&artistid=806018&wt.mc_id=NHL_TEAM_SJS_SCHEDULE_GM23&utm_source=NHL.com&utm_medium=client&utm_campaign=NHL_TEAM_SJS&utm_content=SCHEDULE_GM23,,,https://d2igy0yla8zi0u.cloudfront.net/DAL/20262027/DAL-radio.m3u8,https://teal.sjsharks.com/trk/9Fmqc,,https://d2igy0yla8zi0u.cloudfront.net/SJS/20262027/SJS-radio.m3u8,,SAP Center de San Jose,,SAP Center en San Jose,,
20252026,20262027,,US/Central,2026020707,20262027,2,2027-01-08,False,2027-01-09T03:00:00Z,-05:00,-08:00,America/Los_Angeles,FUT,OK,"[{'id': 652, 'market': 'A', 'countryCode': 'US', 'network': 'Prime Video', 'sequenceNumber': 117}, {'id': 652, 'market': 'H', 'countryCode': 'US', 'network': 'Prime Video', 'sequenceNumber': 117}, {'id': 219, 'market': 'H', 'countryCode': 'US', 'network': 'KCOP-13', 'sequenceNumber': 656}]",,,/gamecenter/dal-vs-ana/2027/01/08/2026020707,Honda Center,25,Stars,Dallas,Dallas,de Dallas,DAL,https://assets.nhle.com/logos/nhl/svg/DAL_light.svg,https://assets.nhle.com/logos/nhl/svg/DAL_dark.svg,False,https://www.aa.com/homePage.do?c=SPNS%7CDSP%7CSTR%7C2026%7CSCH%7C_STARS_2026_SCHEDULE_PAGE,Book flights with American Airlines,,,,24,Ducks,Anaheim,Anaheim,d'Anaheim,ANA,https://assets.nhle.com/logos/nhl/svg/ANA_light.svg,https://assets.nhle.com/logos/nhl/svg/ANA_dark.svg,False,,,,,,1,REG,3,,,,,,,,,https://www.ticketmaster.com/event/090064EA34D2912B?brand=ducks&artistid=805893&wt.mc_id=NHL_TEAM_ANA_SCHEDULE_GM24&utm_source=NHL.com&utm_medium=client&utm_campaign=NHL_TEAM_ANA&utm_content=SCHEDULE_GM24,https://www.ticketmaster.com/event/090064EA34D2912B?brand=ducks&artistid=805893&wt.mc_id=NHL_TEAM_ANA_SCHEDULE_GM24&utm_source=NHL.com&utm_medium=client&utm_campaign=NHL_TEAM_ANA&utm_content=SCHEDULE_GM24,,,https://d2igy0yla8zi0u.cloudfront.net/DAL/20262027/DAL-radio.m3u8,,,https://d2igy0yla8zi0u.cloudfront.net/ANA/20262027/ANA-radio.m3u8,,,,,,
20252026,20262027,,US/Central,2026020718,20262027,2,2027-01-09,False,2027-01-10T02:00:00Z,-05:00,-08:00,America/Los_Angeles,FUT,OK,"[{'id': 652, 'market': 'A', 'countryCode': 'US', 'network': 'Prime Video', 'sequenceNumber': 117}, {'id': 651, 'market': 'H', 'countryCode': 'US', 'network': 'ABTV ', 'sequenceNumber': 1}]",,,/gamecenter/dal-vs-lak/2027/01/09/2026020718,Crypto.com Arena,25,Stars,Dallas,Dallas,de Dallas,DAL,https://assets.nhle.com/logos/nhl/svg/DAL_light.svg,https://assets.nhle.com/logos/nhl/svg/DAL_dark.svg,False,https://www.aa.com/homePage.do?c=SPNS%7CDSP%7CSTR%7C2026%7CSCH%7C_STARS_2026_SCHEDULE_PAGE,Book flights with American Airlines,,,,26,Kings,Los Angeles,Los Angeles,de Los Angeles,LAK,https://assets.nhle.com/logos/nhl/svg/LAK_light.svg,https://assets.nhle.com/logos/nhl/svg/LAK_dark.svg,False,,,,,,1,REG,3,,,,,,,,,https://www.nhl.com/kings/tickets/single-game-tickets,https://www.nhl.com/kings/tickets/single-game-tickets,,,https://d2igy0yla8zi0u.cloudfront.net/DAL/20262027/DAL-radio.m3u8,https://tix.axs.com/hIZzMgAAAAA7J7iTAgAAAAB1%2fv%2f%2f%2fwD%2f%2f%2f%2f%2fB2xha2luZ3MA%2f%2f%2f%2f%2f%2f%2f%2f%2f%2f8%3d?locale=en-US,Filipino Heritage,https://d2igy0yla8zi0u.cloudfront.net/LAK/20262027/LAK-radio.m3u8,,,,,,
20252026,20262027,,US/Central,2026020734,20262027,2,2027-01-12,False,2027-01-13T01:00:00Z,-05:00,-06:00,US/Central,FUT,OK,"[{'id': 756, 'market': 'H', 'countryCode': 'US', 'network': 'KDFW 4', 'sequenceNumber': 1}, {'id': 652, 'market': 'H', 'countryCode': 'US', 'network': 'Prime Video', 'sequenceNumber': 117}, {'id': 294, 'market': 'A', 'countryCode': 'CA', 'network': 'TSN5', 'sequenceNumber': 135}, {'id': 33, 'market': 'A', 'countryCode': 'CA', 'network': 'RDS', 'sequenceNumber': 145}]",,,/gamecenter/ott-vs-dal/2027/01/12/2026020734,American Airlines Center,9,Senators,Ottawa,Ottawa,d'Ottawa,OTT,https://assets.nhle.com/logos/nhl/svg/OTT_light.svg,https://assets.nhle.com/logos/nhl/svg/OTT_dark.svg,False,https://www.aircanada.com/home/ca/en/aco/flights,Book Flights with Air Canada,https://www.brookstreethotel.com/?gad_source=1&gad_campaignid=361534260&gbraid=0AAAAAD7lh6gowt52ky_hNFfUfpIJrBOLt&gclid=CjwKCAjws_DTBhB_EiwAXZknGWgxgnsGfRdBp1sxO_Bjc5W4YaWOrsfOWgCMIIPHfxIA9-A04EYXdhoClb8QAvD_BwE,Brookstreet Hotel,,25,Stars,Dallas,Dallas,de Dallas,DAL,https://assets.nhle.com/logos/nhl/svg/DAL_light.svg,https://assets.nhle.com/logos/nhl/svg/DAL_dark.svg,False,https://www.aa.com/homePage.do?c=SPNS%7CDSP%7CSTR%7C2026%7CSCH%7C_STARS_2026_SCHEDULE_PAGE,Book flights with American Airlines,,,,1,REG,3,,,,,,,,,https://www.ticketmaster.com/event/0C0064EDDB79A465?brand=dallas_stars&wt.mc_id=NHL_TEAM_DAL_SCHEDULE_GM24&utm_source=NHL.com&utm_medium=client&utm_campaign=NHL_TEAM_DAL&utm_content=SCHEDULE_GM24,https://www.ticketmaster.com/event/0C0064EDDB79A465?brand=dallas_stars&wt.mc_id=NHL_TEAM_DAL_SCHEDULE_GM24&utm_source=NHL.com&utm_medium=client&utm_campaign=NHL_TEAM_DAL&utm_content=SCHEDULE_GM24,,,https://d2igy0yla8zi0u.cloudfront.net/OTT/20262027/OTT-radio.m3u8,https://www.nhl.com/stars/tickets/promotional-schedule,View promotional schedule,https://d2igy0yla8zi0u.cloudfront.net/DAL/20262027/DAL-radio.m3u8,,,,,Sénateurs,
20252026,20262027,,US/Central,2026020743,20262027,2,2027-01-14,False,2027-01-15T00:00:00Z,-05:00,-05:00,US/Eastern,FUT,OK,"[{'id': 282, 'market': 'N', 'countryCode': 'CA', 'network': 'SN', 'sequenceNumber': 21}, {'id': 281, 'market': 'N', 'countryCode': 'CA', 'network': 'TVAS', 'sequenceNumber': 120}, {'id': 652, 'market': 'A', 'countryCode': 'US', 'network': 'Prime Video', 'sequenceNumber': 117}, {'id': 31, 'market': 'H', 'countryCode': 'US', 'network': 'NESN', 'sequenceNumber': 405}]",,,/gamecenter/dal-vs-bos/2027/01/14/2026020743,TD Garden,25,Stars,Dallas,Dallas,de Dallas,DAL,https://assets.nhle.com/logos/nhl/svg/DAL_light.svg,https://assets.nhle.com/logos/nhl/svg/DAL_dark.svg,False,https://www.aa.com/homePage.do?c=SPNS%7CDSP%7CSTR%7C2026%7CSCH%7C_STARS_2026_SCHEDULE_PAGE,Book flights with American Airlines,,,,6,Bruins,Boston,Boston,de Boston,BOS,https://assets.nhle.com/logos/nhl/svg/BOS_light.svg,https://assets.nhle.com/logos/nhl/svg/BOS_dark.svg,False,,,,,,1,REG,3,,,,,,,,,https://www.ticketmaster.com/event/010064EDC48D778A?brand=bostonbruins&artistid=805902&wt.mc_id=NHL_TEAM_BOS_SCHEDULE_GM27&utm_source=NHL.com&utm_medium=client&utm_campaign=NHL_TEAM_BOS&utm_content=SCHEDULE_GM27,https://www.ticketmaster.com/event/010064EDC48D778A?brand=bostonbruins&artistid=805902&wt.mc_id=NHL_TEAM_BOS_SCHEDULE_GM27&utm_source=NHL.com&utm_medium=client&utm_campaign=NHL_TEAM_BOS&utm_content=SCHEDULE_GM27,,,https://d2igy0yla8zi0u.cloudfront.net/DAL/20262027/DAL-radio.m3u8,,,https://d2igy0yla8zi0u.cloudfront.net/BOS/20262027/BOS-radio.m3u8,,,,,,
20252026,20262027,,US/Central,2026020754,20262027,2,2027-01-15,False,2027-01-16T00:00:00Z,-05:00,-05:00,America/New_York,FUT,OK,"[{'id': 549, 'market': 'N', 'countryCode': 'CA', 'network': 'SN+', 'sequenceNumber': 117}, {'id': 652, 'market': 'A', 'countryCode': 'US', 'network': 'Prime Video', 'sequenceNumber': 117}, {'id': 409, 'market': 'H', 'countryCode': 'US', 'network': 'MSGSN', 'sequenceNumber': 411}]",,,/gamecenter/dal-vs-nyi/2027/01/15/2026020754,UBS Arena,25,Stars,Dallas,Dallas,de Dallas,DAL,https://assets.nhle.com/logos/nhl/svg/DAL_light.svg,https://assets.nhle.com/logos/nhl/svg/DAL_dark.svg,False,https://www.aa.com/homePage.do?c=SPNS%7CDSP%7CSTR%7C2026%7CSCH%7C_STARS_2026_SCHEDULE_PAGE,Book flights with American Airlines,,,,2,Islanders,New York,New York,de New York,NYI,https://assets.nhle.com/logos/nhl/svg/NYI_light.svg,https://assets.nhle.com/logos/nhl/svg/NYI_dark.svg,False,,,,,,1,REG,3,,,,,,,,,https://www.ticketmaster.com/event/300064E2D2C06246?brand=nyislanders&artistid=805986&wt.mc_id=NHL_TEAM_NYI_SCHEDULE_GM23&utm_source=nyi_website&utm_medium=schedulepage&utm_campaign=NHL_TEAM_NYI&utm_content=SCHEDULE_GM23,https://www.ticketmaster.com/event/300064E2D2C06246?brand=nyislanders&artistid=805986&wt.mc_id=NHL_TEAM_NYI_SCHEDULE_GM23&utm_source=nyi_website&utm_medium=schedulepage&utm_campaign=NHL_TEAM_NYI&utm_content=SCHEDULE_GM23,,,https://d2igy0yla8zi0u.cloudfront.net/DAL/20262027/DAL-radio.m3u8,,,https://d2igy0yla8zi0u.cloudfront.net/NYI/20262027/NYI-radio.m3u8,,,,,,
20252026,20262027,,US/Central,2026020773,20262027,2,2027-01-17,False,2027-01-17T23:00:00Z,-05:00,-05:00,America/New_York,FUT,OK,"[{'id': 652, 'market': 'A', 'countryCode': 'US', 'network': 'Prime Video', 'sequenceNumber': 117}, {'id': 27, 'market': 'H', 'countryCode': 'US', 'network': 'MSG', 'sequenceNumber': 417}]",,,/gamecenter/dal-vs-nyr/2027/01/17/2026020773,Madison Square Garden,25,Stars,Dallas,Dallas,de Dallas,DAL,https://assets.nhle.com/logos/nhl/svg/DAL_light.svg,https://assets.nhle.com/logos/nhl/svg/DAL_dark.svg,False,https://www.aa.com/homePage.do?c=SPNS%7CDSP%7CSTR%7C2026%7CSCH%7C_STARS_2026_SCHEDULE_PAGE,Book flights with American Airlines,,,,3,Rangers,New York,New York,de New York,NYR,https://assets.nhle.com/logos/nhl/svg/NYR_light.svg,https://assets.nhle.com/logos/nhl/svg/NYR_dark.svg,False,,,,,,1,REG,3,,,,,,,,,https://www.ticketmaster.com/event/3B0064F1B1E5447E?brand=nyrangers&artistid=805991&landing=s&wt.mc_id=NHL_TEAM_NYR_SCHEDULE_GM25&utm_source=NHL.com&utm_medium=client&utm_campaign=NHL_TEAM_NYR&utm_content=SCHEDULE_GM25&CAMEFROM=CFC_RANGERS_WEB_NYR_SCHED_260803,https://www.ticketmaster.com/event/3B0064F1B1E5447E?brand=nyrangers&artistid=805991&landing=s&wt.mc_id=NHL_TEAM_NYR_SCHEDULE_GM25&utm_source=NHL.com&utm_medium=client&utm_campaign=NHL_TEAM_NYR&utm_content=SCHEDULE_GM25&CAMEFROM=CFC_RANGERS_WEB_NYR_SCHED_260803,,,https://d2igy0yla8zi0u.cloudfront.net/DAL/20262027/DAL-radio.m3u8,,,https://d2igy0yla8zi0u.cloudfront.net/NYR/20262027/NYR-radio.m3u8,,,,,,
20252026,20262027,,US/Central,2026020787,20262027,2,2027-01-19,False,2027-01-20T00:00:00Z,-05:00,-05:00,US/Eastern,FUT,OK,"[{'id': 329, 'market': 'N', 'countryCode': 'US', 'network': 'ESPN+', 'sequenceNumber': 16}, {'id': 391, 'market': 'N', 'countryCode': 'US', 'network': 'HULU', 'sequenceNumber': 17}, {'id': 574, 'market': 'N', 'countryCode': 'US', 'network': 'Disney+', 'sequenceNumber': 21}, {'id': 549, 'market': 'N', 'countryCode': 'CA', 'network': 'SN+', 'sequenceNumber': 117}]",,,/gamecenter/dal-vs-njd/2027/01/19/2026020787,Prudential Center,25,Stars,Dallas,Dallas,de Dallas,DAL,https://assets.nhle.com/logos/nhl/svg/DAL_light.svg,https://assets.nhle.com/logos/nhl/svg/DAL_dark.svg,False,https://www.aa.com/homePage.do?c=SPNS%7CDSP%7CSTR%7C2026%7CSCH%7C_STARS_2026_SCHEDULE_PAGE,Book flights with American Airlines,,,,1,Devils,New Jersey,New Jersey,du New Jersey,NJD,https://assets.nhle.com/logos/nhl/svg/NJD_light.svg,https://assets.nhle.com/logos/nhl/svg/NJD_dark.svg,False,,,,,,1,REG,3,,,,,,,,,https://www.ticketmaster.com/event/020064F091269B24?brand=devils&artistid=805982&wt.mc_id=NHL_TEAM_NJD_SCHEDULE_GM26&camefrom=CFC_DEVILS_NHL_TEAM_NJD_SCHEDULE_GM26,https://www.ticketmaster.com/event/020064F091269B24?brand=devils&artistid=805982&wt.mc_id=NHL_TEAM_NJD_SCHEDULE_GM26&camefrom=CFC_DEVILS_NHL_TEAM_NJD_SCHEDULE_GM26,,,https://d2igy0yla8zi0u.cloudfront.net/DAL/20262027/DAL-radio.m3u8,https://www.nhl.com/devils/tickets/theme-nights#dal-njd-2027-01-19,Pride Celebration,https://d2igy0yla8zi0u.cloudfront.net/NJD/20262027/NJD-radio.m3u8,,,,,,
20252026,20262027,,US/Central,2026020796,20262027,2,2027-01-20,False,2027-01-21T00:30:00Z,-05:00,-06:00,America/Chicago,FUT,OK,"[{'id': 385, 'market': 'N', 'countryCode': 'US', 'network': 'TNT', 'sequenceNumber': 11}, {'id': 578, 'market': 'N', 'countryCode': 'US', 'network': 'HBO MAX', 'sequenceNumber': 19}]",,,/gamecenter/dal-vs-chi/2027/01/20/2026020796,United Center,25,Stars,Dallas,Dallas,de Dallas,DAL,https://assets.nhle.com/logos/nhl/svg/DAL_light.svg,https://assets.nhle.com/logos/nhl/svg/DAL_dark.svg,False,https://www.aa.com/homePage.do?c=SPNS%7CDSP%7CSTR%7C2026%7CSCH%7C_STARS_2026_SCHEDULE_PAGE,Book flights with American Airlines,,,,16,Blackhawks,Chicago,Chicago,de Chicago,CHI,https://assets.nhle.com/logos/nhl/svg/CHI_light.svg,https://assets.nhle.com/logos/nhl/svg/CHI_dark.svg,False,,,,,,1,REG,3,,,,,,,,,https://www.ticketmaster.com/event/040064F08FC675F9?brand=blackhawks&artistid=805913&wt.mc_id=NHL_TEAM_CHI_SCHEDULE_GM24,https://www.ticketmaster.com/event/040064F08FC675F9?brand=blackhawks&artistid=805913&wt.mc_id=NHL_TEAM_CHI_SCHEDULE_GM24,,,https://d2igy0yla8zi0u.cloudfront.net/DAL/20262027/DAL-radio.m3u8,,,https://d2igy0yla8zi0u.cloudfront.net/CHI/20262027/CHI-radio.m3u8,,,,,,
20252026,20262027,,US/Central,2026020810,20262027,2,2027-01-22,False,2027-01-23T01:00:00Z,-05:00,-06:00,US/Central,FUT,OK,"[{'id': 652, 'market': 'H', 'countryCode': 'US', 'network': 'Prime Video', 'sequenceNumber': 117}, {'id': 2, 'market': 'A', 'countryCode': 'US', 'network': 'ALT', 'sequenceNumber': 385}]",,,/gamecenter/col-vs-dal/2027/01/22/2026020810,American Airlines Center,21,Avalanche,Colorado,Colorado,du Colorado,COL,https://assets.nhle.com/logos/nhl/svg/COL_light.svg,https://assets.nhle.com/logos/nhl/svg/COL_dark.svg,False,,,,,,25,Stars,Dallas,Dallas,de Dallas,DAL,https://assets.nhle.com/logos/nhl/svg/DAL_light.svg,https://assets.nhle.com/logos/nhl/svg/DAL_dark.svg,False,https://www.aa.com/homePage.do?c=SPNS%7CDSP%7CSTR%7C2026%7CSCH%7C_STARS_2026_SCHEDULE_PAGE,Book flights with American Airlines,,,,1,REG,3,,,,,,,,,https://www.ticketmaster.com/event/0C0064EDD1A4976A?brand=dallas_stars&wt.mc_id=NHL_TEAM_DAL_SCHEDULE_GM25&utm_source=NHL.com&utm_medium=client&utm_campaign=NHL_TEAM_DAL&utm_content=SCHEDULE_GM25,https://www.ticketmaster.com/event/0C0064EDD1A4976A?brand=dallas_stars&wt.mc_id=NHL_TEAM_DAL_SCHEDULE_GM25&utm_source=NHL.com&utm_medium=client&utm_campaign=NHL_TEAM_DAL&utm_content=SCHEDULE_GM25,,,https://d2igy0yla8zi0u.cloudfront.net/COL/20262027/COL-radio.m3u8,,,https://d2igy0yla8zi0u.cloudfront.net/DAL/20262027/DAL-radio.m3u8,,,,,,
20252026,20262027,,US/Central,2026020826,20262027,2,2027-01-24,False,2027-01-24T22:00:00Z,-05:00,-07:00,America/Denver,FUT,OK,"[{'id': 282, 'market': 'N', 'countryCode': 'CA', 'network': 'SN', 'sequenceNumber': 107}, {'id': 281, 'market': 'N', 'countryCode': 'CA', 'network': 'TVAS', 'sequenceNumber': 120}, {'id': 652, 'market': 'A', 'countryCode': 'US', 'network': 'Prime Video', 'sequenceNumber': 117}, {'id': 2, 'market': 'H', 'countryCode': 'US', 'network': 'ALT', 'sequenceNumber': 385}]",,,/gamecenter/dal-vs-col/2027/01/24/2026020826,Ball Arena,25,Stars,Dallas,Dallas,de Dallas,DAL,https://assets.nhle.com/logos/nhl/svg/DAL_light.svg,https://assets.nhle.com/logos/nhl/svg/DAL_dark.svg,False,https://www.aa.com/homePage.do?c=SPNS%7CDSP%7CSTR%7C2026%7CSCH%7C_STARS_2026_SCHEDULE_PAGE,Book flights with American Airlines,,,,21,Avalanche,Colorado,Colorado,du Colorado,COL,https://assets.nhle.com/logos/nhl/svg/COL_light.svg,https://assets.nhle.com/logos/nhl/svg/COL_dark.svg,False,,,,,,1,REG,3,,,,,,,,,https://avs.social/2627_SCHEDULE_GM26,https://avs.social/2627_SCHEDULE_GM26,,,https://d2igy0yla8zi0u.cloudfront.net/DAL/20262027/DAL-radio.m3u8,https://avalanchepremium.com/events/Colorado-Avalanche-vs-Dallas-Stars-125261/,Premium Spaces,https://d2igy0yla8zi0u.cloudfront.net/COL/20262027/COL-radio.m3u8,,,,,,
20252026,20262027,,US/Central,2026020843,20262027,2,2027-01-26,False,2027-01-27T01:00:00Z,-05:00,-06:00,US/Central,FUT,OK,"[{'id': 652, 'market': 'H', 'countryCode': 'US', 'network': 'Prime Video', 'sequenceNumber': 117}, {'id': 652, 'market': 'A', 'countryCode': 'US', 'network': 'Prime Video', 'sequenceNumber': 117}]",,,/gamecenter/ana-vs-dal/2027/01/26/2026020843,American Airlines Center,24,Ducks,Anaheim,Anaheim,d'Anaheim,ANA,https://assets.nhle.com/logos/nhl/svg/ANA_light.svg,https://assets.nhle.com/logos/nhl/svg/ANA_dark.svg,False,,,,,,25,Stars,Dallas,Dallas,de Dallas,DAL,https://assets.nhle.com/logos/nhl/svg/DAL_light.svg,https://assets.nhle.com/logos/nhl/svg/DAL_dark.svg,False,https://www.aa.com/homePage.do?c=SPNS%7CDSP%7CSTR%7C2026%7CSCH%7C_STARS_2026_SCHEDULE_PAGE,Book flights with American Airlines,,,,1,REG,3,,,,,,,,,https://www.ticketmaster.com/event/0C0064EDDE48A7CB?brand=dallas_stars&wt.mc_id=NHL_TEAM_DAL_SCHEDULE_GM26&utm_source=NHL.com&utm_medium=client&utm_campaign=NHL_TEAM_DAL&utm_content=SCHEDULE_GM26,https://www.ticketmaster.com/event/0C0064EDDE48A7CB?brand=dallas_stars&wt.mc_id=NHL_TEAM_DAL_SCHEDULE_GM26&utm_source=NHL.com&utm_medium=client&utm_campaign=NHL_TEAM_DAL&utm_content=SCHEDULE_GM26,,,https://d2igy0yla8zi0u.cloudfront.net/ANA/20262027/ANA-radio.m3u8,https://www.nhl.com/stars/tickets/promotional-schedule,View promotional schedule,https://d2igy0yla8zi0u.cloudfront.net/DAL/20262027/DAL-radio.m3u8,,,,,,
20252026,20262027,,US/Central,2026020854,20262027,2,2027-01-28,False,2027-01-29T01:00:00Z,-05:00,-06:00,US/Central,FUT,OK,"[{'id': 756, 'market': 'H', 'countryCode': 'US', 'network': 'KDFW 4', 'sequenceNumber': 1}, {'id': 652, 'market': 'H', 'countryCode': 'US', 'network': 'Prime Video', 'sequenceNumber': 117}, {'id': 290, 'market': 'A', 'countryCode': 'CA', 'network': 'SNP', 'sequenceNumber': 33}]",,,/gamecenter/van-vs-dal/2027/01/28/2026020854,American Airlines Center,23,Canucks,Vancouver,Vancouver,de Vancouver,VAN,https://assets.nhle.com/logos/nhl/svg/VAN_light.svg,https://assets.nhle.com/logos/nhl/svg/VAN_dark.svg,False,https://www.aircanada.com/?utm_source=canuckscom&utm_medium=calendar,Book with Air Canada,,,,25,Stars,Dallas,Dallas,de Dallas,DAL,https://assets.nhle.com/logos/nhl/svg/DAL_light.svg,https://assets.nhle.com/logos/nhl/svg/DAL_dark.svg,False,https://www.aa.com/homePage.do?c=SPNS%7CDSP%7CSTR%7C2026%7CSCH%7C_STARS_2026_SCHEDULE_PAGE,Book flights with American Airlines,,,,1,REG,3,,,,,,,,,https://www.ticketmaster.com/event/0C0064EDDE4CA7D2?brand=dallas_stars&wt.mc_id=NHL_TEAM_DAL_SCHEDULE_GM27&utm_source=NHL.com&utm_medium=client&utm_campaign=NHL_TEAM_DAL&utm_content=SCHEDULE_GM27,https://www.ticketmaster.com/event/0C0064EDDE4CA7D2?brand=dallas_stars&wt.mc_id=NHL_TEAM_DAL_SCHEDULE_GM27&utm_source=NHL.com&utm_medium=client&utm_campaign=NHL_TEAM_DAL&utm_content=SCHEDULE_GM27,,,https://d2igy0yla8zi0u.cloudfront.net/VAN/20262027/VAN-radio.m3u8,https://www.nhl.com/stars/tickets/promotional-schedule,View promotional schedule,https://d2igy0yla8zi0u.cloudfront.net/DAL/20262027/DAL-radio.m3u8,,,,,,
20252026,20262027,,US/Central,2026020875,20262027,2,2027-01-30,False,2027-01-31T02:00:00Z,-05:00,-06:00,US/Central,FUT,OK,"[{'id': 652, 'market': 'A', 'countryCode': 'US', 'network': 'Prime Video', 'sequenceNumber': 117}, {'id': 648, 'market': 'H', 'countryCode': 'US', 'network': 'MINNHL', 'sequenceNumber': 1}, {'id': 758, 'market': 'H', 'countryCode': 'US', 'network': 'Wild+', 'sequenceNumber': 1}]",,,/gamecenter/dal-vs-min/2027/01/30/2026020875,Grand Casino Arena,25,Stars,Dallas,Dallas,de Dallas,DAL,https://assets.nhle.com/logos/nhl/svg/DAL_light.svg,https://assets.nhle.com/logos/nhl/svg/DAL_dark.svg,False,https://www.aa.com/homePage.do?c=SPNS%7CDSP%7CSTR%7C2026%7CSCH%7C_STARS_2026_SCHEDULE_PAGE,Book flights with American Airlines,,,,30,Wild,Minnesota,Minnesota,du Minnesota,MIN,https://assets.nhle.com/logos/nhl/svg/MIN_light.svg,https://assets.nhle.com/logos/nhl/svg/MIN_dark.svg,False,,,,,,1,REG,3,,,,,,,,,https://mnwild.co/lzh735s0,https://mnwild.co/lzh735s0,,,https://d2igy0yla8zi0u.cloudfront.net/DAL/20262027/DAL-radio.m3u8,,,https://d2igy0yla8zi0u.cloudfront.net/MIN/20262027/MIN-radio.m3u8,,,,,,
20252026,20262027,,US/Central,2026020896,20262027,2,2027-02-08,False,2027-02-09T01:00:00Z,-05:00,-06:00,US/Central,FUT,OK,"[{'id': 652, 'market': 'H', 'countryCode': 'US', 'network': 'Prime Video', 'sequenceNumber': 117}, {'id': 23, 'market': 'H', 'countryCode': 'US', 'network': 'KDFI', 'sequenceNumber': 610}, {'id': 651, 'market': 'A', 'countryCode': 'US', 'network': 'ABTV ', 'sequenceNumber': 1}]",,,/gamecenter/lak-vs-dal/2027/02/08/2026020896,American Airlines Center,26,Kings,Los Angeles,Los Angeles,de Los Angeles,LAK,https://assets.nhle.com/logos/nhl/svg/LAK_light.svg,https://assets.nhle.com/logos/nhl/svg/LAK_dark.svg,False,,,,,,25,Stars,Dallas,Dallas,de Dallas,DAL,https://assets.nhle.com/logos/nhl/svg/DAL_light.svg,https://assets.nhle.com/logos/nhl/svg/DAL_dark.svg,False,https://www.aa.com/homePage.do?c=SPNS%7CDSP%7CSTR%7C2026%7CSCH%7C_STARS_2026_SCHEDULE_PAGE,Book flights with American Airlines,,,,1,REG,3,,,,,,,,,https://www.ticketmaster.com/event/0C0064EDDE51A7D4?brand=dallas_stars&wt.mc_id=NHL_TEAM_DAL_SCHEDULE_GM28&utm_source=NHL.com&utm_medium=client&utm_campaign=NHL_TEAM_DAL&utm_content=SCHEDULE_GM28,https://www.ticketmaster.com/event/0C0064EDDE51A7D4?brand=dallas_stars&wt.mc_id=NHL_TEAM_DAL_SCHEDULE_GM28&utm_source=NHL.com&utm_medium=client&utm_campaign=NHL_TEAM_DAL&utm_content=SCHEDULE_GM28,,,https://d2igy0yla8zi0u.cloudfront.net/LAK/20262027/LAK-radio.m3u8,https://www.nhl.com/stars/tickets/promotional-schedule,View promotional schedule,https://d2igy0yla8zi0u.cloudfront.net/DAL/20262027/DAL-radio.m3u8,,,,,,
20252026,20262027,,US/Central,2026020907,20262027,2,2027-02-12,False,2027-02-13T00:00:00Z,-05:00,-05:00,US/Eastern,FUT,OK,"[{'id': 652, 'market': 'A', 'countryCode': 'US', 'network': 'Prime Video', 'sequenceNumber': 117}, {'id': 581, 'market': 'H', 'countryCode': 'US', 'network': 'The Spot', 'sequenceNumber': 211}]",,,/gamecenter/dal-vs-tbl/2027/02/12/2026020907,Benchmark International Arena,25,Stars,Dallas,Dallas,de Dallas,DAL,https://assets.nhle.com/logos/nhl/svg/DAL_light.svg,https://assets.nhle.com/logos/nhl/svg/DAL_dark.svg,False,https://www.aa.com/homePage.do?c=SPNS%7CDSP%7CSTR%7C2026%7CSCH%7C_STARS_2026_SCHEDULE_PAGE,Book flights with American Airlines,,,,14,Lightning,Tampa Bay,Tampa Bay,de Tampa Bay,TBL,https://assets.nhle.com/logos/nhl/svg/TBL_light.svg,https://assets.nhle.com/logos/nhl/svg/TBL_dark.svg,False,,,,,,1,REG,3,,,,,,,,,https://www.ticketmaster.com/event/0D0064F8CFBC9E81?brand=tblightning&artistid=806028&landing=s&wt.mc_id=NHL_TEAM_TBL_SCHEDULE_GM27&utm_source=NHL.com&utm_medium=client&utm_campaign=NHL_TEAM_TBL&utm_content=SCHEDULE_GM27,https://www.ticketmaster.com/event/0D0064F8CFBC9E81?brand=tblightning&artistid=806028&landing=s&wt.mc_id=NHL_TEAM_TBL_SCHEDULE_GM27&utm_source=NHL.com&utm_medium=client&utm_campaign=NHL_TEAM_TBL&utm_content=SCHEDULE_GM27,,,https://d2igy0yla8zi0u.cloudfront.net/DAL/20262027/DAL-radio.m3u8,,,https://d2igy0yla8zi0u.cloudfront.net/TBL/20262027/TBL-radio.m3u8,,,,,,
20252026,20262027,,US/Central,2026020915,20262027,2,2027-02-13,False,2027-02-13T23:00:00Z,-05:00,-05:00,US/Eastern,FUT,OK,"[{'id': 652, 'market': 'A', 'countryCode': 'US', 'network': 'Prime Video', 'sequenceNumber': 117}, {'id': 521, 'market': 'H', 'countryCode': 'US', 'network': 'SCRIPPS', 'sequenceNumber': 657}]",,,/gamecenter/dal-vs-fla/2027/02/13/2026020915,Amerant Bank Arena,25,Stars,Dallas,Dallas,de Dallas,DAL,https://assets.nhle.com/logos/nhl/svg/DAL_light.svg,https://assets.nhle.com/logos/nhl/svg/DAL_dark.svg,False,https://www.aa.com/homePage.do?c=SPNS%7CDSP%7CSTR%7C2026%7CSCH%7C_STARS_2026_SCHEDULE_PAGE,Book flights with American Airlines,,,,13,Panthers,Florida,Florida,de la Floride,FLA,https://assets.nhle.com/logos/nhl/svg/FLA_light.svg,https://assets.nhle.com/logos/nhl/svg/FLA_dark.svg,False,https://www.jetblue.com/,Fly with JetBlue,,,,1,REG,3,,,,,,,,,https://www.nhl.com/panthers/tickets/,https://www.nhl.com/panthers/tickets/,,,https://d2igy0yla8zi0u.cloudfront.net/DAL/20262027/DAL-radio.m3u8,,,https://d2igy0yla8zi0u.cloudfront.net/FLA/20262027/FLA-radio.m3u8,,,,,,Floride
20252026,20262027,,US/Central,2026020943,20262027,2,2027-02-16,False,2027-02-17T01:00:00Z,-05:00,-06:00,US/Central,FUT,OK,"[{'id': 549, 'market': 'N', 'countryCode': 'CA', 'network': 'SN+', 'sequenceNumber': 117}, {'id': 756, 'market': 'H', 'countryCode': 'US', 'network': 'KDFW 4', 'sequenceNumber': 1}, {'id': 652, 'market': 'H', 'countryCode': 'US', 'network': 'Prime Video', 'sequenceNumber': 117}, {'id': 648, 'market': 'A', 'countryCode': 'US', 'network': 'MINNHL', 'sequenceNumber': 1}, {'id': 758, 'market': 'A', 'countryCode': 'US', 'network': 'Wild+', 'sequenceNumber': 1}]",,,/gamecenter/min-vs-dal/2027/02/16/2026020943,American Airlines Center,30,Wild,Minnesota,Minnesota,du Minnesota,MIN,https://assets.nhle.com/logos/nhl/svg/MIN_light.svg,https://assets.nhle.com/logos/nhl/svg/MIN_dark.svg,False,,,,,,25,Stars,Dallas,Dallas,de Dallas,DAL,https://assets.nhle.com/logos/nhl/svg/DAL_light.svg,https://assets.nhle.com/logos/nhl/svg/DAL_dark.svg,False,https://www.aa.com/homePage.do?c=SPNS%7CDSP%7CSTR%7C2026%7CSCH%7C_STARS_2026_SCHEDULE_PAGE,Book flights with American Airlines,,,,1,REG,3,,,,,,,,,https://www.ticketmaster.com/event/0C0064EDD5ED9CF3?brand=dallas_stars&wt.mc_id=NHL_TEAM_DAL_SCHEDULE_GM29&utm_source=NHL.com&utm_medium=client&utm_campaign=NHL_TEAM_DAL&utm_content=SCHEDULE_GM29,https://www.ticketmaster.com/event/0C0064EDD5ED9CF3?brand=dallas_stars&wt.mc_id=NHL_TEAM_DAL_SCHEDULE_GM29&utm_source=NHL.com&utm_medium=client&utm_campaign=NHL_TEAM_DAL&utm_content=SCHEDULE_GM29,,,https://d2igy0yla8zi0u.cloudfront.net/MIN/20262027/MIN-radio.m3u8,https://www.nhl.com/stars/tickets/promotional-schedule,View promotional schedule,https://d2igy0yla8zi0u.cloudfront.net/DAL/20262027/DAL-radio.m3u8,,,,,,
20252026,20262027,,US/Central,2026020957,20262027,2,2027-02-18,False,2027-02-19T02:00:00Z,-05:00,-06:00,US/Central,FUT,OK,"[{'id': 309, 'market': 'N', 'countryCode': 'US', 'network': 'ESPN', 'sequenceNumber': 10}, {'id': 549, 'market': 'N', 'countryCode': 'CA', 'network': 'SN+', 'sequenceNumber': 117}]",,,/gamecenter/phi-vs-dal/2027/02/18/2026020957,American Airlines Center,4,Flyers,Philadelphia,Philadelphia,de Philadelphie,PHI,https://assets.nhle.com/logos/nhl/svg/PHI_light.svg,https://assets.nhle.com/logos/nhl/svg/PHI_dark.svg,False,,,,,,25,Stars,Dallas,Dallas,de Dallas,DAL,https://assets.nhle.com/logos/nhl/svg/DAL_light.svg,https://assets.nhle.com/logos/nhl/svg/DAL_dark.svg,False,https://www.aa.com/homePage.do?c=SPNS%7CDSP%7CSTR%7C2026%7CSCH%7C_STARS_2026_SCHEDULE_PAGE,Book flights with American Airlines,,,,1,REG,3,,,,,,,,,https://www.ticketmaster.com/event/0C0064EDDE55A7D9?brand=dallas_stars&wt.mc_id=NHL_TEAM_DAL_SCHEDULE_GM30&utm_source=NHL.com&utm_medium=client&utm_campaign=NHL_TEAM_DAL&utm_content=SCHEDULE_GM30,https://www.ticketmaster.com/event/0C0064EDDE55A7D9?brand=dallas_stars&wt.mc_id=NHL_TEAM_DAL_SCHEDULE_GM30&utm_source=NHL.com&utm_medium=client&utm_campaign=NHL_TEAM_DAL&utm_content=SCHEDULE_GM30,,,https://d2igy0yla8zi0u.cloudfront.net/PHI/20262027/PHI-radio.m3u8,https://www.nhl.com/stars/tickets/promotional-schedule,View promotional schedule,https://d2igy0yla8zi0u.cloudfront.net/DAL/20262027/DAL-radio.m3u8,Philadelphie,,,,,
20252026,20262027,,US/Central,2026020974,20262027,2,2027-02-20,True,2027-02-21T01:00:00Z,-05:00,-06:00,US/Central,FUT,OK,"[{'id': 384, 'market': 'N', 'countryCode': 'US', 'network': 'ABC', 'sequenceNumber': 1}, {'id': 284, 'market': 'N', 'countryCode': 'CA', 'network': 'SN1', 'sequenceNumber': 113}, {'id': 291, 'market': 'N', 'countryCode': 'CA', 'network': 'TVAS2', 'sequenceNumber': 121}]",,,/gamecenter/vgk-vs-dal/2027/02/20/2026020974,AT&T Stadium,54,Golden Knights,Vegas,Vegas,de Vegas,VGK,https://assets.nhle.com/logos/nhl/svg/VGK_light.svg,https://assets.nhle.com/logos/nhl/svg/VGK_dark.svg,False,,,,,,25,Stars,Dallas,Dallas,de Dallas,DAL,https://assets.nhle.com/logos/nhl/svg/DAL_light.svg,https://assets.nhle.com/logos/nhl/svg/DAL_dark.svg,False,https://www.aa.com/homePage.do?c=SPNS%7CDSP%7CSTR%7C2026%7CSCH%7C_STARS_2026_SCHEDULE_PAGE,Book flights with American Airlines,,,,1,REG,3,,,,,,,,,https://www.nhl.com/stars/fans/stadium-series,https://www.nhl.com/stars/fans/stadium-series,,,https://d2igy0yla8zi0u.cloudfront.net/VGK/20262027/VGK-radio.m3u8,,,https://d2igy0yla8zi0u.cloudfront.net/DAL/20262027/DAL-radio.m3u8,,,,,,
20252026,20262027,,US/Central,2026020997,20262027,2,2027-02-23,False,2027-02-24T01:00:00Z,-05:00,-06:00,US/Central,FUT,OK,"[{'id': 652, 'market': 'H', 'countryCode': 'US', 'network': 'Prime Video', 'sequenceNumber': 117}, {'id': 290, 'market': 'A', 'countryCode': 'CA', 'network': 'SNP', 'sequenceNumber': 33}]",,,/gamecenter/van-vs-dal/2027/02/23/2026020997,American Airlines Center,23,Canucks,Vancouver,Vancouver,de Vancouver,VAN,https://assets.nhle.com/logos/nhl/svg/VAN_light.svg,https://assets.nhle.com/logos/nhl/svg/VAN_dark.svg,False,https://www.aircanada.com/?utm_source=canuckscom&utm_medium=calendar,Book with Air Canada,,,,25,Stars,Dallas,Dallas,de Dallas,DAL,https://assets.nhle.com/logos/nhl/svg/DAL_light.svg,https://assets.nhle.com/logos/nhl/svg/DAL_dark.svg,False,https://www.aa.com/homePage.do?c=SPNS%7CDSP%7CSTR%7C2026%7CSCH%7C_STARS_2026_SCHEDULE_PAGE,Book flights with American Airlines,,,,1,REG,3,,,,,,,,,https://www.ticketmaster.com/event/0C0064EDDB7DA471?brand=dallas_stars&wt.mc_id=NHL_TEAM_DAL_SCHEDULE_GM31&utm_source=NHL.com&utm_medium=client&utm_campaign=NHL_TEAM_DAL&utm_content=SCHEDULE_GM31,https://www.ticketmaster.com/event/0C0064EDDB7DA471?brand=dallas_stars&wt.mc_id=NHL_TEAM_DAL_SCHEDULE_GM31&utm_source=NHL.com&utm_medium=client&utm_campaign=NHL_TEAM_DAL&utm_content=SCHEDULE_GM31,,,https://d2igy0yla8zi0u.cloudfront.net/VAN/20262027/VAN-radio.m3u8,https://www.nhl.com/stars/tickets/promotional-schedule,View promotional schedule,https://d2igy0yla8zi0u.cloudfront.net/DAL/20262027/DAL-radio.m3u8,,,,,,
20252026,20262027,,US/Central,2026021010,20262027,2,2027-02-25,False,2027-02-26T01:00:00Z,-05:00,-06:00,US/Central,FUT,OK,"[{'id': 549, 'market': 'N', 'countryCode': 'CA', 'network': 'SN+', 'sequenceNumber': 117}, {'id': 652, 'market': 'H', 'countryCode': 'US', 'network': 'Prime Video', 'sequenceNumber': 117}, {'id': 23, 'market': 'H', 'countryCode': 'US', 'network': 'KDFI', 'sequenceNumber': 610}, {'id': 581, 'market': 'A', 'countryCode': 'US', 'network': 'The Spot', 'sequenceNumber': 211}]",,,/gamecenter/tbl-vs-dal/2027/02/25/2026021010,American Airlines Center,14,Lightning,Tampa Bay,Tampa Bay,de Tampa Bay,TBL,https://assets.nhle.com/logos/nhl/svg/TBL_light.svg,https://assets.nhle.com/logos/nhl/svg/TBL_dark.svg,False,,,,,,25,Stars,Dallas,Dallas,de Dallas,DAL,https://assets.nhle.com/logos/nhl/svg/DAL_light.svg,https://assets.nhle.com/logos/nhl/svg/DAL_dark.svg,False,https://www.aa.com/homePage.do?c=SPNS%7CDSP%7CSTR%7C2026%7CSCH%7C_STARS_2026_SCHEDULE_PAGE,Book flights with American Airlines,,,,1,REG,3,,,,,,,,,https://www.ticketmaster.com/event/0C0064EDD5F19CFF?brand=dallas_stars&wt.mc_id=NHL_TEAM_DAL_SCHEDULE_GM32&utm_source=NHL.com&utm_medium=client&utm_campaign=NHL_TEAM_DAL&utm_content=SCHEDULE_GM32,https://www.ticketmaster.com/event/0C0064EDD5F19CFF?brand=dallas_stars&wt.mc_id=NHL_TEAM_DAL_SCHEDULE_GM32&utm_source=NHL.com&utm_medium=client&utm_campaign=NHL_TEAM_DAL&utm_content=SCHEDULE_GM32,,,https://d2igy0yla8zi0u.cloudfront.net/TBL/20262027/TBL-radio.m3u8,https://www.nhl.com/stars/tickets/promotional-schedule,View promotional schedule,https://d2igy0yla8zi0u.cloudfront.net/DAL/20262027/DAL-radio.m3u8,,,,,,
20252026,20262027,,US/Central,2026021020,20262027,2,2027-02-27,False,2027-02-27T20:00:00Z,-05:00,-06:00,US/Central,FUT,OK,"[{'id': 289, 'market': 'N', 'countryCode': 'CA', 'network': 'SNW', 'sequenceNumber': 34}, {'id': 284, 'market': 'N', 'countryCode': 'CA', 'network': 'SN1', 'sequenceNumber': 113}, {'id': 281, 'market': 'N', 'countryCode': 'CA', 'network': 'TVAS', 'sequenceNumber': 120}, {'id': 652, 'market': 'H', 'countryCode': 'US', 'network': 'Prime Video', 'sequenceNumber': 117}]",,,/gamecenter/edm-vs-dal/2027/02/27/2026021020,American Airlines Center,22,Oilers,Edmonton,Edmonton,d'Edmonton,EDM,https://assets.nhle.com/logos/nhl/svg/EDM_light.svg,https://assets.nhle.com/logos/nhl/svg/EDM_dark.svg,False,,,,,,25,Stars,Dallas,Dallas,de Dallas,DAL,https://assets.nhle.com/logos/nhl/svg/DAL_light.svg,https://assets.nhle.com/logos/nhl/svg/DAL_dark.svg,False,https://www.aa.com/homePage.do?c=SPNS%7CDSP%7CSTR%7C2026%7CSCH%7C_STARS_2026_SCHEDULE_PAGE,Book flights with American Airlines,,,,1,REG,3,,,,,,,,,https://www.ticketmaster.com/event/0C0064EDCDD2932B?brand=dallas_stars&wt.mc_id=NHL_TEAM_DAL_SCHEDULE_GM33&utm_source=NHL.com&utm_medium=client&utm_campaign=NHL_TEAM_DAL&utm_content=SCHEDULE_GM33,https://www.ticketmaster.com/event/0C0064EDCDD2932B?brand=dallas_stars&wt.mc_id=NHL_TEAM_DAL_SCHEDULE_GM33&utm_source=NHL.com&utm_medium=client&utm_campaign=NHL_TEAM_DAL&utm_content=SCHEDULE_GM33,,,https://d2igy0yla8zi0u.cloudfront.net/EDM/20262027/EDM-radio.m3u8,https://www.nhl.com/stars/tickets/promotional-schedule,View promotional schedule,https://d2igy0yla8zi0u.cloudfront.net/DAL/20262027/DAL-radio.m3u8,,,,,,
20252026,20262027,,US/Central,2026021035,20262027,2,2027-02-28,False,2027-03-01T02:00:00Z,-05:00,-06:00,US/Central,FUT,OK,"[{'id': 309, 'market': 'N', 'countryCode': 'US', 'network': 'ESPN', 'sequenceNumber': 10}, {'id': 282, 'market': 'N', 'countryCode': 'CA', 'network': 'SN', 'sequenceNumber': 107}]",,,/gamecenter/dal-vs-stl/2027/02/28/2026021035,Enterprise Center,25,Stars,Dallas,Dallas,de Dallas,DAL,https://assets.nhle.com/logos/nhl/svg/DAL_light.svg,https://assets.nhle.com/logos/nhl/svg/DAL_dark.svg,False,https://www.aa.com/homePage.do?c=SPNS%7CDSP%7CSTR%7C2026%7CSCH%7C_STARS_2026_SCHEDULE_PAGE,Book flights with American Airlines,,,,19,Blues,St. Louis,St. Louis,de St. Louis,STL,https://assets.nhle.com/logos/nhl/svg/STL_light.svg,https://assets.nhle.com/logos/nhl/svg/STL_dark.svg,False,,,https://www.stlouisunionstation.com/hotel-packages,Stay at Union Station,,1,REG,3,,,,,,,,,https://www.ticketmaster.com/event/060064EECDA21A01?brand=blues&artistid=806025&wt.mc_id=NHL_TEAM_STL_SCHEDULE_GM34&utm_source=NHL.com&utm_medium=client&utm_campaign=NHL_TEAM_STL&utm_content=SCHEDULE_GM34,https://www.ticketmaster.com/event/060064EECDA21A01?brand=blues&artistid=806025&wt.mc_id=NHL_TEAM_STL_SCHEDULE_GM34&utm_source=NHL.com&utm_medium=client&utm_campaign=NHL_TEAM_STL&utm_content=SCHEDULE_GM34,,,https://d2igy0yla8zi0u.cloudfront.net/DAL/20262027/DAL-radio.m3u8,https://www.ticketmaster.com/st-louis-blues-vs-dallas-stars-saint-louis-missouri-02-28-2027/event/060064EECDA21A01?landing=c,"Snuggy Snuggie® | First 10,000 Fans",https://d2igy0yla8zi0u.cloudfront.net/STL/20262027/STL-radio.m3u8,,,,,,
20252026,20262027,,US/Central,2026021051,20262027,2,2027-03-03,False,2027-03-04T01:00:00Z,-05:00,-06:00,US/Central,FUT,OK,"[{'id': 652, 'market': 'H', 'countryCode': 'US', 'network': 'Prime Video', 'sequenceNumber': 117}, {'id': 648, 'market': 'A', 'countryCode': 'US', 'network': 'MINNHL', 'sequenceNumber': 1}, {'id': 758, 'market': 'A', 'countryCode': 'US', 'network': 'Wild+', 'sequenceNumber': 1}]",,,/gamecenter/min-vs-dal/2027/03/03/2026021051,American Airlines Center,30,Wild,Minnesota,Minnesota,du Minnesota,MIN,https://assets.nhle.com/logos/nhl/svg/MIN_light.svg,https://assets.nhle.com/logos/nhl/svg/MIN_dark.svg,False,,,,,,25,Stars,Dallas,Dallas,de Dallas,DAL,https://assets.nhle.com/logos/nhl/svg/DAL_light.svg,https://assets.nhle.com/logos/nhl/svg/DAL_dark.svg,False,https://www.aa.com/homePage.do?c=SPNS%7CDSP%7CSTR%7C2026%7CSCH%7C_STARS_2026_SCHEDULE_PAGE,Book flights with American Airlines,,,,1,REG,3,,,,,,,,,https://www.ticketmaster.com/event/0C0064EDD5F59D02?brand=dallas_stars&wt.mc_id=NHL_TEAM_DAL_SCHEDULE_GM34&utm_source=NHL.com&utm_medium=client&utm_campaign=NHL_TEAM_DAL&utm_content=SCHEDULE_GM34,https://www.ticketmaster.com/event/0C0064EDD5F59D02?brand=dallas_stars&wt.mc_id=NHL_TEAM_DAL_SCHEDULE_GM34&utm_source=NHL.com&utm_medium=client&utm_campaign=NHL_TEAM_DAL&utm_content=SCHEDULE_GM34,,,https://d2igy0yla8zi0u.cloudfront.net/MIN/20262027/MIN-radio.m3u8,,,https://d2igy0yla8zi0u.cloudfront.net/DAL/20262027/DAL-radio.m3u8,,,,,,
20252026,20262027,,US/Central,2026021064,20262027,2,2027-03-05,False,2027-03-06T00:00:00Z,-05:00,-05:00,US/Eastern,FUT,OK,"[{'id': 652, 'market': 'A', 'countryCode': 'US', 'network': 'Prime Video', 'sequenceNumber': 117}, {'id': 322, 'market': 'H', 'countryCode': 'US', 'network': 'NBCSP', 'sequenceNumber': 389}]",,,/gamecenter/dal-vs-phi/2027/03/05/2026021064,Xfinity Mobile Arena,25,Stars,Dallas,Dallas,de Dallas,DAL,https://assets.nhle.com/logos/nhl/svg/DAL_light.svg,https://assets.nhle.com/logos/nhl/svg/DAL_dark.svg,False,https://www.aa.com/homePage.do?c=SPNS%7CDSP%7CSTR%7C2026%7CSCH%7C_STARS_2026_SCHEDULE_PAGE,Book flights with American Airlines,,,,4,Flyers,Philadelphia,Philadelphia,de Philadelphie,PHI,https://assets.nhle.com/logos/nhl/svg/PHI_light.svg,https://assets.nhle.com/logos/nhl/svg/PHI_dark.svg,False,,,,,,1,REG,3,,,,,,,,,https://www.ticketmaster.com/event/300064EEEE5DE0D6?brand=flyers&artistid=806000&wt.mc_id=NHL_TEAM_PHI_SCHEDULE_GM36&utm_source=NHL.com&utm_medium=client&utm_campaign=NHL_TEAM_PHI&utm_content=SCHEDULE_GM36,https://www.ticketmaster.com/event/300064EEEE5DE0D6?brand=flyers&artistid=806000&wt.mc_id=NHL_TEAM_PHI_SCHEDULE_GM36&utm_source=NHL.com&utm_medium=client&utm_campaign=NHL_TEAM_PHI&utm_content=SCHEDULE_GM36,,,https://d2igy0yla8zi0u.cloudfront.net/DAL/20262027/DAL-radio.m3u8,,,https://d2igy0yla8zi0u.cloudfront.net/PHI/20262027/PHI-radio.m3u8,,,,,,Philadelphie
20252026,20262027,,US/Central,2026021075,20262027,2,2027-03-06,False,2027-03-07T00:00:00Z,-05:00,-05:00,America/Detroit,FUT,OK,"[{'id': 652, 'market': 'A', 'countryCode': 'US', 'network': 'Prime Video', 'sequenceNumber': 117}, {'id': 645, 'market': 'H', 'countryCode': 'US', 'network': 'DSN', 'sequenceNumber': 1}]",,,/gamecenter/dal-vs-det/2027/03/06/2026021075,Little Caesars Arena,25,Stars,Dallas,Dallas,de Dallas,DAL,https://assets.nhle.com/logos/nhl/svg/DAL_light.svg,https://assets.nhle.com/logos/nhl/svg/DAL_dark.svg,False,https://www.aa.com/homePage.do?c=SPNS%7CDSP%7CSTR%7C2026%7CSCH%7C_STARS_2026_SCHEDULE_PAGE,Book flights with American Airlines,,,,17,Red Wings,Detroit,Detroit,de Detroit,DET,https://assets.nhle.com/logos/nhl/svg/DET_light.svg,https://assets.nhle.com/logos/nhl/svg/DET_dark.svg,False,,,,,,1,REG,3,,,,,,,,,https://www.ticketmaster.com/event/080064EED851807A?brand=redwings&artistid=805938&wt.mc_id=NHL_TEAM_DET_SCHEDULE_GM35&utm_source=NHL.com&utm_medium=client&utm_campaign=NHL_TEAM_DET&utm_content=SCHEDULE_GM35,https://www.ticketmaster.com/event/080064EED851807A?brand=redwings&artistid=805938&wt.mc_id=NHL_TEAM_DET_SCHEDULE_GM35&utm_source=NHL.com&utm_medium=client&utm_campaign=NHL_TEAM_DET&utm_content=SCHEDULE_GM35,,,https://d2igy0yla8zi0u.cloudfront.net/DAL/20262027/DAL-radio.m3u8,,,https://d2igy0yla8zi0u.cloudfront.net/DET/20262027/DET-radio.m3u8,,,,,,
20252026,20262027,,US/Central,2026021090,20262027,2,2027-03-08,False,2027-03-09T00:30:00Z,-05:00,-05:00,America/Toronto,FUT,OK,"[{'id': 549, 'market': 'N', 'countryCode': 'CA', 'network': 'SN+', 'sequenceNumber': 117}, {'id': 291, 'market': 'N', 'countryCode': 'CA', 'network': 'TVAS2', 'sequenceNumber': 121}, {'id': 756, 'market': 'A', 'countryCode': 'US', 'network': 'KDFW 4', 'sequenceNumber': 1}, {'id': 652, 'market': 'A', 'countryCode': 'US', 'network': 'Prime Video', 'sequenceNumber': 117}]",,,/gamecenter/dal-vs-tor/2027/03/08/2026021090,Scotiabank Arena,25,Stars,Dallas,Dallas,de Dallas,DAL,https://assets.nhle.com/logos/nhl/svg/DAL_light.svg,https://assets.nhle.com/logos/nhl/svg/DAL_dark.svg,False,https://www.aa.com/homePage.do?c=SPNS%7CDSP%7CSTR%7C2026%7CSCH%7C_STARS_2026_SCHEDULE_PAGE,Book flights with American Airlines,,,,10,Maple Leafs,Toronto,Toronto,de Toronto,TOR,https://assets.nhle.com/logos/nhl/svg/TOR_light.svg,https://assets.nhle.com/logos/nhl/svg/TOR_dark.svg,False,,,"https://www.marriott.com/search/findHotels.mi?destinationAddress.destination=SCOTIABANK+ARENA,+TORONTO,+CANADA&cid=DIS_GLB000791Q_GLE000HJ7H_GLF0017USO",Book Now,,1,REG,3,,,,,,,,,https://www.ticketmaster.ca/event/100064FECC99F691?brand=torontomapleleafs&artistid=806033&wt.mc_id=NHL_TEAM_TOR_SCHEDULE_GM35&utm_source=NHL.com&utm_medium=client_PM&utm_campaign=NHL_TEAM_TOR&utm_content=SCHEDULE_GM35,https://www.ticketmaster.ca/event/100064FECC99F691?brand=torontomapleleafs&artistid=806033&wt.mc_id=NHL_TEAM_TOR_SCHEDULE_GM35&utm_source=NHL.com&utm_medium=client_PM&utm_campaign=NHL_TEAM_TOR&utm_content=SCHEDULE_GM35,,,https://d2igy0yla8zi0u.cloudfront.net/DAL/20262027/DAL-radio.m3u8,,,https://d2igy0yla8zi0u.cloudfront.net/TOR/20262027/TOR-radio.m3u8,,,,,,
20252026,20262027,,US/Central,2026021106,20262027,2,2027-03-10,False,2027-03-11T01:00:00Z,-05:00,-06:00,US/Central,FUT,OK,"[{'id': 652, 'market': 'H', 'countryCode': 'US', 'network': 'Prime Video', 'sequenceNumber': 117}, {'id': 652, 'market': 'A', 'countryCode': 'US', 'network': 'Prime Video', 'sequenceNumber': 117}, {'id': 219, 'market': 'A', 'countryCode': 'US', 'network': 'KCOP-13', 'sequenceNumber': 656}]",,,/gamecenter/ana-vs-dal/2027/03/10/2026021106,American Airlines Center,24,Ducks,Anaheim,Anaheim,d'Anaheim,ANA,https://assets.nhle.com/logos/nhl/svg/ANA_light.svg,https://assets.nhle.com/logos/nhl/svg/ANA_dark.svg,False,,,,,,25,Stars,Dallas,Dallas,de Dallas,DAL,https://assets.nhle.com/logos/nhl/svg/DAL_light.svg,https://assets.nhle.com/logos/nhl/svg/DAL_dark.svg,False,https://www.aa.com/homePage.do?c=SPNS%7CDSP%7CSTR%7C2026%7CSCH%7C_STARS_2026_SCHEDULE_PAGE,Book flights with American Airlines,,,,1,REG,3,,,,,,,,,https://www.ticketmaster.com/event/0C0064EDDE5AA7DE?brand=dallas_stars&wt.mc_id=NHL_TEAM_DAL_SCHEDULE_GM35&utm_source=NHL.com&utm_medium=client&utm_campaign=NHL_TEAM_DAL&utm_content=SCHEDULE_GM35,https://www.ticketmaster.com/event/0C0064EDDE5AA7DE?brand=dallas_stars&wt.mc_id=NHL_TEAM_DAL_SCHEDULE_GM35&utm_source=NHL.com&utm_medium=client&utm_campaign=NHL_TEAM_DAL&utm_content=SCHEDULE_GM35,,,https://d2igy0yla8zi0u.cloudfront.net/ANA/20262027/ANA-radio.m3u8,https://www.nhl.com/stars/tickets/promotional-schedule,View promotional schedule,https://d2igy0yla8zi0u.cloudfront.net/DAL/20262027/DAL-radio.m3u8,,,,,,
20252026,20262027,,US/Central,2026021131,20262027,2,2027-03-13,False,2027-03-14T02:00:00Z,-05:00,-08:00,America/Los_Angeles,FUT,OK,"[{'id': 652, 'market': 'A', 'countryCode': 'US', 'network': 'Prime Video', 'sequenceNumber': 117}, {'id': 651, 'market': 'H', 'countryCode': 'US', 'network': 'ABTV ', 'sequenceNumber': 1}]",,,/gamecenter/dal-vs-lak/2027/03/13/2026021131,Crypto.com Arena,25,Stars,Dallas,Dallas,de Dallas,DAL,https://assets.nhle.com/logos/nhl/svg/DAL_light.svg,https://assets.nhle.com/logos/nhl/svg/DAL_dark.svg,False,https://www.aa.com/homePage.do?c=SPNS%7CDSP%7CSTR%7C2026%7CSCH%7C_STARS_2026_SCHEDULE_PAGE,Book flights with American Airlines,,,,26,Kings,Los Angeles,Los Angeles,de Los Angeles,LAK,https://assets.nhle.com/logos/nhl/svg/LAK_light.svg,https://assets.nhle.com/logos/nhl/svg/LAK_dark.svg,False,,,,,,1,REG,3,,,,,,,,,https://www.nhl.com/kings/tickets/single-game-tickets,https://www.nhl.com/kings/tickets/single-game-tickets,,,https://d2igy0yla8zi0u.cloudfront.net/DAL/20262027/DAL-radio.m3u8,https://www.axs.com/events/1458554/la-kings-vs-dallas-stars-tickets?skin=lakings&cpch=LAKSCHED&cpdn=website&cpdate=LAK270313&cpsrc=single-game&utm_source=LAKSCHED&utm_medium=website&utm_campaign=single-game&utm_content=LAK270313&tags=LAKWEB,Country Night,https://d2igy0yla8zi0u.cloudfront.net/LAK/20262027/LAK-radio.m3u8,,,,,,
20252026,20262027,,US/Central,2026021142,20262027,2,2027-03-15,False,2027-03-16T01:00:00Z,-04:00,-06:00,America/Denver,FUT,OK,"[{'id': 652, 'market': 'A', 'countryCode': 'US', 'network': 'Prime Video', 'sequenceNumber': 117}, {'id': 558, 'market': 'H', 'countryCode': 'US', 'network': 'Utah16', 'sequenceNumber': 381}]",,,/gamecenter/dal-vs-uta/2027/03/15/2026021142,Delta Center,25,Stars,Dallas,Dallas,de Dallas,DAL,https://assets.nhle.com/logos/nhl/svg/DAL_light.svg,https://assets.nhle.com/logos/nhl/svg/DAL_dark.svg,False,https://www.aa.com/homePage.do?c=SPNS%7CDSP%7CSTR%7C2026%7CSCH%7C_STARS_2026_SCHEDULE_PAGE,Book flights with American Airlines,,,,68,Mammoth,Utah,Utah,de l'Utah,UTA,https://assets.nhle.com/logos/nhl/svg/UTA_light.svg,https://assets.nhle.com/logos/nhl/svg/UTA_dark.svg,False,,,,,,1,REG,3,,,,,,,,,https://seatgeek.com/utah-mammoth-tickets/8-12-2026-salt-lake-city-utah-delta-center-1/nhl/18242318?wid=club-web-schedule,https://seatgeek.com/utah-mammoth-tickets/8-12-2026-salt-lake-city-utah-delta-center-1/nhl/18242318?wid=club-web-schedule,,,https://d2igy0yla8zi0u.cloudfront.net/DAL/20262027/DAL-radio.m3u8,,,https://d2igy0yla8zi0u.cloudfront.net/UTA/20262027/UTA-radio.m3u8,,,,,,
20252026,20262027,,US/Central,2026021157,20262027,2,2027-03-17,False,2027-03-18T01:30:00Z,-04:00,-06:00,America/Edmonton,FUT,OK,"[{'id': 652, 'market': 'A', 'countryCode': 'US', 'network': 'Prime Video', 'sequenceNumber': 117}, {'id': 289, 'market': 'H', 'countryCode': 'CA', 'network': 'SNW', 'sequenceNumber': 34}]",,,/gamecenter/dal-vs-cgy/2027/03/17/2026021157,Scotiabank Saddledome,25,Stars,Dallas,Dallas,de Dallas,DAL,https://assets.nhle.com/logos/nhl/svg/DAL_light.svg,https://assets.nhle.com/logos/nhl/svg/DAL_dark.svg,False,https://www.aa.com/homePage.do?c=SPNS%7CDSP%7CSTR%7C2026%7CSCH%7C_STARS_2026_SCHEDULE_PAGE,Book flights with American Airlines,,,,20,Flames,Calgary,Calgary,de Calgary,CGY,https://assets.nhle.com/logos/nhl/svg/CGY_light.svg,https://assets.nhle.com/logos/nhl/svg/CGY_dark.svg,False,,,,,,1,REG,3,,,,,,,,,https://www.ticketmaster.ca/event/110064FC82B5324D?brand=calgaryflames&artistid=805907&wt.mc_id=NHL_TEAM_CGY_SCHEDULE_GM36&utm_source=NHL.com&utm_medium=client_PM&utm_campaign=NHL_TEAM_CGY&utm_content=SCHEDULE_GM36,https://www.ticketmaster.ca/event/110064FC82B5324D?brand=calgaryflames&artistid=805907&wt.mc_id=NHL_TEAM_CGY_SCHEDULE_GM36&utm_source=NHL.com&utm_medium=client_PM&utm_campaign=NHL_TEAM_CGY&utm_content=SCHEDULE_GM36,,,https://d2igy0yla8zi0u.cloudfront.net/DAL/20262027/DAL-radio.m3u8,,,https://d2igy0yla8zi0u.cloudfront.net/CGY/20262027/CGY-radio.m3u8,,,,,,
20252026,20262027,,US/Central,2026021177,20262027,2,2027-03-20,False,2027-03-20T19:30:00Z,-04:00,-06:00,America/Edmonton,FUT,OK,"[{'id': 289, 'market': 'N', 'countryCode': 'CA', 'network': 'SNW', 'sequenceNumber': 34}, {'id': 284, 'market': 'N', 'countryCode': 'CA', 'network': 'SN1', 'sequenceNumber': 113}, {'id': 652, 'market': 'A', 'countryCode': 'US', 'network': 'Prime Video', 'sequenceNumber': 117}]",,,/gamecenter/dal-vs-edm/2027/03/20/2026021177,Rogers Place,25,Stars,Dallas,Dallas,de Dallas,DAL,https://assets.nhle.com/logos/nhl/svg/DAL_light.svg,https://assets.nhle.com/logos/nhl/svg/DAL_dark.svg,False,https://www.aa.com/homePage.do?c=SPNS%7CDSP%7CSTR%7C2026%7CSCH%7C_STARS_2026_SCHEDULE_PAGE,Book flights with American Airlines,,,,22,Oilers,Edmonton,Edmonton,d'Edmonton,EDM,https://assets.nhle.com/logos/nhl/svg/EDM_light.svg,https://assets.nhle.com/logos/nhl/svg/EDM_dark.svg,False,,,,,,1,REG,3,,,,,,,,,https://www.ticketmaster.ca/event/11006513A5B6A3E3?brand=edmontonoilers&artistid=805943&wt.mc_id=NHL_TEAM_EDM_SCHEDULE_GM38&utm_source=NHL.com&utm_medium=client_PM&utm_campaign=NHL_TEAM_EDM&utm_content=SCHEDULE_GM38,https://www.ticketmaster.ca/event/11006513A5B6A3E3?brand=edmontonoilers&artistid=805943&wt.mc_id=NHL_TEAM_EDM_SCHEDULE_GM38&utm_source=NHL.com&utm_medium=client_PM&utm_campaign=NHL_TEAM_EDM&utm_content=SCHEDULE_GM38,,,https://d2igy0yla8zi0u.cloudfront.net/DAL/20262027/DAL-radio.m3u8,https://www.nhl.com/oilers/tickets/promotional-games,Celebrating Oil Country,https://d2igy0yla8zi0u.cloudfront.net/EDM/20262027/EDM-radio.m3u8,,,,,,
20252026,20262027,,US/Central,2026021201,20262027,2,2027-03-23,False,2027-03-24T00:00:00Z,-04:00,-05:00,US/Central,FUT,OK,"[{'id': 756, 'market': 'H', 'countryCode': 'US', 'network': 'KDFW 4', 'sequenceNumber': 1}, {'id': 652, 'market': 'H', 'countryCode': 'US', 'network': 'Prime Video', 'sequenceNumber': 117}, {'id': 646, 'market': 'A', 'countryCode': 'US', 'network': 'CARNHL', 'sequenceNumber': 1}, {'id': 754, 'market': 'A', 'countryCode': 'US', 'network': 'HHN', 'sequenceNumber': 1}]",,,/gamecenter/car-vs-dal/2027/03/23/2026021201,American Airlines Center,12,Hurricanes,Carolina,Carolina,de la Caroline,CAR,https://assets.nhle.com/logos/nhl/svg/CAR_light.svg,https://assets.nhle.com/logos/nhl/svg/CAR_dark.svg,False,,,,,,25,Stars,Dallas,Dallas,de Dallas,DAL,https://assets.nhle.com/logos/nhl/svg/DAL_light.svg,https://assets.nhle.com/logos/nhl/svg/DAL_dark.svg,False,https://www.aa.com/homePage.do?c=SPNS%7CDSP%7CSTR%7C2026%7CSCH%7C_STARS_2026_SCHEDULE_PAGE,Book flights with American Airlines,,,,1,REG,3,,,,,,,,,https://www.ticketmaster.com/event/0C0064EDD5FA9D06?brand=dallas_stars&wt.mc_id=NHL_TEAM_DAL_SCHEDULE_GM36&utm_source=NHL.com&utm_medium=client&utm_campaign=NHL_TEAM_DAL&utm_content=SCHEDULE_GM36,https://www.ticketmaster.com/event/0C0064EDD5FA9D06?brand=dallas_stars&wt.mc_id=NHL_TEAM_DAL_SCHEDULE_GM36&utm_source=NHL.com&utm_medium=client&utm_campaign=NHL_TEAM_DAL&utm_content=SCHEDULE_GM36,,,https://d2igy0yla8zi0u.cloudfront.net/CAR/20262027/CAR-radio.m3u8,https://www.nhl.com/stars/tickets/promotional-schedule,View promotional schedule,https://d2igy0yla8zi0u.cloudfront.net/DAL/20262027/DAL-radio.m3u8,Caroline,,,,,
20252026,20262027,,US/Central,2026021216,20262027,2,2027-03-25,False,2027-03-25T23:00:00Z,-04:00,-04:00,US/Eastern,FUT,OK,"[{'id': 652, 'market': 'A', 'countryCode': 'US', 'network': 'Prime Video', 'sequenceNumber': 117}, {'id': 23, 'market': 'A', 'countryCode': 'US', 'network': 'KDFI', 'sequenceNumber': 610}, {'id': 646, 'market': 'H', 'countryCode': 'US', 'network': 'CARNHL', 'sequenceNumber': 1}, {'id': 754, 'market': 'H', 'countryCode': 'US', 'network': 'HHN', 'sequenceNumber': 1}]",,,/gamecenter/dal-vs-car/2027/03/25/2026021216,Lenovo Center,25,Stars,Dallas,Dallas,de Dallas,DAL,https://assets.nhle.com/logos/nhl/svg/DAL_light.svg,https://assets.nhle.com/logos/nhl/svg/DAL_dark.svg,False,https://www.aa.com/homePage.do?c=SPNS%7CDSP%7CSTR%7C2026%7CSCH%7C_STARS_2026_SCHEDULE_PAGE,Book flights with American Airlines,,,,12,Hurricanes,Carolina,Carolina,de la Caroline,CAR,https://assets.nhle.com/logos/nhl/svg/CAR_light.svg,https://assets.nhle.com/logos/nhl/svg/CAR_dark.svg,False,,,,,,1,REG,3,,,,,,,,,https://www.ticketmaster.com/event/2D0064F4BD39D0D8?brand=carolinahurricanes&artistid=805908&wt.mc_id=NHL_TEAM_CAR_SCHEDULE_GM38&utm_source=NHL.com&utm_medium=client&utm_campaign=NHL_TEAM_CAR&utm_content=SCHEDULE_GM38,https://www.ticketmaster.com/event/2D0064F4BD39D0D8?brand=carolinahurricanes&artistid=805908&wt.mc_id=NHL_TEAM_CAR_SCHEDULE_GM38&utm_source=NHL.com&utm_medium=client&utm_campaign=NHL_TEAM_CAR&utm_content=SCHEDULE_GM38,,,https://d2igy0yla8zi0u.cloudfront.net/DAL/20262027/DAL-radio.m3u8,,,https://d2igy0yla8zi0u.cloudfront.net/CAR/20262027/CAR-radio.m3u8,,,,,,Caroline
20252026,20262027,,US/Central,2026021238,20262027,2,2027-03-27,False,2027-03-28T00:00:00Z,-04:00,-05:00,US/Central,FUT,OK,"[{'id': 652, 'market': 'H', 'countryCode': 'US', 'network': 'Prime Video', 'sequenceNumber': 117}, {'id': 521, 'market': 'A', 'countryCode': 'US', 'network': 'SCRIPPS', 'sequenceNumber': 657}]",,,/gamecenter/nsh-vs-dal/2027/03/27/2026021238,American Airlines Center,18,Predators,Nashville,Nashville,de Nashville,NSH,https://assets.nhle.com/logos/nhl/svg/NSH_light.svg,https://assets.nhle.com/logos/nhl/svg/NSH_dark.svg,False,,,,,,25,Stars,Dallas,Dallas,de Dallas,DAL,https://assets.nhle.com/logos/nhl/svg/DAL_light.svg,https://assets.nhle.com/logos/nhl/svg/DAL_dark.svg,False,https://www.aa.com/homePage.do?c=SPNS%7CDSP%7CSTR%7C2026%7CSCH%7C_STARS_2026_SCHEDULE_PAGE,Book flights with American Airlines,,,,1,REG,3,,,,,,,,,https://www.ticketmaster.com/event/0C0064EDCDD7933B?brand=dallas_stars&wt.mc_id=NHL_TEAM_DAL_SCHEDULE_GM37&utm_source=NHL.com&utm_medium=client&utm_campaign=NHL_TEAM_DAL&utm_content=SCHEDULE_GM37,https://www.ticketmaster.com/event/0C0064EDCDD7933B?brand=dallas_stars&wt.mc_id=NHL_TEAM_DAL_SCHEDULE_GM37&utm_source=NHL.com&utm_medium=client&utm_campaign=NHL_TEAM_DAL&utm_content=SCHEDULE_GM37,,,https://d2igy0yla8zi0u.cloudfront.net/NSH/20262027/NSH-radio.m3u8,,,https://d2igy0yla8zi0u.cloudfront.net/DAL/20262027/DAL-radio.m3u8,,,,,,
20252026,20262027,,US/Central,2026021256,20262027,2,2027-03-30,False,2027-03-31T00:00:00Z,-04:00,-05:00,US/Central,FUT,OK,"[{'id': 289, 'market': 'N', 'countryCode': 'CA', 'network': 'SNW', 'sequenceNumber': 34}, {'id': 756, 'market': 'H', 'countryCode': 'US', 'network': 'KDFW 4', 'sequenceNumber': 1}, {'id': 652, 'market': 'H', 'countryCode': 'US', 'network': 'Prime Video', 'sequenceNumber': 117}]",,,/gamecenter/cgy-vs-dal/2027/03/30/2026021256,American Airlines Center,20,Flames,Calgary,Calgary,de Calgary,CGY,https://assets.nhle.com/logos/nhl/svg/CGY_light.svg,https://assets.nhle.com/logos/nhl/svg/CGY_dark.svg,False,,,,,,25,Stars,Dallas,Dallas,de Dallas,DAL,https://assets.nhle.com/logos/nhl/svg/DAL_light.svg,https://assets.nhle.com/logos/nhl/svg/DAL_dark.svg,False,https://www.aa.com/homePage.do?c=SPNS%7CDSP%7CSTR%7C2026%7CSCH%7C_STARS_2026_SCHEDULE_PAGE,Book flights with American Airlines,,,,1,REG,3,,,,,,,,,https://www.ticketmaster.com/event/0C0064EDDE5EA7E6?brand=dallas_stars&wt.mc_id=NHL_TEAM_DAL_SCHEDULE_GM38&utm_source=NHL.com&utm_medium=client&utm_campaign=NHL_TEAM_DAL&utm_content=SCHEDULE_GM38,https://www.ticketmaster.com/event/0C0064EDDE5EA7E6?brand=dallas_stars&wt.mc_id=NHL_TEAM_DAL_SCHEDULE_GM38&utm_source=NHL.com&utm_medium=client&utm_campaign=NHL_TEAM_DAL&utm_content=SCHEDULE_GM38,,,https://d2igy0yla8zi0u.cloudfront.net/CGY/20262027/CGY-radio.m3u8,,,https://d2igy0yla8zi0u.cloudfront.net/DAL/20262027/DAL-radio.m3u8,,,,,,
20252026,20262027,,US/Central,2026021274,20262027,2,2027-04-02,False,2027-04-03T00:00:00Z,-04:00,-05:00,US/Central,FUT,OK,"[{'id': 549, 'market': 'N', 'countryCode': 'CA', 'network': 'SN+', 'sequenceNumber': 117}, {'id': 652, 'market': 'A', 'countryCode': 'US', 'network': 'Prime Video', 'sequenceNumber': 117}, {'id': 648, 'market': 'H', 'countryCode': 'US', 'network': 'MINNHL', 'sequenceNumber': 1}, {'id': 758, 'market': 'H', 'countryCode': 'US', 'network': 'Wild+', 'sequenceNumber': 1}]",,,/gamecenter/dal-vs-min/2027/04/02/2026021274,Grand Casino Arena,25,Stars,Dallas,Dallas,de Dallas,DAL,https://assets.nhle.com/logos/nhl/svg/DAL_light.svg,https://assets.nhle.com/logos/nhl/svg/DAL_dark.svg,False,https://www.aa.com/homePage.do?c=SPNS%7CDSP%7CSTR%7C2026%7CSCH%7C_STARS_2026_SCHEDULE_PAGE,Book flights with American Airlines,,,,30,Wild,Minnesota,Minnesota,du Minnesota,MIN,https://assets.nhle.com/logos/nhl/svg/MIN_light.svg,https://assets.nhle.com/logos/nhl/svg/MIN_dark.svg,False,,,,,,1,REG,3,,,,,,,,,https://mnwild.co/2crrmfi8,https://mnwild.co/2crrmfi8,,,https://d2igy0yla8zi0u.cloudfront.net/DAL/20262027/DAL-radio.m3u8,,,https://d2igy0yla8zi0u.cloudfront.net/MIN/20262027/MIN-radio.m3u8,,,,,,
20252026,20262027,,US/Central,2026021282,20262027,2,2027-04-03,False,2027-04-03T22:00:00Z,-04:00,-05:00,US/Central,FUT,OK,"[{'id': 652, 'market': 'H', 'countryCode': 'US', 'network': 'Prime Video', 'sequenceNumber': 117}, {'id': 551, 'market': 'A', 'countryCode': 'US', 'network': 'CHSN', 'sequenceNumber': 254}]",,,/gamecenter/chi-vs-dal/2027/04/03/2026021282,American Airlines Center,16,Blackhawks,Chicago,Chicago,de Chicago,CHI,https://assets.nhle.com/logos/nhl/svg/CHI_light.svg,https://assets.nhle.com/logos/nhl/svg/CHI_dark.svg,False,,,,,,25,Stars,Dallas,Dallas,de Dallas,DAL,https://assets.nhle.com/logos/nhl/svg/DAL_light.svg,https://assets.nhle.com/logos/nhl/svg/DAL_dark.svg,False,https://www.aa.com/homePage.do?c=SPNS%7CDSP%7CSTR%7C2026%7CSCH%7C_STARS_2026_SCHEDULE_PAGE,Book flights with American Airlines,,,,1,REG,3,,,,,,,,,https://www.ticketmaster.com/event/0C0064EDCDDC9345?brand=dallas_stars&wt.mc_id=NHL_TEAM_DAL_SCHEDULE_GM39&utm_source=NHL.com&utm_medium=client&utm_campaign=NHL_TEAM_DAL&utm_content=SCHEDULE_GM39,https://www.ticketmaster.com/event/0C0064EDCDDC9345?brand=dallas_stars&wt.mc_id=NHL_TEAM_DAL_SCHEDULE_GM39&utm_source=NHL.com&utm_medium=client&utm_campaign=NHL_TEAM_DAL&utm_content=SCHEDULE_GM39,,,https://d2igy0yla8zi0u.cloudfront.net/CHI/20262027/CHI-radio.m3u8,,,https://d2igy0yla8zi0u.cloudfront.net/DAL/20262027/DAL-radio.m3u8,,,,,,
20252026,20262027,,US/Central,2026021299,20262027,2,2027-04-05,False,2027-04-06T00:00:00Z,-04:00,-05:00,US/Central,FUT,OK,"[{'id': 756, 'market': 'H', 'countryCode': 'US', 'network': 'KDFW 4', 'sequenceNumber': 1}, {'id': 652, 'market': 'H', 'countryCode': 'US', 'network': 'Prime Video', 'sequenceNumber': 117}, {'id': 652, 'market': 'A', 'countryCode': 'US', 'network': 'Prime Video', 'sequenceNumber': 117}, {'id': 388, 'market': 'A', 'countryCode': 'US', 'network': 'KONG', 'sequenceNumber': 654}]",,,/gamecenter/sea-vs-dal/2027/04/05/2026021299,American Airlines Center,55,Kraken,Seattle,Seattle,de Seattle,SEA,https://assets.nhle.com/logos/nhl/svg/SEA_light.svg,https://assets.nhle.com/logos/nhl/svg/SEA_dark.svg,False,,,,,,25,Stars,Dallas,Dallas,de Dallas,DAL,https://assets.nhle.com/logos/nhl/svg/DAL_light.svg,https://assets.nhle.com/logos/nhl/svg/DAL_dark.svg,False,https://www.aa.com/homePage.do?c=SPNS%7CDSP%7CSTR%7C2026%7CSCH%7C_STARS_2026_SCHEDULE_PAGE,Book flights with American Airlines,,,,1,REG,3,,,,,,,,,https://www.ticketmaster.com/event/0C0064EDDE64A7F4?brand=dallas_stars&wt.mc_id=NHL_TEAM_DAL_SCHEDULE_GM40&utm_source=NHL.com&utm_medium=client&utm_campaign=NHL_TEAM_DAL&utm_content=SCHEDULE_GM40,https://www.ticketmaster.com/event/0C0064EDDE64A7F4?brand=dallas_stars&wt.mc_id=NHL_TEAM_DAL_SCHEDULE_GM40&utm_source=NHL.com&utm_medium=client&utm_campaign=NHL_TEAM_DAL&utm_content=SCHEDULE_GM40,,,https://d2igy0yla8zi0u.cloudfront.net/SEA/20262027/SEA-radio.m3u8,https://www.nhl.com/stars/tickets/promotional-schedule,View promotional schedule,https://d2igy0yla8zi0u.cloudfront.net/DAL/20262027/DAL-radio.m3u8,,,,,,
20252026,20262027,,US/Central,2026021315,20262027,2,2027-04-07,False,2027-04-08T01:00:00Z,-04:00,-06:00,America/Denver,FUT,OK,"[{'id': 652, 'market': 'A', 'countryCode': 'US', 'network': 'Prime Video', 'sequenceNumber': 117}, {'id': 558, 'market': 'H', 'countryCode': 'US', 'network': 'Utah16', 'sequenceNumber': 381}]",,,/gamecenter/dal-vs-uta/2027/04/07/2026021315,Delta Center,25,Stars,Dallas,Dallas,de Dallas,DAL,https://assets.nhle.com/logos/nhl/svg/DAL_light.svg,https://assets.nhle.com/logos/nhl/svg/DAL_dark.svg,False,https://www.aa.com/homePage.do?c=SPNS%7CDSP%7CSTR%7C2026%7CSCH%7C_STARS_2026_SCHEDULE_PAGE,Book flights with American Airlines,,,,68,Mammoth,Utah,Utah,de l'Utah,UTA,https://assets.nhle.com/logos/nhl/svg/UTA_light.svg,https://assets.nhle.com/logos/nhl/svg/UTA_dark.svg,False,,,,,,1,REG,3,,,,,,,,,https://seatgeek.com/utah-mammoth-tickets/8-18-2026-salt-lake-city-utah-delta-center-1/nhl/18242325?wid=club-web-schedule,https://seatgeek.com/utah-mammoth-tickets/8-18-2026-salt-lake-city-utah-delta-center-1/nhl/18242325?wid=club-web-schedule,,,https://d2igy0yla8zi0u.cloudfront.net/DAL/20262027/DAL-radio.m3u8,,,https://d2igy0yla8zi0u.cloudfront.net/UTA/20262027/UTA-radio.m3u8,,,,,,
20252026,20262027,,US/Central,2026021328,20262027,2,2027-04-09,False,2027-04-10T00:00:00Z,-04:00,-05:00,US/Central,FUT,OK,"[{'id': 549, 'market': 'N', 'countryCode': 'CA', 'network': 'SN+', 'sequenceNumber': 117}, {'id': 652, 'market': 'H', 'countryCode': 'US', 'network': 'Prime Video', 'sequenceNumber': 117}, {'id': 558, 'market': 'A', 'countryCode': 'US', 'network': 'Utah16', 'sequenceNumber': 381}]",,,/gamecenter/uta-vs-dal/2027/04/09/2026021328,American Airlines Center,68,Mammoth,Utah,Utah,de l'Utah,UTA,https://assets.nhle.com/logos/nhl/svg/UTA_light.svg,https://assets.nhle.com/logos/nhl/svg/UTA_dark.svg,False,,,,,,25,Stars,Dallas,Dallas,de Dallas,DAL,https://assets.nhle.com/logos/nhl/svg/DAL_light.svg,https://assets.nhle.com/logos/nhl/svg/DAL_dark.svg,False,https://www.aa.com/homePage.do?c=SPNS%7CDSP%7CSTR%7C2026%7CSCH%7C_STARS_2026_SCHEDULE_PAGE,Book flights with American Airlines,,,,1,REG,3,,,,,,,,,https://www.ticketmaster.com/event/0C0064EDCDE1934D?brand=dallas_stars&wt.mc_id=NHL_TEAM_DAL_SCHEDULE_GM41&utm_source=NHL.com&utm_medium=client&utm_campaign=NHL_TEAM_DAL&utm_content=SCHEDULE_GM41,https://www.ticketmaster.com/event/0C0064EDCDE1934D?brand=dallas_stars&wt.mc_id=NHL_TEAM_DAL_SCHEDULE_GM41&utm_source=NHL.com&utm_medium=client&utm_campaign=NHL_TEAM_DAL&utm_content=SCHEDULE_GM41,,,https://d2igy0yla8zi0u.cloudfront.net/UTA/20262027/UTA-radio.m3u8,,,https://d2igy0yla8zi0u.cloudfront.net/DAL/20262027/DAL-radio.m3u8,,,,,,
20252026,20262027,,US/Central,2026021337,20262027,2,2027-04-10,False,2027-04-10T23:00:00Z,-04:00,-05:00,US/Central,FUT,OK,"[{'id': 652, 'market': 'A', 'countryCode': 'US', 'network': 'Prime Video', 'sequenceNumber': 117}, {'id': 521, 'market': 'H', 'countryCode': 'US', 'network': 'SCRIPPS', 'sequenceNumber': 657}]",,,/gamecenter/dal-vs-nsh/2027/04/10/2026021337,Bridgestone Arena,25,Stars,Dallas,Dallas,de Dallas,DAL,https://assets.nhle.com/logos/nhl/svg/DAL_light.svg,https://assets.nhle.com/logos/nhl/svg/DAL_dark.svg,False,https://www.aa.com/homePage.do?c=SPNS%7CDSP%7CSTR%7C2026%7CSCH%7C_STARS_2026_SCHEDULE_PAGE,Book flights with American Airlines,,,,18,Predators,Nashville,Nashville,de Nashville,NSH,https://assets.nhle.com/logos/nhl/svg/NSH_light.svg,https://assets.nhle.com/logos/nhl/svg/NSH_dark.svg,False,,,,,,1,REG,3,,,,,,,,,https://www.ticketmaster.com/event/1B006507EFD9E40A?brand=predators&artistid=805978&landing=s&wt.mc_id=NHL_TEAM_NSH_SGT_PG_GM42&utm_source=NHL.com&utm_medium=PredsWebSchedule&utm_campaign=NHL_TEAM_NSH_SGT_PG_GM42,https://www.ticketmaster.com/event/1B006507EFD9E40A?brand=predators&artistid=805978&landing=s&wt.mc_id=NHL_TEAM_NSH_SGT_PG_GM42&utm_source=NHL.com&utm_medium=PredsWebSchedule&utm_campaign=NHL_TEAM_NSH_SGT_PG_GM42,,,https://d2igy0yla8zi0u.cloudfront.net/DAL/20262027/DAL-radio.m3u8,https://www.ticketmaster.com/event/1B006507EFD9E40A?brand=predators&artistid=805978&landing=s&wt.mc_id=NHL_TEAM_NSH_SGT_PG_GM42&utm_source=NHL.com&utm_medium=PredsWebSchedule&utm_campaign=NHL_TEAM_NSH_SGT_PG_GM42,Fan Appreciation Night,https://d2igy0yla8zi0u.cloudfront.net/NSH/20262027/NSH-radio.m3u8,,,,,,
