club_previous_season,club_current_season,club_next_season,club_timezone,id,season,game_type,game_date,neutral_site,start_time_utc,eastern_utc_offset,venue_utc_offset,venue_timezone,game_state,game_schedule_state,tv_broadcasts,game_center_link,venue_default,away_team_id,away_team_common_name_default,away_team_place_name_default,away_team_place_name_with_preposition_default,away_team_place_name_with_preposition_fr,away_team_abbrev,away_team_logo,away_team_dark_logo,away_team_away_split_squad,away_team_score,home_team_id,home_team_common_name_default,home_team_place_name_default,home_team_place_name_with_preposition_default,home_team_place_name_with_preposition_fr,home_team_abbrev,home_team_logo,home_team_dark_logo,home_team_home_split_squad,home_team_score,period_descriptor_number,period_descriptor_period_type,period_descriptor_max_regulation_periods,game_outcome_last_period_type,winning_goalie_player_id,winning_goalie_first_initial_default,winning_goalie_last_name_default,winning_goal_scorer_player_id,winning_goal_scorer_first_initial_default,winning_goal_scorer_last_name_default,three_min_recap,three_min_recap_fr,condensed_game,venue_es,venue_fr,home_team_hotel_link,home_team_hotel_desc,tickets_link,tickets_link_fr,away_team_place_name_fr,away_team_radio_link,home_team_promo_link,home_team_promo_desc,home_team_radio_link,away_team_promo_link,away_team_promo_desc,away_team_airline_link,away_team_airline_desc,away_team_hotel_link,away_team_hotel_desc,home_team_airline_link,home_team_airline_desc,home_team_common_name_fr,away_team_common_name_fr,home_team_place_name_fr
20252026,20262027,,US/Pacific,2026010009,20262027,1,2026-09-20,False,2026-09-20T20:00:00Z,-04:00,-07:00,America/Los_Angeles,FINAL,OK,[],/gamecenter/sjs-vs-ana/2026/09/20/2026010009,Honda Center,28,Sharks,San Jose,San Jose,de San Jose,SJS,https://assets.nhle.com/logos/nhl/svg/SJS_light.svg,https://assets.nhle.com/logos/nhl/svg/SJS_dark.svg,False,2.0,24,Ducks,Anaheim,Anaheim,d'Anaheim,ANA,https://assets.nhle.com/logos/nhl/svg/ANA_light.svg,https://assets.nhle.com/logos/nhl/svg/ANA_dark.svg,False,6.0,3,REG,3,REG,8476316.0,L.,Brossoit,8484762.0,B.,Sennecke,,,,,,,,,,,,,,,,,,,,,,,,,
20252026,20262027,,US/Pacific,2026010032,20262027,1,2026-09-22,False,2026-09-23T02:00:00Z,-04:00,-07:00,US/Pacific,FINAL,OK,"[{'id': 324, 'market': 'N', 'countryCode': 'US', 'network': 'NHLN', 'sequenceNumber': 35}, {'id': 521, 'market': 'A', 'countryCode': 'US', 'network': 'SCRIPPS', 'sequenceNumber': 657}]",/gamecenter/vgk-vs-sjs/2026/09/22/2026010032,SAP Center at San Jose,54,Golden Knights,Vegas,Vegas,de Vegas,VGK,https://assets.nhle.com/logos/nhl/svg/VGK_light.svg,https://assets.nhle.com/logos/nhl/svg/VGK_dark.svg,False,2.0,28,Sharks,San Jose,San Jose,de San Jose,SJS,https://assets.nhle.com/logos/nhl/svg/SJS_light.svg,https://assets.nhle.com/logos/nhl/svg/SJS_dark.svg,False,1.0,5,SO,3,SO,8479394.0,C.,Hart,,,,/video/vgk-at-sjs-recap-6405466144112,/fr/video/vgk-vs-sjs-22-09-2026-resume-6405468095112,/video/vgk-at-sjs-condensed-game-6405467409112,SAP Center en San Jose,SAP Center de San Jose,https://teal.sjsharks.com/trk/ibdqc,Rest Easy at San Jose Marriott,,,,,,,,,,,,,,,,,,
20252026,20262027,,US/Pacific,2026010039,20262027,1,2026-09-24,False,2026-09-25T02:00:00Z,-04:00,-07:00,US/Pacific,FINAL,OK,[],/gamecenter/ana-vs-sjs/2026/09/24/2026010039,SAP Center at San Jose,24,Ducks,Anaheim,Anaheim,d'Anaheim,ANA,https://assets.nhle.com/logos/nhl/svg/ANA_light.svg,https://assets.nhle.com/logos/nhl/svg/ANA_dark.svg,False,0.0,28,Sharks,San Jose,San Jose,de San Jose,SJS,https://assets.nhle.com/logos/nhl/svg/SJS_light.svg,https://assets.nhle.com/logos/nhl/svg/SJS_dark.svg,False,10.0,3,REG,3,REG,8477968.0,A.,Nedeljkovic,8478975.0,M.,Marchment,/video/ana-at-sjs-recap-6405605006112,/fr/video/ana-vs-sjs-24-09-2026-resume-6405606854112,/video/ana-at-sjs-condensed-game-6405605283112,SAP Center en San Jose,SAP Center de San Jose,https://teal.sjsharks.com/trk/ibdqc,Rest Easy at San Jose Marriott,,,,,,,,,,,,,,,,,,
20252026,20262027,,US/Pacific,2026010063,20262027,1,2026-09-26,False,2026-09-27T02:00:00Z,-04:00,-07:00,US/Pacific,FINAL,OK,"[{'id': 324, 'market': 'N', 'countryCode': 'US', 'network': 'NHLN', 'sequenceNumber': 35}, {'id': 282, 'market': 'N', 'countryCode': 'CA', 'network': 'SN', 'sequenceNumber': 107}, {'id': 521, 'market': 'H', 'countryCode': 'US', 'network': 'SCRIPPS', 'sequenceNumber': 657}]",/gamecenter/sjs-vs-vgk/2026/09/26/2026010063,T-Mobile Arena,28,Sharks,San Jose,San Jose,de San Jose,SJS,https://assets.nhle.com/logos/nhl/svg/SJS_light.svg,https://assets.nhle.com/logos/nhl/svg/SJS_dark.svg,False,4.0,54,Golden Knights,Vegas,Vegas,de Vegas,VGK,https://assets.nhle.com/logos/nhl/svg/VGK_light.svg,https://assets.nhle.com/logos/nhl/svg/VGK_dark.svg,False,2.0,3,REG,3,REG,8482137.0,Y.,Askarov,8478975.0,M.,Marchment,,/fr/video/sjs-vs-vgk-26-09-2026-resume-6405690832112,/video/sjs-at-vgk-condensed-game-6405689568112,,,,,,,,,,,,,,,,,,,,,,
20252026,20262027,,US/Pacific,2026020016,20262027,2,2026-10-01,False,2026-10-02T02:00:00Z,-04:00,-07:00,US/Pacific,FUT,OK,"[{'id': 281, 'market': 'N', 'countryCode': 'CA', 'network': 'TVAS', 'sequenceNumber': 120}, {'id': 314, 'market': 'H', 'countryCode': 'US', 'network': 'NBCSCA', 'sequenceNumber': 393}, {'id': 521, 'market': 'A', 'countryCode': 'US', 'network': 'SCRIPPS', 'sequenceNumber': 657}]",/gamecenter/fla-vs-sjs/2026/10/01/2026020016,SAP Center at San Jose,13,Panthers,Florida,Florida,de la Floride,FLA,https://assets.nhle.com/logos/nhl/svg/FLA_light.svg,https://assets.nhle.com/logos/nhl/svg/FLA_dark.svg,False,,28,Sharks,San Jose,San Jose,de San Jose,SJS,https://assets.nhle.com/logos/nhl/svg/SJS_light.svg,https://assets.nhle.com/logos/nhl/svg/SJS_dark.svg,False,,1,REG,3,,,,,,,,,,,SAP Center en San Jose,SAP Center de San Jose,https://teal.sjsharks.com/trk/ibdqc,Rest Easy at San Jose Marriott,https://www.ticketmaster.com/event/1C0064E79AA99B1B?brand=sharks&artistid=806018&wt.mc_id=NHL_TEAM_SJS_SCHEDULE_GM1&utm_source=NHL.com&utm_medium=client&utm_campaign=NHL_TEAM_SJS&utm_content=SCHEDULE_GM1,https://www.ticketmaster.com/event/1C0064E79AA99B1B?brand=sharks&artistid=806018&wt.mc_id=NHL_TEAM_SJS_SCHEDULE_GM1&utm_source=NHL.com&utm_medium=client&utm_campaign=NHL_TEAM_SJS&utm_content=SCHEDULE_GM1,Floride,https://d2igy0yla8zi0u.cloudfront.net/FLA/20262027/FLA-radio.m3u8,https://teal.sjsharks.com/trk/Njmqc,Home Opener ,https://d2igy0yla8zi0u.cloudfront.net/SJS/20262027/SJS-radio.m3u8,,,,,,,,,,,
20252026,20262027,,US/Pacific,2026020034,20262027,2,2026-10-03,False,2026-10-04T02:00:00Z,-04:00,-07:00,US/Pacific,FUT,OK,"[{'id': 314, 'market': 'H', 'countryCode': 'US', 'network': 'NBCSCA', 'sequenceNumber': 393}, {'id': 651, 'market': 'A', 'countryCode': 'US', 'network': 'ABTV ', 'sequenceNumber': 1}]",/gamecenter/lak-vs-sjs/2026/10/03/2026020034,SAP Center at San Jose,26,Kings,Los Angeles,Los Angeles,de Los Angeles,LAK,https://assets.nhle.com/logos/nhl/svg/LAK_light.svg,https://assets.nhle.com/logos/nhl/svg/LAK_dark.svg,False,,28,Sharks,San Jose,San Jose,de San Jose,SJS,https://assets.nhle.com/logos/nhl/svg/SJS_light.svg,https://assets.nhle.com/logos/nhl/svg/SJS_dark.svg,False,,1,REG,3,,,,,,,,,,,SAP Center en San Jose,SAP Center de San Jose,https://teal.sjsharks.com/trk/ibdqc,Rest Easy at San Jose Marriott,https://www.ticketmaster.com/event/1C0064E79AB19B37?brand=sharks&artistid=806018&wt.mc_id=NHL_TEAM_SJS_SCHEDULE_GM2&utm_source=NHL.com&utm_medium=client&utm_campaign=NHL_TEAM_SJS&utm_content=SCHEDULE_GM2,https://www.ticketmaster.com/event/1C0064E79AB19B37?brand=sharks&artistid=806018&wt.mc_id=NHL_TEAM_SJS_SCHEDULE_GM2&utm_source=NHL.com&utm_medium=client&utm_campaign=NHL_TEAM_SJS&utm_content=SCHEDULE_GM2,,https://d2igy0yla8zi0u.cloudfront.net/LAK/20262027/LAK-radio.m3u8,https://teal.sjsharks.com/trk/nmmqc,,https://d2igy0yla8zi0u.cloudfront.net/SJS/20262027/SJS-radio.m3u8,,,,,,,,,,,
20252026,20262027,,US/Pacific,2026020043,20262027,2,2026-10-05,False,2026-10-06T00:00:00Z,-04:00,-05:00,US/Central,FUT,OK,"[{'id': 314, 'market': 'A', 'countryCode': 'US', 'network': 'NBCSCA', 'sequenceNumber': 393}, {'id': 652, 'market': 'H', 'countryCode': 'US', 'network': 'Prime Video', 'sequenceNumber': 117}]",/gamecenter/sjs-vs-dal/2026/10/05/2026020043,American Airlines Center,28,Sharks,San Jose,San Jose,de San Jose,SJS,https://assets.nhle.com/logos/nhl/svg/SJS_light.svg,https://assets.nhle.com/logos/nhl/svg/SJS_dark.svg,False,,25,Stars,Dallas,Dallas,de Dallas,DAL,https://assets.nhle.com/logos/nhl/svg/DAL_light.svg,https://assets.nhle.com/logos/nhl/svg/DAL_dark.svg,False,,1,REG,3,,,,,,,,,,,,,,,https://www.ticketmaster.com/event/0C0064EDDB82A477?brand=dallas_stars&wt.mc_id=NHL_TEAM_DAL_SCHEDULE_GM2&utm_source=NHL.com&utm_medium=client&utm_campaign=NHL_TEAM_DAL&utm_content=SCHEDULE_GM2,https://www.ticketmaster.com/event/0C0064EDDB82A477?brand=dallas_stars&wt.mc_id=NHL_TEAM_DAL_SCHEDULE_GM2&utm_source=NHL.com&utm_medium=client&utm_campaign=NHL_TEAM_DAL&utm_content=SCHEDULE_GM2,,https://d2igy0yla8zi0u.cloudfront.net/SJS/20262027/SJS-radio.m3u8,https://www.nhl.com/stars/tickets/promotional-schedule,View promotional schedule,https://d2igy0yla8zi0u.cloudfront.net/DAL/20262027/DAL-radio.m3u8,,,,,,,https://www.aa.com/homePage.do?c=SPNS%7CDSP%7CSTR%7C2026%7CSCH%7C_STARS_2026_SCHEDULE_PAGE,Book flights with American Airlines,,,
20252026,20262027,,US/Pacific,2026020063,20262027,2,2026-10-08,False,2026-10-09T00:00:00Z,-04:00,-05:00,US/Central,FUT,OK,"[{'id': 329, 'market': 'N', 'countryCode': 'US', 'network': 'ESPN+', 'sequenceNumber': 16}, {'id': 391, 'market': 'N', 'countryCode': 'US', 'network': 'HULU', 'sequenceNumber': 17}, {'id': 574, 'market': 'N', 'countryCode': 'US', 'network': 'Disney+', 'sequenceNumber': 21}, {'id': 549, 'market': 'N', 'countryCode': 'CA', 'network': 'SN+', 'sequenceNumber': 117}]",/gamecenter/sjs-vs-stl/2026/10/08/2026020063,Enterprise Center,28,Sharks,San Jose,San Jose,de San Jose,SJS,https://assets.nhle.com/logos/nhl/svg/SJS_light.svg,https://assets.nhle.com/logos/nhl/svg/SJS_dark.svg,False,,19,Blues,St. Louis,St. Louis,de St. Louis,STL,https://assets.nhle.com/logos/nhl/svg/STL_light.svg,https://assets.nhle.com/logos/nhl/svg/STL_dark.svg,False,,1,REG,3,,,,,,,,,,,,,https://www.stlouisunionstation.com/hotel-packages,Stay at Union Station,https://www.ticketmaster.com/event/060064EECDE41AE7?brand=blues&artistid=806025&wt.mc_id=NHL_TEAM_STL_SCHEDULE_GM1&utm_source=NHL.com&utm_medium=client&utm_campaign=NHL_TEAM_STL&utm_content=SCHEDULE_GM1,https://www.ticketmaster.com/event/060064EECDE41AE7?brand=blues&artistid=806025&wt.mc_id=NHL_TEAM_STL_SCHEDULE_GM1&utm_source=NHL.com&utm_medium=client&utm_campaign=NHL_TEAM_STL&utm_content=SCHEDULE_GM1,,https://d2igy0yla8zi0u.cloudfront.net/SJS/20262027/SJS-radio.m3u8,https://www.ticketmaster.com/st-louis-blues-vs-san-jose-saint-louis-missouri-10-08-2026/event/060064EECDE41AE7?landing=c,Wall Calendar | All Fans,https://d2igy0yla8zi0u.cloudfront.net/STL/20262027/STL-radio.m3u8,,,,,,,,,,,
20252026,20262027,,US/Pacific,2026020072,20262027,2,2026-10-10,False,2026-10-10T20:00:00Z,-04:00,-07:00,US/Pacific,FUT,OK,"[{'id': 289, 'market': 'N', 'countryCode': 'CA', 'network': 'SNW', 'sequenceNumber': 34}, {'id': 284, 'market': 'N', 'countryCode': 'CA', 'network': 'SN1', 'sequenceNumber': 113}, {'id': 314, 'market': 'H', 'countryCode': 'US', 'network': 'NBCSCA', 'sequenceNumber': 393}]",/gamecenter/edm-vs-sjs/2026/10/10/2026020072,SAP Center at San Jose,22,Oilers,Edmonton,Edmonton,d'Edmonton,EDM,https://assets.nhle.com/logos/nhl/svg/EDM_light.svg,https://assets.nhle.com/logos/nhl/svg/EDM_dark.svg,False,,28,Sharks,San Jose,San Jose,de San Jose,SJS,https://assets.nhle.com/logos/nhl/svg/SJS_light.svg,https://assets.nhle.com/logos/nhl/svg/SJS_dark.svg,False,,1,REG,3,,,,,,,,,,,SAP Center en San Jose,SAP Center de San Jose,https://teal.sjsharks.com/trk/ibdqc,Rest Easy at San Jose Marriott,https://www.ticketmaster.com/event/1C0064E79AB89B46?brand=sharks&artistid=806018&wt.mc_id=NHL_TEAM_SJS_SCHEDULE_GM3&utm_source=NHL.com&utm_medium=client&utm_campaign=NHL_TEAM_SJS&utm_content=SCHEDULE_GM3,https://www.ticketmaster.com/event/1C0064E79AB89B46?brand=sharks&artistid=806018&wt.mc_id=NHL_TEAM_SJS_SCHEDULE_GM3&utm_source=NHL.com&utm_medium=client&utm_campaign=NHL_TEAM_SJS&utm_content=SCHEDULE_GM3,,https://d2igy0yla8zi0u.cloudfront.net/EDM/20262027/EDM-radio.m3u8,https://teal.sjsharks.com/trk/8mmqc,Sharks x PWHL San Jose,https://d2igy0yla8zi0u.cloudfront.net/SJS/20262027/SJS-radio.m3u8,,,,,,,,,,,
20252026,20262027,,US/Pacific,2026020105,20262027,2,2026-10-13,False,2026-10-14T03:00:00Z,-04:00,-07:00,US/Pacific,FUT,OK,"[{'id': 309, 'market': 'N', 'countryCode': 'US', 'network': 'ESPN', 'sequenceNumber': 10}, {'id': 549, 'market': 'N', 'countryCode': 'CA', 'network': 'SN+', 'sequenceNumber': 117}, {'id': 31, 'market': 'A', 'countryCode': 'US', 'network': 'NESN', 'sequenceNumber': 405}]",/gamecenter/bos-vs-sjs/2026/10/13/2026020105,SAP Center at San Jose,6,Bruins,Boston,Boston,de Boston,BOS,https://assets.nhle.com/logos/nhl/svg/BOS_light.svg,https://assets.nhle.com/logos/nhl/svg/BOS_dark.svg,False,,28,Sharks,San Jose,San Jose,de San Jose,SJS,https://assets.nhle.com/logos/nhl/svg/SJS_light.svg,https://assets.nhle.com/logos/nhl/svg/SJS_dark.svg,False,,1,REG,3,,,,,,,,,,,SAP Center en San Jose,SAP Center de San Jose,https://teal.sjsharks.com/trk/ibdqc,Rest Easy at San Jose Marriott,https://www.ticketmaster.com/event/1C0064E79ABF9B4F?brand=sharks&artistid=806018&wt.mc_id=NHL_TEAM_SJS_SCHEDULE_GM4&utm_source=NHL.com&utm_medium=client&utm_campaign=NHL_TEAM_SJS&utm_content=SCHEDULE_GM4,https://www.ticketmaster.com/event/1C0064E79ABF9B4F?brand=sharks&artistid=806018&wt.mc_id=NHL_TEAM_SJS_SCHEDULE_GM4&utm_source=NHL.com&utm_medium=client&utm_campaign=NHL_TEAM_SJS&utm_content=SCHEDULE_GM4,,https://d2igy0yla8zi0u.cloudfront.net/BOS/20262027/BOS-radio.m3u8,https://teal.sjsharks.com/trk/Dpmqc,,https://d2igy0yla8zi0u.cloudfront.net/SJS/20262027/SJS-radio.m3u8,,,,,,,,,,,
20252026,20262027,,US/Pacific,2026020115,20262027,2,2026-10-15,False,2026-10-16T00:00:00Z,-04:00,-05:00,US/Central,FUT,OK,"[{'id': 314, 'market': 'A', 'countryCode': 'US', 'network': 'NBCSCA', 'sequenceNumber': 393}, {'id': 521, 'market': 'H', 'countryCode': 'US', 'network': 'SCRIPPS', 'sequenceNumber': 657}]",/gamecenter/sjs-vs-nsh/2026/10/15/2026020115,Bridgestone Arena,28,Sharks,San Jose,San Jose,de San Jose,SJS,https://assets.nhle.com/logos/nhl/svg/SJS_light.svg,https://assets.nhle.com/logos/nhl/svg/SJS_dark.svg,False,,18,Predators,Nashville,Nashville,de Nashville,NSH,https://assets.nhle.com/logos/nhl/svg/NSH_light.svg,https://assets.nhle.com/logos/nhl/svg/NSH_dark.svg,False,,1,REG,3,,,,,,,,,,,,,,,https://www.ticketmaster.com/event/1B006507EFEFE435?brand=predators&artistid=805978&landing=s&wt.mc_id=NHL_TEAM_NSH_SGT_PG_GM4&utm_source=NHL.com&utm_medium=PredsWebSchedule&utm_campaign=NHL_TEAM_NSH_SGT_PG_GM4,https://www.ticketmaster.com/event/1B006507EFEFE435?brand=predators&artistid=805978&landing=s&wt.mc_id=NHL_TEAM_NSH_SGT_PG_GM4&utm_source=NHL.com&utm_medium=PredsWebSchedule&utm_campaign=NHL_TEAM_NSH_SGT_PG_GM4,,https://d2igy0yla8zi0u.cloudfront.net/SJS/20262027/SJS-radio.m3u8,,,https://d2igy0yla8zi0u.cloudfront.net/NSH/20262027/NSH-radio.m3u8,,,,,,,,,,,
20252026,20262027,,US/Pacific,2026020127,20262027,2,2026-10-17,False,2026-10-17T23:00:00Z,-04:00,-04:00,America/Detroit,FUT,OK,"[{'id': 314, 'market': 'A', 'countryCode': 'US', 'network': 'NBCSCA', 'sequenceNumber': 393}, {'id': 645, 'market': 'H', 'countryCode': 'US', 'network': 'DSN', 'sequenceNumber': 1}]",/gamecenter/sjs-vs-det/2026/10/17/2026020127,Little Caesars Arena,28,Sharks,San Jose,San Jose,de San Jose,SJS,https://assets.nhle.com/logos/nhl/svg/SJS_light.svg,https://assets.nhle.com/logos/nhl/svg/SJS_dark.svg,False,,17,Red Wings,Detroit,Detroit,de Detroit,DET,https://assets.nhle.com/logos/nhl/svg/DET_light.svg,https://assets.nhle.com/logos/nhl/svg/DET_dark.svg,False,,1,REG,3,,,,,,,,,,,,,,,https://www.ticketmaster.com/event/080064EED7C37FBF?brand=redwings&artistid=805938&wt.mc_id=NHL_TEAM_DET_SCHEDULE_GM7&utm_source=NHL.com&utm_medium=client&utm_campaign=NHL_TEAM_DET&utm_content=SCHEDULE_GM7,https://www.ticketmaster.com/event/080064EED7C37FBF?brand=redwings&artistid=805938&wt.mc_id=NHL_TEAM_DET_SCHEDULE_GM7&utm_source=NHL.com&utm_medium=client&utm_campaign=NHL_TEAM_DET&utm_content=SCHEDULE_GM7,,https://d2igy0yla8zi0u.cloudfront.net/SJS/20262027/SJS-radio.m3u8,,,https://d2igy0yla8zi0u.cloudfront.net/DET/20262027/DET-radio.m3u8,,,,,,,,,,,
20252026,20262027,,US/Pacific,2026020139,20262027,2,2026-10-19,False,2026-10-19T23:30:00Z,-04:00,-04:00,America/Toronto,FUT,OK,"[{'id': 549, 'market': 'N', 'countryCode': 'CA', 'network': 'SN+', 'sequenceNumber': 117}, {'id': 281, 'market': 'N', 'countryCode': 'CA', 'network': 'TVAS', 'sequenceNumber': 120}, {'id': 314, 'market': 'A', 'countryCode': 'US', 'network': 'NBCSCA', 'sequenceNumber': 393}]",/gamecenter/sjs-vs-tor/2026/10/19/2026020139,Scotiabank Arena,28,Sharks,San Jose,San Jose,de San Jose,SJS,https://assets.nhle.com/logos/nhl/svg/SJS_light.svg,https://assets.nhle.com/logos/nhl/svg/SJS_dark.svg,False,,10,Maple Leafs,Toronto,Toronto,de Toronto,TOR,https://assets.nhle.com/logos/nhl/svg/TOR_light.svg,https://assets.nhle.com/logos/nhl/svg/TOR_dark.svg,False,,1,REG,3,,,,,,,,,,,,,"https://www.marriott.com/search/findHotels.mi?destinationAddress.destination=SCOTIABANK+ARENA,+TORONTO,+CANADA&cid=DIS_GLB000791Q_GLE000HJ7H_GLF0017USO",Book Now,https://www.ticketmaster.ca/event/100064FECCE1F7F0?brand=torontomapleleafs&artistid=806033&wt.mc_id=NHL_TEAM_TOR_SCHEDULE_GM7&utm_source=NHL.com&utm_medium=client_PM&utm_campaign=NHL_TEAM_TOR&utm_content=SCHEDULE_GM7,https://www.ticketmaster.ca/event/100064FECCE1F7F0?brand=torontomapleleafs&artistid=806033&wt.mc_id=NHL_TEAM_TOR_SCHEDULE_GM7&utm_source=NHL.com&utm_medium=client_PM&utm_campaign=NHL_TEAM_TOR&utm_content=SCHEDULE_GM7,,https://d2igy0yla8zi0u.cloudfront.net/SJS/20262027/SJS-radio.m3u8,,,https://d2igy0yla8zi0u.cloudfront.net/TOR/20262027/TOR-radio.m3u8,,,,,,,,,,,
20252026,20262027,,US/Pacific,2026020141,20262027,2,2026-10-20,False,2026-10-20T23:00:00Z,-04:00,-04:00,America/Montreal,FUT,OK,"[{'id': 314, 'market': 'A', 'countryCode': 'US', 'network': 'NBCSCA', 'sequenceNumber': 393}, {'id': 131, 'market': 'H', 'countryCode': 'CA', 'network': 'TSN2', 'sequenceNumber': 112}, {'id': 33, 'market': 'H', 'countryCode': 'CA', 'network': 'RDS', 'sequenceNumber': 145}]",/gamecenter/sjs-vs-mtl/2026/10/20/2026020141,Centre Bell,28,Sharks,San Jose,San Jose,de San Jose,SJS,https://assets.nhle.com/logos/nhl/svg/SJS_light.svg,https://assets.nhle.com/logos/nhl/svg/SJS_dark.svg,False,,8,Canadiens,Montréal,Montréal,de Montréal,MTL,https://assets.nhle.com/logos/nhl/svg/MTL_light.svg,https://assets.nhle.com/logos/nhl/svg/MTL_dark.svg,False,,1,REG,3,,,,,,,,,,,,,,,https://www.ticketmaster.ca/event/310064FACAB98731?lang=en-ca&brand=canadiens&artistid=805975&wt.mc_id=NHL_TEAM_MTL_SCHEDULE_GM6&utm_source=NHL.com&utm_medium=client&utm_campaign=NHL_TEAM_MTL&utm_content=SCHEDULE_GM6,https://www.ticketmaster.ca/event/310064FACAB98731?lang=fr-ca&brand=canadiens&artistid=805975&wt.mc_id=NHL_TEAM_MTL_SCHEDULE_GM6&utm_source=NHL.com&utm_medium=client&utm_campaign=NHL_TEAM_MTL&utm_content=SCHEDULE_GM6,,https://d2igy0yla8zi0u.cloudfront.net/SJS/20262027/SJS-radio.m3u8,,,https://d2igy0yla8zi0u.cloudfront.net/MTL/20262027/MTL-radio.m3u8,,,,,,,,,,,
20252026,20262027,,US/Pacific,2026020156,20262027,2,2026-10-22,False,2026-10-22T23:00:00Z,-04:00,-04:00,US/Eastern,FUT,OK,"[{'id': 314, 'market': 'A', 'countryCode': 'US', 'network': 'NBCSCA', 'sequenceNumber': 393}, {'id': 294, 'market': 'H', 'countryCode': 'CA', 'network': 'TSN5', 'sequenceNumber': 135}, {'id': 33, 'market': 'H', 'countryCode': 'CA', 'network': 'RDS', 'sequenceNumber': 145}]",/gamecenter/sjs-vs-ott/2026/10/22/2026020156,Canadian Tire Centre,28,Sharks,San Jose,San Jose,de San Jose,SJS,https://assets.nhle.com/logos/nhl/svg/SJS_light.svg,https://assets.nhle.com/logos/nhl/svg/SJS_dark.svg,False,,9,Senators,Ottawa,Ottawa,d'Ottawa,OTT,https://assets.nhle.com/logos/nhl/svg/OTT_light.svg,https://assets.nhle.com/logos/nhl/svg/OTT_dark.svg,False,,1,REG,3,,,,,,,,,,,,Centre Canadian Tire,https://www.brookstreethotel.com/,Hotel,https://www.ticketmaster.ca/event/31006507E68C2864?brand=ottawasenators&artistid=805997&landing=s&wt.mc_id=NHL_TEAM_OTT_SGT_PG_GM6&,https://www.nhl.com/fr/senators/tickets/,,https://d2igy0yla8zi0u.cloudfront.net/SJS/20262027/SJS-radio.m3u8,,,https://d2igy0yla8zi0u.cloudfront.net/OTT/20262027/OTT-radio.m3u8,,,,,,,https://www.aircanada.com/home/ca/en/aco/flights,Air  Canada Flights,Sénateurs,,
20252026,20262027,,US/Pacific,2026020170,20262027,2,2026-10-24,False,2026-10-24T23:00:00Z,-04:00,-04:00,US/Eastern,FUT,OK,"[{'id': 314, 'market': 'A', 'countryCode': 'US', 'network': 'NBCSCA', 'sequenceNumber': 393}, {'id': 31, 'market': 'H', 'countryCode': 'US', 'network': 'NESN', 'sequenceNumber': 405}]",/gamecenter/sjs-vs-bos/2026/10/24/2026020170,TD Garden,28,Sharks,San Jose,San Jose,de San Jose,SJS,https://assets.nhle.com/logos/nhl/svg/SJS_light.svg,https://assets.nhle.com/logos/nhl/svg/SJS_dark.svg,False,,6,Bruins,Boston,Boston,de Boston,BOS,https://assets.nhle.com/logos/nhl/svg/BOS_light.svg,https://assets.nhle.com/logos/nhl/svg/BOS_dark.svg,False,,1,REG,3,,,,,,,,,,,,,,,https://www.ticketmaster.com/event/010064EDC4FF79F2?brand=bostonbruins&artistid=805902&wt.mc_id=NHL_TEAM_BOS_SCHEDULE_GM6&utm_source=NHL.com&utm_medium=client&utm_campaign=NHL_TEAM_BOS&utm_content=SCHEDULE_GM6,https://www.ticketmaster.com/event/010064EDC4FF79F2?brand=bostonbruins&artistid=805902&wt.mc_id=NHL_TEAM_BOS_SCHEDULE_GM6&utm_source=NHL.com&utm_medium=client&utm_campaign=NHL_TEAM_BOS&utm_content=SCHEDULE_GM6,,https://d2igy0yla8zi0u.cloudfront.net/SJS/20262027/SJS-radio.m3u8,,,https://d2igy0yla8zi0u.cloudfront.net/BOS/20262027/BOS-radio.m3u8,,,,,,,,,,,
20252026,20262027,,US/Pacific,2026020198,20262027,2,2026-10-27,False,2026-10-28T02:30:00Z,-04:00,-07:00,US/Pacific,FUT,OK,"[{'id': 309, 'market': 'N', 'countryCode': 'US', 'network': 'ESPN', 'sequenceNumber': 10}, {'id': 283, 'market': 'N', 'countryCode': 'CA', 'network': 'SN360', 'sequenceNumber': 114}]",/gamecenter/buf-vs-sjs/2026/10/27/2026020198,SAP Center at San Jose,7,Sabres,Buffalo,Buffalo,de Buffalo,BUF,https://assets.nhle.com/logos/nhl/svg/BUF_light.svg,https://assets.nhle.com/logos/nhl/svg/BUF_dark.svg,False,,28,Sharks,San Jose,San Jose,de San Jose,SJS,https://assets.nhle.com/logos/nhl/svg/SJS_light.svg,https://assets.nhle.com/logos/nhl/svg/SJS_dark.svg,False,,1,REG,3,,,,,,,,,,,SAP Center en San Jose,SAP Center de San Jose,https://teal.sjsharks.com/trk/ibdqc,Rest Easy at San Jose Marriott,https://www.ticketmaster.com/event/1C0064E79AC59B61?brand=sharks&artistid=806018&wt.mc_id=NHL_TEAM_SJS_SCHEDULE_GM5&utm_source=NHL.com&utm_medium=client&utm_campaign=NHL_TEAM_SJS&utm_content=SCHEDULE_GM5,https://www.ticketmaster.com/event/1C0064E79AC59B61?brand=sharks&artistid=806018&wt.mc_id=NHL_TEAM_SJS_SCHEDULE_GM5&utm_source=NHL.com&utm_medium=client&utm_campaign=NHL_TEAM_SJS&utm_content=SCHEDULE_GM5,,https://d2igy0yla8zi0u.cloudfront.net/BUF/20262027/BUF-radio.m3u8,https://teal.sjsharks.com/trk/Epmqc,,https://d2igy0yla8zi0u.cloudfront.net/SJS/20262027/SJS-radio.m3u8,,,,,,,,,,,
20252026,20262027,,US/Pacific,2026020213,20262027,2,2026-10-29,False,2026-10-30T02:00:00Z,-04:00,-07:00,US/Pacific,FUT,OK,"[{'id': 282, 'market': 'N', 'countryCode': 'CA', 'network': 'SN', 'sequenceNumber': 107}, {'id': 314, 'market': 'H', 'countryCode': 'US', 'network': 'NBCSCA', 'sequenceNumber': 393}]",/gamecenter/van-vs-sjs/2026/10/29/2026020213,SAP Center at San Jose,23,Canucks,Vancouver,Vancouver,de Vancouver,VAN,https://assets.nhle.com/logos/nhl/svg/VAN_light.svg,https://assets.nhle.com/logos/nhl/svg/VAN_dark.svg,False,,28,Sharks,San Jose,San Jose,de San Jose,SJS,https://assets.nhle.com/logos/nhl/svg/SJS_light.svg,https://assets.nhle.com/logos/nhl/svg/SJS_dark.svg,False,,1,REG,3,,,,,,,,,,,SAP Center en San Jose,SAP Center de San Jose,https://teal.sjsharks.com/trk/ibdqc,Rest Easy at San Jose Marriott,https://www.ticketmaster.com/event/1C0064E79ACB9B69?brand=sharks&artistid=806018&wt.mc_id=NHL_TEAM_SJS_SCHEDULE_GM6&utm_source=NHL.com&utm_medium=client&utm_campaign=NHL_TEAM_SJS&utm_content=SCHEDULE_GM6,https://www.ticketmaster.com/event/1C0064E79ACB9B69?brand=sharks&artistid=806018&wt.mc_id=NHL_TEAM_SJS_SCHEDULE_GM6&utm_source=NHL.com&utm_medium=client&utm_campaign=NHL_TEAM_SJS&utm_content=SCHEDULE_GM6,,https://d2igy0yla8zi0u.cloudfront.net/VAN/20262027/VAN-radio.m3u8,https://teal.sjsharks.com/trk/Fpmqc,,https://d2igy0yla8zi0u.cloudfront.net/SJS/20262027/SJS-radio.m3u8,,,https://www.aircanada.com/?utm_source=canuckscom&utm_medium=calendar,Book with Air Canada,,,,,,,
20252026,20262027,,US/Pacific,2026020222,20262027,2,2026-10-31,False,2026-10-31T20:00:00Z,-04:00,-07:00,US/Pacific,FUT,OK,"[{'id': 314, 'market': 'H', 'countryCode': 'US', 'network': 'NBCSCA', 'sequenceNumber': 393}, {'id': 294, 'market': 'A', 'countryCode': 'CA', 'network': 'TSN5', 'sequenceNumber': 135}, {'id': 242, 'market': 'A', 'countryCode': 'CA', 'network': 'RDSI', 'sequenceNumber': 147}]",/gamecenter/ott-vs-sjs/2026/10/31/2026020222,SAP Center at San Jose,9,Senators,Ottawa,Ottawa,d'Ottawa,OTT,https://assets.nhle.com/logos/nhl/svg/OTT_light.svg,https://assets.nhle.com/logos/nhl/svg/OTT_dark.svg,False,,28,Sharks,San Jose,San Jose,de San Jose,SJS,https://assets.nhle.com/logos/nhl/svg/SJS_light.svg,https://assets.nhle.com/logos/nhl/svg/SJS_dark.svg,False,,1,REG,3,,,,,,,,,,,SAP Center en San Jose,SAP Center de San Jose,https://teal.sjsharks.com/trk/ibdqc,Rest Easy at San Jose Marriott,https://www.ticketmaster.com/event/1C0064E79AD19B77?brand=sharks&artistid=806018&wt.mc_id=NHL_TEAM_SJS_SCHEDULE_GM7&utm_source=NHL.com&utm_medium=client&utm_campaign=NHL_TEAM_SJS&utm_content=SCHEDULE_GM7,https://www.ticketmaster.com/event/1C0064E79AD19B77?brand=sharks&artistid=806018&wt.mc_id=NHL_TEAM_SJS_SCHEDULE_GM7&utm_source=NHL.com&utm_medium=client&utm_campaign=NHL_TEAM_SJS&utm_content=SCHEDULE_GM7,,https://d2igy0yla8zi0u.cloudfront.net/OTT/20262027/OTT-radio.m3u8,https://teal.sjsharks.com/trk/Hpmqc,Los Tiburones ,https://d2igy0yla8zi0u.cloudfront.net/SJS/20262027/SJS-radio.m3u8,,,https://www.aircanada.com/home/ca/en/aco/flights,Book Flights with Air Canada,https://www.brookstreethotel.com/?gad_source=1&gad_campaignid=361534260&gbraid=0AAAAAD7lh6gowt52ky_hNFfUfpIJrBOLt&gclid=CjwKCAjws_DTBhB_EiwAXZknGWgxgnsGfRdBp1sxO_Bjc5W4YaWOrsfOWgCMIIPHfxIA9-A04EYXdhoClb8QAvD_BwE,Brookstreet Hotel,,,,Sénateurs,
20252026,20262027,,US/Pacific,2026020235,20262027,2,2026-11-02,False,2026-11-03T02:00:00Z,-05:00,-08:00,US/Pacific,FUT,OK,"[{'id': 549, 'market': 'N', 'countryCode': 'CA', 'network': 'SN+', 'sequenceNumber': 117}, {'id': 281, 'market': 'N', 'countryCode': 'CA', 'network': 'TVAS', 'sequenceNumber': 120}, {'id': 314, 'market': 'H', 'countryCode': 'US', 'network': 'NBCSCA', 'sequenceNumber': 393}]",/gamecenter/cgy-vs-sjs/2026/11/02/2026020235,SAP Center at San Jose,20,Flames,Calgary,Calgary,de Calgary,CGY,https://assets.nhle.com/logos/nhl/svg/CGY_light.svg,https://assets.nhle.com/logos/nhl/svg/CGY_dark.svg,False,,28,Sharks,San Jose,San Jose,de San Jose,SJS,https://assets.nhle.com/logos/nhl/svg/SJS_light.svg,https://assets.nhle.com/logos/nhl/svg/SJS_dark.svg,False,,1,REG,3,,,,,,,,,,,SAP Center en San Jose,SAP Center de San Jose,https://teal.sjsharks.com/trk/ibdqc,Rest Easy at San Jose Marriott,https://www.ticketmaster.com/event/1C0064E79AD89B86?brand=sharks&artistid=806018&wt.mc_id=NHL_TEAM_SJS_SCHEDULE_GM8&utm_source=NHL.com&utm_medium=client&utm_campaign=NHL_TEAM_SJS&utm_content=SCHEDULE_GM8,https://www.ticketmaster.com/event/1C0064E79AD89B86?brand=sharks&artistid=806018&wt.mc_id=NHL_TEAM_SJS_SCHEDULE_GM8&utm_source=NHL.com&utm_medium=client&utm_campaign=NHL_TEAM_SJS&utm_content=SCHEDULE_GM8,,https://d2igy0yla8zi0u.cloudfront.net/CGY/20262027/CGY-radio.m3u8,https://teal.sjsharks.com/trk/Ipmqc,,https://d2igy0yla8zi0u.cloudfront.net/SJS/20262027/SJS-radio.m3u8,,,,,,,,,,,
20252026,20262027,,US/Pacific,2026020249,20262027,2,2026-11-04,False,2026-11-05T03:00:00Z,-05:00,-08:00,America/Los_Angeles,FUT,OK,"[{'id': 385, 'market': 'N', 'countryCode': 'US', 'network': 'TNT', 'sequenceNumber': 11}, {'id': 501, 'market': 'N', 'countryCode': 'US', 'network': 'truTV', 'sequenceNumber': 14}, {'id': 578, 'market': 'N', 'countryCode': 'US', 'network': 'HBO MAX', 'sequenceNumber': 19}]",/gamecenter/sjs-vs-lak/2026/11/04/2026020249,Crypto.com Arena,28,Sharks,San Jose,San Jose,de San Jose,SJS,https://assets.nhle.com/logos/nhl/svg/SJS_light.svg,https://assets.nhle.com/logos/nhl/svg/SJS_dark.svg,False,,26,Kings,Los Angeles,Los Angeles,de Los Angeles,LAK,https://assets.nhle.com/logos/nhl/svg/LAK_light.svg,https://assets.nhle.com/logos/nhl/svg/LAK_dark.svg,False,,1,REG,3,,,,,,,,,,,,,,,https://www.nhl.com/kings/tickets/single-game-tickets,https://www.nhl.com/kings/tickets/single-game-tickets,,https://d2igy0yla8zi0u.cloudfront.net/SJS/20262027/SJS-radio.m3u8,https://www.axs.com/events/1457741/la-kings-vs-san-jose-sharks-tickets?skin=lakings&cpch=LAKSCHED&cpdn=website&cpdate=LAK261104&cpsrc=single-game&utm_source=LAKSCHED&utm_medium=website&utm_campaign=single-game&utm_content=LAK261104&tags=LAKWEB,Native American Heritage,https://d2igy0yla8zi0u.cloudfront.net/LAK/20262027/LAK-radio.m3u8,,,,,,,,,,,
20252026,20262027,,US/Pacific,2026020263,20262027,2,2026-11-06,False,2026-11-07T01:00:00Z,-05:00,-06:00,US/Central,FUT,OK,"[{'id': 314, 'market': 'A', 'countryCode': 'US', 'network': 'NBCSCA', 'sequenceNumber': 393}, {'id': 648, 'market': 'H', 'countryCode': 'US', 'network': 'MINNHL', 'sequenceNumber': 1}, {'id': 758, 'market': 'H', 'countryCode': 'US', 'network': 'Wild+', 'sequenceNumber': 1}]",/gamecenter/sjs-vs-min/2026/11/06/2026020263,Grand Casino Arena,28,Sharks,San Jose,San Jose,de San Jose,SJS,https://assets.nhle.com/logos/nhl/svg/SJS_light.svg,https://assets.nhle.com/logos/nhl/svg/SJS_dark.svg,False,,30,Wild,Minnesota,Minnesota,du Minnesota,MIN,https://assets.nhle.com/logos/nhl/svg/MIN_light.svg,https://assets.nhle.com/logos/nhl/svg/MIN_dark.svg,False,,1,REG,3,,,,,,,,,,,,,,,https://mnwild.co/t1nv6x1s,https://mnwild.co/t1nv6x1s,,https://d2igy0yla8zi0u.cloudfront.net/SJS/20262027/SJS-radio.m3u8,https://mnwild.co/3qts5kmf,FRIENDS,https://d2igy0yla8zi0u.cloudfront.net/MIN/20262027/MIN-radio.m3u8,,,,,,,,,,,
20252026,20262027,,US/Pacific,2026020272,20262027,2,2026-11-07,False,2026-11-08T01:00:00Z,-05:00,-06:00,US/Central,FUT,OK,"[{'id': 314, 'market': 'A', 'countryCode': 'US', 'network': 'NBCSCA', 'sequenceNumber': 393}, {'id': 652, 'market': 'H', 'countryCode': 'US', 'network': 'Prime Video', 'sequenceNumber': 117}]",/gamecenter/sjs-vs-dal/2026/11/07/2026020272,American Airlines Center,28,Sharks,San Jose,San Jose,de San Jose,SJS,https://assets.nhle.com/logos/nhl/svg/SJS_light.svg,https://assets.nhle.com/logos/nhl/svg/SJS_dark.svg,False,,25,Stars,Dallas,Dallas,de Dallas,DAL,https://assets.nhle.com/logos/nhl/svg/DAL_light.svg,https://assets.nhle.com/logos/nhl/svg/DAL_dark.svg,False,,1,REG,3,,,,,,,,,,,,,,,https://www.ticketmaster.com/event/0C0064EDD8FDA0B8?brand=dallas_stars&wt.mc_id=NHL_TEAM_DAL_SCHEDULE_GM10&utm_source=NHL.com&utm_medium=client&utm_campaign=NHL_TEAM_DAL&utm_content=SCHEDULE_GM10,https://www.ticketmaster.com/event/0C0064EDD8FDA0B8?brand=dallas_stars&wt.mc_id=NHL_TEAM_DAL_SCHEDULE_GM10&utm_source=NHL.com&utm_medium=client&utm_campaign=NHL_TEAM_DAL&utm_content=SCHEDULE_GM10,,https://d2igy0yla8zi0u.cloudfront.net/SJS/20262027/SJS-radio.m3u8,,,https://d2igy0yla8zi0u.cloudfront.net/DAL/20262027/DAL-radio.m3u8,,,,,,,https://www.aa.com/homePage.do?c=SPNS%7CDSP%7CSTR%7C2026%7CSCH%7C_STARS_2026_SCHEDULE_PAGE,Book flights with American Airlines,,,
20252026,20262027,,US/Pacific,2026020285,20262027,2,2026-11-09,False,2026-11-10T03:00:00Z,-05:00,-08:00,US/Pacific,FUT,OK,"[{'id': 281, 'market': 'N', 'countryCode': 'CA', 'network': 'TVAS', 'sequenceNumber': 120}, {'id': 314, 'market': 'H', 'countryCode': 'US', 'network': 'NBCSCA', 'sequenceNumber': 393}, {'id': 409, 'market': 'A', 'countryCode': 'US', 'network': 'MSGSN', 'sequenceNumber': 411}]",/gamecenter/nyi-vs-sjs/2026/11/09/2026020285,SAP Center at San Jose,2,Islanders,New York,New York,de New York,NYI,https://assets.nhle.com/logos/nhl/svg/NYI_light.svg,https://assets.nhle.com/logos/nhl/svg/NYI_dark.svg,False,,28,Sharks,San Jose,San Jose,de San Jose,SJS,https://assets.nhle.com/logos/nhl/svg/SJS_light.svg,https://assets.nhle.com/logos/nhl/svg/SJS_dark.svg,False,,1,REG,3,,,,,,,,,,,SAP Center en San Jose,SAP Center de San Jose,https://teal.sjsharks.com/trk/ibdqc,Rest Easy at San Jose Marriott,https://www.ticketmaster.com/event/1C0064E79ADE9B9D?brand=sharks&artistid=806018&wt.mc_id=NHL_TEAM_SJS_SCHEDULE_GM9&utm_source=NHL.com&utm_medium=client&utm_campaign=NHL_TEAM_SJS&utm_content=SCHEDULE_GM9,https://www.ticketmaster.com/event/1C0064E79ADE9B9D?brand=sharks&artistid=806018&wt.mc_id=NHL_TEAM_SJS_SCHEDULE_GM9&utm_source=NHL.com&utm_medium=client&utm_campaign=NHL_TEAM_SJS&utm_content=SCHEDULE_GM9,,https://d2igy0yla8zi0u.cloudfront.net/NYI/20262027/NYI-radio.m3u8,https://teal.sjsharks.com/trk/Jpmqc,,https://d2igy0yla8zi0u.cloudfront.net/SJS/20262027/SJS-radio.m3u8,,,https://www.jetblue.com/?utm_source=nyi_website&utm_medium=schedulepage&utm_campaign=nyi_belmontdepositcampaign&utm_content=jetblueicon,Fly JetBlue,,,,,,,
20252026,20262027,,US/Pacific,2026020298,20262027,2,2026-11-11,False,2026-11-12T03:00:00Z,-05:00,-08:00,US/Pacific,FUT,OK,"[{'id': 314, 'market': 'H', 'countryCode': 'US', 'network': 'NBCSCA', 'sequenceNumber': 393}, {'id': 528, 'market': 'A', 'countryCode': 'US', 'network': 'SN-PIT', 'sequenceNumber': 384}]",/gamecenter/pit-vs-sjs/2026/11/11/2026020298,SAP Center at San Jose,5,Penguins,Pittsburgh,Pittsburgh,de Pittsburgh,PIT,https://assets.nhle.com/logos/nhl/svg/PIT_light.svg,https://assets.nhle.com/logos/nhl/svg/PIT_dark.svg,False,,28,Sharks,San Jose,San Jose,de San Jose,SJS,https://assets.nhle.com/logos/nhl/svg/SJS_light.svg,https://assets.nhle.com/logos/nhl/svg/SJS_dark.svg,False,,1,REG,3,,,,,,,,,,,SAP Center en San Jose,SAP Center de San Jose,https://teal.sjsharks.com/trk/ibdqc,Rest Easy at San Jose Marriott,https://www.ticketmaster.com/event/1C0064E79AE49BAC?brand=sharks&artistid=806018&wt.mc_id=NHL_TEAM_SJS_SCHEDULE_GM10&utm_source=NHL.com&utm_medium=client&utm_campaign=NHL_TEAM_SJS&utm_content=SCHEDULE_GM10,https://www.ticketmaster.com/event/1C0064E79AE49BAC?brand=sharks&artistid=806018&wt.mc_id=NHL_TEAM_SJS_SCHEDULE_GM10&utm_source=NHL.com&utm_medium=client&utm_campaign=NHL_TEAM_SJS&utm_content=SCHEDULE_GM10,,https://d2igy0yla8zi0u.cloudfront.net/PIT/20262027/PIT-radio.m3u8,https://teal.sjsharks.com/trk/nsmqc,Military Appreciation,https://d2igy0yla8zi0u.cloudfront.net/SJS/20262027/SJS-radio.m3u8,,,,,,,,,,,
20252026,20262027,,US/Pacific,2026020323,20262027,2,2026-11-14,False,2026-11-15T02:00:00Z,-05:00,-07:00,America/Denver,FUT,OK,"[{'id': 314, 'market': 'A', 'countryCode': 'US', 'network': 'NBCSCA', 'sequenceNumber': 393}, {'id': 558, 'market': 'H', 'countryCode': 'US', 'network': 'Utah16', 'sequenceNumber': 381}]",/gamecenter/sjs-vs-uta/2026/11/14/2026020323,Delta Center,28,Sharks,San Jose,San Jose,de San Jose,SJS,https://assets.nhle.com/logos/nhl/svg/SJS_light.svg,https://assets.nhle.com/logos/nhl/svg/SJS_dark.svg,False,,68,Mammoth,Utah,Utah,de l'Utah,UTA,https://assets.nhle.com/logos/nhl/svg/UTA_light.svg,https://assets.nhle.com/logos/nhl/svg/UTA_dark.svg,False,,1,REG,3,,,,,,,,,,,,,,,https://seatgeek.com/utah-mammoth-tickets/7-16-2026-salt-lake-city-utah-delta-center-1/nhl/18242287?wid=club-web-schedule,https://seatgeek.com/utah-mammoth-tickets/7-16-2026-salt-lake-city-utah-delta-center-1/nhl/18242287?wid=club-web-schedule,,https://d2igy0yla8zi0u.cloudfront.net/SJS/20262027/SJS-radio.m3u8,,,https://d2igy0yla8zi0u.cloudfront.net/UTA/20262027/UTA-radio.m3u8,,,,,,,,,,,
20252026,20262027,,US/Pacific,2026020330,20262027,2,2026-11-15,False,2026-11-16T02:00:00Z,-05:00,-08:00,US/Pacific,FUT,OK,"[{'id': 314, 'market': 'H', 'countryCode': 'US', 'network': 'NBCSCA', 'sequenceNumber': 393}, {'id': 521, 'market': 'A', 'countryCode': 'US', 'network': 'SCRIPPS', 'sequenceNumber': 657}]",/gamecenter/nsh-vs-sjs/2026/11/15/2026020330,SAP Center at San Jose,18,Predators,Nashville,Nashville,de Nashville,NSH,https://assets.nhle.com/logos/nhl/svg/NSH_light.svg,https://assets.nhle.com/logos/nhl/svg/NSH_dark.svg,False,,28,Sharks,San Jose,San Jose,de San Jose,SJS,https://assets.nhle.com/logos/nhl/svg/SJS_light.svg,https://assets.nhle.com/logos/nhl/svg/SJS_dark.svg,False,,1,REG,3,,,,,,,,,,,SAP Center en San Jose,SAP Center de San Jose,https://teal.sjsharks.com/trk/ibdqc,Rest Easy at San Jose Marriott,https://www.ticketmaster.com/event/1C0064E79AEA9BB4?brand=sharks&artistid=806018&wt.mc_id=NHL_TEAM_SJS_SCHEDULE_GM11&utm_source=NHL.com&utm_medium=client&utm_campaign=NHL_TEAM_SJS&utm_content=SCHEDULE_GM11,https://www.ticketmaster.com/event/1C0064E79AEA9BB4?brand=sharks&artistid=806018&wt.mc_id=NHL_TEAM_SJS_SCHEDULE_GM11&utm_source=NHL.com&utm_medium=client&utm_campaign=NHL_TEAM_SJS&utm_content=SCHEDULE_GM11,,https://d2igy0yla8zi0u.cloudfront.net/NSH/20262027/NSH-radio.m3u8,https://teal.sjsharks.com/trk/osmqc,Hockey Fights Cancer,https://d2igy0yla8zi0u.cloudfront.net/SJS/20262027/SJS-radio.m3u8,,,,,,,,,,,
20252026,20262027,,US/Pacific,2026020343,20262027,2,2026-11-17,False,2026-11-18T03:00:00Z,-05:00,-08:00,US/Pacific,FUT,OK,"[{'id': 282, 'market': 'N', 'countryCode': 'CA', 'network': 'SN', 'sequenceNumber': 107}, {'id': 314, 'market': 'H', 'countryCode': 'US', 'network': 'NBCSCA', 'sequenceNumber': 393}]",/gamecenter/cgy-vs-sjs/2026/11/17/2026020343,SAP Center at San Jose,20,Flames,Calgary,Calgary,de Calgary,CGY,https://assets.nhle.com/logos/nhl/svg/CGY_light.svg,https://assets.nhle.com/logos/nhl/svg/CGY_dark.svg,False,,28,Sharks,San Jose,San Jose,de San Jose,SJS,https://assets.nhle.com/logos/nhl/svg/SJS_light.svg,https://assets.nhle.com/logos/nhl/svg/SJS_dark.svg,False,,1,REG,3,,,,,,,,,,,SAP Center en San Jose,SAP Center de San Jose,https://teal.sjsharks.com/trk/ibdqc,Rest Easy at San Jose Marriott,https://www.ticketmaster.com/event/1C0064E79AF09BC8?brand=sharks&artistid=806018&wt.mc_id=NHL_TEAM_SJS_SCHEDULE_GM12&utm_source=NHL.com&utm_medium=client&utm_campaign=NHL_TEAM_SJS&utm_content=SCHEDULE_GM12,https://www.ticketmaster.com/event/1C0064E79AF09BC8?brand=sharks&artistid=806018&wt.mc_id=NHL_TEAM_SJS_SCHEDULE_GM12&utm_source=NHL.com&utm_medium=client&utm_campaign=NHL_TEAM_SJS&utm_content=SCHEDULE_GM12,,https://d2igy0yla8zi0u.cloudfront.net/CGY/20262027/CGY-radio.m3u8,https://teal.sjsharks.com/trk/ctmqc,,https://d2igy0yla8zi0u.cloudfront.net/SJS/20262027/SJS-radio.m3u8,,,,,,,,,,,
20252026,20262027,,US/Pacific,2026020372,20262027,2,2026-11-21,False,2026-11-22T03:00:00Z,-05:00,-08:00,US/Pacific,FUT,OK,"[{'id': 314, 'market': 'H', 'countryCode': 'US', 'network': 'NBCSCA', 'sequenceNumber': 393}, {'id': 652, 'market': 'A', 'countryCode': 'US', 'network': 'Prime Video', 'sequenceNumber': 117}, {'id': 388, 'market': 'A', 'countryCode': 'US', 'network': 'KONG', 'sequenceNumber': 654}]",/gamecenter/sea-vs-sjs/2026/11/21/2026020372,SAP Center at San Jose,55,Kraken,Seattle,Seattle,de Seattle,SEA,https://assets.nhle.com/logos/nhl/svg/SEA_light.svg,https://assets.nhle.com/logos/nhl/svg/SEA_dark.svg,False,,28,Sharks,San Jose,San Jose,de San Jose,SJS,https://assets.nhle.com/logos/nhl/svg/SJS_light.svg,https://assets.nhle.com/logos/nhl/svg/SJS_dark.svg,False,,1,REG,3,,,,,,,,,,,SAP Center en San Jose,SAP Center de San Jose,https://teal.sjsharks.com/trk/ibdqc,Rest Easy at San Jose Marriott,https://www.ticketmaster.com/event/1C0064E79AF79BD9?brand=sharks&artistid=806018&wt.mc_id=NHL_TEAM_SJS_SCHEDULE_GM13&utm_source=NHL.com&utm_medium=client&utm_campaign=NHL_TEAM_SJS&utm_content=SCHEDULE_GM13,https://www.ticketmaster.com/event/1C0064E79AF79BD9?brand=sharks&artistid=806018&wt.mc_id=NHL_TEAM_SJS_SCHEDULE_GM13&utm_source=NHL.com&utm_medium=client&utm_campaign=NHL_TEAM_SJS&utm_content=SCHEDULE_GM13,,https://d2igy0yla8zi0u.cloudfront.net/SEA/20262027/SEA-radio.m3u8,https://teal.sjsharks.com/trk/ftmqc,,https://d2igy0yla8zi0u.cloudfront.net/SJS/20262027/SJS-radio.m3u8,,,,,,,,,,,
20252026,20262027,,US/Pacific,2026020384,20262027,2,2026-11-23,False,2026-11-24T03:00:00Z,-05:00,-08:00,US/Pacific,FUT,OK,"[{'id': 282, 'market': 'N', 'countryCode': 'CA', 'network': 'SN', 'sequenceNumber': 107}, {'id': 283, 'market': 'N', 'countryCode': 'CA', 'network': 'SN360', 'sequenceNumber': 114}, {'id': 314, 'market': 'H', 'countryCode': 'US', 'network': 'NBCSCA', 'sequenceNumber': 393}, {'id': 648, 'market': 'A', 'countryCode': 'US', 'network': 'MINNHL', 'sequenceNumber': 1}, {'id': 758, 'market': 'A', 'countryCode': 'US', 'network': 'Wild+', 'sequenceNumber': 1}]",/gamecenter/min-vs-sjs/2026/11/23/2026020384,SAP Center at San Jose,30,Wild,Minnesota,Minnesota,du Minnesota,MIN,https://assets.nhle.com/logos/nhl/svg/MIN_light.svg,https://assets.nhle.com/logos/nhl/svg/MIN_dark.svg,False,,28,Sharks,San Jose,San Jose,de San Jose,SJS,https://assets.nhle.com/logos/nhl/svg/SJS_light.svg,https://assets.nhle.com/logos/nhl/svg/SJS_dark.svg,False,,1,REG,3,,,,,,,,,,,SAP Center en San Jose,SAP Center de San Jose,https://teal.sjsharks.com/trk/ibdqc,Rest Easy at San Jose Marriott,https://www.ticketmaster.com/event/1C0064E79AFD9BDE?brand=sharks&artistid=806018&wt.mc_id=NHL_TEAM_SJS_SCHEDULE_GM14&utm_source=NHL.com&utm_medium=client&utm_campaign=NHL_TEAM_SJS&utm_content=SCHEDULE_GM14,https://www.ticketmaster.com/event/1C0064E79AFD9BDE?brand=sharks&artistid=806018&wt.mc_id=NHL_TEAM_SJS_SCHEDULE_GM14&utm_source=NHL.com&utm_medium=client&utm_campaign=NHL_TEAM_SJS&utm_content=SCHEDULE_GM14,,https://d2igy0yla8zi0u.cloudfront.net/MIN/20262027/MIN-radio.m3u8,https://teal.sjsharks.com/trk/3tmqc,,https://d2igy0yla8zi0u.cloudfront.net/SJS/20262027/SJS-radio.m3u8,,,,,,,,,,,
20252026,20262027,,US/Pacific,2026020398,20262027,2,2026-11-25,False,2026-11-26T03:00:00Z,-05:00,-08:00,America/Los_Angeles,FUT,OK,"[{'id': 314, 'market': 'A', 'countryCode': 'US', 'network': 'NBCSCA', 'sequenceNumber': 393}, {'id': 652, 'market': 'H', 'countryCode': 'US', 'network': 'Prime Video', 'sequenceNumber': 117}, {'id': 219, 'market': 'H', 'countryCode': 'US', 'network': 'KCOP-13', 'sequenceNumber': 656}]",/gamecenter/sjs-vs-ana/2026/11/25/2026020398,Honda Center,28,Sharks,San Jose,San Jose,de San Jose,SJS,https://assets.nhle.com/logos/nhl/svg/SJS_light.svg,https://assets.nhle.com/logos/nhl/svg/SJS_dark.svg,False,,24,Ducks,Anaheim,Anaheim,d'Anaheim,ANA,https://assets.nhle.com/logos/nhl/svg/ANA_light.svg,https://assets.nhle.com/logos/nhl/svg/ANA_dark.svg,False,,1,REG,3,,,,,,,,,,,,,,,https://www.ticketmaster.com/event/090064EA301289B6?brand=ducks&artistid=805893&wt.mc_id=NHL_TEAM_ANA_SCHEDULE_GM12&utm_source=NHL.com&utm_medium=client&utm_campaign=NHL_TEAM_ANA&utm_content=SCHEDULE_GM12,https://www.ticketmaster.com/event/090064EA301289B6?brand=ducks&artistid=805893&wt.mc_id=NHL_TEAM_ANA_SCHEDULE_GM12&utm_source=NHL.com&utm_medium=client&utm_campaign=NHL_TEAM_ANA&utm_content=SCHEDULE_GM12,,https://d2igy0yla8zi0u.cloudfront.net/SJS/20262027/SJS-radio.m3u8,,,https://d2igy0yla8zi0u.cloudfront.net/ANA/20262027/ANA-radio.m3u8,,,,,,,,,,,
20252026,20262027,,US/Pacific,2026020410,20262027,2,2026-11-27,False,2026-11-27T21:00:00Z,-05:00,-08:00,US/Pacific,FUT,OK,"[{'id': 282, 'market': 'N', 'countryCode': 'CA', 'network': 'SN', 'sequenceNumber': 21}, {'id': 314, 'market': 'H', 'countryCode': 'US', 'network': 'NBCSCA', 'sequenceNumber': 393}, {'id': 521, 'market': 'A', 'countryCode': 'US', 'network': 'SCRIPPS', 'sequenceNumber': 657}]",/gamecenter/vgk-vs-sjs/2026/11/27/2026020410,SAP Center at San Jose,54,Golden Knights,Vegas,Vegas,de Vegas,VGK,https://assets.nhle.com/logos/nhl/svg/VGK_light.svg,https://assets.nhle.com/logos/nhl/svg/VGK_dark.svg,False,,28,Sharks,San Jose,San Jose,de San Jose,SJS,https://assets.nhle.com/logos/nhl/svg/SJS_light.svg,https://assets.nhle.com/logos/nhl/svg/SJS_dark.svg,False,,1,REG,3,,,,,,,,,,,SAP Center en San Jose,SAP Center de San Jose,https://teal.sjsharks.com/trk/ibdqc,Rest Easy at San Jose Marriott,https://www.ticketmaster.com/event/1C0064E79B039BF3?brand=sharks&artistid=806018&wt.mc_id=NHL_TEAM_SJS_SCHEDULE_GM15&utm_source=NHL.com&utm_medium=client&utm_campaign=NHL_TEAM_SJS&utm_content=SCHEDULE_GM15,https://www.ticketmaster.com/event/1C0064E79B039BF3?brand=sharks&artistid=806018&wt.mc_id=NHL_TEAM_SJS_SCHEDULE_GM15&utm_source=NHL.com&utm_medium=client&utm_campaign=NHL_TEAM_SJS&utm_content=SCHEDULE_GM15,,https://d2igy0yla8zi0u.cloudfront.net/VGK/20262027/VGK-radio.m3u8,https://teal.sjsharks.com/trk/oumqc,Youth Hockey Appreciation,https://d2igy0yla8zi0u.cloudfront.net/SJS/20262027/SJS-radio.m3u8,,,,,,,,,,,
20252026,20262027,,US/Pacific,2026020425,20262027,2,2026-11-28,False,2026-11-29T02:00:00Z,-05:00,-07:00,America/Denver,FUT,OK,"[{'id': 314, 'market': 'A', 'countryCode': 'US', 'network': 'NBCSCA', 'sequenceNumber': 393}, {'id': 2, 'market': 'H', 'countryCode': 'US', 'network': 'ALT', 'sequenceNumber': 385}]",/gamecenter/sjs-vs-col/2026/11/28/2026020425,Ball Arena,28,Sharks,San Jose,San Jose,de San Jose,SJS,https://assets.nhle.com/logos/nhl/svg/SJS_light.svg,https://assets.nhle.com/logos/nhl/svg/SJS_dark.svg,False,,21,Avalanche,Colorado,Colorado,du Colorado,COL,https://assets.nhle.com/logos/nhl/svg/COL_light.svg,https://assets.nhle.com/logos/nhl/svg/COL_dark.svg,False,,1,REG,3,,,,,,,,,,,,,,,https://avs.social/2627_SCHEDULE_GM13,https://avs.social/2627_SCHEDULE_GM13,,https://d2igy0yla8zi0u.cloudfront.net/SJS/20262027/SJS-radio.m3u8,https://avalanchepremium.com/events/Colorado-Avalanche-vs-San-Jose-Sharks-125248/,Premium Spaces,https://d2igy0yla8zi0u.cloudfront.net/COL/20262027/COL-radio.m3u8,,,,,,,,,,,
20252026,20262027,,US/Pacific,2026020437,20262027,2,2026-12-01,False,2026-12-02T00:30:00Z,-05:00,-05:00,US/Eastern,FUT,OK,"[{'id': 329, 'market': 'N', 'countryCode': 'US', 'network': 'ESPN+', 'sequenceNumber': 16}, {'id': 391, 'market': 'N', 'countryCode': 'US', 'network': 'HULU', 'sequenceNumber': 17}, {'id': 574, 'market': 'N', 'countryCode': 'US', 'network': 'Disney+', 'sequenceNumber': 21}, {'id': 549, 'market': 'N', 'countryCode': 'CA', 'network': 'SN+', 'sequenceNumber': 117}]",/gamecenter/sjs-vs-njd/2026/12/01/2026020437,Prudential Center,28,Sharks,San Jose,San Jose,de San Jose,SJS,https://assets.nhle.com/logos/nhl/svg/SJS_light.svg,https://assets.nhle.com/logos/nhl/svg/SJS_dark.svg,False,,1,Devils,New Jersey,New Jersey,du New Jersey,NJD,https://assets.nhle.com/logos/nhl/svg/NJD_light.svg,https://assets.nhle.com/logos/nhl/svg/NJD_dark.svg,False,,1,REG,3,,,,,,,,,,,,,,,https://www.ticketmaster.com/event/020064F091DA9CF8?brand=devils&artistid=805982&wt.mc_id=NHL_TEAM_NJD_SCHEDULE_GM16&camefrom=CFC_DEVILS_NHL_TEAM_NJD_SCHEDULE_GM16,https://www.ticketmaster.com/event/020064F091DA9CF8?brand=devils&artistid=805982&wt.mc_id=NHL_TEAM_NJD_SCHEDULE_GM16&camefrom=CFC_DEVILS_NHL_TEAM_NJD_SCHEDULE_GM16,,https://d2igy0yla8zi0u.cloudfront.net/SJS/20262027/SJS-radio.m3u8,https://www.nhl.com/devils/tickets/theme-nights#sjs-njd-2026-12-01,Jewish Community Night,https://d2igy0yla8zi0u.cloudfront.net/NJD/20262027/NJD-radio.m3u8,,,,,,,,,,,
20252026,20262027,,US/Pacific,2026020451,20262027,2,2026-12-03,False,2026-12-04T00:00:00Z,-05:00,-05:00,America/New_York,FUT,OK,"[{'id': 314, 'market': 'A', 'countryCode': 'US', 'network': 'NBCSCA', 'sequenceNumber': 393}, {'id': 27, 'market': 'H', 'countryCode': 'US', 'network': 'MSG', 'sequenceNumber': 417}]",/gamecenter/sjs-vs-nyr/2026/12/03/2026020451,Madison Square Garden,28,Sharks,San Jose,San Jose,de San Jose,SJS,https://assets.nhle.com/logos/nhl/svg/SJS_light.svg,https://assets.nhle.com/logos/nhl/svg/SJS_dark.svg,False,,3,Rangers,New York,New York,de New York,NYR,https://assets.nhle.com/logos/nhl/svg/NYR_light.svg,https://assets.nhle.com/logos/nhl/svg/NYR_dark.svg,False,,1,REG,3,,,,,,,,,,,,,,,https://www.ticketmaster.com/event/3B0064F1B1DE4464?brand=nyrangers&artistid=805991&landing=s&wt.mc_id=NHL_TEAM_NYR_SCHEDULE_GM15&utm_source=NHL.com&utm_medium=client&utm_campaign=NHL_TEAM_NYR&utm_content=SCHEDULE_GM15&CAMEFROM=CFC_RANGERS_WEB_NYR_SCHED_260803,https://www.ticketmaster.com/event/3B0064F1B1DE4464?brand=nyrangers&artistid=805991&landing=s&wt.mc_id=NHL_TEAM_NYR_SCHEDULE_GM15&utm_source=NHL.com&utm_medium=client&utm_campaign=NHL_TEAM_NYR&utm_content=SCHEDULE_GM15&CAMEFROM=CFC_RANGERS_WEB_NYR_SCHED_260803,,https://d2igy0yla8zi0u.cloudfront.net/SJS/20262027/SJS-radio.m3u8,,,https://d2igy0yla8zi0u.cloudfront.net/NYR/20262027/NYR-radio.m3u8,,,,,,,,,,,
20252026,20262027,,US/Pacific,2026020460,20262027,2,2026-12-04,False,2026-12-05T00:00:00Z,-05:00,-05:00,America/New_York,FUT,OK,"[{'id': 281, 'market': 'N', 'countryCode': 'CA', 'network': 'TVAS', 'sequenceNumber': 120}, {'id': 314, 'market': 'A', 'countryCode': 'US', 'network': 'NBCSCA', 'sequenceNumber': 393}, {'id': 409, 'market': 'H', 'countryCode': 'US', 'network': 'MSGSN', 'sequenceNumber': 411}]",/gamecenter/sjs-vs-nyi/2026/12/04/2026020460,UBS Arena,28,Sharks,San Jose,San Jose,de San Jose,SJS,https://assets.nhle.com/logos/nhl/svg/SJS_light.svg,https://assets.nhle.com/logos/nhl/svg/SJS_dark.svg,False,,2,Islanders,New York,New York,de New York,NYI,https://assets.nhle.com/logos/nhl/svg/NYI_light.svg,https://assets.nhle.com/logos/nhl/svg/NYI_dark.svg,False,,1,REG,3,,,,,,,,,,,,,,,https://www.ticketmaster.com/event/300064E2D2926205?brand=nyislanders&artistid=805986&wt.mc_id=NHL_TEAM_NYI_SCHEDULE_GM15&utm_source=nyi_website&utm_medium=schedulepage&utm_campaign=NHL_TEAM_NYI&utm_content=SCHEDULE_GM15,https://www.ticketmaster.com/event/300064E2D2926205?brand=nyislanders&artistid=805986&wt.mc_id=NHL_TEAM_NYI_SCHEDULE_GM15&utm_source=nyi_website&utm_medium=schedulepage&utm_campaign=NHL_TEAM_NYI&utm_content=SCHEDULE_GM15,,https://d2igy0yla8zi0u.cloudfront.net/SJS/20262027/SJS-radio.m3u8,,,https://d2igy0yla8zi0u.cloudfront.net/NYI/20262027/NYI-radio.m3u8,,,,,,,,,,,
20252026,20262027,,US/Pacific,2026020476,20262027,2,2026-12-06,False,2026-12-06T20:00:00Z,-05:00,-05:00,US/Eastern,FUT,OK,"[{'id': 283, 'market': 'N', 'countryCode': 'CA', 'network': 'SN360', 'sequenceNumber': 114}, {'id': 281, 'market': 'N', 'countryCode': 'CA', 'network': 'TVAS', 'sequenceNumber': 120}, {'id': 314, 'market': 'A', 'countryCode': 'US', 'network': 'NBCSCA', 'sequenceNumber': 393}, {'id': 528, 'market': 'H', 'countryCode': 'US', 'network': 'SN-PIT', 'sequenceNumber': 384}]",/gamecenter/sjs-vs-pit/2026/12/06/2026020476,PPG Paints Arena,28,Sharks,San Jose,San Jose,de San Jose,SJS,https://assets.nhle.com/logos/nhl/svg/SJS_light.svg,https://assets.nhle.com/logos/nhl/svg/SJS_dark.svg,False,,5,Penguins,Pittsburgh,Pittsburgh,de Pittsburgh,PIT,https://assets.nhle.com/logos/nhl/svg/PIT_light.svg,https://assets.nhle.com/logos/nhl/svg/PIT_dark.svg,False,,1,REG,3,,,,,,,,,,,,,,,https://www.ticketmaster.com/event/160064EAF5B1B8FF?brand=penguins&artistid=806005&wt.mc_id=NHL_TEAM_PIT_SCHEDULE_GM15&utm_source=NHL.com&utm_medium=client&utm_campaign=NHL_TEAM_PIT&utm_content=SCHEDULE_GM15&camefrom=NHLPENGUINS_WEB_SCHEDULE,https://www.ticketmaster.com/event/160064EAF5B1B8FF?brand=penguins&artistid=806005&wt.mc_id=NHL_TEAM_PIT_SCHEDULE_GM15&utm_source=NHL.com&utm_medium=client&utm_campaign=NHL_TEAM_PIT&utm_content=SCHEDULE_GM15&camefrom=NHLPENGUINS_WEB_SCHEDULE,,https://d2igy0yla8zi0u.cloudfront.net/SJS/20262027/SJS-radio.m3u8,,,https://d2igy0yla8zi0u.cloudfront.net/PIT/20262027/PIT-radio.m3u8,,,,,,,,,,,
20252026,20262027,,US/Pacific,2026020495,20262027,2,2026-12-08,False,2026-12-09T03:00:00Z,-05:00,-08:00,US/Pacific,FUT,OK,"[{'id': 282, 'market': 'N', 'countryCode': 'CA', 'network': 'SN', 'sequenceNumber': 21}, {'id': 314, 'market': 'H', 'countryCode': 'US', 'network': 'NBCSCA', 'sequenceNumber': 393}, {'id': 652, 'market': 'A', 'countryCode': 'US', 'network': 'Prime Video', 'sequenceNumber': 117}, {'id': 388, 'market': 'A', 'countryCode': 'US', 'network': 'KONG', 'sequenceNumber': 654}]",/gamecenter/sea-vs-sjs/2026/12/08/2026020495,SAP Center at San Jose,55,Kraken,Seattle,Seattle,de Seattle,SEA,https://assets.nhle.com/logos/nhl/svg/SEA_light.svg,https://assets.nhle.com/logos/nhl/svg/SEA_dark.svg,False,,28,Sharks,San Jose,San Jose,de San Jose,SJS,https://assets.nhle.com/logos/nhl/svg/SJS_light.svg,https://assets.nhle.com/logos/nhl/svg/SJS_dark.svg,False,,1,REG,3,,,,,,,,,,,SAP Center en San Jose,SAP Center de San Jose,https://teal.sjsharks.com/trk/ibdqc,Rest Easy at San Jose Marriott,https://www.ticketmaster.com/event/1C0064E79B0A9C09?brand=sharks&artistid=806018&wt.mc_id=NHL_TEAM_SJS_SCHEDULE_GM16&utm_source=NHL.com&utm_medium=client&utm_campaign=NHL_TEAM_SJS&utm_content=SCHEDULE_GM16,https://www.ticketmaster.com/event/1C0064E79B0A9C09?brand=sharks&artistid=806018&wt.mc_id=NHL_TEAM_SJS_SCHEDULE_GM16&utm_source=NHL.com&utm_medium=client&utm_campaign=NHL_TEAM_SJS&utm_content=SCHEDULE_GM16,,https://d2igy0yla8zi0u.cloudfront.net/SEA/20262027/SEA-radio.m3u8,https://teal.sjsharks.com/trk/Nymqc,,https://d2igy0yla8zi0u.cloudfront.net/SJS/20262027/SJS-radio.m3u8,,,,,,,,,,,
20252026,20262027,,US/Pacific,2026020498,20262027,2,2026-12-09,False,2026-12-10T02:30:00Z,-05:00,-08:00,America/Los_Angeles,FUT,OK,"[{'id': 385, 'market': 'N', 'countryCode': 'US', 'network': 'TNT', 'sequenceNumber': 11}, {'id': 501, 'market': 'N', 'countryCode': 'US', 'network': 'truTV', 'sequenceNumber': 14}, {'id': 578, 'market': 'N', 'countryCode': 'US', 'network': 'HBO MAX', 'sequenceNumber': 19}]",/gamecenter/sjs-vs-lak/2026/12/09/2026020498,Crypto.com Arena,28,Sharks,San Jose,San Jose,de San Jose,SJS,https://assets.nhle.com/logos/nhl/svg/SJS_light.svg,https://assets.nhle.com/logos/nhl/svg/SJS_dark.svg,False,,26,Kings,Los Angeles,Los Angeles,de Los Angeles,LAK,https://assets.nhle.com/logos/nhl/svg/LAK_light.svg,https://assets.nhle.com/logos/nhl/svg/LAK_dark.svg,False,,1,REG,3,,,,,,,,,,,,,,,https://www.nhl.com/kings/tickets/single-game-tickets,https://www.nhl.com/kings/tickets/single-game-tickets,,https://d2igy0yla8zi0u.cloudfront.net/SJS/20262027/SJS-radio.m3u8,https://tix.axs.com/hIZzMgAAAABPcrOTAgAAAACL%2fv%2f%2f%2fwD%2f%2f%2f%2f%2fB2xha2luZ3MA%2f%2f%2f%2f%2f%2f%2f%2f%2f%2f8%3d?locale=en-US,Marvel Night,https://d2igy0yla8zi0u.cloudfront.net/LAK/20262027/LAK-radio.m3u8,,,,,,,,,,,
20252026,20262027,,US/Pacific,2026020513,20262027,2,2026-12-11,False,2026-12-12T03:00:00Z,-05:00,-08:00,US/Pacific,FUT,OK,"[{'id': 282, 'market': 'N', 'countryCode': 'CA', 'network': 'SN', 'sequenceNumber': 107}, {'id': 314, 'market': 'H', 'countryCode': 'US', 'network': 'NBCSCA', 'sequenceNumber': 393}, {'id': 651, 'market': 'A', 'countryCode': 'US', 'network': 'ABTV ', 'sequenceNumber': 1}]",/gamecenter/lak-vs-sjs/2026/12/11/2026020513,SAP Center at San Jose,26,Kings,Los Angeles,Los Angeles,de Los Angeles,LAK,https://assets.nhle.com/logos/nhl/svg/LAK_light.svg,https://assets.nhle.com/logos/nhl/svg/LAK_dark.svg,False,,28,Sharks,San Jose,San Jose,de San Jose,SJS,https://assets.nhle.com/logos/nhl/svg/SJS_light.svg,https://assets.nhle.com/logos/nhl/svg/SJS_dark.svg,False,,1,REG,3,,,,,,,,,,,SAP Center en San Jose,SAP Center de San Jose,https://teal.sjsharks.com/trk/ibdqc,Rest Easy at San Jose Marriott,https://www.ticketmaster.com/event/1C0064E79B109C23?brand=sharks&artistid=806018&wt.mc_id=NHL_TEAM_SJS_SCHEDULE_GM17&utm_source=NHL.com&utm_medium=client&utm_campaign=NHL_TEAM_SJS&utm_content=SCHEDULE_GM17,https://www.ticketmaster.com/event/1C0064E79B109C23?brand=sharks&artistid=806018&wt.mc_id=NHL_TEAM_SJS_SCHEDULE_GM17&utm_source=NHL.com&utm_medium=client&utm_campaign=NHL_TEAM_SJS&utm_content=SCHEDULE_GM17,,https://d2igy0yla8zi0u.cloudfront.net/LAK/20262027/LAK-radio.m3u8,https://teal.sjsharks.com/trk/aAmqc,Healthcare Heroes,https://d2igy0yla8zi0u.cloudfront.net/SJS/20262027/SJS-radio.m3u8,,,,,,,,,,,
20252026,20262027,,US/Pacific,2026020535,20262027,2,2026-12-14,False,2026-12-15T03:00:00Z,-05:00,-08:00,US/Pacific,FUT,OK,"[{'id': 549, 'market': 'N', 'countryCode': 'CA', 'network': 'SN+', 'sequenceNumber': 117}, {'id': 314, 'market': 'H', 'countryCode': 'US', 'network': 'NBCSCA', 'sequenceNumber': 393}]",/gamecenter/van-vs-sjs/2026/12/14/2026020535,SAP Center at San Jose,23,Canucks,Vancouver,Vancouver,de Vancouver,VAN,https://assets.nhle.com/logos/nhl/svg/VAN_light.svg,https://assets.nhle.com/logos/nhl/svg/VAN_dark.svg,False,,28,Sharks,San Jose,San Jose,de San Jose,SJS,https://assets.nhle.com/logos/nhl/svg/SJS_light.svg,https://assets.nhle.com/logos/nhl/svg/SJS_dark.svg,False,,1,REG,3,,,,,,,,,,,SAP Center en San Jose,SAP Center de San Jose,https://teal.sjsharks.com/trk/ibdqc,Rest Easy at San Jose Marriott,https://www.ticketmaster.com/event/1C0064E79B169C3B?brand=sharks&artistid=806018&wt.mc_id=NHL_TEAM_SJS_SCHEDULE_GM18&utm_source=NHL.com&utm_medium=client&utm_campaign=NHL_TEAM_SJS&utm_content=SCHEDULE_GM18,https://www.ticketmaster.com/event/1C0064E79B169C3B?brand=sharks&artistid=806018&wt.mc_id=NHL_TEAM_SJS_SCHEDULE_GM18&utm_source=NHL.com&utm_medium=client&utm_campaign=NHL_TEAM_SJS&utm_content=SCHEDULE_GM18,,https://d2igy0yla8zi0u.cloudfront.net/VAN/20262027/VAN-radio.m3u8,https://teal.sjsharks.com/trk/yAmqc,,https://d2igy0yla8zi0u.cloudfront.net/SJS/20262027/SJS-radio.m3u8,,,https://www.aircanada.com/?utm_source=canuckscom&utm_medium=calendar,Book with Air Canada,,,,,,,
20252026,20262027,,US/Pacific,2026020550,20262027,2,2026-12-16,False,2026-12-17T03:00:00Z,-05:00,-08:00,US/Pacific,FUT,OK,"[{'id': 385, 'market': 'N', 'countryCode': 'US', 'network': 'TNT', 'sequenceNumber': 11}, {'id': 501, 'market': 'N', 'countryCode': 'US', 'network': 'truTV', 'sequenceNumber': 14}, {'id': 578, 'market': 'N', 'countryCode': 'US', 'network': 'HBO MAX', 'sequenceNumber': 19}]",/gamecenter/sjs-vs-vgk/2026/12/16/2026020550,T-Mobile Arena,28,Sharks,San Jose,San Jose,de San Jose,SJS,https://assets.nhle.com/logos/nhl/svg/SJS_light.svg,https://assets.nhle.com/logos/nhl/svg/SJS_dark.svg,False,,54,Golden Knights,Vegas,Vegas,de Vegas,VGK,https://assets.nhle.com/logos/nhl/svg/VGK_light.svg,https://assets.nhle.com/logos/nhl/svg/VGK_dark.svg,False,,1,REG,3,,,,,,,,,,,,,,,https://tix.axs.com/c8egKQAAAACPTeDuAgAAAABc%2fv%2f%2f%2fwD%2f%2f%2f%2f%2fEnZlZ2FzZ29sZGVua25pZ2h0cwD%2f%2f%2f%2f%2f%2f%2f%2f%2f%2fw%3d%3d,https://tix.axs.com/c8egKQAAAACPTeDuAgAAAABc%2fv%2f%2f%2fwD%2f%2f%2f%2f%2fEnZlZ2FzZ29sZGVua25pZ2h0cwD%2f%2f%2f%2f%2f%2f%2f%2f%2f%2fw%3d%3d,,https://d2igy0yla8zi0u.cloudfront.net/SJS/20262027/SJS-radio.m3u8,,,https://d2igy0yla8zi0u.cloudfront.net/VGK/20262027/VGK-radio.m3u8,,,,,,,,,,,
20252026,20262027,,US/Pacific,2026020575,20262027,2,2026-12-19,False,2026-12-20T03:00:00Z,-05:00,-07:00,America/Vancouver,FUT,OK,"[{'id': 282, 'market': 'N', 'countryCode': 'CA', 'network': 'SN', 'sequenceNumber': 107}, {'id': 314, 'market': 'A', 'countryCode': 'US', 'network': 'NBCSCA', 'sequenceNumber': 393}]",/gamecenter/sjs-vs-van/2026/12/19/2026020575,Rogers Arena,28,Sharks,San Jose,San Jose,de San Jose,SJS,https://assets.nhle.com/logos/nhl/svg/SJS_light.svg,https://assets.nhle.com/logos/nhl/svg/SJS_dark.svg,False,,23,Canucks,Vancouver,Vancouver,de Vancouver,VAN,https://assets.nhle.com/logos/nhl/svg/VAN_light.svg,https://assets.nhle.com/logos/nhl/svg/VAN_dark.svg,False,,1,REG,3,,,,,,,,,,,,,,,https://www.ticketmaster.ca/event/11006503F0D4BBE7?brand=canucks&artistid=806037&wt.mc_id=NHL_TEAM_VAN_SCHEDULE_GM17&utm_source=NHL.com&utm_medium=client_PM&utm_campaign=NHL_TEAM_VAN&utm_content=SCHEDULE_GM17,https://www.ticketmaster.ca/event/11006503F0D4BBE7?brand=canucks&artistid=806037&wt.mc_id=NHL_TEAM_VAN_SCHEDULE_GM17&utm_source=NHL.com&utm_medium=client_PM&utm_campaign=NHL_TEAM_VAN&utm_content=SCHEDULE_GM17,,https://d2igy0yla8zi0u.cloudfront.net/SJS/20262027/SJS-radio.m3u8,,,https://d2igy0yla8zi0u.cloudfront.net/VAN/20262027/VAN-radio.m3u8,,,,,,,,,,,
20252026,20262027,,US/Pacific,2026020599,20262027,2,2026-12-22,False,2026-12-23T02:40:00Z,-05:00,-08:00,US/Pacific,FUT,OK,"[{'id': 282, 'market': 'N', 'countryCode': 'CA', 'network': 'SN', 'sequenceNumber': 21}, {'id': 283, 'market': 'N', 'countryCode': 'CA', 'network': 'SN360', 'sequenceNumber': 114}, {'id': 314, 'market': 'A', 'countryCode': 'US', 'network': 'NBCSCA', 'sequenceNumber': 393}, {'id': 652, 'market': 'H', 'countryCode': 'US', 'network': 'Prime Video', 'sequenceNumber': 117}, {'id': 388, 'market': 'H', 'countryCode': 'US', 'network': 'KONG', 'sequenceNumber': 654}]",/gamecenter/sjs-vs-sea/2026/12/22/2026020599,Climate Pledge Arena,28,Sharks,San Jose,San Jose,de San Jose,SJS,https://assets.nhle.com/logos/nhl/svg/SJS_light.svg,https://assets.nhle.com/logos/nhl/svg/SJS_dark.svg,False,,55,Kraken,Seattle,Seattle,de Seattle,SEA,https://assets.nhle.com/logos/nhl/svg/SEA_light.svg,https://assets.nhle.com/logos/nhl/svg/SEA_dark.svg,False,,1,REG,3,,,,,,,,,,,,,https://stayinglevel.com/offers/seattle-climate-pledge-arena-fans/,Stay close to the action at Level,https://www.ticketmaster.com/event/0F0064C4A099A2F2?brand=seattlekraken&artistid=2763657&wt.mc_id=NHL_TEAM_SEA_SCHEDULE_GM18&utm_source=NHL.com&utm_medium=client&utm_campaign=NHL_TEAM_SEA&utm_content=SCHEDULE_GM18,https://www.ticketmaster.com/event/0F0064C4A099A2F2?brand=seattlekraken&artistid=2763657&wt.mc_id=NHL_TEAM_SEA_SCHEDULE_GM18&utm_source=NHL.com&utm_medium=client&utm_campaign=NHL_TEAM_SEA&utm_content=SCHEDULE_GM18,,https://d2igy0yla8zi0u.cloudfront.net/SJS/20262027/SJS-radio.m3u8,,,https://d2igy0yla8zi0u.cloudfront.net/SEA/20262027/SEA-radio.m3u8,,,,,,,,,,,
20252026,20262027,,US/Pacific,2026020611,20262027,2,2026-12-26,False,2026-12-27T03:00:00Z,-05:00,-08:00,US/Pacific,FUT,OK,"[{'id': 291, 'market': 'N', 'countryCode': 'CA', 'network': 'TVAS2', 'sequenceNumber': 121}, {'id': 314, 'market': 'H', 'countryCode': 'US', 'network': 'NBCSCA', 'sequenceNumber': 393}, {'id': 521, 'market': 'A', 'countryCode': 'US', 'network': 'SCRIPPS', 'sequenceNumber': 657}]",/gamecenter/vgk-vs-sjs/2026/12/26/2026020611,SAP Center at San Jose,54,Golden Knights,Vegas,Vegas,de Vegas,VGK,https://assets.nhle.com/logos/nhl/svg/VGK_light.svg,https://assets.nhle.com/logos/nhl/svg/VGK_dark.svg,False,,28,Sharks,San Jose,San Jose,de San Jose,SJS,https://assets.nhle.com/logos/nhl/svg/SJS_light.svg,https://assets.nhle.com/logos/nhl/svg/SJS_dark.svg,False,,1,REG,3,,,,,,,,,,,SAP Center en San Jose,SAP Center de San Jose,https://teal.sjsharks.com/trk/ibdqc,Rest Easy at San Jose Marriott,https://www.ticketmaster.com/event/1C0064E79B1C9C4D?brand=sharks&artistid=806018&wt.mc_id=NHL_TEAM_SJS_SCHEDULE_GM19&utm_source=NHL.com&utm_medium=client&utm_campaign=NHL_TEAM_SJS&utm_content=SCHEDULE_GM19,https://www.ticketmaster.com/event/1C0064E79B1C9C4D?brand=sharks&artistid=806018&wt.mc_id=NHL_TEAM_SJS_SCHEDULE_GM19&utm_source=NHL.com&utm_medium=client&utm_campaign=NHL_TEAM_SJS&utm_content=SCHEDULE_GM19,,https://d2igy0yla8zi0u.cloudfront.net/VGK/20262027/VGK-radio.m3u8,https://teal.sjsharks.com/trk/WBmqc,,https://d2igy0yla8zi0u.cloudfront.net/SJS/20262027/SJS-radio.m3u8,,,,,,,,,,,
20252026,20262027,,US/Pacific,2026020624,20262027,2,2026-12-28,False,2026-12-29T00:30:00Z,-05:00,-06:00,America/Winnipeg,FUT,OK,"[{'id': 549, 'market': 'N', 'countryCode': 'CA', 'network': 'SN+', 'sequenceNumber': 117}, {'id': 314, 'market': 'A', 'countryCode': 'US', 'network': 'NBCSCA', 'sequenceNumber': 393}]",/gamecenter/sjs-vs-wpg/2026/12/28/2026020624,Canada Life Centre,28,Sharks,San Jose,San Jose,de San Jose,SJS,https://assets.nhle.com/logos/nhl/svg/SJS_light.svg,https://assets.nhle.com/logos/nhl/svg/SJS_dark.svg,False,,52,Jets,Winnipeg,Winnipeg,de Winnipeg,WPG,https://assets.nhle.com/logos/nhl/svg/WPG_light.svg,https://assets.nhle.com/logos/nhl/svg/WPG_dark.svg,False,,1,REG,3,,,,,,,,,,,,,,,https://www.ticketmaster.ca/event/11006505C57FA21D?brand=winnipegjets&artistid=1613893&wt.mc_id=NHL_TEAM_WPG_SCHEDULE_GM19&utm_source=NHL.com&utm_medium=client_PM&utm_campaign=NHL_TEAM_WPG&utm_content=SCHEDULE_GM19,https://www.ticketmaster.ca/event/11006505C57FA21D?brand=winnipegjets&artistid=1613893&wt.mc_id=NHL_TEAM_WPG_SCHEDULE_GM19&utm_source=NHL.com&utm_medium=client_PM&utm_campaign=NHL_TEAM_WPG&utm_content=SCHEDULE_GM19,,https://d2igy0yla8zi0u.cloudfront.net/SJS/20262027/SJS-radio.m3u8,,,https://d2igy0yla8zi0u.cloudfront.net/WPG/20262027/WPG-radio.m3u8,,,,,,,,,,,
20252026,20262027,,US/Pacific,2026020632,20262027,2,2026-12-29,False,2026-12-30T01:00:00Z,-05:00,-07:00,America/Edmonton,FUT,OK,"[{'id': 289, 'market': 'N', 'countryCode': 'CA', 'network': 'SNW', 'sequenceNumber': 34}, {'id': 314, 'market': 'A', 'countryCode': 'US', 'network': 'NBCSCA', 'sequenceNumber': 393}]",/gamecenter/sjs-vs-cgy/2026/12/29/2026020632,Scotiabank Saddledome,28,Sharks,San Jose,San Jose,de San Jose,SJS,https://assets.nhle.com/logos/nhl/svg/SJS_light.svg,https://assets.nhle.com/logos/nhl/svg/SJS_dark.svg,False,,20,Flames,Calgary,Calgary,de Calgary,CGY,https://assets.nhle.com/logos/nhl/svg/CGY_light.svg,https://assets.nhle.com/logos/nhl/svg/CGY_dark.svg,False,,1,REG,3,,,,,,,,,,,,,,,https://www.ticketmaster.ca/event/110064FCB28865AE?brand=calgaryflames&artistid=805907&wt.mc_id=NHL_TEAM_CGY_SCHEDULE_GM18&utm_source=NHL.com&utm_medium=client_PM&utm_campaign=NHL_TEAM_CGY&utm_content=SCHEDULE_GM18,https://www.ticketmaster.ca/event/110064FCB28865AE?brand=calgaryflames&artistid=805907&wt.mc_id=NHL_TEAM_CGY_SCHEDULE_GM18&utm_source=NHL.com&utm_medium=client_PM&utm_campaign=NHL_TEAM_CGY&utm_content=SCHEDULE_GM18,,https://d2igy0yla8zi0u.cloudfront.net/SJS/20262027/SJS-radio.m3u8,,,https://d2igy0yla8zi0u.cloudfront.net/CGY/20262027/CGY-radio.m3u8,,,,,,,,,,,
20252026,20262027,,US/Pacific,2026020653,20262027,2,2027-01-01,False,2027-01-01T21:00:00Z,-05:00,-08:00,US/Pacific,FUT,OK,"[{'id': 314, 'market': 'H', 'countryCode': 'US', 'network': 'NBCSCA', 'sequenceNumber': 393}, {'id': 322, 'market': 'A', 'countryCode': 'US', 'network': 'NBCSP', 'sequenceNumber': 389}]",/gamecenter/phi-vs-sjs/2027/01/01/2026020653,SAP Center at San Jose,4,Flyers,Philadelphia,Philadelphia,de Philadelphie,PHI,https://assets.nhle.com/logos/nhl/svg/PHI_light.svg,https://assets.nhle.com/logos/nhl/svg/PHI_dark.svg,False,,28,Sharks,San Jose,San Jose,de San Jose,SJS,https://assets.nhle.com/logos/nhl/svg/SJS_light.svg,https://assets.nhle.com/logos/nhl/svg/SJS_dark.svg,False,,1,REG,3,,,,,,,,,,,SAP Center en San Jose,SAP Center de San Jose,https://teal.sjsharks.com/trk/ibdqc,Rest Easy at San Jose Marriott,https://www.ticketmaster.com/event/1C0064E79B229C58?brand=sharks&artistid=806018&wt.mc_id=NHL_TEAM_SJS_SCHEDULE_GM20&utm_source=NHL.com&utm_medium=client&utm_campaign=NHL_TEAM_SJS&utm_content=SCHEDULE_GM20,https://www.ticketmaster.com/event/1C0064E79B229C58?brand=sharks&artistid=806018&wt.mc_id=NHL_TEAM_SJS_SCHEDULE_GM20&utm_source=NHL.com&utm_medium=client&utm_campaign=NHL_TEAM_SJS&utm_content=SCHEDULE_GM20,Philadelphie,https://d2igy0yla8zi0u.cloudfront.net/PHI/20262027/PHI-radio.m3u8,https://teal.sjsharks.com/trk/nFmqc,New Years Day,https://d2igy0yla8zi0u.cloudfront.net/SJS/20262027/SJS-radio.m3u8,,,,,,,,,,,
20252026,20262027,,US/Pacific,2026020663,20262027,2,2027-01-02,False,2027-01-03T00:00:00Z,-05:00,-08:00,US/Pacific,FUT,OK,"[{'id': 282, 'market': 'N', 'countryCode': 'CA', 'network': 'SN', 'sequenceNumber': 21}, {'id': 314, 'market': 'H', 'countryCode': 'US', 'network': 'NBCSCA', 'sequenceNumber': 393}]",/gamecenter/tor-vs-sjs/2027/01/02/2026020663,SAP Center at San Jose,10,Maple Leafs,Toronto,Toronto,de Toronto,TOR,https://assets.nhle.com/logos/nhl/svg/TOR_light.svg,https://assets.nhle.com/logos/nhl/svg/TOR_dark.svg,False,,28,Sharks,San Jose,San Jose,de San Jose,SJS,https://assets.nhle.com/logos/nhl/svg/SJS_light.svg,https://assets.nhle.com/logos/nhl/svg/SJS_dark.svg,False,,1,REG,3,,,,,,,,,,,SAP Center en San Jose,SAP Center de San Jose,https://teal.sjsharks.com/trk/ibdqc,Rest Easy at San Jose Marriott,https://www.ticketmaster.com/event/1C0064E79B289C68?brand=sharks&artistid=806018&wt.mc_id=NHL_TEAM_SJS_SCHEDULE_GM21&utm_source=NHL.com&utm_medium=client&utm_campaign=NHL_TEAM_SJS&utm_content=SCHEDULE_GM21,https://www.ticketmaster.com/event/1C0064E79B289C68?brand=sharks&artistid=806018&wt.mc_id=NHL_TEAM_SJS_SCHEDULE_GM21&utm_source=NHL.com&utm_medium=client&utm_campaign=NHL_TEAM_SJS&utm_content=SCHEDULE_GM21,,https://d2igy0yla8zi0u.cloudfront.net/TOR/20262027/TOR-radio.m3u8,https://teal.sjsharks.com/trk/oFmqc,Next Gen,https://d2igy0yla8zi0u.cloudfront.net/SJS/20262027/SJS-radio.m3u8,,,,,"https://marriott.com/search/findHotels.mi?destinationAddress.destination=SAP+CENTER,+SAN+JOSE,+CALIFORNIA,+USA&cid=DIS_GLB000791Q_GLE000HJ7H_GLF0017UWI",Book Now,,,,,
20252026,20262027,,US/Pacific,2026020680,20262027,2,2027-01-04,False,2027-01-05T03:00:00Z,-05:00,-08:00,US/Pacific,FUT,OK,"[{'id': 549, 'market': 'N', 'countryCode': 'CA', 'network': 'SN+', 'sequenceNumber': 117}, {'id': 314, 'market': 'H', 'countryCode': 'US', 'network': 'NBCSCA', 'sequenceNumber': 393}, {'id': 409, 'market': 'A', 'countryCode': 'US', 'network': 'MSGSN', 'sequenceNumber': 411}]",/gamecenter/njd-vs-sjs/2027/01/04/2026020680,SAP Center at San Jose,1,Devils,New Jersey,New Jersey,du New Jersey,NJD,https://assets.nhle.com/logos/nhl/svg/NJD_light.svg,https://assets.nhle.com/logos/nhl/svg/NJD_dark.svg,False,,28,Sharks,San Jose,San Jose,de San Jose,SJS,https://assets.nhle.com/logos/nhl/svg/SJS_light.svg,https://assets.nhle.com/logos/nhl/svg/SJS_dark.svg,False,,1,REG,3,,,,,,,,,,,SAP Center en San Jose,SAP Center de San Jose,https://teal.sjsharks.com/trk/ibdqc,Rest Easy at San Jose Marriott,https://www.ticketmaster.com/event/1C0064E79B2F9C7D?brand=sharks&artistid=806018&wt.mc_id=NHL_TEAM_SJS_SCHEDULE_GM22&utm_source=NHL.com&utm_medium=client&utm_campaign=NHL_TEAM_SJS&utm_content=SCHEDULE_GM22,https://www.ticketmaster.com/event/1C0064E79B2F9C7D?brand=sharks&artistid=806018&wt.mc_id=NHL_TEAM_SJS_SCHEDULE_GM22&utm_source=NHL.com&utm_medium=client&utm_campaign=NHL_TEAM_SJS&utm_content=SCHEDULE_GM22,,https://d2igy0yla8zi0u.cloudfront.net/NJD/20262027/NJD-radio.m3u8,https://teal.sjsharks.com/trk/pFmqc,,https://d2igy0yla8zi0u.cloudfront.net/SJS/20262027/SJS-radio.m3u8,,,,,,,,,,,
20252026,20262027,,US/Pacific,2026020693,20262027,2,2027-01-06,False,2027-01-07T03:00:00Z,-05:00,-08:00,US/Pacific,FUT,OK,"[{'id': 314, 'market': 'H', 'countryCode': 'US', 'network': 'NBCSCA', 'sequenceNumber': 393}, {'id': 652, 'market': 'A', 'countryCode': 'US', 'network': 'Prime Video', 'sequenceNumber': 117}]",/gamecenter/dal-vs-sjs/2027/01/06/2026020693,SAP Center at San Jose,25,Stars,Dallas,Dallas,de Dallas,DAL,https://assets.nhle.com/logos/nhl/svg/DAL_light.svg,https://assets.nhle.com/logos/nhl/svg/DAL_dark.svg,False,,28,Sharks,San Jose,San Jose,de San Jose,SJS,https://assets.nhle.com/logos/nhl/svg/SJS_light.svg,https://assets.nhle.com/logos/nhl/svg/SJS_dark.svg,False,,1,REG,3,,,,,,,,,,,SAP Center en San Jose,SAP Center de San Jose,https://teal.sjsharks.com/trk/ibdqc,Rest Easy at San Jose Marriott,https://www.ticketmaster.com/event/1C0064E79B359CB3?brand=sharks&artistid=806018&wt.mc_id=NHL_TEAM_SJS_SCHEDULE_GM23&utm_source=NHL.com&utm_medium=client&utm_campaign=NHL_TEAM_SJS&utm_content=SCHEDULE_GM23,https://www.ticketmaster.com/event/1C0064E79B359CB3?brand=sharks&artistid=806018&wt.mc_id=NHL_TEAM_SJS_SCHEDULE_GM23&utm_source=NHL.com&utm_medium=client&utm_campaign=NHL_TEAM_SJS&utm_content=SCHEDULE_GM23,,https://d2igy0yla8zi0u.cloudfront.net/DAL/20262027/DAL-radio.m3u8,https://teal.sjsharks.com/trk/9Fmqc,,https://d2igy0yla8zi0u.cloudfront.net/SJS/20262027/SJS-radio.m3u8,,,https://www.aa.com/homePage.do?c=SPNS%7CDSP%7CSTR%7C2026%7CSCH%7C_STARS_2026_SCHEDULE_PAGE,Book flights with American Airlines,,,,,,,
20252026,20262027,,US/Pacific,2026020708,20262027,2,2027-01-08,False,2027-01-09T03:00:00Z,-05:00,-08:00,US/Pacific,FUT,OK,"[{'id': 281, 'market': 'N', 'countryCode': 'CA', 'network': 'TVAS', 'sequenceNumber': 120}, {'id': 314, 'market': 'H', 'countryCode': 'US', 'network': 'NBCSCA', 'sequenceNumber': 393}, {'id': 520, 'market': 'A', 'countryCode': 'US', 'network': 'MNMT2', 'sequenceNumber': 418}]",/gamecenter/wsh-vs-sjs/2027/01/08/2026020708,SAP Center at San Jose,15,Capitals,Washington,Washington,de Washington,WSH,https://assets.nhle.com/logos/nhl/svg/WSH_secondary_light.svg,https://assets.nhle.com/logos/nhl/svg/WSH_secondary_dark.svg,False,,28,Sharks,San Jose,San Jose,de San Jose,SJS,https://assets.nhle.com/logos/nhl/svg/SJS_light.svg,https://assets.nhle.com/logos/nhl/svg/SJS_dark.svg,False,,1,REG,3,,,,,,,,,,,SAP Center en San Jose,SAP Center de San Jose,https://teal.sjsharks.com/trk/ibdqc,Rest Easy at San Jose Marriott,https://www.ticketmaster.com/event/1C0064E79B3A9CC5?brand=sharks&artistid=806018&wt.mc_id=NHL_TEAM_SJS_SCHEDULE_GM24&utm_source=NHL.com&utm_medium=client&utm_campaign=NHL_TEAM_SJS&utm_content=SCHEDULE_GM24,https://www.ticketmaster.com/event/1C0064E79B3A9CC5?brand=sharks&artistid=806018&wt.mc_id=NHL_TEAM_SJS_SCHEDULE_GM24&utm_source=NHL.com&utm_medium=client&utm_campaign=NHL_TEAM_SJS&utm_content=SCHEDULE_GM24,,https://d2igy0yla8zi0u.cloudfront.net/WSH/20262027/WSH-radio.m3u8,https://teal.sjsharks.com/trk/FHmqc,Sharks x Love Island,https://d2igy0yla8zi0u.cloudfront.net/SJS/20262027/SJS-radio.m3u8,,,https://www.united.com/en/us?utm_source=washcaps_schedulepage&utm_medium=web_organic&utm_campaign=2627_washcaps&utm_content=united,Fly with United Airlines,,,,,,,
20252026,20262027,,US/Pacific,2026020721,20262027,2,2027-01-09,False,2027-01-10T03:00:00Z,-05:00,-08:00,US/Pacific,FUT,OK,"[{'id': 314, 'market': 'H', 'countryCode': 'US', 'network': 'NBCSCA', 'sequenceNumber': 393}, {'id': 27, 'market': 'A', 'countryCode': 'US', 'network': 'MSG', 'sequenceNumber': 417}]",/gamecenter/nyr-vs-sjs/2027/01/09/2026020721,SAP Center at San Jose,3,Rangers,New York,New York,de New York,NYR,https://assets.nhle.com/logos/nhl/svg/NYR_light.svg,https://assets.nhle.com/logos/nhl/svg/NYR_dark.svg,False,,28,Sharks,San Jose,San Jose,de San Jose,SJS,https://assets.nhle.com/logos/nhl/svg/SJS_light.svg,https://assets.nhle.com/logos/nhl/svg/SJS_dark.svg,False,,1,REG,3,,,,,,,,,,,SAP Center en San Jose,SAP Center de San Jose,https://teal.sjsharks.com/trk/ibdqc,Rest Easy at San Jose Marriott,https://www.ticketmaster.com/event/1C0064E79B409CD3?brand=sharks&artistid=806018&wt.mc_id=NHL_TEAM_SJS_SCHEDULE_GM25&utm_source=NHL.com&utm_medium=client&utm_campaign=NHL_TEAM_SJS&utm_content=SCHEDULE_GM25,https://www.ticketmaster.com/event/1C0064E79B409CD3?brand=sharks&artistid=806018&wt.mc_id=NHL_TEAM_SJS_SCHEDULE_GM25&utm_source=NHL.com&utm_medium=client&utm_campaign=NHL_TEAM_SJS&utm_content=SCHEDULE_GM25,,https://d2igy0yla8zi0u.cloudfront.net/NYR/20262027/NYR-radio.m3u8,https://teal.sjsharks.com/trk/GHmqc,First Responders Appreciation,https://d2igy0yla8zi0u.cloudfront.net/SJS/20262027/SJS-radio.m3u8,,,,,,,,,,,
20252026,20262027,,US/Pacific,2026020741,20262027,2,2027-01-13,False,2027-01-14T02:00:00Z,-05:00,-07:00,America/Edmonton,FUT,OK,"[{'id': 314, 'market': 'A', 'countryCode': 'US', 'network': 'NBCSCA', 'sequenceNumber': 393}, {'id': 289, 'market': 'H', 'countryCode': 'CA', 'network': 'SNW', 'sequenceNumber': 34}]",/gamecenter/sjs-vs-edm/2027/01/13/2026020741,Rogers Place,28,Sharks,San Jose,San Jose,de San Jose,SJS,https://assets.nhle.com/logos/nhl/svg/SJS_light.svg,https://assets.nhle.com/logos/nhl/svg/SJS_dark.svg,False,,22,Oilers,Edmonton,Edmonton,d'Edmonton,EDM,https://assets.nhle.com/logos/nhl/svg/EDM_light.svg,https://assets.nhle.com/logos/nhl/svg/EDM_dark.svg,False,,1,REG,3,,,,,,,,,,,,,,,https://www.ticketmaster.ca/event/11006513A55CA327?brand=edmontonoilers&artistid=805943&wt.mc_id=NHL_TEAM_EDM_SCHEDULE_GM23&utm_source=NHL.com&utm_medium=client_PM&utm_campaign=NHL_TEAM_EDM&utm_content=SCHEDULE_GM23,https://www.ticketmaster.ca/event/11006513A55CA327?brand=edmontonoilers&artistid=805943&wt.mc_id=NHL_TEAM_EDM_SCHEDULE_GM23&utm_source=NHL.com&utm_medium=client_PM&utm_campaign=NHL_TEAM_EDM&utm_content=SCHEDULE_GM23,,https://d2igy0yla8zi0u.cloudfront.net/SJS/20262027/SJS-radio.m3u8,https://www.nhl.com/oilers/tickets/promotional-games,Ukrainian Heritage,https://d2igy0yla8zi0u.cloudfront.net/EDM/20262027/EDM-radio.m3u8,,,,,,,,,,,
20252026,20262027,,US/Pacific,2026020750,20262027,2,2027-01-14,False,2027-01-15T01:00:00Z,-05:00,-07:00,America/Edmonton,FUT,OK,"[{'id': 314, 'market': 'A', 'countryCode': 'US', 'network': 'NBCSCA', 'sequenceNumber': 393}, {'id': 289, 'market': 'H', 'countryCode': 'CA', 'network': 'SNW', 'sequenceNumber': 34}]",/gamecenter/sjs-vs-cgy/2027/01/14/2026020750,Scotiabank Saddledome,28,Sharks,San Jose,San Jose,de San Jose,SJS,https://assets.nhle.com/logos/nhl/svg/SJS_light.svg,https://assets.nhle.com/logos/nhl/svg/SJS_dark.svg,False,,20,Flames,Calgary,Calgary,de Calgary,CGY,https://assets.nhle.com/logos/nhl/svg/CGY_light.svg,https://assets.nhle.com/logos/nhl/svg/CGY_dark.svg,False,,1,REG,3,,,,,,,,,,,,,,,https://www.ticketmaster.ca/event/110064FC82AA3237?brand=calgaryflames&artistid=805907&wt.mc_id=NHL_TEAM_CGY_SCHEDULE_GM24&utm_source=NHL.com&utm_medium=client_PM&utm_campaign=NHL_TEAM_CGY&utm_content=SCHEDULE_GM24,https://www.ticketmaster.ca/event/110064FC82AA3237?brand=calgaryflames&artistid=805907&wt.mc_id=NHL_TEAM_CGY_SCHEDULE_GM24&utm_source=NHL.com&utm_medium=client_PM&utm_campaign=NHL_TEAM_CGY&utm_content=SCHEDULE_GM24,,https://d2igy0yla8zi0u.cloudfront.net/SJS/20262027/SJS-radio.m3u8,,,https://d2igy0yla8zi0u.cloudfront.net/CGY/20262027/CGY-radio.m3u8,,,,,,,,,,,
20252026,20262027,,US/Pacific,2026020771,20262027,2,2027-01-16,False,2027-01-17T03:00:00Z,-05:00,-08:00,US/Pacific,FUT,OK,"[{'id': 314, 'market': 'A', 'countryCode': 'US', 'network': 'NBCSCA', 'sequenceNumber': 393}, {'id': 652, 'market': 'H', 'countryCode': 'US', 'network': 'Prime Video', 'sequenceNumber': 117}, {'id': 388, 'market': 'H', 'countryCode': 'US', 'network': 'KONG', 'sequenceNumber': 654}]",/gamecenter/sjs-vs-sea/2027/01/16/2026020771,Climate Pledge Arena,28,Sharks,San Jose,San Jose,de San Jose,SJS,https://assets.nhle.com/logos/nhl/svg/SJS_light.svg,https://assets.nhle.com/logos/nhl/svg/SJS_dark.svg,False,,55,Kraken,Seattle,Seattle,de Seattle,SEA,https://assets.nhle.com/logos/nhl/svg/SEA_light.svg,https://assets.nhle.com/logos/nhl/svg/SEA_dark.svg,False,,1,REG,3,,,,,,,,,,,,,https://stayinglevel.com/offers/seattle-climate-pledge-arena-fans/,Stay close to the action at Level,https://www.ticketmaster.com/event/0F0064C4A0BDA322?brand=seattlekraken&artistid=2763657&wt.mc_id=NHL_TEAM_SEA_SCHEDULE_GM24&utm_source=NHL.com&utm_medium=client&utm_campaign=NHL_TEAM_SEA&utm_content=SCHEDULE_GM24,https://www.ticketmaster.com/event/0F0064C4A0BDA322?brand=seattlekraken&artistid=2763657&wt.mc_id=NHL_TEAM_SEA_SCHEDULE_GM24&utm_source=NHL.com&utm_medium=client&utm_campaign=NHL_TEAM_SEA&utm_content=SCHEDULE_GM24,,https://d2igy0yla8zi0u.cloudfront.net/SJS/20262027/SJS-radio.m3u8,,,https://d2igy0yla8zi0u.cloudfront.net/SEA/20262027/SEA-radio.m3u8,,,,,,,,,,,
20252026,20262027,,US/Pacific,2026020781,20262027,2,2027-01-18,False,2027-01-18T21:00:00Z,-05:00,-08:00,US/Pacific,FUT,OK,"[{'id': 314, 'market': 'H', 'countryCode': 'US', 'network': 'NBCSCA', 'sequenceNumber': 393}, {'id': 558, 'market': 'A', 'countryCode': 'US', 'network': 'Utah16', 'sequenceNumber': 381}]",/gamecenter/uta-vs-sjs/2027/01/18/2026020781,SAP Center at San Jose,68,Mammoth,Utah,Utah,de l'Utah,UTA,https://assets.nhle.com/logos/nhl/svg/UTA_light.svg,https://assets.nhle.com/logos/nhl/svg/UTA_dark.svg,False,,28,Sharks,San Jose,San Jose,de San Jose,SJS,https://assets.nhle.com/logos/nhl/svg/SJS_light.svg,https://assets.nhle.com/logos/nhl/svg/SJS_dark.svg,False,,1,REG,3,,,,,,,,,,,SAP Center en San Jose,SAP Center de San Jose,https://teal.sjsharks.com/trk/ibdqc,Rest Easy at San Jose Marriott,https://www.ticketmaster.com/event/1C0064E79B459CEA?brand=sharks&artistid=806018&wt.mc_id=NHL_TEAM_SJS_SCHEDULE_GM26&utm_source=NHL.com&utm_medium=client&utm_campaign=NHL_TEAM_SJS&utm_content=SCHEDULE_GM26,https://www.ticketmaster.com/event/1C0064E79B459CEA?brand=sharks&artistid=806018&wt.mc_id=NHL_TEAM_SJS_SCHEDULE_GM26&utm_source=NHL.com&utm_medium=client&utm_campaign=NHL_TEAM_SJS&utm_content=SCHEDULE_GM26,,https://d2igy0yla8zi0u.cloudfront.net/UTA/20262027/UTA-radio.m3u8,https://teal.sjsharks.com/trk/9Hmqc,Black Excellence Celebration,https://d2igy0yla8zi0u.cloudfront.net/SJS/20262027/SJS-radio.m3u8,,,,,,,,,,,
20252026,20262027,,US/Pacific,2026020823,20262027,2,2027-01-23,False,2027-01-24T03:00:00Z,-05:00,-08:00,US/Pacific,FUT,OK,"[{'id': 282, 'market': 'N', 'countryCode': 'CA', 'network': 'SN', 'sequenceNumber': 107}, {'id': 281, 'market': 'N', 'countryCode': 'CA', 'network': 'TVAS', 'sequenceNumber': 120}, {'id': 314, 'market': 'H', 'countryCode': 'US', 'network': 'NBCSCA', 'sequenceNumber': 393}]",/gamecenter/edm-vs-sjs/2027/01/23/2026020823,SAP Center at San Jose,22,Oilers,Edmonton,Edmonton,d'Edmonton,EDM,https://assets.nhle.com/logos/nhl/svg/EDM_light.svg,https://assets.nhle.com/logos/nhl/svg/EDM_dark.svg,False,,28,Sharks,San Jose,San Jose,de San Jose,SJS,https://assets.nhle.com/logos/nhl/svg/SJS_light.svg,https://assets.nhle.com/logos/nhl/svg/SJS_dark.svg,False,,1,REG,3,,,,,,,,,,,SAP Center en San Jose,SAP Center de San Jose,https://teal.sjsharks.com/trk/ibdqc,Rest Easy at San Jose Marriott,https://www.ticketmaster.com/event/1C0064E79B4A9CF4?brand=sharks&artistid=806018&wt.mc_id=NHL_TEAM_SJS_SCHEDULE_GM27&utm_source=NHL.com&utm_medium=client&utm_campaign=NHL_TEAM_SJS&utm_content=SCHEDULE_GM27,https://www.ticketmaster.com/event/1C0064E79B4A9CF4?brand=sharks&artistid=806018&wt.mc_id=NHL_TEAM_SJS_SCHEDULE_GM27&utm_source=NHL.com&utm_medium=client&utm_campaign=NHL_TEAM_SJS&utm_content=SCHEDULE_GM27,,https://d2igy0yla8zi0u.cloudfront.net/EDM/20262027/EDM-radio.m3u8,https://teal.sjsharks.com/trk/RImqc,,https://d2igy0yla8zi0u.cloudfront.net/SJS/20262027/SJS-radio.m3u8,,,,,,,,,,,
20252026,20262027,,US/Pacific,2026020860,20262027,2,2027-01-28,False,2027-01-29T03:00:00Z,-05:00,-08:00,US/Pacific,FUT,OK,"[{'id': 314, 'market': 'H', 'countryCode': 'US', 'network': 'NBCSCA', 'sequenceNumber': 393}, {'id': 521, 'market': 'A', 'countryCode': 'US', 'network': 'SCRIPPS', 'sequenceNumber': 657}]",/gamecenter/nsh-vs-sjs/2027/01/28/2026020860,SAP Center at San Jose,18,Predators,Nashville,Nashville,de Nashville,NSH,https://assets.nhle.com/logos/nhl/svg/NSH_light.svg,https://assets.nhle.com/logos/nhl/svg/NSH_dark.svg,False,,28,Sharks,San Jose,San Jose,de San Jose,SJS,https://assets.nhle.com/logos/nhl/svg/SJS_light.svg,https://assets.nhle.com/logos/nhl/svg/SJS_dark.svg,False,,1,REG,3,,,,,,,,,,,SAP Center en San Jose,SAP Center de San Jose,https://teal.sjsharks.com/trk/ibdqc,Rest Easy at San Jose Marriott,https://www.ticketmaster.com/event/1C0064E79B4F9D02?brand=sharks&artistid=806018&wt.mc_id=NHL_TEAM_SJS_SCHEDULE_GM28&utm_source=NHL.com&utm_medium=client&utm_campaign=NHL_TEAM_SJS&utm_content=SCHEDULE_GM28,https://www.ticketmaster.com/event/1C0064E79B4F9D02?brand=sharks&artistid=806018&wt.mc_id=NHL_TEAM_SJS_SCHEDULE_GM28&utm_source=NHL.com&utm_medium=client&utm_campaign=NHL_TEAM_SJS&utm_content=SCHEDULE_GM28,,https://d2igy0yla8zi0u.cloudfront.net/NSH/20262027/NSH-radio.m3u8,https://teal.sjsharks.com/trk/0Imqc,,https://d2igy0yla8zi0u.cloudfront.net/SJS/20262027/SJS-radio.m3u8,,,,,,,,,,,
20252026,20262027,,US/Pacific,2026020867,20262027,2,2027-01-30,False,2027-01-30T21:00:00Z,-05:00,-08:00,US/Pacific,FUT,OK,"[{'id': 314, 'market': 'H', 'countryCode': 'US', 'network': 'NBCSCA', 'sequenceNumber': 393}, {'id': 551, 'market': 'A', 'countryCode': 'US', 'network': 'CHSN', 'sequenceNumber': 254}]",/gamecenter/chi-vs-sjs/2027/01/30/2026020867,SAP Center at San Jose,16,Blackhawks,Chicago,Chicago,de Chicago,CHI,https://assets.nhle.com/logos/nhl/svg/CHI_light.svg,https://assets.nhle.com/logos/nhl/svg/CHI_dark.svg,False,,28,Sharks,San Jose,San Jose,de San Jose,SJS,https://assets.nhle.com/logos/nhl/svg/SJS_light.svg,https://assets.nhle.com/logos/nhl/svg/SJS_dark.svg,False,,1,REG,3,,,,,,,,,,,SAP Center en San Jose,SAP Center de San Jose,https://teal.sjsharks.com/trk/ibdqc,Rest Easy at San Jose Marriott,https://www.ticketmaster.com/event/1C0064E79B549D0E?brand=sharks&artistid=806018&wt.mc_id=NHL_TEAM_SJS_SCHEDULE_GM29&utm_source=NHL.com&utm_medium=client&utm_campaign=NHL_TEAM_SJS&utm_content=SCHEDULE_GM29,https://www.ticketmaster.com/event/1C0064E79B549D0E?brand=sharks&artistid=806018&wt.mc_id=NHL_TEAM_SJS_SCHEDULE_GM29&utm_source=NHL.com&utm_medium=client&utm_campaign=NHL_TEAM_SJS&utm_content=SCHEDULE_GM29,,https://d2igy0yla8zi0u.cloudfront.net/CHI/20262027/CHI-radio.m3u8,https://teal.sjsharks.com/trk/4Imqc,Sharks x Warriors,https://d2igy0yla8zi0u.cloudfront.net/SJS/20262027/SJS-radio.m3u8,,,,,,,,,,,
20252026,20262027,,US/Pacific,2026020902,20262027,2,2027-02-10,False,2027-02-11T03:00:00Z,-05:00,-08:00,US/Pacific,FUT,OK,"[{'id': 385, 'market': 'N', 'countryCode': 'US', 'network': 'TNT', 'sequenceNumber': 11}, {'id': 501, 'market': 'N', 'countryCode': 'US', 'network': 'truTV', 'sequenceNumber': 14}, {'id': 578, 'market': 'N', 'countryCode': 'US', 'network': 'HBO MAX', 'sequenceNumber': 19}]",/gamecenter/chi-vs-sjs/2027/02/10/2026020902,SAP Center at San Jose,16,Blackhawks,Chicago,Chicago,de Chicago,CHI,https://assets.nhle.com/logos/nhl/svg/CHI_light.svg,https://assets.nhle.com/logos/nhl/svg/CHI_dark.svg,False,,28,Sharks,San Jose,San Jose,de San Jose,SJS,https://assets.nhle.com/logos/nhl/svg/SJS_light.svg,https://assets.nhle.com/logos/nhl/svg/SJS_dark.svg,False,,1,REG,3,,,,,,,,,,,SAP Center en San Jose,SAP Center de San Jose,https://teal.sjsharks.com/trk/ibdqc,Rest Easy at San Jose Marriott,https://www.ticketmaster.com/event/1C0064E79B599D1C?brand=sharks&artistid=806018&wt.mc_id=NHL_TEAM_SJS_SCHEDULE_GM30&utm_source=NHL.com&utm_medium=client&utm_campaign=NHL_TEAM_SJS&utm_content=SCHEDULE_GM30,https://www.ticketmaster.com/event/1C0064E79B599D1C?brand=sharks&artistid=806018&wt.mc_id=NHL_TEAM_SJS_SCHEDULE_GM30&utm_source=NHL.com&utm_medium=client&utm_campaign=NHL_TEAM_SJS&utm_content=SCHEDULE_GM30,,https://d2igy0yla8zi0u.cloudfront.net/CHI/20262027/CHI-radio.m3u8,https://teal.sjsharks.com/trk/iSmqc,Lunar New Year,https://d2igy0yla8zi0u.cloudfront.net/SJS/20262027/SJS-radio.m3u8,,,,,,,,,,,
20252026,20262027,,US/Pacific,2026020914,20262027,2,2027-02-13,False,2027-02-13T21:00:00Z,-05:00,-08:00,US/Pacific,FUT,OK,"[{'id': 284, 'market': 'N', 'countryCode': 'CA', 'network': 'SN1', 'sequenceNumber': 113}, {'id': 314, 'market': 'H', 'countryCode': 'US', 'network': 'NBCSCA', 'sequenceNumber': 393}, {'id': 645, 'market': 'A', 'countryCode': 'US', 'network': 'DSN', 'sequenceNumber': 1}]",/gamecenter/det-vs-sjs/2027/02/13/2026020914,SAP Center at San Jose,17,Red Wings,Detroit,Detroit,de Detroit,DET,https://assets.nhle.com/logos/nhl/svg/DET_light.svg,https://assets.nhle.com/logos/nhl/svg/DET_dark.svg,False,,28,Sharks,San Jose,San Jose,de San Jose,SJS,https://assets.nhle.com/logos/nhl/svg/SJS_light.svg,https://assets.nhle.com/logos/nhl/svg/SJS_dark.svg,False,,1,REG,3,,,,,,,,,,,SAP Center en San Jose,SAP Center de San Jose,https://teal.sjsharks.com/trk/ibdqc,Rest Easy at San Jose Marriott,https://www.ticketmaster.com/event/1C0064E79B5E9D22?brand=sharks&artistid=806018&wt.mc_id=NHL_TEAM_SJS_SCHEDULE_GM31&utm_source=NHL.com&utm_medium=client&utm_campaign=NHL_TEAM_SJS&utm_content=SCHEDULE_GM31,https://www.ticketmaster.com/event/1C0064E79B5E9D22?brand=sharks&artistid=806018&wt.mc_id=NHL_TEAM_SJS_SCHEDULE_GM31&utm_source=NHL.com&utm_medium=client&utm_campaign=NHL_TEAM_SJS&utm_content=SCHEDULE_GM31,,https://d2igy0yla8zi0u.cloudfront.net/DET/20262027/DET-radio.m3u8,https://teal.sjsharks.com/trk/oXmqc,Family Game Night,https://d2igy0yla8zi0u.cloudfront.net/SJS/20262027/SJS-radio.m3u8,,,,,,,,,,,
20252026,20262027,,US/Pacific,2026020935,20262027,2,2027-02-15,False,2027-02-16T00:30:00Z,-05:00,-08:00,US/Pacific,FUT,OK,"[{'id': 549, 'market': 'N', 'countryCode': 'CA', 'network': 'SN+', 'sequenceNumber': 117}, {'id': 314, 'market': 'H', 'countryCode': 'US', 'network': 'NBCSCA', 'sequenceNumber': 393}]",/gamecenter/wpg-vs-sjs/2027/02/15/2026020935,SAP Center at San Jose,52,Jets,Winnipeg,Winnipeg,de Winnipeg,WPG,https://assets.nhle.com/logos/nhl/svg/WPG_light.svg,https://assets.nhle.com/logos/nhl/svg/WPG_dark.svg,False,,28,Sharks,San Jose,San Jose,de San Jose,SJS,https://assets.nhle.com/logos/nhl/svg/SJS_light.svg,https://assets.nhle.com/logos/nhl/svg/SJS_dark.svg,False,,1,REG,3,,,,,,,,,,,SAP Center en San Jose,SAP Center de San Jose,https://teal.sjsharks.com/trk/ibdqc,Rest Easy at San Jose Marriott,https://www.ticketmaster.com/event/1C0064E79B649D2F?brand=sharks&artistid=806018&wt.mc_id=NHL_TEAM_SJS_SCHEDULE_GM32&utm_source=NHL.com&utm_medium=client&utm_campaign=NHL_TEAM_SJS&utm_content=SCHEDULE_GM32,https://www.ticketmaster.com/event/1C0064E79B649D2F?brand=sharks&artistid=806018&wt.mc_id=NHL_TEAM_SJS_SCHEDULE_GM32&utm_source=NHL.com&utm_medium=client&utm_campaign=NHL_TEAM_SJS&utm_content=SCHEDULE_GM32,,https://d2igy0yla8zi0u.cloudfront.net/WPG/20262027/WPG-radio.m3u8,https://teal.sjsharks.com/trk/VXmqc,Educators Appreciation,https://d2igy0yla8zi0u.cloudfront.net/SJS/20262027/SJS-radio.m3u8,,,,,,,,,,,
20252026,20262027,,US/Pacific,2026020961,20262027,2,2027-02-19,False,2027-02-20T00:00:00Z,-05:00,-05:00,US/Eastern,FUT,OK,"[{'id': 281, 'market': 'N', 'countryCode': 'CA', 'network': 'TVAS', 'sequenceNumber': 120}, {'id': 314, 'market': 'A', 'countryCode': 'US', 'network': 'NBCSCA', 'sequenceNumber': 393}, {'id': 517, 'market': 'H', 'countryCode': 'US', 'network': 'MNMT', 'sequenceNumber': 396}]",/gamecenter/sjs-vs-wsh/2027/02/19/2026020961,Capital One Arena,28,Sharks,San Jose,San Jose,de San Jose,SJS,https://assets.nhle.com/logos/nhl/svg/SJS_light.svg,https://assets.nhle.com/logos/nhl/svg/SJS_dark.svg,False,,15,Capitals,Washington,Washington,de Washington,WSH,https://assets.nhle.com/logos/nhl/svg/WSH_secondary_light.svg,https://assets.nhle.com/logos/nhl/svg/WSH_secondary_dark.svg,False,,1,REG,3,,,,,,,,,,,,,,,https://www.ticketmaster.com/event/150064F0379DE83D?brand=capitals&artistid=806039&wt.mc_id=NHL_TEAM_WSH_SCHEDULE_GM31&utm_source=club_schedule&utm_medium=web_organic&utm_campaign=2627sgb_cb0219ss,https://www.ticketmaster.com/event/150064F0379DE83D?brand=capitals&artistid=806039&wt.mc_id=NHL_TEAM_WSH_SCHEDULE_GM31&utm_source=club_schedule&utm_medium=web_organic&utm_campaign=2627sgb_cb0219ss,,https://d2igy0yla8zi0u.cloudfront.net/SJS/20262027/SJS-radio.m3u8,,,https://d2igy0yla8zi0u.cloudfront.net/WSH/20262027/WSH-radio.m3u8,,,,,,,https://www.united.com/en/us?utm_source=washcaps_schedulepage&utm_medium=web_organic&utm_campaign=2627_washcaps&utm_content=united,Fly with United Arlines,,,
20252026,20262027,,US/Pacific,2026020980,20262027,2,2027-02-21,False,2027-02-21T23:00:00Z,-05:00,-05:00,US/Eastern,FUT,OK,"[{'id': 282, 'market': 'N', 'countryCode': 'CA', 'network': 'SN', 'sequenceNumber': 21}, {'id': 281, 'market': 'N', 'countryCode': 'CA', 'network': 'TVAS', 'sequenceNumber': 120}, {'id': 314, 'market': 'A', 'countryCode': 'US', 'network': 'NBCSCA', 'sequenceNumber': 393}, {'id': 521, 'market': 'H', 'countryCode': 'US', 'network': 'SCRIPPS', 'sequenceNumber': 657}]",/gamecenter/sjs-vs-fla/2027/02/21/2026020980,Amerant Bank Arena,28,Sharks,San Jose,San Jose,de San Jose,SJS,https://assets.nhle.com/logos/nhl/svg/SJS_light.svg,https://assets.nhle.com/logos/nhl/svg/SJS_dark.svg,False,,13,Panthers,Florida,Florida,de la Floride,FLA,https://assets.nhle.com/logos/nhl/svg/FLA_light.svg,https://assets.nhle.com/logos/nhl/svg/FLA_dark.svg,False,,1,REG,3,,,,,,,,,,,,,,,https://www.nhl.com/panthers/tickets/,https://www.nhl.com/panthers/tickets/,,https://d2igy0yla8zi0u.cloudfront.net/SJS/20262027/SJS-radio.m3u8,,,https://d2igy0yla8zi0u.cloudfront.net/FLA/20262027/FLA-radio.m3u8,,,,,,,https://www.jetblue.com/,Fly with JetBlue,,,Floride
20252026,20262027,,US/Pacific,2026020992,20262027,2,2027-02-23,False,2027-02-24T00:00:00Z,-05:00,-05:00,US/Eastern,FUT,OK,"[{'id': 282, 'market': 'N', 'countryCode': 'CA', 'network': 'SN', 'sequenceNumber': 21}, {'id': 281, 'market': 'N', 'countryCode': 'CA', 'network': 'TVAS', 'sequenceNumber': 120}, {'id': 314, 'market': 'A', 'countryCode': 'US', 'network': 'NBCSCA', 'sequenceNumber': 393}, {'id': 581, 'market': 'H', 'countryCode': 'US', 'network': 'The Spot', 'sequenceNumber': 211}]",/gamecenter/sjs-vs-tbl/2027/02/23/2026020992,Benchmark International Arena,28,Sharks,San Jose,San Jose,de San Jose,SJS,https://assets.nhle.com/logos/nhl/svg/SJS_light.svg,https://assets.nhle.com/logos/nhl/svg/SJS_dark.svg,False,,14,Lightning,Tampa Bay,Tampa Bay,de Tampa Bay,TBL,https://assets.nhle.com/logos/nhl/svg/TBL_light.svg,https://assets.nhle.com/logos/nhl/svg/TBL_dark.svg,False,,1,REG,3,,,,,,,,,,,,,,,https://www.ticketmaster.com/event/0D0064F8CFCF9EC1?brand=tblightning&artistid=806028&landing=s&wt.mc_id=NHL_TEAM_TBL_SCHEDULE_GM32&utm_source=NHL.com&utm_medium=client&utm_campaign=NHL_TEAM_TBL&utm_content=SCHEDULE_GM32,https://www.ticketmaster.com/event/0D0064F8CFCF9EC1?brand=tblightning&artistid=806028&landing=s&wt.mc_id=NHL_TEAM_TBL_SCHEDULE_GM32&utm_source=NHL.com&utm_medium=client&utm_campaign=NHL_TEAM_TBL&utm_content=SCHEDULE_GM32,,https://d2igy0yla8zi0u.cloudfront.net/SJS/20262027/SJS-radio.m3u8,,,https://d2igy0yla8zi0u.cloudfront.net/TBL/20262027/TBL-radio.m3u8,,,,,,,,,,,
20252026,20262027,,US/Pacific,2026021006,20262027,2,2027-02-25,False,2027-02-26T00:00:00Z,-05:00,-05:00,US/Eastern,FUT,OK,"[{'id': 314, 'market': 'A', 'countryCode': 'US', 'network': 'NBCSCA', 'sequenceNumber': 393}, {'id': 646, 'market': 'H', 'countryCode': 'US', 'network': 'CARNHL', 'sequenceNumber': 1}, {'id': 754, 'market': 'H', 'countryCode': 'US', 'network': 'HHN', 'sequenceNumber': 1}]",/gamecenter/sjs-vs-car/2027/02/25/2026021006,Lenovo Center,28,Sharks,San Jose,San Jose,de San Jose,SJS,https://assets.nhle.com/logos/nhl/svg/SJS_light.svg,https://assets.nhle.com/logos/nhl/svg/SJS_dark.svg,False,,12,Hurricanes,Carolina,Carolina,de la Caroline,CAR,https://assets.nhle.com/logos/nhl/svg/CAR_light.svg,https://assets.nhle.com/logos/nhl/svg/CAR_dark.svg,False,,1,REG,3,,,,,,,,,,,,,,,https://www.ticketmaster.com/event/2D0064F4BD1FD076?brand=carolinahurricanes&artistid=805908&wt.mc_id=NHL_TEAM_CAR_SCHEDULE_GM32&utm_source=NHL.com&utm_medium=client&utm_campaign=NHL_TEAM_CAR&utm_content=SCHEDULE_GM32,https://www.ticketmaster.com/event/2D0064F4BD1FD076?brand=carolinahurricanes&artistid=805908&wt.mc_id=NHL_TEAM_CAR_SCHEDULE_GM32&utm_source=NHL.com&utm_medium=client&utm_campaign=NHL_TEAM_CAR&utm_content=SCHEDULE_GM32,,https://d2igy0yla8zi0u.cloudfront.net/SJS/20262027/SJS-radio.m3u8,,,https://d2igy0yla8zi0u.cloudfront.net/CAR/20262027/CAR-radio.m3u8,,,,,,,,,,,Caroline
20252026,20262027,,US/Pacific,2026021023,20262027,2,2027-02-27,False,2027-02-28T00:00:00Z,-05:00,-05:00,US/Eastern,FUT,OK,"[{'id': 314, 'market': 'A', 'countryCode': 'US', 'network': 'NBCSCA', 'sequenceNumber': 393}, {'id': 322, 'market': 'H', 'countryCode': 'US', 'network': 'NBCSP', 'sequenceNumber': 389}]",/gamecenter/sjs-vs-phi/2027/02/27/2026021023,Xfinity Mobile Arena,28,Sharks,San Jose,San Jose,de San Jose,SJS,https://assets.nhle.com/logos/nhl/svg/SJS_light.svg,https://assets.nhle.com/logos/nhl/svg/SJS_dark.svg,False,,4,Flyers,Philadelphia,Philadelphia,de Philadelphie,PHI,https://assets.nhle.com/logos/nhl/svg/PHI_light.svg,https://assets.nhle.com/logos/nhl/svg/PHI_dark.svg,False,,1,REG,3,,,,,,,,,,,,,,,https://www.ticketmaster.com/event/300064EEEE53E0C1?brand=flyers&artistid=806000&wt.mc_id=NHL_TEAM_PHI_SCHEDULE_GM34&utm_source=NHL.com&utm_medium=client&utm_campaign=NHL_TEAM_PHI&utm_content=SCHEDULE_GM34,https://www.ticketmaster.com/event/300064EEEE53E0C1?brand=flyers&artistid=806000&wt.mc_id=NHL_TEAM_PHI_SCHEDULE_GM34&utm_source=NHL.com&utm_medium=client&utm_campaign=NHL_TEAM_PHI&utm_content=SCHEDULE_GM34,,https://d2igy0yla8zi0u.cloudfront.net/SJS/20262027/SJS-radio.m3u8,,,https://d2igy0yla8zi0u.cloudfront.net/PHI/20262027/PHI-radio.m3u8,,,,,,,,,,,Philadelphie
20252026,20262027,,US/Pacific,2026021042,20262027,2,2027-03-01,False,2027-03-02T03:00:00Z,-05:00,-08:00,US/Pacific,FUT,OK,"[{'id': 314, 'market': 'H', 'countryCode': 'US', 'network': 'NBCSCA', 'sequenceNumber': 393}, {'id': 131, 'market': 'A', 'countryCode': 'CA', 'network': 'TSN2', 'sequenceNumber': 112}, {'id': 33, 'market': 'A', 'countryCode': 'CA', 'network': 'RDS', 'sequenceNumber': 145}]",/gamecenter/mtl-vs-sjs/2027/03/01/2026021042,SAP Center at San Jose,8,Canadiens,Montréal,Montréal,de Montréal,MTL,https://assets.nhle.com/logos/nhl/svg/MTL_light.svg,https://assets.nhle.com/logos/nhl/svg/MTL_dark.svg,False,,28,Sharks,San Jose,San Jose,de San Jose,SJS,https://assets.nhle.com/logos/nhl/svg/SJS_light.svg,https://assets.nhle.com/logos/nhl/svg/SJS_dark.svg,False,,1,REG,3,,,,,,,,,,,SAP Center en San Jose,SAP Center de San Jose,https://teal.sjsharks.com/trk/ibdqc,Rest Easy at San Jose Marriott,https://www.ticketmaster.com/event/1C0064E79B699D49?brand=sharks&artistid=806018&wt.mc_id=NHL_TEAM_SJS_SCHEDULE_GM33&utm_source=NHL.com&utm_medium=client&utm_campaign=NHL_TEAM_SJS&utm_content=SCHEDULE_GM33,https://www.ticketmaster.com/event/1C0064E79B699D49?brand=sharks&artistid=806018&wt.mc_id=NHL_TEAM_SJS_SCHEDULE_GM33&utm_source=NHL.com&utm_medium=client&utm_campaign=NHL_TEAM_SJS&utm_content=SCHEDULE_GM33,,https://d2igy0yla8zi0u.cloudfront.net/MTL/20262027/MTL-radio.m3u8,https://teal.sjsharks.com/trk/hYmqc,,https://d2igy0yla8zi0u.cloudfront.net/SJS/20262027/SJS-radio.m3u8,,,,,,,,,,,
20252026,20262027,,US/Pacific,2026021055,20262027,2,2027-03-03,False,2027-03-04T03:00:00Z,-05:00,-08:00,US/Pacific,FUT,OK,"[{'id': 314, 'market': 'H', 'countryCode': 'US', 'network': 'NBCSCA', 'sequenceNumber': 393}, {'id': 647, 'market': 'A', 'countryCode': 'US', 'network': 'CBJNHL', 'sequenceNumber': 1}, {'id': 755, 'market': 'A', 'countryCode': 'US', 'network': 'CBJHN', 'sequenceNumber': 1}]",/gamecenter/cbj-vs-sjs/2027/03/03/2026021055,SAP Center at San Jose,29,Blue Jackets,Columbus,Columbus,de Columbus,CBJ,https://assets.nhle.com/logos/nhl/svg/CBJ_light.svg,https://assets.nhle.com/logos/nhl/svg/CBJ_dark.svg,False,,28,Sharks,San Jose,San Jose,de San Jose,SJS,https://assets.nhle.com/logos/nhl/svg/SJS_light.svg,https://assets.nhle.com/logos/nhl/svg/SJS_dark.svg,False,,1,REG,3,,,,,,,,,,,SAP Center en San Jose,SAP Center de San Jose,https://teal.sjsharks.com/trk/ibdqc,Rest Easy at San Jose Marriott,https://www.ticketmaster.com/event/1C0064E79B6E9D58?brand=sharks&artistid=806018&wt.mc_id=NHL_TEAM_SJS_SCHEDULE_GM34&utm_source=NHL.com&utm_medium=client&utm_campaign=NHL_TEAM_SJS&utm_content=SCHEDULE_GM34,https://www.ticketmaster.com/event/1C0064E79B6E9D58?brand=sharks&artistid=806018&wt.mc_id=NHL_TEAM_SJS_SCHEDULE_GM34&utm_source=NHL.com&utm_medium=client&utm_campaign=NHL_TEAM_SJS&utm_content=SCHEDULE_GM34,,https://d2igy0yla8zi0u.cloudfront.net/CBJ/20262027/CBJ-radio.m3u8,https://teal.sjsharks.com/trk/iYmqc,,https://d2igy0yla8zi0u.cloudfront.net/SJS/20262027/SJS-radio.m3u8,,,,,,,,,,,
20252026,20262027,,US/Pacific,2026021070,20262027,2,2027-03-05,False,2027-03-06T03:00:00Z,-05:00,-08:00,US/Pacific,FUT,OK,"[{'id': 283, 'market': 'N', 'countryCode': 'CA', 'network': 'SN360', 'sequenceNumber': 114}, {'id': 281, 'market': 'N', 'countryCode': 'CA', 'network': 'TVAS', 'sequenceNumber': 120}, {'id': 314, 'market': 'H', 'countryCode': 'US', 'network': 'NBCSCA', 'sequenceNumber': 393}, {'id': 2, 'market': 'A', 'countryCode': 'US', 'network': 'ALT', 'sequenceNumber': 385}]",/gamecenter/col-vs-sjs/2027/03/05/2026021070,SAP Center at San Jose,21,Avalanche,Colorado,Colorado,du Colorado,COL,https://assets.nhle.com/logos/nhl/svg/COL_light.svg,https://assets.nhle.com/logos/nhl/svg/COL_dark.svg,False,,28,Sharks,San Jose,San Jose,de San Jose,SJS,https://assets.nhle.com/logos/nhl/svg/SJS_light.svg,https://assets.nhle.com/logos/nhl/svg/SJS_dark.svg,False,,1,REG,3,,,,,,,,,,,SAP Center en San Jose,SAP Center de San Jose,https://teal.sjsharks.com/trk/ibdqc,Rest Easy at San Jose Marriott,https://www.ticketmaster.com/event/1C0064E79B739D6A?brand=sharks&artistid=806018&wt.mc_id=NHL_TEAM_SJS_SCHEDULE_GM35&utm_source=NHL.com&utm_medium=client&utm_campaign=NHL_TEAM_SJS&utm_content=SCHEDULE_GM35,https://www.ticketmaster.com/event/1C0064E79B739D6A?brand=sharks&artistid=806018&wt.mc_id=NHL_TEAM_SJS_SCHEDULE_GM35&utm_source=NHL.com&utm_medium=client&utm_campaign=NHL_TEAM_SJS&utm_content=SCHEDULE_GM35,,https://d2igy0yla8zi0u.cloudfront.net/COL/20262027/COL-radio.m3u8,https://teal.sjsharks.com/trk/jYmqc,South Asian Culture Celebration,https://d2igy0yla8zi0u.cloudfront.net/SJS/20262027/SJS-radio.m3u8,,,,,,,,,,,
20252026,20262027,,US/Pacific,2026021079,20262027,2,2027-03-06,False,2027-03-07T03:00:00Z,-05:00,-08:00,US/Pacific,FUT,OK,"[{'id': 314, 'market': 'H', 'countryCode': 'US', 'network': 'NBCSCA', 'sequenceNumber': 393}, {'id': 581, 'market': 'A', 'countryCode': 'US', 'network': 'The Spot', 'sequenceNumber': 211}]",/gamecenter/tbl-vs-sjs/2027/03/06/2026021079,SAP Center at San Jose,14,Lightning,Tampa Bay,Tampa Bay,de Tampa Bay,TBL,https://assets.nhle.com/logos/nhl/svg/TBL_light.svg,https://assets.nhle.com/logos/nhl/svg/TBL_dark.svg,False,,28,Sharks,San Jose,San Jose,de San Jose,SJS,https://assets.nhle.com/logos/nhl/svg/SJS_light.svg,https://assets.nhle.com/logos/nhl/svg/SJS_dark.svg,False,,1,REG,3,,,,,,,,,,,SAP Center en San Jose,SAP Center de San Jose,https://teal.sjsharks.com/trk/ibdqc,Rest Easy at San Jose Marriott,https://www.ticketmaster.com/event/1C0064E79B789D7A?brand=sharks&artistid=806018&wt.mc_id=NHL_TEAM_SJS_SCHEDULE_GM36&utm_source=NHL.com&utm_medium=client&utm_campaign=NHL_TEAM_SJS&utm_content=SCHEDULE_GM36,https://www.ticketmaster.com/event/1C0064E79B789D7A?brand=sharks&artistid=806018&wt.mc_id=NHL_TEAM_SJS_SCHEDULE_GM36&utm_source=NHL.com&utm_medium=client&utm_campaign=NHL_TEAM_SJS&utm_content=SCHEDULE_GM36,,https://d2igy0yla8zi0u.cloudfront.net/TBL/20262027/TBL-radio.m3u8,https://teal.sjsharks.com/trk/A7mqc,Women of Teal,https://d2igy0yla8zi0u.cloudfront.net/SJS/20262027/SJS-radio.m3u8,,,,,,,,,,,
20252026,20262027,,US/Pacific,2026021103,20262027,2,2027-03-09,False,2027-03-10T03:30:00Z,-05:00,-08:00,US/Pacific,FUT,OK,"[{'id': 329, 'market': 'N', 'countryCode': 'US', 'network': 'ESPN+', 'sequenceNumber': 16}, {'id': 391, 'market': 'N', 'countryCode': 'US', 'network': 'HULU', 'sequenceNumber': 17}, {'id': 574, 'market': 'N', 'countryCode': 'US', 'network': 'Disney+', 'sequenceNumber': 21}, {'id': 282, 'market': 'N', 'countryCode': 'CA', 'network': 'SN', 'sequenceNumber': 107}, {'id': 549, 'market': 'N', 'countryCode': 'CA', 'network': 'SN+', 'sequenceNumber': 117}]",/gamecenter/sjs-vs-vgk/2027/03/09/2026021103,T-Mobile Arena,28,Sharks,San Jose,San Jose,de San Jose,SJS,https://assets.nhle.com/logos/nhl/svg/SJS_light.svg,https://assets.nhle.com/logos/nhl/svg/SJS_dark.svg,False,,54,Golden Knights,Vegas,Vegas,de Vegas,VGK,https://assets.nhle.com/logos/nhl/svg/VGK_light.svg,https://assets.nhle.com/logos/nhl/svg/VGK_dark.svg,False,,1,REG,3,,,,,,,,,,,,,,,https://tix.axs.com/c8egKQAAAABvlQnvAgAAAABS%2fv%2f%2f%2fwD%2f%2f%2f%2f%2fEnZlZ2FzZ29sZGVua25pZ2h0cwD%2f%2f%2f%2f%2f%2f%2f%2f%2f%2fw%3d%3d,https://tix.axs.com/c8egKQAAAABvlQnvAgAAAABS%2fv%2f%2f%2fwD%2f%2f%2f%2f%2fEnZlZ2FzZ29sZGVua25pZ2h0cwD%2f%2f%2f%2f%2f%2f%2f%2f%2f%2fw%3d%3d,,https://d2igy0yla8zi0u.cloudfront.net/SJS/20262027/SJS-radio.m3u8,,,https://d2igy0yla8zi0u.cloudfront.net/VGK/20262027/VGK-radio.m3u8,,,,,,,,,,,
20252026,20262027,,US/Pacific,2026021111,20262027,2,2027-03-11,False,2027-03-12T01:00:00Z,-05:00,-06:00,US/Central,FUT,OK,"[{'id': 314, 'market': 'A', 'countryCode': 'US', 'network': 'NBCSCA', 'sequenceNumber': 393}, {'id': 649, 'market': 'H', 'countryCode': 'US', 'network': 'STLNHL', 'sequenceNumber': 1}, {'id': 650, 'market': 'H', 'countryCode': 'US', 'network': 'BN+', 'sequenceNumber': 1}]",/gamecenter/sjs-vs-stl/2027/03/11/2026021111,Enterprise Center,28,Sharks,San Jose,San Jose,de San Jose,SJS,https://assets.nhle.com/logos/nhl/svg/SJS_light.svg,https://assets.nhle.com/logos/nhl/svg/SJS_dark.svg,False,,19,Blues,St. Louis,St. Louis,de St. Louis,STL,https://assets.nhle.com/logos/nhl/svg/STL_light.svg,https://assets.nhle.com/logos/nhl/svg/STL_dark.svg,False,,1,REG,3,,,,,,,,,,,,,https://www.stlouisunionstation.com/hotel-packages,Stay at Union Station,https://www.ticketmaster.com/event/060064EECDAF1A51?brand=blues&artistid=806025&wt.mc_id=NHL_TEAM_STL_SCHEDULE_GM36&utm_source=NHL.com&utm_medium=client&utm_campaign=NHL_TEAM_STL&utm_content=SCHEDULE_GM36,https://www.ticketmaster.com/event/060064EECDAF1A51?brand=blues&artistid=806025&wt.mc_id=NHL_TEAM_STL_SCHEDULE_GM36&utm_source=NHL.com&utm_medium=client&utm_campaign=NHL_TEAM_STL&utm_content=SCHEDULE_GM36,,https://d2igy0yla8zi0u.cloudfront.net/SJS/20262027/SJS-radio.m3u8,,,https://d2igy0yla8zi0u.cloudfront.net/STL/20262027/STL-radio.m3u8,,,,,,,,,,,
20252026,20262027,,US/Pacific,2026021129,20262027,2,2027-03-13,False,2027-03-14T00:00:00Z,-05:00,-05:00,US/Eastern,FUT,OK,"[{'id': 314, 'market': 'A', 'countryCode': 'US', 'network': 'NBCSCA', 'sequenceNumber': 393}, {'id': 647, 'market': 'H', 'countryCode': 'US', 'network': 'CBJNHL', 'sequenceNumber': 1}, {'id': 755, 'market': 'H', 'countryCode': 'US', 'network': 'CBJHN', 'sequenceNumber': 1}]",/gamecenter/sjs-vs-cbj/2027/03/13/2026021129,Nationwide Arena,28,Sharks,San Jose,San Jose,de San Jose,SJS,https://assets.nhle.com/logos/nhl/svg/SJS_light.svg,https://assets.nhle.com/logos/nhl/svg/SJS_dark.svg,False,,29,Blue Jackets,Columbus,Columbus,de Columbus,CBJ,https://assets.nhle.com/logos/nhl/svg/CBJ_light.svg,https://assets.nhle.com/logos/nhl/svg/CBJ_dark.svg,False,,1,REG,3,,,,,,,,,,,,,https://www.sonesta.com/sonesta-hotels-resorts/oh/columbus/sonesta-columbus-downtown?isGroupCode=false&promoCode=CBJPROMO,Stay at Sonesta Columbus Downtown,https://www.ticketmaster.com/event/050064EDD77FD014?brand=bluejackets&artistid=805927&wt.mc_id=NHL_TEAM_CBJ_SCHEDULE_GM37&utm_source=web_schedule_club&utm_medium=NHL.com&utm_campaign=single_game_tickets&utm_content=SCHEDULE_GM37,https://www.ticketmaster.com/event/050064EDD77FD014?brand=bluejackets&artistid=805927&wt.mc_id=NHL_TEAM_CBJ_SCHEDULE_GM37&utm_source=web_schedule_club&utm_medium=NHL.com&utm_campaign=single_game_tickets&utm_content=SCHEDULE_GM37,,https://d2igy0yla8zi0u.cloudfront.net/SJS/20262027/SJS-radio.m3u8,https://bluejackets.spinzo.com/?group=yacht-rock-m25g&viewcode=s852hj5,Purchase a Yacht Rock Ticket Package,https://d2igy0yla8zi0u.cloudfront.net/CBJ/20262027/CBJ-radio.m3u8,,,,,,,,,,,
20252026,20262027,,US/Pacific,2026021140,20262027,2,2027-03-15,False,2027-03-15T23:00:00Z,-04:00,-04:00,America/New_York,FUT,OK,"[{'id': 314, 'market': 'A', 'countryCode': 'US', 'network': 'NBCSCA', 'sequenceNumber': 393}, {'id': 28, 'market': 'H', 'countryCode': 'US', 'network': 'MSG-B', 'sequenceNumber': 392}]",/gamecenter/sjs-vs-buf/2027/03/15/2026021140,KeyBank Center,28,Sharks,San Jose,San Jose,de San Jose,SJS,https://assets.nhle.com/logos/nhl/svg/SJS_light.svg,https://assets.nhle.com/logos/nhl/svg/SJS_dark.svg,False,,7,Sabres,Buffalo,Buffalo,de Buffalo,BUF,https://assets.nhle.com/logos/nhl/svg/BUF_light.svg,https://assets.nhle.com/logos/nhl/svg/BUF_dark.svg,False,,1,REG,3,,,,,,,,,,,,,,,https://www.ticketmaster.com/event/000064EFCAD87E58?brand=sabres&artistid=805906&wt.mc_id=NHL_TEAM_BUF_SCHEDULE_GM35&utm_source=NHL.com&utm_medium=client&utm_campaign=NHL_TEAM_BUF&utm_content=SCHEDULE_GM35,https://www.ticketmaster.com/event/000064EFCAD87E58?brand=sabres&artistid=805906&wt.mc_id=NHL_TEAM_BUF_SCHEDULE_GM35&utm_source=NHL.com&utm_medium=client&utm_campaign=NHL_TEAM_BUF&utm_content=SCHEDULE_GM35,,https://d2igy0yla8zi0u.cloudfront.net/SJS/20262027/SJS-radio.m3u8,,,https://d2igy0yla8zi0u.cloudfront.net/BUF/20262027/BUF-radio.m3u8,,,,,,,,,,,
20252026,20262027,,US/Pacific,2026021151,20262027,2,2027-03-16,False,2027-03-17T00:00:00Z,-04:00,-05:00,America/Chicago,FUT,OK,"[{'id': 329, 'market': 'N', 'countryCode': 'US', 'network': 'ESPN+', 'sequenceNumber': 16}, {'id': 391, 'market': 'N', 'countryCode': 'US', 'network': 'HULU', 'sequenceNumber': 17}, {'id': 574, 'market': 'N', 'countryCode': 'US', 'network': 'Disney+', 'sequenceNumber': 21}, {'id': 549, 'market': 'N', 'countryCode': 'CA', 'network': 'SN+', 'sequenceNumber': 117}]",/gamecenter/sjs-vs-chi/2027/03/16/2026021151,United Center,28,Sharks,San Jose,San Jose,de San Jose,SJS,https://assets.nhle.com/logos/nhl/svg/SJS_light.svg,https://assets.nhle.com/logos/nhl/svg/SJS_dark.svg,False,,16,Blackhawks,Chicago,Chicago,de Chicago,CHI,https://assets.nhle.com/logos/nhl/svg/CHI_light.svg,https://assets.nhle.com/logos/nhl/svg/CHI_dark.svg,False,,1,REG,3,,,,,,,,,,,,,,,https://www.ticketmaster.com/event/040064F0900F7726?brand=blackhawks&artistid=805913&wt.mc_id=NHL_TEAM_CHI_SCHEDULE_GM37,https://www.ticketmaster.com/event/040064F0900F7726?brand=blackhawks&artistid=805913&wt.mc_id=NHL_TEAM_CHI_SCHEDULE_GM37,,https://d2igy0yla8zi0u.cloudfront.net/SJS/20262027/SJS-radio.m3u8,,,https://d2igy0yla8zi0u.cloudfront.net/CHI/20262027/CHI-radio.m3u8,,,,,,,,,,,
20252026,20262027,,US/Pacific,2026021167,20262027,2,2027-03-18,False,2027-03-19T00:00:00Z,-04:00,-05:00,America/Winnipeg,FUT,OK,"[{'id': 314, 'market': 'A', 'countryCode': 'US', 'network': 'NBCSCA', 'sequenceNumber': 393}, {'id': 292, 'market': 'H', 'countryCode': 'CA', 'network': 'TSN3', 'sequenceNumber': 134}]",/gamecenter/sjs-vs-wpg/2027/03/18/2026021167,Canada Life Centre,28,Sharks,San Jose,San Jose,de San Jose,SJS,https://assets.nhle.com/logos/nhl/svg/SJS_light.svg,https://assets.nhle.com/logos/nhl/svg/SJS_dark.svg,False,,52,Jets,Winnipeg,Winnipeg,de Winnipeg,WPG,https://assets.nhle.com/logos/nhl/svg/WPG_light.svg,https://assets.nhle.com/logos/nhl/svg/WPG_dark.svg,False,,1,REG,3,,,,,,,,,,,,,,,https://www.ticketmaster.ca/event/11006505CB3FA943?brand=winnipegjets&artistid=1613893&wt.mc_id=NHL_TEAM_WPG_SCHEDULE_GM36&utm_source=NHL.com&utm_medium=client_PM&utm_campaign=NHL_TEAM_WPG&utm_content=SCHEDULE_GM36,https://www.ticketmaster.ca/event/11006505CB3FA943?brand=winnipegjets&artistid=1613893&wt.mc_id=NHL_TEAM_WPG_SCHEDULE_GM36&utm_source=NHL.com&utm_medium=client_PM&utm_campaign=NHL_TEAM_WPG&utm_content=SCHEDULE_GM36,,https://d2igy0yla8zi0u.cloudfront.net/SJS/20262027/SJS-radio.m3u8,,,https://d2igy0yla8zi0u.cloudfront.net/WPG/20262027/WPG-radio.m3u8,,,,,,,,,,,
20252026,20262027,,US/Pacific,2026021185,20262027,2,2027-03-20,False,2027-03-21T02:30:00Z,-04:00,-07:00,US/Pacific,FUT,OK,"[{'id': 314, 'market': 'H', 'countryCode': 'US', 'network': 'NBCSCA', 'sequenceNumber': 393}, {'id': 646, 'market': 'A', 'countryCode': 'US', 'network': 'CARNHL', 'sequenceNumber': 1}, {'id': 754, 'market': 'A', 'countryCode': 'US', 'network': 'HHN', 'sequenceNumber': 1}]",/gamecenter/car-vs-sjs/2027/03/20/2026021185,SAP Center at San Jose,12,Hurricanes,Carolina,Carolina,de la Caroline,CAR,https://assets.nhle.com/logos/nhl/svg/CAR_light.svg,https://assets.nhle.com/logos/nhl/svg/CAR_dark.svg,False,,28,Sharks,San Jose,San Jose,de San Jose,SJS,https://assets.nhle.com/logos/nhl/svg/SJS_light.svg,https://assets.nhle.com/logos/nhl/svg/SJS_dark.svg,False,,1,REG,3,,,,,,,,,,,SAP Center en San Jose,SAP Center de San Jose,https://teal.sjsharks.com/trk/ibdqc,Rest Easy at San Jose Marriott,https://www.ticketmaster.com/event/1C0064E79B7E9D88?brand=sharks&artistid=806018&wt.mc_id=NHL_TEAM_SJS_SCHEDULE_GM37&utm_source=NHL.com&utm_medium=client&utm_campaign=NHL_TEAM_SJS&utm_content=SCHEDULE_GM37,https://www.ticketmaster.com/event/1C0064E79B7E9D88?brand=sharks&artistid=806018&wt.mc_id=NHL_TEAM_SJS_SCHEDULE_GM37&utm_source=NHL.com&utm_medium=client&utm_campaign=NHL_TEAM_SJS&utm_content=SCHEDULE_GM37,Caroline,https://d2igy0yla8zi0u.cloudfront.net/CAR/20262027/CAR-radio.m3u8,https://teal.sjsharks.com/trk/h8mqc,Hello Kitty® Night,https://d2igy0yla8zi0u.cloudfront.net/SJS/20262027/SJS-radio.m3u8,,,,,,,,,,,
20252026,20262027,,US/Pacific,2026021195,20262027,2,2027-03-22,False,2027-03-23T02:00:00Z,-04:00,-07:00,America/Los_Angeles,FUT,OK,"[{'id': 549, 'market': 'N', 'countryCode': 'CA', 'network': 'SN+', 'sequenceNumber': 117}, {'id': 314, 'market': 'A', 'countryCode': 'US', 'network': 'NBCSCA', 'sequenceNumber': 393}, {'id': 652, 'market': 'H', 'countryCode': 'US', 'network': 'Prime Video', 'sequenceNumber': 117}, {'id': 219, 'market': 'H', 'countryCode': 'US', 'network': 'KCOP-13', 'sequenceNumber': 656}]",/gamecenter/sjs-vs-ana/2027/03/22/2026021195,Honda Center,28,Sharks,San Jose,San Jose,de San Jose,SJS,https://assets.nhle.com/logos/nhl/svg/SJS_light.svg,https://assets.nhle.com/logos/nhl/svg/SJS_dark.svg,False,,24,Ducks,Anaheim,Anaheim,d'Anaheim,ANA,https://assets.nhle.com/logos/nhl/svg/ANA_light.svg,https://assets.nhle.com/logos/nhl/svg/ANA_dark.svg,False,,1,REG,3,,,,,,,,,,,,,,,https://www.ticketmaster.com/event/090064EA3B1E99A6?brand=ducks&artistid=805893&wt.mc_id=NHL_TEAM_ANA_SCHEDULE_GM39&utm_source=NHL.com&utm_medium=client&utm_campaign=NHL_TEAM_ANA&utm_content=SCHEDULE_GM39,https://www.ticketmaster.com/event/090064EA3B1E99A6?brand=ducks&artistid=805893&wt.mc_id=NHL_TEAM_ANA_SCHEDULE_GM39&utm_source=NHL.com&utm_medium=client&utm_campaign=NHL_TEAM_ANA&utm_content=SCHEDULE_GM39,,https://d2igy0yla8zi0u.cloudfront.net/SJS/20262027/SJS-radio.m3u8,https://www.nhl.com/ducks/fans/promotional-schedule,Angels Night Baseball Jersey Giveaway,https://d2igy0yla8zi0u.cloudfront.net/ANA/20262027/ANA-radio.m3u8,,,,,,,,,,,
20252026,20262027,,US/Pacific,2026021210,20262027,2,2027-03-24,False,2027-03-25T02:00:00Z,-04:00,-07:00,US/Pacific,FUT,OK,"[{'id': 314, 'market': 'H', 'countryCode': 'US', 'network': 'NBCSCA', 'sequenceNumber': 393}, {'id': 652, 'market': 'A', 'countryCode': 'US', 'network': 'Prime Video', 'sequenceNumber': 117}, {'id': 219, 'market': 'A', 'countryCode': 'US', 'network': 'KCOP-13', 'sequenceNumber': 656}]",/gamecenter/ana-vs-sjs/2027/03/24/2026021210,SAP Center at San Jose,24,Ducks,Anaheim,Anaheim,d'Anaheim,ANA,https://assets.nhle.com/logos/nhl/svg/ANA_light.svg,https://assets.nhle.com/logos/nhl/svg/ANA_dark.svg,False,,28,Sharks,San Jose,San Jose,de San Jose,SJS,https://assets.nhle.com/logos/nhl/svg/SJS_light.svg,https://assets.nhle.com/logos/nhl/svg/SJS_dark.svg,False,,1,REG,3,,,,,,,,,,,SAP Center en San Jose,SAP Center de San Jose,https://teal.sjsharks.com/trk/ibdqc,Rest Easy at San Jose Marriott,https://www.ticketmaster.com/event/1C0064E79B839D8C?brand=sharks&artistid=806018&wt.mc_id=NHL_TEAM_SJS_SCHEDULE_GM38&utm_source=NHL.com&utm_medium=client&utm_campaign=NHL_TEAM_SJS&utm_content=SCHEDULE_GM38,https://www.ticketmaster.com/event/1C0064E79B839D8C?brand=sharks&artistid=806018&wt.mc_id=NHL_TEAM_SJS_SCHEDULE_GM38&utm_source=NHL.com&utm_medium=client&utm_campaign=NHL_TEAM_SJS&utm_content=SCHEDULE_GM38,,https://d2igy0yla8zi0u.cloudfront.net/ANA/20262027/ANA-radio.m3u8,https://teal.sjsharks.com/trk/k8mqc,Vietnamese Heritage Celebration,https://d2igy0yla8zi0u.cloudfront.net/SJS/20262027/SJS-radio.m3u8,,,,,,,,,,,
20252026,20262027,,US/Pacific,2026021226,20262027,2,2027-03-26,False,2027-03-27T01:00:00Z,-04:00,-06:00,America/Denver,FUT,OK,"[{'id': 284, 'market': 'N', 'countryCode': 'CA', 'network': 'SN1', 'sequenceNumber': 113}, {'id': 281, 'market': 'N', 'countryCode': 'CA', 'network': 'TVAS', 'sequenceNumber': 120}, {'id': 314, 'market': 'A', 'countryCode': 'US', 'network': 'NBCSCA', 'sequenceNumber': 393}, {'id': 558, 'market': 'H', 'countryCode': 'US', 'network': 'Utah16', 'sequenceNumber': 381}]",/gamecenter/sjs-vs-uta/2027/03/26/2026021226,Delta Center,28,Sharks,San Jose,San Jose,de San Jose,SJS,https://assets.nhle.com/logos/nhl/svg/SJS_light.svg,https://assets.nhle.com/logos/nhl/svg/SJS_dark.svg,False,,68,Mammoth,Utah,Utah,de l'Utah,UTA,https://assets.nhle.com/logos/nhl/svg/UTA_light.svg,https://assets.nhle.com/logos/nhl/svg/UTA_dark.svg,False,,1,REG,3,,,,,,,,,,,,,,,https://seatgeek.com/utah-mammoth-tickets/8-14-2026-salt-lake-city-utah-delta-center-1/nhl/18242321?wid=club-web-schedule,https://seatgeek.com/utah-mammoth-tickets/8-14-2026-salt-lake-city-utah-delta-center-1/nhl/18242321?wid=club-web-schedule,,https://d2igy0yla8zi0u.cloudfront.net/SJS/20262027/SJS-radio.m3u8,,,https://d2igy0yla8zi0u.cloudfront.net/UTA/20262027/UTA-radio.m3u8,,,,,,,,,,,
20252026,20262027,,US/Pacific,2026021247,20262027,2,2027-03-29,False,2027-03-30T02:00:00Z,-04:00,-07:00,US/Pacific,FUT,OK,"[{'id': 281, 'market': 'N', 'countryCode': 'CA', 'network': 'TVAS', 'sequenceNumber': 120}, {'id': 314, 'market': 'H', 'countryCode': 'US', 'network': 'NBCSCA', 'sequenceNumber': 393}, {'id': 2, 'market': 'A', 'countryCode': 'US', 'network': 'ALT', 'sequenceNumber': 385}]",/gamecenter/col-vs-sjs/2027/03/29/2026021247,SAP Center at San Jose,21,Avalanche,Colorado,Colorado,du Colorado,COL,https://assets.nhle.com/logos/nhl/svg/COL_light.svg,https://assets.nhle.com/logos/nhl/svg/COL_dark.svg,False,,28,Sharks,San Jose,San Jose,de San Jose,SJS,https://assets.nhle.com/logos/nhl/svg/SJS_light.svg,https://assets.nhle.com/logos/nhl/svg/SJS_dark.svg,False,,1,REG,3,,,,,,,,,,,SAP Center en San Jose,SAP Center de San Jose,https://teal.sjsharks.com/trk/ibdqc,Rest Easy at San Jose Marriott,https://www.ticketmaster.com/event/1C0064E79B879D9A?brand=sharks&artistid=806018&wt.mc_id=NHL_TEAM_SJS_SCHEDULE_GM39&utm_source=NHL.com&utm_medium=client&utm_campaign=NHL_TEAM_SJS&utm_content=SCHEDULE_GM39,https://www.ticketmaster.com/event/1C0064E79B879D9A?brand=sharks&artistid=806018&wt.mc_id=NHL_TEAM_SJS_SCHEDULE_GM39&utm_source=NHL.com&utm_medium=client&utm_campaign=NHL_TEAM_SJS&utm_content=SCHEDULE_GM39,,https://d2igy0yla8zi0u.cloudfront.net/COL/20262027/COL-radio.m3u8,https://teal.sjsharks.com/trk/l8mqc,,https://d2igy0yla8zi0u.cloudfront.net/SJS/20262027/SJS-radio.m3u8,,,,,,,,,,,
20252026,20262027,,US/Pacific,2026021260,20262027,2,2027-03-31,False,2027-04-01T00:30:00Z,-04:00,-06:00,America/Edmonton,FUT,OK,"[{'id': 548, 'market': 'N', 'countryCode': 'CA', 'network': 'Prime', 'sequenceNumber': 116}, {'id': 314, 'market': 'A', 'countryCode': 'US', 'network': 'NBCSCA', 'sequenceNumber': 393}]",/gamecenter/sjs-vs-edm/2027/03/31/2026021260,Rogers Place,28,Sharks,San Jose,San Jose,de San Jose,SJS,https://assets.nhle.com/logos/nhl/svg/SJS_light.svg,https://assets.nhle.com/logos/nhl/svg/SJS_dark.svg,False,,22,Oilers,Edmonton,Edmonton,d'Edmonton,EDM,https://assets.nhle.com/logos/nhl/svg/EDM_light.svg,https://assets.nhle.com/logos/nhl/svg/EDM_dark.svg,False,,1,REG,3,,,,,,,,,,,,,,,https://www.ticketmaster.ca/event/11006513A5C2A3F0?brand=edmontonoilers&artistid=805943&wt.mc_id=NHL_TEAM_EDM_SCHEDULE_GM40&utm_source=NHL.com&utm_medium=client_PM&utm_campaign=NHL_TEAM_EDM&utm_content=SCHEDULE_GM40,https://www.ticketmaster.ca/event/11006513A5C2A3F0?brand=edmontonoilers&artistid=805943&wt.mc_id=NHL_TEAM_EDM_SCHEDULE_GM40&utm_source=NHL.com&utm_medium=client_PM&utm_campaign=NHL_TEAM_EDM&utm_content=SCHEDULE_GM40,,https://d2igy0yla8zi0u.cloudfront.net/SJS/20262027/SJS-radio.m3u8,,,https://d2igy0yla8zi0u.cloudfront.net/EDM/20262027/EDM-radio.m3u8,,,,,,,,,,,
20252026,20262027,,US/Pacific,2026021287,20262027,2,2027-04-03,False,2027-04-04T02:00:00Z,-04:00,-07:00,America/Vancouver,FUT,OK,"[{'id': 290, 'market': 'N', 'countryCode': 'CA', 'network': 'SNP', 'sequenceNumber': 33}, {'id': 314, 'market': 'A', 'countryCode': 'US', 'network': 'NBCSCA', 'sequenceNumber': 393}]",/gamecenter/sjs-vs-van/2027/04/03/2026021287,Rogers Arena,28,Sharks,San Jose,San Jose,de San Jose,SJS,https://assets.nhle.com/logos/nhl/svg/SJS_light.svg,https://assets.nhle.com/logos/nhl/svg/SJS_dark.svg,False,,23,Canucks,Vancouver,Vancouver,de Vancouver,VAN,https://assets.nhle.com/logos/nhl/svg/VAN_light.svg,https://assets.nhle.com/logos/nhl/svg/VAN_dark.svg,False,,1,REG,3,,,,,,,,,,,,,,,https://www.ticketmaster.ca/event/11006503F064BB15?brand=canucks&artistid=806037&wt.mc_id=NHL_TEAM_VAN_SCHEDULE_GM41&utm_source=NHL.com&utm_medium=client_PM&utm_campaign=NHL_TEAM_VAN&utm_content=SCHEDULE_GM41,https://www.ticketmaster.ca/event/11006503F064BB15?brand=canucks&artistid=806037&wt.mc_id=NHL_TEAM_VAN_SCHEDULE_GM41&utm_source=NHL.com&utm_medium=client_PM&utm_campaign=NHL_TEAM_VAN&utm_content=SCHEDULE_GM41,,https://d2igy0yla8zi0u.cloudfront.net/SJS/20262027/SJS-radio.m3u8,,,https://d2igy0yla8zi0u.cloudfront.net/VAN/20262027/VAN-radio.m3u8,,,,,,,,,,,
20252026,20262027,,US/Pacific,2026021295,20262027,2,2027-04-04,False,2027-04-05T01:30:00Z,-04:00,-07:00,US/Pacific,FUT,OK,"[{'id': 309, 'market': 'N', 'countryCode': 'US', 'network': 'ESPN', 'sequenceNumber': 10}, {'id': 283, 'market': 'N', 'countryCode': 'CA', 'network': 'SN360', 'sequenceNumber': 114}]",/gamecenter/stl-vs-sjs/2027/04/04/2026021295,SAP Center at San Jose,19,Blues,St. Louis,St. Louis,de St. Louis,STL,https://assets.nhle.com/logos/nhl/svg/STL_light.svg,https://assets.nhle.com/logos/nhl/svg/STL_dark.svg,False,,28,Sharks,San Jose,San Jose,de San Jose,SJS,https://assets.nhle.com/logos/nhl/svg/SJS_light.svg,https://assets.nhle.com/logos/nhl/svg/SJS_dark.svg,False,,1,REG,3,,,,,,,,,,,SAP Center en San Jose,SAP Center de San Jose,https://teal.sjsharks.com/trk/ibdqc,Rest Easy at San Jose Marriott,https://www.ticketmaster.com/event/1C0064E79B8D9DA3?brand=sharks&artistid=806018&wt.mc_id=NHL_TEAM_SJS_SCHEDULE_GM40&utm_source=NHL.com&utm_medium=client&utm_campaign=NHL_TEAM_SJS&utm_content=SCHEDULE_GM40,https://www.ticketmaster.com/event/1C0064E79B8D9DA3?brand=sharks&artistid=806018&wt.mc_id=NHL_TEAM_SJS_SCHEDULE_GM40&utm_source=NHL.com&utm_medium=client&utm_campaign=NHL_TEAM_SJS&utm_content=SCHEDULE_GM40,,https://d2igy0yla8zi0u.cloudfront.net/STL/20262027/STL-radio.m3u8,https://teal.sjsharks.com/trk/m8mqc,,https://d2igy0yla8zi0u.cloudfront.net/SJS/20262027/SJS-radio.m3u8,,,,,,,,,,,
20252026,20262027,,US/Pacific,2026021323,20262027,2,2027-04-08,False,2027-04-09T02:00:00Z,-04:00,-07:00,US/Pacific,FUT,OK,"[{'id': 549, 'market': 'N', 'countryCode': 'CA', 'network': 'SN+', 'sequenceNumber': 117}, {'id': 314, 'market': 'H', 'countryCode': 'US', 'network': 'NBCSCA', 'sequenceNumber': 393}, {'id': 648, 'market': 'A', 'countryCode': 'US', 'network': 'MINNHL', 'sequenceNumber': 1}, {'id': 758, 'market': 'A', 'countryCode': 'US', 'network': 'Wild+', 'sequenceNumber': 1}]",/gamecenter/min-vs-sjs/2027/04/08/2026021323,SAP Center at San Jose,30,Wild,Minnesota,Minnesota,du Minnesota,MIN,https://assets.nhle.com/logos/nhl/svg/MIN_light.svg,https://assets.nhle.com/logos/nhl/svg/MIN_dark.svg,False,,28,Sharks,San Jose,San Jose,de San Jose,SJS,https://assets.nhle.com/logos/nhl/svg/SJS_light.svg,https://assets.nhle.com/logos/nhl/svg/SJS_dark.svg,False,,1,REG,3,,,,,,,,,,,SAP Center en San Jose,SAP Center de San Jose,https://teal.sjsharks.com/trk/ibdqc,Rest Easy at San Jose Marriott,https://www.ticketmaster.com/event/1C0064E79B929DB3?brand=sharks&artistid=806018&wt.mc_id=NHL_TEAM_SJS_SCHEDULE_GM41&utm_source=NHL.com&utm_medium=client&utm_campaign=NHL_TEAM_SJS&utm_content=SCHEDULE_GM41,https://www.ticketmaster.com/event/1C0064E79B929DB3?brand=sharks&artistid=806018&wt.mc_id=NHL_TEAM_SJS_SCHEDULE_GM41&utm_source=NHL.com&utm_medium=client&utm_campaign=NHL_TEAM_SJS&utm_content=SCHEDULE_GM41,,https://d2igy0yla8zi0u.cloudfront.net/MIN/20262027/MIN-radio.m3u8,https://teal.sjsharks.com/trk/n8mqc,Pride Celebration,https://d2igy0yla8zi0u.cloudfront.net/SJS/20262027/SJS-radio.m3u8,,,,,,,,,,,
20252026,20262027,,US/Pacific,2026021331,20262027,2,2027-04-10,False,2027-04-10T20:00:00Z,-04:00,-07:00,US/Pacific,FUT,OK,"[{'id': 549, 'market': 'N', 'countryCode': 'CA', 'network': 'SN+', 'sequenceNumber': 117}, {'id': 314, 'market': 'H', 'countryCode': 'US', 'network': 'NBCSCA', 'sequenceNumber': 393}, {'id': 652, 'market': 'A', 'countryCode': 'US', 'network': 'Prime Video', 'sequenceNumber': 117}, {'id': 219, 'market': 'A', 'countryCode': 'US', 'network': 'KCOP-13', 'sequenceNumber': 656}]",/gamecenter/ana-vs-sjs/2027/04/10/2026021331,SAP Center at San Jose,24,Ducks,Anaheim,Anaheim,d'Anaheim,ANA,https://assets.nhle.com/logos/nhl/svg/ANA_light.svg,https://assets.nhle.com/logos/nhl/svg/ANA_dark.svg,False,,28,Sharks,San Jose,San Jose,de San Jose,SJS,https://assets.nhle.com/logos/nhl/svg/SJS_light.svg,https://assets.nhle.com/logos/nhl/svg/SJS_dark.svg,False,,1,REG,3,,,,,,,,,,,SAP Center en San Jose,SAP Center de San Jose,https://teal.sjsharks.com/trk/ibdqc,Rest Easy at San Jose Marriott,https://www.ticketmaster.com/event/1C0064E79B989DC5?brand=sharks&artistid=806018&wt.mc_id=NHL_TEAM_SJS_SCHEDULE_GM42&utm_source=NHL.com&utm_medium=client&utm_campaign=NHL_TEAM_SJS&utm_content=SCHEDULE_GM42,https://www.ticketmaster.com/event/1C0064E79B989DC5?brand=sharks&artistid=806018&wt.mc_id=NHL_TEAM_SJS_SCHEDULE_GM42&utm_source=NHL.com&utm_medium=client&utm_campaign=NHL_TEAM_SJS&utm_content=SCHEDULE_GM42,,https://d2igy0yla8zi0u.cloudfront.net/ANA/20262027/ANA-radio.m3u8,https://teal.sjsharks.com/trk/o8mqc,Fan Appreciation,https://d2igy0yla8zi0u.cloudfront.net/SJS/20262027/SJS-radio.m3u8,,,,,,,,,,,
